{"type":"FeatureCollection","features":[{"type":"Feature","geometry":{"type":"Point","coordinates":[21.198671,45.754234]},"properties":{"name":"Bârzava","band":0,"modes":"bus","arr":["5b"],"off":[0,-0.8]}},{"type":"Feature","geometry":{"type":"Point","coordinates":[21.198671,45.754234]},"properties":{"line":"5b","mode":"bus","color":"#0059a9","colorDark":"#00294f","band":0,"off":[0,1.1]}},{"type":"Feature","geometry":{"type":"Point","coordinates":[21.214063,45.744745]},"properties":{"name":"Piața A. Mocioni (Sinaia - 16 Decembrie 1989)","band":0,"modes":"bus","arr":["5b","M36","M37","M51"],"off":[0,-0.8]}},{"type":"Feature","geometry":{"type":"Point","coordinates":[21.214063,45.744745]},"properties":{"name":"Piața A. Mocioni (16 Decembrie 1989 - Sinaia)","band":0,"modes":"bus","arr":["5b","M36","M37","M51"],"off":[0,-4.1]}},{"type":"Feature","geometry":{"type":"Point","coordinates":[21.214063,45.744745]},"properties":{"name":"Bd. Regele Carol I","band":0,"modes":"bus","arr":["5b","M36","M37","M51"],"off":[0,-7.4]}},{"type":"Feature","geometry":{"type":"Point","coordinates":[21.214063,45.744745]},"properties":{"line":"5b","mode":"bus","color":"#0059a9","colorDark":"#00294f","band":0,"off":[-5.1,1.1]}},{"type":"Feature","geometry":{"type":"Point","coordinates":[21.214063,45.744745]},"properties":{"line":"M36","mode":"bus","color":"#0059a9","colorDark":"#00294f","band":0,"off":[-1.7,1.1]}},{"type":"Feature","geometry":{"type":"Point","coordinates":[21.214063,45.744745]},"properties":{"line":"M37","mode":"bus","color":"#0059a9","colorDark":"#00294f","band":0,"off":[1.7,1.1]}},{"type":"Feature","geometry":{"type":"Point","coordinates":[21.214063,45.744745]},"properties":{"line":"M51","mode":"bus","color":"#0059a9","colorDark":"#00294f","band":0,"off":[5.1,1.1]}},{"type":"Feature","geometry":{"type":"Point","coordinates":[21.19478,45.749974]},"properties":{"name":"Ronaț (Bogdăneștilor)","band":0,"modes":"bus","arr":["5c","11","14","18","E4b","M11","M14"],"off":[0,-0.8]}},{"type":"Feature","geometry":{"type":"Point","coordinates":[21.19478,45.749974]},"properties":{"name":"Gheorghe Barițiu","band":0,"modes":"bus","arr":["5c","11","14","18","E4b","M11","M14"],"off":[0,-3]}},{"type":"Feature","geometry":{"type":"Point","coordinates":[21.19478,45.749974]},"properties":{"line":"5c","mode":"bus","color":"#0059a9","colorDark":"#00294f","band":0,"off":[-6.8,1.1]}},{"type":"Feature","geometry":{"type":"Point","coordinates":[21.19478,45.749974]},"properties":{"line":"11","mode":"bus","color":"#149a3f","colorDark":"#0a5121","band":0,"off":[-3.4,1.1]}},{"type":"Feature","geometry":{"type":"Point","coordinates":[21.19478,45.749974]},"properties":{"line":"14","mode":"bus","color":"#149a3f","colorDark":"#0a5121","band":0,"off":[0,1.1]}},{"type":"Feature","geometry":{"type":"Point","coordinates":[21.19478,45.749974]},"properties":{"line":"18","mode":"bus","color":"#149a3f","colorDark":"#0a5121","band":0,"off":[3.4,1.1]}},{"type":"Feature","geometry":{"type":"Point","coordinates":[21.19478,45.749974]},"properties":{"line":"E4b","mode":"bus","color":"#0059a9","colorDark":"#00294f","band":0,"off":[6.8,1.1]}},{"type":"Feature","geometry":{"type":"Point","coordinates":[21.19478,45.749974]},"properties":{"line":"M11","mode":"bus","color":"#149a3f","colorDark":"#0a5121","band":0,"off":[-1.7,3.1]}},{"type":"Feature","geometry":{"type":"Point","coordinates":[21.19478,45.749974]},"properties":{"line":"M14","mode":"bus","color":"#149a3f","colorDark":"#0a5121","band":0,"off":[1.7,3.1]}},{"type":"Feature","geometry":{"type":"Point","coordinates":[21.24465,45.766321]},"properties":{"name":"Gara de Est","band":0,"modes":"bus","arr":["5c","23"],"off":[0,-0.8]}},{"type":"Feature","geometry":{"type":"Point","coordinates":[21.24465,45.766321]},"properties":{"line":"5c","mode":"bus","color":"#0059a9","colorDark":"#00294f","band":0,"off":[-1.7,1.1]}},{"type":"Feature","geometry":{"type":"Point","coordinates":[21.24465,45.766321]},"properties":{"line":"23","mode":"bus","color":"#0059a9","colorDark":"#00294f","band":0,"off":[1.7,1.1]}},{"type":"Feature","geometry":{"type":"Point","coordinates":[21.228462,45.762402]},"properties":{"name":"Piața Timișoara 700 (Spitalul Militar)","band":0,"modes":"bus","arr":["13","E6","M27","M45"],"off":[0,-0.8]}},{"type":"Feature","geometry":{"type":"Point","coordinates":[21.228462,45.762402]},"properties":{"name":"Piața Mărăști (Oituz)","band":0,"modes":"bus","arr":["13","E6","M27","M45"],"off":[0,-4.1]}},{"type":"Feature","geometry":{"type":"Point","coordinates":[21.228462,45.762402]},"properties":{"name":"Oituz (Punctele cardinale)","band":0,"modes":"bus","arr":["13","E6","M27","M45"],"off":[0,-6.3]}},{"type":"Feature","geometry":{"type":"Point","coordinates":[21.228462,45.762402]},"properties":{"line":"13","mode":"bus","color":"#0059a9","colorDark":"#00294f","band":0,"off":[-5.1,1.1]}},{"type":"Feature","geometry":{"type":"Point","coordinates":[21.228462,45.762402]},"properties":{"line":"E6","mode":"bus","color":"#0059a9","colorDark":"#00294f","band":0,"off":[-1.7,1.1]}},{"type":"Feature","geometry":{"type":"Point","coordinates":[21.228462,45.762402]},"properties":{"line":"M27","mode":"bus","color":"#0059a9","colorDark":"#00294f","band":0,"off":[1.7,1.1]}},{"type":"Feature","geometry":{"type":"Point","coordinates":[21.228462,45.762402]},"properties":{"line":"M45","mode":"bus","color":"#0059a9","colorDark":"#00294f","band":0,"off":[5.1,1.1]}},{"type":"Feature","geometry":{"type":"Point","coordinates":[21.233689,45.756724]},"properties":{"name":"Hector (Bastion)","band":0,"modes":"bus","arr":["28","46","E4","M30","M35","M41","M43","M44","M47","M49"],"off":[0,-0.8]}},{"type":"Feature","geometry":{"type":"Point","coordinates":[21.233689,45.756724]},"properties":{"name":"Bastionul Maria Tereza (Take Ionescu)","band":0,"modes":"bus","arr":["28","46","E4","M30","M35","M41","M43","M44","M47","M49"],"off":[0,-1.9]}},{"type":"Feature","geometry":{"type":"Point","coordinates":[21.233689,45.756724]},"properties":{"name":"Bastion (Piața Ionel I. C. Brătianu)","band":0,"modes":"bus","arr":["28","46","E4","M30","M35","M41","M43","M44","M47","M49"],"off":[0,-5.2]}},{"type":"Feature","geometry":{"type":"Point","coordinates":[21.233689,45.756724]},"properties":{"line":"28","mode":"bus","color":"#0059a9","colorDark":"#00294f","band":0,"off":[-6.8,1.1]}},{"type":"Feature","geometry":{"type":"Point","coordinates":[21.233689,45.756724]},"properties":{"line":"46","mode":"bus","color":"#0059a9","colorDark":"#00294f","band":0,"off":[-3.4,1.1]}},{"type":"Feature","geometry":{"type":"Point","coordinates":[21.233689,45.756724]},"properties":{"line":"E4","mode":"bus","color":"#0059a9","colorDark":"#00294f","band":0,"off":[0,1.1]}},{"type":"Feature","geometry":{"type":"Point","coordinates":[21.233689,45.756724]},"properties":{"line":"M30","mode":"bus","color":"#0059a9","colorDark":"#00294f","band":0,"off":[3.4,1.1]}},{"type":"Feature","geometry":{"type":"Point","coordinates":[21.233689,45.756724]},"properties":{"line":"M35","mode":"bus","color":"#0059a9","colorDark":"#00294f","band":0,"off":[6.8,1.1]}},{"type":"Feature","geometry":{"type":"Point","coordinates":[21.233689,45.756724]},"properties":{"line":"M41","mode":"bus","color":"#0059a9","colorDark":"#00294f","band":0,"off":[-6.8,3.1]}},{"type":"Feature","geometry":{"type":"Point","coordinates":[21.233689,45.756724]},"properties":{"line":"M43","mode":"bus","color":"#0059a9","colorDark":"#00294f","band":0,"off":[-3.4,3.1]}},{"type":"Feature","geometry":{"type":"Point","coordinates":[21.233689,45.756724]},"properties":{"line":"M44","mode":"bus","color":"#0059a9","colorDark":"#00294f","band":0,"off":[0,3.1]}},{"type":"Feature","geometry":{"type":"Point","coordinates":[21.233689,45.756724]},"properties":{"line":"M47","mode":"bus","color":"#0059a9","colorDark":"#00294f","band":0,"off":[3.4,3.1]}},{"type":"Feature","geometry":{"type":"Point","coordinates":[21.233689,45.756724]},"properties":{"line":"M49","mode":"bus","color":"#0059a9","colorDark":"#00294f","band":0,"off":[6.8,3.1]}},{"type":"Feature","geometry":{"type":"Point","coordinates":[21.261149,45.765718]},"properties":{"name":"Piața V. Economu (Calea Dorobanților)","band":0,"modes":"bus","arr":["M29"],"off":[0,-0.8]}},{"type":"Feature","geometry":{"type":"Point","coordinates":[21.261149,45.765718]},"properties":{"line":"M29","mode":"bus","color":"#0059a9","colorDark":"#00294f","band":0,"off":[0,1.1]}},{"type":"Feature","geometry":{"type":"Point","coordinates":[21.269358,45.769503]},"properties":{"name":"Arena Aqua (Ștrandul Tineretului)","band":0,"modes":"bus","arr":["11","17"],"off":[0,-0.8]}},{"type":"Feature","geometry":{"type":"Point","coordinates":[21.269358,45.769503]},"properties":{"name":"Arena Aqua (Bucla)","band":0,"modes":"bus","arr":["11","17"],"off":[0,-3]}},{"type":"Feature","geometry":{"type":"Point","coordinates":[21.269358,45.769503]},"properties":{"line":"11","mode":"bus","color":"#149a3f","colorDark":"#0a5121","band":0,"off":[-1.7,1.1]}},{"type":"Feature","geometry":{"type":"Point","coordinates":[21.269358,45.769503]},"properties":{"line":"17","mode":"bus","color":"#149a3f","colorDark":"#0a5121","band":0,"off":[1.7,1.1]}},{"type":"Feature","geometry":{"type":"Point","coordinates":[21.181345,45.763647]},"properties":{"name":"Pasaj C.F. (Ovidiu Balea)","band":0,"modes":"bus","arr":["13"],"off":[0,-0.8]}},{"type":"Feature","geometry":{"type":"Point","coordinates":[21.181345,45.763647]},"properties":{"line":"13","mode":"bus","color":"#0059a9","colorDark":"#00294f","band":0,"off":[0,1.1]}},{"type":"Feature","geometry":{"type":"Point","coordinates":[21.234705,45.779926]},"properties":{"name":"Ion Ionescu de la Brad","band":0,"modes":"bus","arr":["14"],"off":[0,-0.8]}},{"type":"Feature","geometry":{"type":"Point","coordinates":[21.234705,45.779926]},"properties":{"line":"14","mode":"bus","color":"#149a3f","colorDark":"#0a5121","band":0,"off":[0,1.1]}},{"type":"Feature","geometry":{"type":"Point","coordinates":[21.247734,45.731508]},"properties":{"name":"Girație Sudului","band":0,"modes":"bus","arr":["15","16","M23"],"off":[0,-0.8]}},{"type":"Feature","geometry":{"type":"Point","coordinates":[21.247734,45.731508]},"properties":{"name":"Girație Bulevardul Sudului","band":0,"modes":"bus","arr":["15","16","M23"],"off":[0,-1.9]}},{"type":"Feature","geometry":{"type":"Point","coordinates":[21.247734,45.731508]},"properties":{"line":"15","mode":"bus","color":"#149a3f","colorDark":"#0a5121","band":0,"off":[-3.4,1.1]}},{"type":"Feature","geometry":{"type":"Point","coordinates":[21.247734,45.731508]},"properties":{"line":"16","mode":"bus","color":"#149a3f","colorDark":"#0a5121","band":0,"off":[0,1.1]}},{"type":"Feature","geometry":{"type":"Point","coordinates":[21.247734,45.731508]},"properties":{"line":"M23","mode":"bus","color":"#0059a9","colorDark":"#00294f","band":0,"off":[3.4,1.1]}},{"type":"Feature","geometry":{"type":"Point","coordinates":[21.236041,45.751784]},"properties":{"name":"Traian Grozăvescu (Poșta Mare)","band":0,"modes":"bus","arr":["15","16","21","40","E7","M50"],"off":[0,-0.8]}},{"type":"Feature","geometry":{"type":"Point","coordinates":[21.236041,45.751784]},"properties":{"name":"Prefectura","band":0,"modes":"bus","arr":["15","16","21","40","E7","M50"],"off":[0,-3]}},{"type":"Feature","geometry":{"type":"Point","coordinates":[21.236041,45.751784]},"properties":{"line":"15","mode":"bus","color":"#149a3f","colorDark":"#0a5121","band":0,"off":[-6.8,1.1]}},{"type":"Feature","geometry":{"type":"Point","coordinates":[21.236041,45.751784]},"properties":{"line":"16","mode":"bus","color":"#149a3f","colorDark":"#0a5121","band":0,"off":[-3.4,1.1]}},{"type":"Feature","geometry":{"type":"Point","coordinates":[21.236041,45.751784]},"properties":{"line":"21","mode":"bus","color":"#0059a9","colorDark":"#00294f","band":0,"off":[0,1.1]}},{"type":"Feature","geometry":{"type":"Point","coordinates":[21.236041,45.751784]},"properties":{"line":"40","mode":"bus","color":"#0059a9","colorDark":"#00294f","band":0,"off":[3.4,1.1]}},{"type":"Feature","geometry":{"type":"Point","coordinates":[21.236041,45.751784]},"properties":{"line":"E7","mode":"bus","color":"#0059a9","colorDark":"#00294f","band":0,"off":[6.8,1.1]}},{"type":"Feature","geometry":{"type":"Point","coordinates":[21.236041,45.751784]},"properties":{"line":"M50","mode":"bus","color":"#0059a9","colorDark":"#00294f","band":0,"off":[0,3.1]}},{"type":"Feature","geometry":{"type":"Point","coordinates":[21.218887,45.783475]},"properties":{"name":"Universitatea de Științele Vieții","band":0,"modes":"bus","arr":["17","18"],"off":[0,-0.8]}},{"type":"Feature","geometry":{"type":"Point","coordinates":[21.218887,45.783475]},"properties":{"line":"17","mode":"bus","color":"#149a3f","colorDark":"#0a5121","band":0,"off":[-1.7,1.1]}},{"type":"Feature","geometry":{"type":"Point","coordinates":[21.218887,45.783475]},"properties":{"line":"18","mode":"bus","color":"#149a3f","colorDark":"#0a5121","band":0,"off":[1.7,1.1]}},{"type":"Feature","geometry":{"type":"Point","coordinates":[21.279772,45.750058]},"properties":{"name":"Școala Generală Plopi","band":0,"modes":"bus","arr":["21"],"off":[0,-0.8]}},{"type":"Feature","geometry":{"type":"Point","coordinates":[21.279772,45.750058]},"properties":{"line":"21","mode":"bus","color":"#0059a9","colorDark":"#00294f","band":0,"off":[0,1.1]}},{"type":"Feature","geometry":{"type":"Point","coordinates":[21.253479,45.747921]},"properties":{"name":"Banatim (Garaj STPT)","band":0,"modes":"bus","arr":["23","M42","M48"],"off":[0,-0.8]}},{"type":"Feature","geometry":{"type":"Point","coordinates":[21.253479,45.747921]},"properties":{"line":"23","mode":"bus","color":"#0059a9","colorDark":"#00294f","band":0,"off":[-3.4,1.1]}},{"type":"Feature","geometry":{"type":"Point","coordinates":[21.253479,45.747921]},"properties":{"line":"M42","mode":"bus","color":"#0059a9","colorDark":"#00294f","band":0,"off":[0,1.1]}},{"type":"Feature","geometry":{"type":"Point","coordinates":[21.253479,45.747921]},"properties":{"line":"M48","mode":"bus","color":"#0059a9","colorDark":"#00294f","band":0,"off":[3.4,1.1]}},{"type":"Feature","geometry":{"type":"Point","coordinates":[21.283241,45.725797]},"properties":{"name":"Hornbach (Buziașului)","band":0,"modes":"bus","arr":["24"],"off":[0,-0.8]}},{"type":"Feature","geometry":{"type":"Point","coordinates":[21.283241,45.725797]},"properties":{"line":"24","mode":"bus","color":"#0059a9","colorDark":"#00294f","band":0,"off":[0,1.1]}},{"type":"Feature","geometry":{"type":"Point","coordinates":[21.259709,45.730787]},"properties":{"name":"Piața Gheorghe Domășneanu (Liviu Rebreanu - AEM)","band":0,"modes":"tram,bus","arr":["1","9","M22","M24"],"off":[0,-0.8]}},{"type":"Feature","geometry":{"type":"Point","coordinates":[21.259709,45.730787]},"properties":{"name":"Piața Gheorghe Domășneanu (Auchan)","band":0,"modes":"tram,bus","arr":["1","9","M22","M24"],"off":[0,-4.1]}},{"type":"Feature","geometry":{"type":"Point","coordinates":[21.259709,45.730787]},"properties":{"name":"Electrotimiș (Calea Buziașului)","band":0,"modes":"tram,bus","arr":["1","9","M22","M24"],"off":[0,-6.3]}},{"type":"Feature","geometry":{"type":"Point","coordinates":[21.259709,45.730787]},"properties":{"line":"1","mode":"tram","color":"#d6212b","colorDark":"#7c1116","band":0,"off":[-5.1,1.1]}},{"type":"Feature","geometry":{"type":"Point","coordinates":[21.259709,45.730787]},"properties":{"line":"9","mode":"tram","color":"#d6212b","colorDark":"#7c1116","band":0,"off":[-1.7,1.1]}},{"type":"Feature","geometry":{"type":"Point","coordinates":[21.259709,45.730787]},"properties":{"line":"M22","mode":"bus","color":"#0059a9","colorDark":"#00294f","band":0,"off":[1.7,1.1]}},{"type":"Feature","geometry":{"type":"Point","coordinates":[21.259709,45.730787]},"properties":{"line":"M24","mode":"bus","color":"#0059a9","colorDark":"#00294f","band":0,"off":[5.1,1.1]}},{"type":"Feature","geometry":{"type":"Point","coordinates":[21.272235,45.715706]},"properties":{"name":"Intrare Rudicica","band":0,"modes":"bus","arr":["24"],"off":[0,-0.8]}},{"type":"Feature","geometry":{"type":"Point","coordinates":[21.272235,45.715706]},"properties":{"line":"24","mode":"bus","color":"#0059a9","colorDark":"#00294f","band":0,"off":[0,1.1]}},{"type":"Feature","geometry":{"type":"Point","coordinates":[21.276951,45.759893]},"properties":{"name":"Țițeica","band":0,"modes":"bus","arr":["28"],"off":[0,-0.8]}},{"type":"Feature","geometry":{"type":"Point","coordinates":[21.276951,45.759893]},"properties":{"line":"28","mode":"bus","color":"#0059a9","colorDark":"#00294f","band":0,"off":[0,1.1]}},{"type":"Feature","geometry":{"type":"Point","coordinates":[21.22432,45.750878]},"properties":{"name":"Catedrala Mitropolitană","band":0,"modes":"bus","arr":["32","33","33b"],"off":[0,-0.8]}},{"type":"Feature","geometry":{"type":"Point","coordinates":[21.22432,45.750878]},"properties":{"line":"32","mode":"bus","color":"#0059a9","colorDark":"#00294f","band":0,"off":[-3.4,1.1]}},{"type":"Feature","geometry":{"type":"Point","coordinates":[21.22432,45.750878]},"properties":{"line":"33","mode":"bus","color":"#0059a9","colorDark":"#00294f","band":0,"off":[0,1.1]}},{"type":"Feature","geometry":{"type":"Point","coordinates":[21.22432,45.750878]},"properties":{"line":"33b","mode":"bus","color":"#0059a9","colorDark":"#00294f","band":0,"off":[3.4,1.1]}},{"type":"Feature","geometry":{"type":"Point","coordinates":[21.202991,45.716363]},"properties":{"name":"Gara de Sud","band":0,"modes":"bus","arr":["32"],"off":[0,-0.8]}},{"type":"Feature","geometry":{"type":"Point","coordinates":[21.202991,45.716363]},"properties":{"line":"32","mode":"bus","color":"#0059a9","colorDark":"#00294f","band":0,"off":[0,1.1]}},{"type":"Feature","geometry":{"type":"Point","coordinates":[21.203449,45.726843]},"properties":{"name":"Shopping City","band":0,"modes":"tram,bus","arr":["2","M38","M39","M46"],"off":[0,-0.8]}},{"type":"Feature","geometry":{"type":"Point","coordinates":[21.203449,45.726843]},"properties":{"name":"Piața Veteranilor (Calea Șagului)","band":0,"modes":"tram,bus","arr":["2","M38","M39","M46"],"off":[0,-1.9]}},{"type":"Feature","geometry":{"type":"Point","coordinates":[21.203449,45.726843]},"properties":{"line":"2","mode":"tram","color":"#d6212b","colorDark":"#7c1116","band":0,"off":[-5.1,1.1]}},{"type":"Feature","geometry":{"type":"Point","coordinates":[21.203449,45.726843]},"properties":{"line":"M38","mode":"bus","color":"#0059a9","colorDark":"#00294f","band":0,"off":[-1.7,1.1]}},{"type":"Feature","geometry":{"type":"Point","coordinates":[21.203449,45.726843]},"properties":{"line":"M39","mode":"bus","color":"#0059a9","colorDark":"#00294f","band":0,"off":[1.7,1.1]}},{"type":"Feature","geometry":{"type":"Point","coordinates":[21.203449,45.726843]},"properties":{"line":"M46","mode":"bus","color":"#0059a9","colorDark":"#00294f","band":0,"off":[5.1,1.1]}},{"type":"Feature","geometry":{"type":"Point","coordinates":[21.200573,45.722504]},"properties":{"name":"Pod Calea Șagului","band":0,"modes":"bus","arr":["33","E1","E8"],"off":[0,-0.8]}},{"type":"Feature","geometry":{"type":"Point","coordinates":[21.200573,45.722504]},"properties":{"line":"33","mode":"bus","color":"#0059a9","colorDark":"#00294f","band":0,"off":[-3.4,1.1]}},{"type":"Feature","geometry":{"type":"Point","coordinates":[21.200573,45.722504]},"properties":{"line":"E1","mode":"bus","color":"#0059a9","colorDark":"#00294f","band":0,"off":[0,1.1]}},{"type":"Feature","geometry":{"type":"Point","coordinates":[21.200573,45.722504]},"properties":{"line":"E8","mode":"bus","color":"#0059a9","colorDark":"#00294f","band":0,"off":[3.4,1.1]}},{"type":"Feature","geometry":{"type":"Point","coordinates":[21.186962,45.69804]},"properties":{"name":"Incontro","band":0,"modes":"bus","arr":["33b"],"off":[0,-0.8]}},{"type":"Feature","geometry":{"type":"Point","coordinates":[21.186962,45.69804]},"properties":{"line":"33b","mode":"bus","color":"#0059a9","colorDark":"#00294f","band":0,"off":[0,1.1]}},{"type":"Feature","geometry":{"type":"Point","coordinates":[21.245744,45.772974]},"properties":{"name":"Stuparilor","band":0,"modes":"bus","arr":["40"],"off":[0,-0.8]}},{"type":"Feature","geometry":{"type":"Point","coordinates":[21.245744,45.772974]},"properties":{"line":"40","mode":"bus","color":"#0059a9","colorDark":"#00294f","band":0,"off":[0,1.1]}},{"type":"Feature","geometry":{"type":"Point","coordinates":[21.247718,45.779301]},"properties":{"name":"Denya Forest (Constructorilor)","band":0,"modes":"bus","arr":["46"],"off":[0,-0.8]}},{"type":"Feature","geometry":{"type":"Point","coordinates":[21.247718,45.779301]},"properties":{"line":"46","mode":"bus","color":"#0059a9","colorDark":"#00294f","band":0,"off":[0,1.1]}},{"type":"Feature","geometry":{"type":"Point","coordinates":[21.222541,45.790049]},"properties":{"name":"Tristan Tzara","band":0,"modes":"bus","arr":["E1"],"off":[0,-0.8]}},{"type":"Feature","geometry":{"type":"Point","coordinates":[21.222541,45.790049]},"properties":{"line":"E1","mode":"bus","color":"#0059a9","colorDark":"#00294f","band":0,"off":[0,1.1]}},{"type":"Feature","geometry":{"type":"Point","coordinates":[21.262131,45.737286]},"properties":{"name":"Aumovio (Continental)","band":0,"modes":"tram,bus","arr":["4","8","E2"],"off":[0,-0.8]}},{"type":"Feature","geometry":{"type":"Point","coordinates":[21.262131,45.737286]},"properties":{"name":"AEM (Dräxlmaier)","band":0,"modes":"tram,bus","arr":["4","8","E2"],"off":[0,-3]}},{"type":"Feature","geometry":{"type":"Point","coordinates":[21.262131,45.737286]},"properties":{"line":"4","mode":"tram","color":"#d6212b","colorDark":"#7c1116","band":0,"off":[-3.4,1.1]}},{"type":"Feature","geometry":{"type":"Point","coordinates":[21.262131,45.737286]},"properties":{"line":"8","mode":"tram","color":"#d6212b","colorDark":"#7c1116","band":0,"off":[0,1.1]}},{"type":"Feature","geometry":{"type":"Point","coordinates":[21.262131,45.737286]},"properties":{"line":"E2","mode":"bus","color":"#0059a9","colorDark":"#00294f","band":0,"off":[3.4,1.1]}},{"type":"Feature","geometry":{"type":"Point","coordinates":[21.240425,45.774784]},"properties":{"name":"Holdelor","band":0,"modes":"bus","arr":["E2"],"off":[0,-0.8]}},{"type":"Feature","geometry":{"type":"Point","coordinates":[21.240425,45.774784]},"properties":{"line":"E2","mode":"bus","color":"#0059a9","colorDark":"#00294f","band":0,"off":[0,1.1]}},{"type":"Feature","geometry":{"type":"Point","coordinates":[21.23674,45.721188]},"properties":{"name":"Apicultorilor","band":0,"modes":"bus","arr":["E3"],"off":[0,-0.8]}},{"type":"Feature","geometry":{"type":"Point","coordinates":[21.23674,45.721188]},"properties":{"line":"E3","mode":"bus","color":"#0059a9","colorDark":"#00294f","band":0,"off":[0,1.1]}},{"type":"Feature","geometry":{"type":"Point","coordinates":[21.16587,45.72851]},"properties":{"name":"ELBA (Parc ind. Freidorf)","band":0,"modes":"bus","arr":["E3"],"off":[0,-0.8]}},{"type":"Feature","geometry":{"type":"Point","coordinates":[21.16587,45.72851]},"properties":{"line":"E3","mode":"bus","color":"#0059a9","colorDark":"#00294f","band":0,"off":[0,1.1]}},{"type":"Feature","geometry":{"type":"Point","coordinates":[21.321385,45.809228]},"properties":{"name":"Aeroport (Terminal Schengen)","band":0,"modes":"bus","arr":["E4","E4b"],"off":[0,-0.8]}},{"type":"Feature","geometry":{"type":"Point","coordinates":[21.321385,45.809228]},"properties":{"line":"E4","mode":"bus","color":"#0059a9","colorDark":"#00294f","band":0,"off":[-1.7,1.1]}},{"type":"Feature","geometry":{"type":"Point","coordinates":[21.321385,45.809228]},"properties":{"line":"E4b","mode":"bus","color":"#0059a9","colorDark":"#00294f","band":0,"off":[1.7,1.1]}},{"type":"Feature","geometry":{"type":"Point","coordinates":[21.186226,45.793678]},"properties":{"name":"Metro II (Torontalului)","band":0,"modes":"bus","arr":["E6"],"off":[0,-0.8]}},{"type":"Feature","geometry":{"type":"Point","coordinates":[21.186226,45.793678]},"properties":{"line":"E6","mode":"bus","color":"#0059a9","colorDark":"#00294f","band":0,"off":[0,1.1]}},{"type":"Feature","geometry":{"type":"Point","coordinates":[21.148952,45.718811]},"properties":{"name":"Comtim (Smithfield)","band":0,"modes":"bus","arr":["E7"],"off":[0,-0.8]}},{"type":"Feature","geometry":{"type":"Point","coordinates":[21.148952,45.718811]},"properties":{"line":"E7","mode":"bus","color":"#0059a9","colorDark":"#00294f","band":0,"off":[0,1.1]}},{"type":"Feature","geometry":{"type":"Point","coordinates":[21.276242,45.754058]},"properties":{"name":"Albăstrelelor","band":0,"modes":"bus","arr":["E8"],"off":[0,-0.8]}},{"type":"Feature","geometry":{"type":"Point","coordinates":[21.276242,45.754058]},"properties":{"line":"E8","mode":"bus","color":"#0059a9","colorDark":"#00294f","band":0,"off":[0,1.1]}},{"type":"Feature","geometry":{"type":"Point","coordinates":[21.304082,45.766204]},"properties":{"name":"Ialomiței (Ghiroda)","band":0,"modes":"bus","arr":["M11"],"off":[0,-0.8]}},{"type":"Feature","geometry":{"type":"Point","coordinates":[21.304082,45.766204]},"properties":{"line":"M11","mode":"bus","color":"#149a3f","colorDark":"#0a5121","band":0,"off":[0,1.1]}},{"type":"Feature","geometry":{"type":"Point","coordinates":[21.261913,45.812876]},"properties":{"name":"Belvedere (Dumbrăvița)","band":0,"modes":"bus","arr":["M14"],"off":[0,-0.8]}},{"type":"Feature","geometry":{"type":"Point","coordinates":[21.261913,45.812876]},"properties":{"line":"M14","mode":"bus","color":"#149a3f","colorDark":"#0a5121","band":0,"off":[0,1.1]}},{"type":"Feature","geometry":{"type":"Point","coordinates":[21.330518,45.738204]},"properties":{"name":"Tineret (Moșnița Veche)","band":0,"modes":"bus","arr":["M22"],"off":[0,-0.8]}},{"type":"Feature","geometry":{"type":"Point","coordinates":[21.330518,45.738204]},"properties":{"line":"M22","mode":"bus","color":"#0059a9","colorDark":"#00294f","band":0,"off":[0,1.1]}},{"type":"Feature","geometry":{"type":"Point","coordinates":[21.291125,45.698843]},"properties":{"name":"Cebza (Urseni)","band":0,"modes":"bus","arr":["M23"],"off":[0,-0.8]}},{"type":"Feature","geometry":{"type":"Point","coordinates":[21.291125,45.698843]},"properties":{"line":"M23","mode":"bus","color":"#0059a9","colorDark":"#00294f","band":0,"off":[0,1.1]}},{"type":"Feature","geometry":{"type":"Point","coordinates":[21.37305,45.714425]},"properties":{"name":"Căminul Cultural (Albina)","band":0,"modes":"bus","arr":["M24"],"off":[0,-0.8]}},{"type":"Feature","geometry":{"type":"Point","coordinates":[21.37305,45.714425]},"properties":{"line":"M24","mode":"bus","color":"#0059a9","colorDark":"#00294f","band":0,"off":[0,1.1]}},{"type":"Feature","geometry":{"type":"Point","coordinates":[21.421147,45.84512]},"properties":{"name":"Teren de sport (Ianova)","band":0,"modes":"bus","arr":["M27"],"off":[0,-0.8]}},{"type":"Feature","geometry":{"type":"Point","coordinates":[21.421147,45.84512]},"properties":{"line":"M27","mode":"bus","color":"#0059a9","colorDark":"#00294f","band":0,"off":[0,1.1]}},{"type":"Feature","geometry":{"type":"Point","coordinates":[21.306071,45.762213]},"properties":{"name":"Girație Pod Bega (Ghiroda)","band":0,"modes":"bus","arr":["M29","M30"],"off":[0,-0.8]}},{"type":"Feature","geometry":{"type":"Point","coordinates":[21.306071,45.762213]},"properties":{"line":"M29","mode":"bus","color":"#0059a9","colorDark":"#00294f","band":0,"off":[-1.7,1.1]}},{"type":"Feature","geometry":{"type":"Point","coordinates":[21.306071,45.762213]},"properties":{"line":"M30","mode":"bus","color":"#0059a9","colorDark":"#00294f","band":0,"off":[1.7,1.1]}},{"type":"Feature","geometry":{"type":"Point","coordinates":[21.306392,45.798105]},"properties":{"name":"Cimitir (Giarmata Vii)","band":0,"modes":"bus","arr":["M35"],"off":[0,-0.8]}},{"type":"Feature","geometry":{"type":"Point","coordinates":[21.306392,45.798105]},"properties":{"line":"M35","mode":"bus","color":"#0059a9","colorDark":"#00294f","band":0,"off":[0,1.1]}},{"type":"Feature","geometry":{"type":"Point","coordinates":[21.021691,45.710609]},"properties":{"name":"Ieșire Răuți (Sânmihaiul German)","band":0,"modes":"bus","arr":["M36"],"off":[0,-0.8]}},{"type":"Feature","geometry":{"type":"Point","coordinates":[21.021691,45.710609]},"properties":{"line":"M36","mode":"bus","color":"#0059a9","colorDark":"#00294f","band":0,"off":[0,1.1]}},{"type":"Feature","geometry":{"type":"Point","coordinates":[21.142576,45.624651]},"properties":{"name":"Drumul Mare (Parța)","band":0,"modes":"bus","arr":["M37"],"off":[0,-0.8]}},{"type":"Feature","geometry":{"type":"Point","coordinates":[21.142576,45.624651]},"properties":{"line":"M37","mode":"bus","color":"#0059a9","colorDark":"#00294f","band":0,"off":[0,1.1]}},{"type":"Feature","geometry":{"type":"Point","coordinates":[21.22165,45.553238]},"properties":{"name":"Capăt (Jebel)","band":0,"modes":"bus","arr":["M38"],"off":[0,-0.8]}},{"type":"Feature","geometry":{"type":"Point","coordinates":[21.22165,45.553238]},"properties":{"line":"M38","mode":"bus","color":"#0059a9","colorDark":"#00294f","band":0,"off":[0,1.1]}},{"type":"Feature","geometry":{"type":"Point","coordinates":[20.882239,45.472054]},"properties":{"name":"Capăt (Cruceni)","band":0,"modes":"bus","arr":["M39"],"off":[0,-0.8]}},{"type":"Feature","geometry":{"type":"Point","coordinates":[20.882239,45.472054]},"properties":{"line":"M39","mode":"bus","color":"#0059a9","colorDark":"#00294f","band":0,"off":[0,1.1]}},{"type":"Feature","geometry":{"type":"Point","coordinates":[21.155115,45.911991]},"properties":{"name":"Darson (Carani)","band":0,"modes":"bus","arr":["M41"],"off":[0,-0.8]}},{"type":"Feature","geometry":{"type":"Point","coordinates":[21.155115,45.911991]},"properties":{"line":"M41","mode":"bus","color":"#0059a9","colorDark":"#00294f","band":0,"off":[0,1.1]}},{"type":"Feature","geometry":{"type":"Point","coordinates":[21.230357,45.834164]},"properties":{"name":"Grădiniță (Covaci)","band":0,"modes":"bus","arr":["M42"],"off":[0,-0.8]}},{"type":"Feature","geometry":{"type":"Point","coordinates":[21.230357,45.834164]},"properties":{"line":"M42","mode":"bus","color":"#0059a9","colorDark":"#00294f","band":0,"off":[0,1.1]}},{"type":"Feature","geometry":{"type":"Point","coordinates":[20.9669,45.748784]},"properties":{"name":"Capăt (Beregsăul Mic)","band":0,"modes":"bus","arr":["M43"],"off":[0,-0.8]}},{"type":"Feature","geometry":{"type":"Point","coordinates":[20.9669,45.748784]},"properties":{"line":"M43","mode":"bus","color":"#0059a9","colorDark":"#00294f","band":0,"off":[0,1.1]}},{"type":"Feature","geometry":{"type":"Point","coordinates":[21.056476,45.835711]},"properties":{"name":"Calea Dudeștii Noi (Becicherecul Mic)","band":0,"modes":"bus","arr":["M44"],"off":[0,-0.8]}},{"type":"Feature","geometry":{"type":"Point","coordinates":[21.056476,45.835711]},"properties":{"line":"M44","mode":"bus","color":"#0059a9","colorDark":"#00294f","band":0,"off":[0,1.1]}},{"type":"Feature","geometry":{"type":"Point","coordinates":[21.246865,45.802785]},"properties":{"name":"Parcul Central (Dumbrăvița)","band":0,"modes":"bus","arr":["M45"],"off":[0,-0.8]}},{"type":"Feature","geometry":{"type":"Point","coordinates":[21.246865,45.802785]},"properties":{"line":"M45","mode":"bus","color":"#0059a9","colorDark":"#00294f","band":0,"off":[0,1.1]}},{"type":"Feature","geometry":{"type":"Point","coordinates":[21.153385,45.649334]},"properties":{"name":"Intersecție str. a IV a cu str. a CXI a (Șag)","band":0,"modes":"bus","arr":["M46"],"off":[0,-0.8]}},{"type":"Feature","geometry":{"type":"Point","coordinates":[21.153385,45.649334]},"properties":{"line":"M46","mode":"bus","color":"#0059a9","colorDark":"#00294f","band":0,"off":[0,1.1]}},{"type":"Feature","geometry":{"type":"Point","coordinates":[21.08402,45.902709]},"properties":{"name":"Centru (Hodoni)","band":0,"modes":"bus","arr":["M47"],"off":[0,-0.8]}},{"type":"Feature","geometry":{"type":"Point","coordinates":[21.08402,45.902709]},"properties":{"line":"M47","mode":"bus","color":"#0059a9","colorDark":"#00294f","band":0,"off":[0,1.1]}},{"type":"Feature","geometry":{"type":"Point","coordinates":[21.319577,45.977019]},"properties":{"name":"Căminul Cultural (Seceani)","band":0,"modes":"bus","arr":["M48"],"off":[0,-0.8]}},{"type":"Feature","geometry":{"type":"Point","coordinates":[21.319577,45.977019]},"properties":{"line":"M48","mode":"bus","color":"#0059a9","colorDark":"#00294f","band":0,"off":[0,1.1]}},{"type":"Feature","geometry":{"type":"Point","coordinates":[21.31986,45.848492]},"properties":{"name":"Girație Calea Bencecului (Giarmata)","band":0,"modes":"bus","arr":["M49"],"off":[0,-0.8]}},{"type":"Feature","geometry":{"type":"Point","coordinates":[21.31986,45.848492]},"properties":{"line":"M49","mode":"bus","color":"#0059a9","colorDark":"#00294f","band":0,"off":[0,1.1]}},{"type":"Feature","geometry":{"type":"Point","coordinates":[20.860508,45.912061]},"properties":{"name":"Biserica Romano Catolică (Uihei)","band":0,"modes":"bus","arr":["M50"],"off":[0,-0.8]}},{"type":"Feature","geometry":{"type":"Point","coordinates":[20.860508,45.912061]},"properties":{"line":"M50","mode":"bus","color":"#0059a9","colorDark":"#00294f","band":0,"off":[0,1.1]}},{"type":"Feature","geometry":{"type":"Point","coordinates":[21.218099,45.597637]},"properties":{"name":"Primărie (Pădureni)","band":0,"modes":"bus","arr":["M51"],"off":[0,-0.8]}},{"type":"Feature","geometry":{"type":"Point","coordinates":[21.218099,45.597637]},"properties":{"line":"M51","mode":"bus","color":"#0059a9","colorDark":"#00294f","band":0,"off":[0,1.1]}},{"type":"Feature","geometry":{"type":"Point","coordinates":[21.207163,45.751244]},"properties":{"name":"Gara de Nord","band":0,"modes":"tram","arr":["1","8","9"],"off":[0,-0.8]}},{"type":"Feature","geometry":{"type":"Point","coordinates":[21.207163,45.751244]},"properties":{"line":"1","mode":"tram","color":"#d6212b","colorDark":"#7c1116","band":0,"off":[-3.4,1.1]}},{"type":"Feature","geometry":{"type":"Point","coordinates":[21.207163,45.751244]},"properties":{"line":"8","mode":"tram","color":"#d6212b","colorDark":"#7c1116","band":0,"off":[0,1.1]}},{"type":"Feature","geometry":{"type":"Point","coordinates":[21.207163,45.751244]},"properties":{"line":"9","mode":"tram","color":"#d6212b","colorDark":"#7c1116","band":0,"off":[3.4,1.1]}},{"type":"Feature","geometry":{"type":"Point","coordinates":[21.219712,45.769241]},"properties":{"name":"Calea Torontalului (Ciocanul)","band":0,"modes":"tram","arr":["2","4","7"],"off":[0,-0.8]}},{"type":"Feature","geometry":{"type":"Point","coordinates":[21.219712,45.769241]},"properties":{"line":"2","mode":"tram","color":"#d6212b","colorDark":"#7c1116","band":0,"off":[-3.4,1.1]}},{"type":"Feature","geometry":{"type":"Point","coordinates":[21.219712,45.769241]},"properties":{"line":"4","mode":"tram","color":"#d6212b","colorDark":"#7c1116","band":0,"off":[0,1.1]}},{"type":"Feature","geometry":{"type":"Point","coordinates":[21.219712,45.769241]},"properties":{"line":"7","mode":"tram","color":"#d6212b","colorDark":"#7c1116","band":0,"off":[3.4,1.1]}},{"type":"Feature","geometry":{"type":"Point","coordinates":[21.196014,45.739692]},"properties":{"name":"Dâmbovița","band":0,"modes":"tram","arr":["7"],"off":[0,-0.8]}},{"type":"Feature","geometry":{"type":"Point","coordinates":[21.196014,45.739692]},"properties":{"line":"7","mode":"tram","color":"#d6212b","colorDark":"#7c1116","band":0,"off":[0,1.1]}},{"type":"Feature","geometry":{"type":"Point","coordinates":[21.198671,45.754234]},"properties":{"name":"Bârzava","band":1,"modes":"bus","arr":["5b"],"off":[0,-0.8]}},{"type":"Feature","geometry":{"type":"Point","coordinates":[21.198671,45.754234]},"properties":{"line":"5b","mode":"bus","color":"#0059a9","colorDark":"#00294f","band":1,"off":[0,1.1]}},{"type":"Feature","geometry":{"type":"Point","coordinates":[21.214063,45.745567]},"properties":{"name":"Piața A. Mocioni (Sinaia - 16 Decembrie 1989)","band":1,"modes":"bus","arr":["5b","M36","M37","M51"],"off":[0,-0.8]}},{"type":"Feature","geometry":{"type":"Point","coordinates":[21.214063,45.745567]},"properties":{"name":"Piața A. Mocioni (16 Decembrie 1989 - Sinaia)","band":1,"modes":"bus","arr":["5b","M36","M37","M51"],"off":[0,-4.1]}},{"type":"Feature","geometry":{"type":"Point","coordinates":[21.214063,45.745567]},"properties":{"name":"Bd. Regele Carol I","band":1,"modes":"bus","arr":["5b","M36","M37","M51"],"off":[0,-7.4]}},{"type":"Feature","geometry":{"type":"Point","coordinates":[21.214063,45.745567]},"properties":{"line":"5b","mode":"bus","color":"#0059a9","colorDark":"#00294f","band":1,"off":[-5.1,1.1]}},{"type":"Feature","geometry":{"type":"Point","coordinates":[21.214063,45.745567]},"properties":{"line":"M36","mode":"bus","color":"#0059a9","colorDark":"#00294f","band":1,"off":[-1.7,1.1]}},{"type":"Feature","geometry":{"type":"Point","coordinates":[21.214063,45.745567]},"properties":{"line":"M37","mode":"bus","color":"#0059a9","colorDark":"#00294f","band":1,"off":[1.7,1.1]}},{"type":"Feature","geometry":{"type":"Point","coordinates":[21.214063,45.745567]},"properties":{"line":"M51","mode":"bus","color":"#0059a9","colorDark":"#00294f","band":1,"off":[5.1,1.1]}},{"type":"Feature","geometry":{"type":"Point","coordinates":[21.189842,45.750871]},"properties":{"name":"Ronaț (Bogdăneștilor)","band":1,"modes":"bus","arr":["5c"],"off":[0,-0.8]}},{"type":"Feature","geometry":{"type":"Point","coordinates":[21.189842,45.750871]},"properties":{"line":"5c","mode":"bus","color":"#0059a9","colorDark":"#00294f","band":1,"off":[0,1.1]}},{"type":"Feature","geometry":{"type":"Point","coordinates":[21.24465,45.766321]},"properties":{"name":"Gara de Est","band":1,"modes":"bus","arr":["5c","23"],"off":[0,-0.8]}},{"type":"Feature","geometry":{"type":"Point","coordinates":[21.24465,45.766321]},"properties":{"line":"5c","mode":"bus","color":"#0059a9","colorDark":"#00294f","band":1,"off":[-1.7,1.1]}},{"type":"Feature","geometry":{"type":"Point","coordinates":[21.24465,45.766321]},"properties":{"line":"23","mode":"bus","color":"#0059a9","colorDark":"#00294f","band":1,"off":[1.7,1.1]}},{"type":"Feature","geometry":{"type":"Point","coordinates":[21.203441,45.74975]},"properties":{"name":"Gheorghe Barițiu","band":1,"modes":"tram,bus","arr":["1","8","9","11","14","18","E4b","M11","M14"],"off":[0,-0.8]}},{"type":"Feature","geometry":{"type":"Point","coordinates":[21.203441,45.74975]},"properties":{"name":"Gara de Nord","band":1,"modes":"tram,bus","arr":["1","8","9","11","14","18","E4b","M11","M14"],"off":[0,-1.9]}},{"type":"Feature","geometry":{"type":"Point","coordinates":[21.203441,45.74975]},"properties":{"line":"1","mode":"tram","color":"#d6212b","colorDark":"#7c1116","band":1,"off":[-6.8,1.1]}},{"type":"Feature","geometry":{"type":"Point","coordinates":[21.203441,45.74975]},"properties":{"line":"8","mode":"tram","color":"#d6212b","colorDark":"#7c1116","band":1,"off":[-3.4,1.1]}},{"type":"Feature","geometry":{"type":"Point","coordinates":[21.203441,45.74975]},"properties":{"line":"9","mode":"tram","color":"#d6212b","colorDark":"#7c1116","band":1,"off":[0,1.1]}},{"type":"Feature","geometry":{"type":"Point","coordinates":[21.203441,45.74975]},"properties":{"line":"11","mode":"bus","color":"#149a3f","colorDark":"#0a5121","band":1,"off":[3.4,1.1]}},{"type":"Feature","geometry":{"type":"Point","coordinates":[21.203441,45.74975]},"properties":{"line":"14","mode":"bus","color":"#149a3f","colorDark":"#0a5121","band":1,"off":[6.8,1.1]}},{"type":"Feature","geometry":{"type":"Point","coordinates":[21.203441,45.74975]},"properties":{"line":"18","mode":"bus","color":"#149a3f","colorDark":"#0a5121","band":1,"off":[-5.1,3.1]}},{"type":"Feature","geometry":{"type":"Point","coordinates":[21.203441,45.74975]},"properties":{"line":"E4b","mode":"bus","color":"#0059a9","colorDark":"#00294f","band":1,"off":[-1.7,3.1]}},{"type":"Feature","geometry":{"type":"Point","coordinates":[21.203441,45.74975]},"properties":{"line":"M11","mode":"bus","color":"#149a3f","colorDark":"#0a5121","band":1,"off":[1.7,3.1]}},{"type":"Feature","geometry":{"type":"Point","coordinates":[21.203441,45.74975]},"properties":{"line":"M14","mode":"bus","color":"#149a3f","colorDark":"#0a5121","band":1,"off":[5.1,3.1]}},{"type":"Feature","geometry":{"type":"Point","coordinates":[21.224607,45.756589]},"properties":{"name":"Piața Timișoara 700 (Spitalul Militar)","band":1,"modes":"bus","arr":["13"],"off":[0,-0.8]}},{"type":"Feature","geometry":{"type":"Point","coordinates":[21.224607,45.756589]},"properties":{"line":"13","mode":"bus","color":"#0059a9","colorDark":"#00294f","band":1,"off":[0,1.1]}},{"type":"Feature","geometry":{"type":"Point","coordinates":[21.231792,45.759609]},"properties":{"name":"Piața Mărăști (Oituz)","band":1,"modes":"bus","arr":["28","46","E4","E6","M27","M45"],"off":[0,-0.8]}},{"type":"Feature","geometry":{"type":"Point","coordinates":[21.231792,45.759609]},"properties":{"name":"Oituz (Punctele cardinale)","band":1,"modes":"bus","arr":["28","46","E4","E6","M27","M45"],"off":[0,-3]}},{"type":"Feature","geometry":{"type":"Point","coordinates":[21.231792,45.759609]},"properties":{"name":"Bastionul Maria Tereza (Take Ionescu)","band":1,"modes":"bus","arr":["28","46","E4","E6","M27","M45"],"off":[0,-5.2]}},{"type":"Feature","geometry":{"type":"Point","coordinates":[21.231792,45.759609]},"properties":{"line":"28","mode":"bus","color":"#0059a9","colorDark":"#00294f","band":1,"off":[-6.8,1.1]}},{"type":"Feature","geometry":{"type":"Point","coordinates":[21.231792,45.759609]},"properties":{"line":"46","mode":"bus","color":"#0059a9","colorDark":"#00294f","band":1,"off":[-3.4,1.1]}},{"type":"Feature","geometry":{"type":"Point","coordinates":[21.231792,45.759609]},"properties":{"line":"E4","mode":"bus","color":"#0059a9","colorDark":"#00294f","band":1,"off":[0,1.1]}},{"type":"Feature","geometry":{"type":"Point","coordinates":[21.231792,45.759609]},"properties":{"line":"E6","mode":"bus","color":"#0059a9","colorDark":"#00294f","band":1,"off":[3.4,1.1]}},{"type":"Feature","geometry":{"type":"Point","coordinates":[21.231792,45.759609]},"properties":{"line":"M27","mode":"bus","color":"#0059a9","colorDark":"#00294f","band":1,"off":[6.8,1.1]}},{"type":"Feature","geometry":{"type":"Point","coordinates":[21.231792,45.759609]},"properties":{"line":"M45","mode":"bus","color":"#0059a9","colorDark":"#00294f","band":1,"off":[0,3.1]}},{"type":"Feature","geometry":{"type":"Point","coordinates":[21.261149,45.765718]},"properties":{"name":"Piața V. Economu (Calea Dorobanților)","band":1,"modes":"bus","arr":["M29"],"off":[0,-0.8]}},{"type":"Feature","geometry":{"type":"Point","coordinates":[21.261149,45.765718]},"properties":{"line":"M29","mode":"bus","color":"#0059a9","colorDark":"#00294f","band":1,"off":[0,1.1]}},{"type":"Feature","geometry":{"type":"Point","coordinates":[21.269358,45.769503]},"properties":{"name":"Arena Aqua (Ștrandul Tineretului)","band":1,"modes":"bus","arr":["11","17"],"off":[0,-0.8]}},{"type":"Feature","geometry":{"type":"Point","coordinates":[21.269358,45.769503]},"properties":{"name":"Arena Aqua (Bucla)","band":1,"modes":"bus","arr":["11","17"],"off":[0,-3]}},{"type":"Feature","geometry":{"type":"Point","coordinates":[21.269358,45.769503]},"properties":{"line":"11","mode":"bus","color":"#149a3f","colorDark":"#0a5121","band":1,"off":[-1.7,1.1]}},{"type":"Feature","geometry":{"type":"Point","coordinates":[21.269358,45.769503]},"properties":{"line":"17","mode":"bus","color":"#149a3f","colorDark":"#0a5121","band":1,"off":[1.7,1.1]}},{"type":"Feature","geometry":{"type":"Point","coordinates":[21.181345,45.763647]},"properties":{"name":"Pasaj C.F. (Ovidiu Balea)","band":1,"modes":"bus","arr":["13"],"off":[0,-0.8]}},{"type":"Feature","geometry":{"type":"Point","coordinates":[21.181345,45.763647]},"properties":{"line":"13","mode":"bus","color":"#0059a9","colorDark":"#00294f","band":1,"off":[0,1.1]}},{"type":"Feature","geometry":{"type":"Point","coordinates":[21.234705,45.779926]},"properties":{"name":"Ion Ionescu de la Brad","band":1,"modes":"bus","arr":["14"],"off":[0,-0.8]}},{"type":"Feature","geometry":{"type":"Point","coordinates":[21.234705,45.779926]},"properties":{"line":"14","mode":"bus","color":"#149a3f","colorDark":"#0a5121","band":1,"off":[0,1.1]}},{"type":"Feature","geometry":{"type":"Point","coordinates":[21.247734,45.731508]},"properties":{"name":"Girație Sudului","band":1,"modes":"bus","arr":["15","16","M23"],"off":[0,-0.8]}},{"type":"Feature","geometry":{"type":"Point","coordinates":[21.247734,45.731508]},"properties":{"name":"Girație Bulevardul Sudului","band":1,"modes":"bus","arr":["15","16","M23"],"off":[0,-1.9]}},{"type":"Feature","geometry":{"type":"Point","coordinates":[21.247734,45.731508]},"properties":{"line":"15","mode":"bus","color":"#149a3f","colorDark":"#0a5121","band":1,"off":[-3.4,1.1]}},{"type":"Feature","geometry":{"type":"Point","coordinates":[21.247734,45.731508]},"properties":{"line":"16","mode":"bus","color":"#149a3f","colorDark":"#0a5121","band":1,"off":[0,1.1]}},{"type":"Feature","geometry":{"type":"Point","coordinates":[21.247734,45.731508]},"properties":{"line":"M23","mode":"bus","color":"#0059a9","colorDark":"#00294f","band":1,"off":[3.4,1.1]}},{"type":"Feature","geometry":{"type":"Point","coordinates":[21.231984,45.75548]},"properties":{"name":"Traian Grozăvescu (Poșta Mare)","band":1,"modes":"bus","arr":["15","16","21","40","E7","M30","M35","M41","M43","M44","M47","M49"],"off":[0,-0.8]}},{"type":"Feature","geometry":{"type":"Point","coordinates":[21.231984,45.75548]},"properties":{"name":"Hector (Bastion)","band":1,"modes":"bus","arr":["15","16","21","40","E7","M30","M35","M41","M43","M44","M47","M49"],"off":[0,-3]}},{"type":"Feature","geometry":{"type":"Point","coordinates":[21.231984,45.75548]},"properties":{"name":"Bastion (Piața Ionel I. C. Brătianu)","band":1,"modes":"bus","arr":["15","16","21","40","E7","M30","M35","M41","M43","M44","M47","M49"],"off":[0,-4.1]}},{"type":"Feature","geometry":{"type":"Point","coordinates":[21.231984,45.75548]},"properties":{"line":"15","mode":"bus","color":"#149a3f","colorDark":"#0a5121","band":1,"off":[-6.8,1.1]}},{"type":"Feature","geometry":{"type":"Point","coordinates":[21.231984,45.75548]},"properties":{"line":"16","mode":"bus","color":"#149a3f","colorDark":"#0a5121","band":1,"off":[-3.4,1.1]}},{"type":"Feature","geometry":{"type":"Point","coordinates":[21.231984,45.75548]},"properties":{"line":"21","mode":"bus","color":"#0059a9","colorDark":"#00294f","band":1,"off":[0,1.1]}},{"type":"Feature","geometry":{"type":"Point","coordinates":[21.231984,45.75548]},"properties":{"line":"40","mode":"bus","color":"#0059a9","colorDark":"#00294f","band":1,"off":[3.4,1.1]}},{"type":"Feature","geometry":{"type":"Point","coordinates":[21.231984,45.75548]},"properties":{"line":"E7","mode":"bus","color":"#0059a9","colorDark":"#00294f","band":1,"off":[6.8,1.1]}},{"type":"Feature","geometry":{"type":"Point","coordinates":[21.231984,45.75548]},"properties":{"line":"M30","mode":"bus","color":"#0059a9","colorDark":"#00294f","band":1,"off":[-6.8,3.1]}},{"type":"Feature","geometry":{"type":"Point","coordinates":[21.231984,45.75548]},"properties":{"line":"M35","mode":"bus","color":"#0059a9","colorDark":"#00294f","band":1,"off":[-3.4,3.1]}},{"type":"Feature","geometry":{"type":"Point","coordinates":[21.231984,45.75548]},"properties":{"line":"M41","mode":"bus","color":"#0059a9","colorDark":"#00294f","band":1,"off":[0,3.1]}},{"type":"Feature","geometry":{"type":"Point","coordinates":[21.231984,45.75548]},"properties":{"line":"M43","mode":"bus","color":"#0059a9","colorDark":"#00294f","band":1,"off":[3.4,3.1]}},{"type":"Feature","geometry":{"type":"Point","coordinates":[21.231984,45.75548]},"properties":{"line":"M44","mode":"bus","color":"#0059a9","colorDark":"#00294f","band":1,"off":[6.8,3.1]}},{"type":"Feature","geometry":{"type":"Point","coordinates":[21.231984,45.75548]},"properties":{"line":"M47","mode":"bus","color":"#0059a9","colorDark":"#00294f","band":1,"off":[-1.7,5.1]}},{"type":"Feature","geometry":{"type":"Point","coordinates":[21.231984,45.75548]},"properties":{"line":"M49","mode":"bus","color":"#0059a9","colorDark":"#00294f","band":1,"off":[1.7,5.1]}},{"type":"Feature","geometry":{"type":"Point","coordinates":[21.218887,45.783475]},"properties":{"name":"Universitatea de Științele Vieții","band":1,"modes":"bus","arr":["17","18"],"off":[0,-0.8]}},{"type":"Feature","geometry":{"type":"Point","coordinates":[21.218887,45.783475]},"properties":{"line":"17","mode":"bus","color":"#149a3f","colorDark":"#0a5121","band":1,"off":[-1.7,1.1]}},{"type":"Feature","geometry":{"type":"Point","coordinates":[21.218887,45.783475]},"properties":{"line":"18","mode":"bus","color":"#149a3f","colorDark":"#0a5121","band":1,"off":[1.7,1.1]}},{"type":"Feature","geometry":{"type":"Point","coordinates":[21.279772,45.750058]},"properties":{"name":"Școala Generală Plopi","band":1,"modes":"bus","arr":["21"],"off":[0,-0.8]}},{"type":"Feature","geometry":{"type":"Point","coordinates":[21.279772,45.750058]},"properties":{"line":"21","mode":"bus","color":"#0059a9","colorDark":"#00294f","band":1,"off":[0,1.1]}},{"type":"Feature","geometry":{"type":"Point","coordinates":[21.253479,45.747921]},"properties":{"name":"Banatim (Garaj STPT)","band":1,"modes":"bus","arr":["23","M42","M48"],"off":[0,-0.8]}},{"type":"Feature","geometry":{"type":"Point","coordinates":[21.253479,45.747921]},"properties":{"line":"23","mode":"bus","color":"#0059a9","colorDark":"#00294f","band":1,"off":[-3.4,1.1]}},{"type":"Feature","geometry":{"type":"Point","coordinates":[21.253479,45.747921]},"properties":{"line":"M42","mode":"bus","color":"#0059a9","colorDark":"#00294f","band":1,"off":[0,1.1]}},{"type":"Feature","geometry":{"type":"Point","coordinates":[21.253479,45.747921]},"properties":{"line":"M48","mode":"bus","color":"#0059a9","colorDark":"#00294f","band":1,"off":[3.4,1.1]}},{"type":"Feature","geometry":{"type":"Point","coordinates":[21.283241,45.725797]},"properties":{"name":"Hornbach (Buziașului)","band":1,"modes":"bus","arr":["24"],"off":[0,-0.8]}},{"type":"Feature","geometry":{"type":"Point","coordinates":[21.283241,45.725797]},"properties":{"line":"24","mode":"bus","color":"#0059a9","colorDark":"#00294f","band":1,"off":[0,1.1]}},{"type":"Feature","geometry":{"type":"Point","coordinates":[21.259541,45.734334]},"properties":{"name":"Piața Gheorghe Domășneanu (Liviu Rebreanu - AEM)","band":1,"modes":"tram,bus","arr":["1","9","M22","M24"],"off":[0,-0.8]}},{"type":"Feature","geometry":{"type":"Point","coordinates":[21.259541,45.734334]},"properties":{"name":"Piața Gheorghe Domășneanu (Auchan)","band":1,"modes":"tram,bus","arr":["1","9","M22","M24"],"off":[0,-4.1]}},{"type":"Feature","geometry":{"type":"Point","coordinates":[21.259541,45.734334]},"properties":{"name":"Electrotimiș (Calea Buziașului)","band":1,"modes":"tram,bus","arr":["1","9","M22","M24"],"off":[0,-6.3]}},{"type":"Feature","geometry":{"type":"Point","coordinates":[21.259541,45.734334]},"properties":{"line":"1","mode":"tram","color":"#d6212b","colorDark":"#7c1116","band":1,"off":[-5.1,1.1]}},{"type":"Feature","geometry":{"type":"Point","coordinates":[21.259541,45.734334]},"properties":{"line":"9","mode":"tram","color":"#d6212b","colorDark":"#7c1116","band":1,"off":[-1.7,1.1]}},{"type":"Feature","geometry":{"type":"Point","coordinates":[21.259541,45.734334]},"properties":{"line":"M22","mode":"bus","color":"#0059a9","colorDark":"#00294f","band":1,"off":[1.7,1.1]}},{"type":"Feature","geometry":{"type":"Point","coordinates":[21.259541,45.734334]},"properties":{"line":"M24","mode":"bus","color":"#0059a9","colorDark":"#00294f","band":1,"off":[5.1,1.1]}},{"type":"Feature","geometry":{"type":"Point","coordinates":[21.272235,45.715706]},"properties":{"name":"Intrare Rudicica","band":1,"modes":"bus","arr":["24"],"off":[0,-0.8]}},{"type":"Feature","geometry":{"type":"Point","coordinates":[21.272235,45.715706]},"properties":{"line":"24","mode":"bus","color":"#0059a9","colorDark":"#00294f","band":1,"off":[0,1.1]}},{"type":"Feature","geometry":{"type":"Point","coordinates":[21.276951,45.759893]},"properties":{"name":"Țițeica","band":1,"modes":"bus","arr":["28"],"off":[0,-0.8]}},{"type":"Feature","geometry":{"type":"Point","coordinates":[21.276951,45.759893]},"properties":{"line":"28","mode":"bus","color":"#0059a9","colorDark":"#00294f","band":1,"off":[0,1.1]}},{"type":"Feature","geometry":{"type":"Point","coordinates":[21.225073,45.750878]},"properties":{"name":"Catedrala Mitropolitană","band":1,"modes":"bus","arr":["32","33","33b"],"off":[0,-0.8]}},{"type":"Feature","geometry":{"type":"Point","coordinates":[21.225073,45.750878]},"properties":{"line":"32","mode":"bus","color":"#0059a9","colorDark":"#00294f","band":1,"off":[-3.4,1.1]}},{"type":"Feature","geometry":{"type":"Point","coordinates":[21.225073,45.750878]},"properties":{"line":"33","mode":"bus","color":"#0059a9","colorDark":"#00294f","band":1,"off":[0,1.1]}},{"type":"Feature","geometry":{"type":"Point","coordinates":[21.225073,45.750878]},"properties":{"line":"33b","mode":"bus","color":"#0059a9","colorDark":"#00294f","band":1,"off":[3.4,1.1]}},{"type":"Feature","geometry":{"type":"Point","coordinates":[21.202991,45.716363]},"properties":{"name":"Gara de Sud","band":1,"modes":"bus","arr":["32"],"off":[0,-0.8]}},{"type":"Feature","geometry":{"type":"Point","coordinates":[21.202991,45.716363]},"properties":{"line":"32","mode":"bus","color":"#0059a9","colorDark":"#00294f","band":1,"off":[0,1.1]}},{"type":"Feature","geometry":{"type":"Point","coordinates":[21.204558,45.727682]},"properties":{"name":"Piața Veteranilor (Calea Șagului)","band":1,"modes":"bus","arr":["M38","M39","M46"],"off":[0,-0.8]}},{"type":"Feature","geometry":{"type":"Point","coordinates":[21.204558,45.727682]},"properties":{"line":"M38","mode":"bus","color":"#0059a9","colorDark":"#00294f","band":1,"off":[-3.4,1.1]}},{"type":"Feature","geometry":{"type":"Point","coordinates":[21.204558,45.727682]},"properties":{"line":"M39","mode":"bus","color":"#0059a9","colorDark":"#00294f","band":1,"off":[0,1.1]}},{"type":"Feature","geometry":{"type":"Point","coordinates":[21.204558,45.727682]},"properties":{"line":"M46","mode":"bus","color":"#0059a9","colorDark":"#00294f","band":1,"off":[3.4,1.1]}},{"type":"Feature","geometry":{"type":"Point","coordinates":[21.200573,45.722504]},"properties":{"name":"Pod Calea Șagului","band":1,"modes":"bus","arr":["33","E1","E8"],"off":[0,-0.8]}},{"type":"Feature","geometry":{"type":"Point","coordinates":[21.200573,45.722504]},"properties":{"line":"33","mode":"bus","color":"#0059a9","colorDark":"#00294f","band":1,"off":[-3.4,1.1]}},{"type":"Feature","geometry":{"type":"Point","coordinates":[21.200573,45.722504]},"properties":{"line":"E1","mode":"bus","color":"#0059a9","colorDark":"#00294f","band":1,"off":[0,1.1]}},{"type":"Feature","geometry":{"type":"Point","coordinates":[21.200573,45.722504]},"properties":{"line":"E8","mode":"bus","color":"#0059a9","colorDark":"#00294f","band":1,"off":[3.4,1.1]}},{"type":"Feature","geometry":{"type":"Point","coordinates":[21.186962,45.69804]},"properties":{"name":"Incontro","band":1,"modes":"bus","arr":["33b"],"off":[0,-0.8]}},{"type":"Feature","geometry":{"type":"Point","coordinates":[21.186962,45.69804]},"properties":{"line":"33b","mode":"bus","color":"#0059a9","colorDark":"#00294f","band":1,"off":[0,1.1]}},{"type":"Feature","geometry":{"type":"Point","coordinates":[21.245744,45.772974]},"properties":{"name":"Stuparilor","band":1,"modes":"bus","arr":["40"],"off":[0,-0.8]}},{"type":"Feature","geometry":{"type":"Point","coordinates":[21.245744,45.772974]},"properties":{"line":"40","mode":"bus","color":"#0059a9","colorDark":"#00294f","band":1,"off":[0,1.1]}},{"type":"Feature","geometry":{"type":"Point","coordinates":[21.247718,45.779301]},"properties":{"name":"Denya Forest (Constructorilor)","band":1,"modes":"bus","arr":["46"],"off":[0,-0.8]}},{"type":"Feature","geometry":{"type":"Point","coordinates":[21.247718,45.779301]},"properties":{"line":"46","mode":"bus","color":"#0059a9","colorDark":"#00294f","band":1,"off":[0,1.1]}},{"type":"Feature","geometry":{"type":"Point","coordinates":[21.222541,45.790049]},"properties":{"name":"Tristan Tzara","band":1,"modes":"bus","arr":["E1"],"off":[0,-0.8]}},{"type":"Feature","geometry":{"type":"Point","coordinates":[21.222541,45.790049]},"properties":{"line":"E1","mode":"bus","color":"#0059a9","colorDark":"#00294f","band":1,"off":[0,1.1]}},{"type":"Feature","geometry":{"type":"Point","coordinates":[21.265548,45.736201]},"properties":{"name":"Aumovio (Continental)","band":1,"modes":"bus","arr":["E2"],"off":[0,-0.8]}},{"type":"Feature","geometry":{"type":"Point","coordinates":[21.265548,45.736201]},"properties":{"line":"E2","mode":"bus","color":"#0059a9","colorDark":"#00294f","band":1,"off":[0,1.1]}},{"type":"Feature","geometry":{"type":"Point","coordinates":[21.240425,45.774784]},"properties":{"name":"Holdelor","band":1,"modes":"bus","arr":["E2"],"off":[0,-0.8]}},{"type":"Feature","geometry":{"type":"Point","coordinates":[21.240425,45.774784]},"properties":{"line":"E2","mode":"bus","color":"#0059a9","colorDark":"#00294f","band":1,"off":[0,1.1]}},{"type":"Feature","geometry":{"type":"Point","coordinates":[21.23674,45.721188]},"properties":{"name":"Apicultorilor","band":1,"modes":"bus","arr":["E3"],"off":[0,-0.8]}},{"type":"Feature","geometry":{"type":"Point","coordinates":[21.23674,45.721188]},"properties":{"line":"E3","mode":"bus","color":"#0059a9","colorDark":"#00294f","band":1,"off":[0,1.1]}},{"type":"Feature","geometry":{"type":"Point","coordinates":[21.16587,45.72851]},"properties":{"name":"ELBA (Parc ind. Freidorf)","band":1,"modes":"bus","arr":["E3"],"off":[0,-0.8]}},{"type":"Feature","geometry":{"type":"Point","coordinates":[21.16587,45.72851]},"properties":{"line":"E3","mode":"bus","color":"#0059a9","colorDark":"#00294f","band":1,"off":[0,1.1]}},{"type":"Feature","geometry":{"type":"Point","coordinates":[21.321385,45.809228]},"properties":{"name":"Aeroport (Terminal Schengen)","band":1,"modes":"bus","arr":["E4","E4b"],"off":[0,-0.8]}},{"type":"Feature","geometry":{"type":"Point","coordinates":[21.321385,45.809228]},"properties":{"line":"E4","mode":"bus","color":"#0059a9","colorDark":"#00294f","band":1,"off":[-1.7,1.1]}},{"type":"Feature","geometry":{"type":"Point","coordinates":[21.321385,45.809228]},"properties":{"line":"E4b","mode":"bus","color":"#0059a9","colorDark":"#00294f","band":1,"off":[1.7,1.1]}},{"type":"Feature","geometry":{"type":"Point","coordinates":[21.186226,45.793678]},"properties":{"name":"Metro II (Torontalului)","band":1,"modes":"bus","arr":["E6"],"off":[0,-0.8]}},{"type":"Feature","geometry":{"type":"Point","coordinates":[21.186226,45.793678]},"properties":{"line":"E6","mode":"bus","color":"#0059a9","colorDark":"#00294f","band":1,"off":[0,1.1]}},{"type":"Feature","geometry":{"type":"Point","coordinates":[21.148952,45.718811]},"properties":{"name":"Comtim (Smithfield)","band":1,"modes":"bus","arr":["E7"],"off":[0,-0.8]}},{"type":"Feature","geometry":{"type":"Point","coordinates":[21.148952,45.718811]},"properties":{"line":"E7","mode":"bus","color":"#0059a9","colorDark":"#00294f","band":1,"off":[0,1.1]}},{"type":"Feature","geometry":{"type":"Point","coordinates":[21.276242,45.754058]},"properties":{"name":"Albăstrelelor","band":1,"modes":"bus","arr":["E8"],"off":[0,-0.8]}},{"type":"Feature","geometry":{"type":"Point","coordinates":[21.276242,45.754058]},"properties":{"line":"E8","mode":"bus","color":"#0059a9","colorDark":"#00294f","band":1,"off":[0,1.1]}},{"type":"Feature","geometry":{"type":"Point","coordinates":[21.304082,45.766204]},"properties":{"name":"Ialomiței (Ghiroda)","band":1,"modes":"bus","arr":["M11"],"off":[0,-0.8]}},{"type":"Feature","geometry":{"type":"Point","coordinates":[21.304082,45.766204]},"properties":{"line":"M11","mode":"bus","color":"#149a3f","colorDark":"#0a5121","band":1,"off":[0,1.1]}},{"type":"Feature","geometry":{"type":"Point","coordinates":[21.261913,45.812876]},"properties":{"name":"Belvedere (Dumbrăvița)","band":1,"modes":"bus","arr":["M14"],"off":[0,-0.8]}},{"type":"Feature","geometry":{"type":"Point","coordinates":[21.261913,45.812876]},"properties":{"line":"M14","mode":"bus","color":"#149a3f","colorDark":"#0a5121","band":1,"off":[0,1.1]}},{"type":"Feature","geometry":{"type":"Point","coordinates":[21.330518,45.738204]},"properties":{"name":"Tineret (Moșnița Veche)","band":1,"modes":"bus","arr":["M22"],"off":[0,-0.8]}},{"type":"Feature","geometry":{"type":"Point","coordinates":[21.330518,45.738204]},"properties":{"line":"M22","mode":"bus","color":"#0059a9","colorDark":"#00294f","band":1,"off":[0,1.1]}},{"type":"Feature","geometry":{"type":"Point","coordinates":[21.291125,45.698843]},"properties":{"name":"Cebza (Urseni)","band":1,"modes":"bus","arr":["M23"],"off":[0,-0.8]}},{"type":"Feature","geometry":{"type":"Point","coordinates":[21.291125,45.698843]},"properties":{"line":"M23","mode":"bus","color":"#0059a9","colorDark":"#00294f","band":1,"off":[0,1.1]}},{"type":"Feature","geometry":{"type":"Point","coordinates":[21.37305,45.714425]},"properties":{"name":"Căminul Cultural (Albina)","band":1,"modes":"bus","arr":["M24"],"off":[0,-0.8]}},{"type":"Feature","geometry":{"type":"Point","coordinates":[21.37305,45.714425]},"properties":{"line":"M24","mode":"bus","color":"#0059a9","colorDark":"#00294f","band":1,"off":[0,1.1]}},{"type":"Feature","geometry":{"type":"Point","coordinates":[21.421147,45.84512]},"properties":{"name":"Teren de sport (Ianova)","band":1,"modes":"bus","arr":["M27"],"off":[0,-0.8]}},{"type":"Feature","geometry":{"type":"Point","coordinates":[21.421147,45.84512]},"properties":{"line":"M27","mode":"bus","color":"#0059a9","colorDark":"#00294f","band":1,"off":[0,1.1]}},{"type":"Feature","geometry":{"type":"Point","coordinates":[21.306071,45.762213]},"properties":{"name":"Girație Pod Bega (Ghiroda)","band":1,"modes":"bus","arr":["M29","M30"],"off":[0,-0.8]}},{"type":"Feature","geometry":{"type":"Point","coordinates":[21.306071,45.762213]},"properties":{"line":"M29","mode":"bus","color":"#0059a9","colorDark":"#00294f","band":1,"off":[-1.7,1.1]}},{"type":"Feature","geometry":{"type":"Point","coordinates":[21.306071,45.762213]},"properties":{"line":"M30","mode":"bus","color":"#0059a9","colorDark":"#00294f","band":1,"off":[1.7,1.1]}},{"type":"Feature","geometry":{"type":"Point","coordinates":[21.306392,45.798105]},"properties":{"name":"Cimitir (Giarmata Vii)","band":1,"modes":"bus","arr":["M35"],"off":[0,-0.8]}},{"type":"Feature","geometry":{"type":"Point","coordinates":[21.306392,45.798105]},"properties":{"line":"M35","mode":"bus","color":"#0059a9","colorDark":"#00294f","band":1,"off":[0,1.1]}},{"type":"Feature","geometry":{"type":"Point","coordinates":[21.021691,45.710609]},"properties":{"name":"Ieșire Răuți (Sânmihaiul German)","band":1,"modes":"bus","arr":["M36"],"off":[0,-0.8]}},{"type":"Feature","geometry":{"type":"Point","coordinates":[21.021691,45.710609]},"properties":{"line":"M36","mode":"bus","color":"#0059a9","colorDark":"#00294f","band":1,"off":[0,1.1]}},{"type":"Feature","geometry":{"type":"Point","coordinates":[21.142576,45.624651]},"properties":{"name":"Drumul Mare (Parța)","band":1,"modes":"bus","arr":["M37"],"off":[0,-0.8]}},{"type":"Feature","geometry":{"type":"Point","coordinates":[21.142576,45.624651]},"properties":{"line":"M37","mode":"bus","color":"#0059a9","colorDark":"#00294f","band":1,"off":[0,1.1]}},{"type":"Feature","geometry":{"type":"Point","coordinates":[21.22165,45.553238]},"properties":{"name":"Capăt (Jebel)","band":1,"modes":"bus","arr":["M38"],"off":[0,-0.8]}},{"type":"Feature","geometry":{"type":"Point","coordinates":[21.22165,45.553238]},"properties":{"line":"M38","mode":"bus","color":"#0059a9","colorDark":"#00294f","band":1,"off":[0,1.1]}},{"type":"Feature","geometry":{"type":"Point","coordinates":[20.882239,45.472054]},"properties":{"name":"Capăt (Cruceni)","band":1,"modes":"bus","arr":["M39"],"off":[0,-0.8]}},{"type":"Feature","geometry":{"type":"Point","coordinates":[20.882239,45.472054]},"properties":{"line":"M39","mode":"bus","color":"#0059a9","colorDark":"#00294f","band":1,"off":[0,1.1]}},{"type":"Feature","geometry":{"type":"Point","coordinates":[21.155115,45.911991]},"properties":{"name":"Darson (Carani)","band":1,"modes":"bus","arr":["M41"],"off":[0,-0.8]}},{"type":"Feature","geometry":{"type":"Point","coordinates":[21.155115,45.911991]},"properties":{"line":"M41","mode":"bus","color":"#0059a9","colorDark":"#00294f","band":1,"off":[0,1.1]}},{"type":"Feature","geometry":{"type":"Point","coordinates":[21.23839,45.755689]},"properties":{"name":"Prefectura","band":1,"modes":"bus","arr":["M50"],"off":[0,-0.8]}},{"type":"Feature","geometry":{"type":"Point","coordinates":[21.23839,45.755689]},"properties":{"line":"M50","mode":"bus","color":"#0059a9","colorDark":"#00294f","band":1,"off":[0,1.1]}},{"type":"Feature","geometry":{"type":"Point","coordinates":[21.230357,45.834164]},"properties":{"name":"Grădiniță (Covaci)","band":1,"modes":"bus","arr":["M42"],"off":[0,-0.8]}},{"type":"Feature","geometry":{"type":"Point","coordinates":[21.230357,45.834164]},"properties":{"line":"M42","mode":"bus","color":"#0059a9","colorDark":"#00294f","band":1,"off":[0,1.1]}},{"type":"Feature","geometry":{"type":"Point","coordinates":[20.9669,45.748784]},"properties":{"name":"Capăt (Beregsăul Mic)","band":1,"modes":"bus","arr":["M43"],"off":[0,-0.8]}},{"type":"Feature","geometry":{"type":"Point","coordinates":[20.9669,45.748784]},"properties":{"line":"M43","mode":"bus","color":"#0059a9","colorDark":"#00294f","band":1,"off":[0,1.1]}},{"type":"Feature","geometry":{"type":"Point","coordinates":[21.056476,45.835711]},"properties":{"name":"Calea Dudeștii Noi (Becicherecul Mic)","band":1,"modes":"bus","arr":["M44"],"off":[0,-0.8]}},{"type":"Feature","geometry":{"type":"Point","coordinates":[21.056476,45.835711]},"properties":{"line":"M44","mode":"bus","color":"#0059a9","colorDark":"#00294f","band":1,"off":[0,1.1]}},{"type":"Feature","geometry":{"type":"Point","coordinates":[21.246865,45.802785]},"properties":{"name":"Parcul Central (Dumbrăvița)","band":1,"modes":"bus","arr":["M45"],"off":[0,-0.8]}},{"type":"Feature","geometry":{"type":"Point","coordinates":[21.246865,45.802785]},"properties":{"line":"M45","mode":"bus","color":"#0059a9","colorDark":"#00294f","band":1,"off":[0,1.1]}},{"type":"Feature","geometry":{"type":"Point","coordinates":[21.153385,45.649334]},"properties":{"name":"Intersecție str. a IV a cu str. a CXI a (Șag)","band":1,"modes":"bus","arr":["M46"],"off":[0,-0.8]}},{"type":"Feature","geometry":{"type":"Point","coordinates":[21.153385,45.649334]},"properties":{"line":"M46","mode":"bus","color":"#0059a9","colorDark":"#00294f","band":1,"off":[0,1.1]}},{"type":"Feature","geometry":{"type":"Point","coordinates":[21.08402,45.902709]},"properties":{"name":"Centru (Hodoni)","band":1,"modes":"bus","arr":["M47"],"off":[0,-0.8]}},{"type":"Feature","geometry":{"type":"Point","coordinates":[21.08402,45.902709]},"properties":{"line":"M47","mode":"bus","color":"#0059a9","colorDark":"#00294f","band":1,"off":[0,1.1]}},{"type":"Feature","geometry":{"type":"Point","coordinates":[21.319577,45.977019]},"properties":{"name":"Căminul Cultural (Seceani)","band":1,"modes":"bus","arr":["M48"],"off":[0,-0.8]}},{"type":"Feature","geometry":{"type":"Point","coordinates":[21.319577,45.977019]},"properties":{"line":"M48","mode":"bus","color":"#0059a9","colorDark":"#00294f","band":1,"off":[0,1.1]}},{"type":"Feature","geometry":{"type":"Point","coordinates":[21.31986,45.848492]},"properties":{"name":"Girație Calea Bencecului (Giarmata)","band":1,"modes":"bus","arr":["M49"],"off":[0,-0.8]}},{"type":"Feature","geometry":{"type":"Point","coordinates":[21.31986,45.848492]},"properties":{"line":"M49","mode":"bus","color":"#0059a9","colorDark":"#00294f","band":1,"off":[0,1.1]}},{"type":"Feature","geometry":{"type":"Point","coordinates":[20.860508,45.912061]},"properties":{"name":"Biserica Romano Catolică (Uihei)","band":1,"modes":"bus","arr":["M50"],"off":[0,-0.8]}},{"type":"Feature","geometry":{"type":"Point","coordinates":[20.860508,45.912061]},"properties":{"line":"M50","mode":"bus","color":"#0059a9","colorDark":"#00294f","band":1,"off":[0,1.1]}},{"type":"Feature","geometry":{"type":"Point","coordinates":[21.218099,45.597637]},"properties":{"name":"Primărie (Pădureni)","band":1,"modes":"bus","arr":["M51"],"off":[0,-0.8]}},{"type":"Feature","geometry":{"type":"Point","coordinates":[21.218099,45.597637]},"properties":{"line":"M51","mode":"bus","color":"#0059a9","colorDark":"#00294f","band":1,"off":[0,1.1]}},{"type":"Feature","geometry":{"type":"Point","coordinates":[21.202339,45.726003]},"properties":{"name":"Shopping City","band":1,"modes":"tram","arr":["2"],"off":[0,-0.8]}},{"type":"Feature","geometry":{"type":"Point","coordinates":[21.202339,45.726003]},"properties":{"line":"2","mode":"tram","color":"#d6212b","colorDark":"#7c1116","band":1,"off":[0,1.1]}},{"type":"Feature","geometry":{"type":"Point","coordinates":[21.219712,45.769241]},"properties":{"name":"Calea Torontalului (Ciocanul)","band":1,"modes":"tram","arr":["2","4","7"],"off":[0,-0.8]}},{"type":"Feature","geometry":{"type":"Point","coordinates":[21.219712,45.769241]},"properties":{"line":"2","mode":"tram","color":"#d6212b","colorDark":"#7c1116","band":1,"off":[-3.4,1.1]}},{"type":"Feature","geometry":{"type":"Point","coordinates":[21.219712,45.769241]},"properties":{"line":"4","mode":"tram","color":"#d6212b","colorDark":"#7c1116","band":1,"off":[0,1.1]}},{"type":"Feature","geometry":{"type":"Point","coordinates":[21.219712,45.769241]},"properties":{"line":"7","mode":"tram","color":"#d6212b","colorDark":"#7c1116","band":1,"off":[3.4,1.1]}},{"type":"Feature","geometry":{"type":"Point","coordinates":[21.258882,45.732657]},"properties":{"name":"AEM (Dräxlmaier)","band":1,"modes":"tram","arr":["4","8"],"off":[0,-0.8]}},{"type":"Feature","geometry":{"type":"Point","coordinates":[21.258882,45.732657]},"properties":{"line":"4","mode":"tram","color":"#d6212b","colorDark":"#7c1116","band":1,"off":[-1.7,1.1]}},{"type":"Feature","geometry":{"type":"Point","coordinates":[21.258882,45.732657]},"properties":{"line":"8","mode":"tram","color":"#d6212b","colorDark":"#7c1116","band":1,"off":[1.7,1.1]}},{"type":"Feature","geometry":{"type":"Point","coordinates":[21.196014,45.739692]},"properties":{"name":"Dâmbovița","band":1,"modes":"tram","arr":["7"],"off":[0,-0.8]}},{"type":"Feature","geometry":{"type":"Point","coordinates":[21.196014,45.739692]},"properties":{"line":"7","mode":"tram","color":"#d6212b","colorDark":"#7c1116","band":1,"off":[0,1.1]}},{"type":"Feature","geometry":{"type":"Point","coordinates":[21.198671,45.754234]},"properties":{"name":"Bârzava","band":2,"modes":"bus","arr":["5b"],"off":[0,-0.8]}},{"type":"Feature","geometry":{"type":"Point","coordinates":[21.198671,45.754234]},"properties":{"line":"5b","mode":"bus","color":"#0059a9","colorDark":"#00294f","band":2,"off":[0,1.1]}},{"type":"Feature","geometry":{"type":"Point","coordinates":[21.210907,45.744901]},"properties":{"name":"Bd. Regele Carol I","band":2,"modes":"bus","arr":["5b"],"off":[0,-0.8]}},{"type":"Feature","geometry":{"type":"Point","coordinates":[21.210907,45.744901]},"properties":{"line":"5b","mode":"bus","color":"#0059a9","colorDark":"#00294f","band":2,"off":[0,1.1]}},{"type":"Feature","geometry":{"type":"Point","coordinates":[21.189842,45.750871]},"properties":{"name":"Ronaț (Bogdăneștilor)","band":2,"modes":"bus","arr":["5c"],"off":[0,-0.8]}},{"type":"Feature","geometry":{"type":"Point","coordinates":[21.189842,45.750871]},"properties":{"line":"5c","mode":"bus","color":"#0059a9","colorDark":"#00294f","band":2,"off":[0,1.1]}},{"type":"Feature","geometry":{"type":"Point","coordinates":[21.24465,45.766321]},"properties":{"name":"Gara de Est","band":2,"modes":"bus","arr":["5c","23"],"off":[0,-0.8]}},{"type":"Feature","geometry":{"type":"Point","coordinates":[21.24465,45.766321]},"properties":{"line":"5c","mode":"bus","color":"#0059a9","colorDark":"#00294f","band":2,"off":[-1.7,1.1]}},{"type":"Feature","geometry":{"type":"Point","coordinates":[21.24465,45.766321]},"properties":{"line":"23","mode":"bus","color":"#0059a9","colorDark":"#00294f","band":2,"off":[1.7,1.1]}},{"type":"Feature","geometry":{"type":"Point","coordinates":[21.199718,45.749078]},"properties":{"name":"Gheorghe Barițiu","band":2,"modes":"bus","arr":["11","14","18","E4b","M11","M14"],"off":[0,-0.8]}},{"type":"Feature","geometry":{"type":"Point","coordinates":[21.199718,45.749078]},"properties":{"line":"11","mode":"bus","color":"#149a3f","colorDark":"#0a5121","band":2,"off":[-6.8,1.1]}},{"type":"Feature","geometry":{"type":"Point","coordinates":[21.199718,45.749078]},"properties":{"line":"14","mode":"bus","color":"#149a3f","colorDark":"#0a5121","band":2,"off":[-3.4,1.1]}},{"type":"Feature","geometry":{"type":"Point","coordinates":[21.199718,45.749078]},"properties":{"line":"18","mode":"bus","color":"#149a3f","colorDark":"#0a5121","band":2,"off":[0,1.1]}},{"type":"Feature","geometry":{"type":"Point","coordinates":[21.199718,45.749078]},"properties":{"line":"E4b","mode":"bus","color":"#0059a9","colorDark":"#00294f","band":2,"off":[3.4,1.1]}},{"type":"Feature","geometry":{"type":"Point","coordinates":[21.199718,45.749078]},"properties":{"line":"M11","mode":"bus","color":"#149a3f","colorDark":"#0a5121","band":2,"off":[6.8,1.1]}},{"type":"Feature","geometry":{"type":"Point","coordinates":[21.199718,45.749078]},"properties":{"line":"M14","mode":"bus","color":"#149a3f","colorDark":"#0a5121","band":2,"off":[0,3.1]}},{"type":"Feature","geometry":{"type":"Point","coordinates":[21.224786,45.756589]},"properties":{"name":"Piața Timișoara 700 (Spitalul Militar)","band":2,"modes":"bus","arr":["13"],"off":[0,-0.8]}},{"type":"Feature","geometry":{"type":"Point","coordinates":[21.224786,45.756589]},"properties":{"line":"13","mode":"bus","color":"#0059a9","colorDark":"#00294f","band":2,"off":[0,1.1]}},{"type":"Feature","geometry":{"type":"Point","coordinates":[21.232956,45.758226]},"properties":{"name":"Oituz (Punctele cardinale)","band":2,"modes":"bus","arr":["28","46","E4","E6","M30","M35","M41","M43","M45","M47","M49"],"off":[0,-0.8]}},{"type":"Feature","geometry":{"type":"Point","coordinates":[21.232956,45.758226]},"properties":{"name":"Bastionul Maria Tereza (Take Ionescu)","band":2,"modes":"bus","arr":["28","46","E4","E6","M30","M35","M41","M43","M45","M47","M49"],"off":[0,-3]}},{"type":"Feature","geometry":{"type":"Point","coordinates":[21.232956,45.758226]},"properties":{"name":"Bastion (Piața Ionel I. C. Brătianu)","band":2,"modes":"bus","arr":["28","46","E4","E6","M30","M35","M41","M43","M45","M47","M49"],"off":[0,-6.3]}},{"type":"Feature","geometry":{"type":"Point","coordinates":[21.232956,45.758226]},"properties":{"line":"28","mode":"bus","color":"#0059a9","colorDark":"#00294f","band":2,"off":[-6.8,1.1]}},{"type":"Feature","geometry":{"type":"Point","coordinates":[21.232956,45.758226]},"properties":{"line":"46","mode":"bus","color":"#0059a9","colorDark":"#00294f","band":2,"off":[-3.4,1.1]}},{"type":"Feature","geometry":{"type":"Point","coordinates":[21.232956,45.758226]},"properties":{"line":"E4","mode":"bus","color":"#0059a9","colorDark":"#00294f","band":2,"off":[0,1.1]}},{"type":"Feature","geometry":{"type":"Point","coordinates":[21.232956,45.758226]},"properties":{"line":"E6","mode":"bus","color":"#0059a9","colorDark":"#00294f","band":2,"off":[3.4,1.1]}},{"type":"Feature","geometry":{"type":"Point","coordinates":[21.232956,45.758226]},"properties":{"line":"M30","mode":"bus","color":"#0059a9","colorDark":"#00294f","band":2,"off":[6.8,1.1]}},{"type":"Feature","geometry":{"type":"Point","coordinates":[21.232956,45.758226]},"properties":{"line":"M35","mode":"bus","color":"#0059a9","colorDark":"#00294f","band":2,"off":[-6.8,3.1]}},{"type":"Feature","geometry":{"type":"Point","coordinates":[21.232956,45.758226]},"properties":{"line":"M41","mode":"bus","color":"#0059a9","colorDark":"#00294f","band":2,"off":[-3.4,3.1]}},{"type":"Feature","geometry":{"type":"Point","coordinates":[21.232956,45.758226]},"properties":{"line":"M43","mode":"bus","color":"#0059a9","colorDark":"#00294f","band":2,"off":[0,3.1]}},{"type":"Feature","geometry":{"type":"Point","coordinates":[21.232956,45.758226]},"properties":{"line":"M45","mode":"bus","color":"#0059a9","colorDark":"#00294f","band":2,"off":[3.4,3.1]}},{"type":"Feature","geometry":{"type":"Point","coordinates":[21.232956,45.758226]},"properties":{"line":"M47","mode":"bus","color":"#0059a9","colorDark":"#00294f","band":2,"off":[6.8,3.1]}},{"type":"Feature","geometry":{"type":"Point","coordinates":[21.232956,45.758226]},"properties":{"line":"M49","mode":"bus","color":"#0059a9","colorDark":"#00294f","band":2,"off":[0,5.1]}},{"type":"Feature","geometry":{"type":"Point","coordinates":[21.261149,45.765718]},"properties":{"name":"Piața V. Economu (Calea Dorobanților)","band":2,"modes":"bus","arr":["M29"],"off":[0,-0.8]}},{"type":"Feature","geometry":{"type":"Point","coordinates":[21.261149,45.765718]},"properties":{"line":"M29","mode":"bus","color":"#0059a9","colorDark":"#00294f","band":2,"off":[0,1.1]}},{"type":"Feature","geometry":{"type":"Point","coordinates":[21.269358,45.769503]},"properties":{"name":"Arena Aqua (Ștrandul Tineretului)","band":2,"modes":"bus","arr":["11","17"],"off":[0,-0.8]}},{"type":"Feature","geometry":{"type":"Point","coordinates":[21.269358,45.769503]},"properties":{"name":"Arena Aqua (Bucla)","band":2,"modes":"bus","arr":["11","17"],"off":[0,-3]}},{"type":"Feature","geometry":{"type":"Point","coordinates":[21.269358,45.769503]},"properties":{"line":"11","mode":"bus","color":"#149a3f","colorDark":"#0a5121","band":2,"off":[-1.7,1.1]}},{"type":"Feature","geometry":{"type":"Point","coordinates":[21.269358,45.769503]},"properties":{"line":"17","mode":"bus","color":"#149a3f","colorDark":"#0a5121","band":2,"off":[1.7,1.1]}},{"type":"Feature","geometry":{"type":"Point","coordinates":[21.181345,45.763647]},"properties":{"name":"Pasaj C.F. (Ovidiu Balea)","band":2,"modes":"bus","arr":["13"],"off":[0,-0.8]}},{"type":"Feature","geometry":{"type":"Point","coordinates":[21.181345,45.763647]},"properties":{"line":"13","mode":"bus","color":"#0059a9","colorDark":"#00294f","band":2,"off":[0,1.1]}},{"type":"Feature","geometry":{"type":"Point","coordinates":[21.234705,45.779926]},"properties":{"name":"Ion Ionescu de la Brad","band":2,"modes":"bus","arr":["14"],"off":[0,-0.8]}},{"type":"Feature","geometry":{"type":"Point","coordinates":[21.234705,45.779926]},"properties":{"line":"14","mode":"bus","color":"#149a3f","colorDark":"#0a5121","band":2,"off":[0,1.1]}},{"type":"Feature","geometry":{"type":"Point","coordinates":[21.247427,45.731961]},"properties":{"name":"Girație Bulevardul Sudului","band":2,"modes":"bus","arr":["15","16"],"off":[0,-0.8]}},{"type":"Feature","geometry":{"type":"Point","coordinates":[21.247427,45.731961]},"properties":{"line":"15","mode":"bus","color":"#149a3f","colorDark":"#0a5121","band":2,"off":[-1.7,1.1]}},{"type":"Feature","geometry":{"type":"Point","coordinates":[21.247427,45.731961]},"properties":{"line":"16","mode":"bus","color":"#149a3f","colorDark":"#0a5121","band":2,"off":[1.7,1.1]}},{"type":"Feature","geometry":{"type":"Point","coordinates":[21.234801,45.755612]},"properties":{"name":"Traian Grozăvescu (Poșta Mare)","band":2,"modes":"bus","arr":["15","16","21","40","E7","M44","M50"],"off":[0,-0.8]}},{"type":"Feature","geometry":{"type":"Point","coordinates":[21.234801,45.755612]},"properties":{"name":"Prefectura","band":2,"modes":"bus","arr":["15","16","21","40","E7","M44","M50"],"off":[0,-3]}},{"type":"Feature","geometry":{"type":"Point","coordinates":[21.234801,45.755612]},"properties":{"name":"Hector (Bastion)","band":2,"modes":"bus","arr":["15","16","21","40","E7","M44","M50"],"off":[0,-4.1]}},{"type":"Feature","geometry":{"type":"Point","coordinates":[21.234801,45.755612]},"properties":{"line":"15","mode":"bus","color":"#149a3f","colorDark":"#0a5121","band":2,"off":[-6.8,1.1]}},{"type":"Feature","geometry":{"type":"Point","coordinates":[21.234801,45.755612]},"properties":{"line":"16","mode":"bus","color":"#149a3f","colorDark":"#0a5121","band":2,"off":[-3.4,1.1]}},{"type":"Feature","geometry":{"type":"Point","coordinates":[21.234801,45.755612]},"properties":{"line":"21","mode":"bus","color":"#0059a9","colorDark":"#00294f","band":2,"off":[0,1.1]}},{"type":"Feature","geometry":{"type":"Point","coordinates":[21.234801,45.755612]},"properties":{"line":"40","mode":"bus","color":"#0059a9","colorDark":"#00294f","band":2,"off":[3.4,1.1]}},{"type":"Feature","geometry":{"type":"Point","coordinates":[21.234801,45.755612]},"properties":{"line":"E7","mode":"bus","color":"#0059a9","colorDark":"#00294f","band":2,"off":[6.8,1.1]}},{"type":"Feature","geometry":{"type":"Point","coordinates":[21.234801,45.755612]},"properties":{"line":"M44","mode":"bus","color":"#0059a9","colorDark":"#00294f","band":2,"off":[-1.7,3.1]}},{"type":"Feature","geometry":{"type":"Point","coordinates":[21.234801,45.755612]},"properties":{"line":"M50","mode":"bus","color":"#0059a9","colorDark":"#00294f","band":2,"off":[1.7,3.1]}},{"type":"Feature","geometry":{"type":"Point","coordinates":[21.218887,45.783475]},"properties":{"name":"Universitatea de Științele Vieții","band":2,"modes":"bus","arr":["17","18"],"off":[0,-0.8]}},{"type":"Feature","geometry":{"type":"Point","coordinates":[21.218887,45.783475]},"properties":{"line":"17","mode":"bus","color":"#149a3f","colorDark":"#0a5121","band":2,"off":[-1.7,1.1]}},{"type":"Feature","geometry":{"type":"Point","coordinates":[21.218887,45.783475]},"properties":{"line":"18","mode":"bus","color":"#149a3f","colorDark":"#0a5121","band":2,"off":[1.7,1.1]}},{"type":"Feature","geometry":{"type":"Point","coordinates":[21.228971,45.759442]},"properties":{"name":"Piața Mărăști (Oituz)","band":2,"modes":"bus","arr":["M27"],"off":[0,-0.8]}},{"type":"Feature","geometry":{"type":"Point","coordinates":[21.228971,45.759442]},"properties":{"line":"M27","mode":"bus","color":"#0059a9","colorDark":"#00294f","band":2,"off":[0,1.1]}},{"type":"Feature","geometry":{"type":"Point","coordinates":[21.279772,45.750058]},"properties":{"name":"Școala Generală Plopi","band":2,"modes":"bus","arr":["21"],"off":[0,-0.8]}},{"type":"Feature","geometry":{"type":"Point","coordinates":[21.279772,45.750058]},"properties":{"line":"21","mode":"bus","color":"#0059a9","colorDark":"#00294f","band":2,"off":[0,1.1]}},{"type":"Feature","geometry":{"type":"Point","coordinates":[21.253479,45.747921]},"properties":{"name":"Banatim (Garaj STPT)","band":2,"modes":"bus","arr":["23","M42","M48"],"off":[0,-0.8]}},{"type":"Feature","geometry":{"type":"Point","coordinates":[21.253479,45.747921]},"properties":{"line":"23","mode":"bus","color":"#0059a9","colorDark":"#00294f","band":2,"off":[-3.4,1.1]}},{"type":"Feature","geometry":{"type":"Point","coordinates":[21.253479,45.747921]},"properties":{"line":"M42","mode":"bus","color":"#0059a9","colorDark":"#00294f","band":2,"off":[0,1.1]}},{"type":"Feature","geometry":{"type":"Point","coordinates":[21.253479,45.747921]},"properties":{"line":"M48","mode":"bus","color":"#0059a9","colorDark":"#00294f","band":2,"off":[3.4,1.1]}},{"type":"Feature","geometry":{"type":"Point","coordinates":[21.283241,45.725797]},"properties":{"name":"Hornbach (Buziașului)","band":2,"modes":"bus","arr":["24"],"off":[0,-0.8]}},{"type":"Feature","geometry":{"type":"Point","coordinates":[21.283241,45.725797]},"properties":{"line":"24","mode":"bus","color":"#0059a9","colorDark":"#00294f","band":2,"off":[0,1.1]}},{"type":"Feature","geometry":{"type":"Point","coordinates":[21.259709,45.732264]},"properties":{"name":"Piața Gheorghe Domășneanu (Liviu Rebreanu - AEM)","band":2,"modes":"tram,bus","arr":["1","9","M22","M24"],"off":[0,-0.8]}},{"type":"Feature","geometry":{"type":"Point","coordinates":[21.259709,45.732264]},"properties":{"name":"Piața Gheorghe Domășneanu (Auchan)","band":2,"modes":"tram,bus","arr":["1","9","M22","M24"],"off":[0,-4.1]}},{"type":"Feature","geometry":{"type":"Point","coordinates":[21.259709,45.732264]},"properties":{"name":"Electrotimiș (Calea Buziașului)","band":2,"modes":"tram,bus","arr":["1","9","M22","M24"],"off":[0,-6.3]}},{"type":"Feature","geometry":{"type":"Point","coordinates":[21.259709,45.732264]},"properties":{"line":"1","mode":"tram","color":"#d6212b","colorDark":"#7c1116","band":2,"off":[-5.1,1.1]}},{"type":"Feature","geometry":{"type":"Point","coordinates":[21.259709,45.732264]},"properties":{"line":"9","mode":"tram","color":"#d6212b","colorDark":"#7c1116","band":2,"off":[-1.7,1.1]}},{"type":"Feature","geometry":{"type":"Point","coordinates":[21.259709,45.732264]},"properties":{"line":"M22","mode":"bus","color":"#0059a9","colorDark":"#00294f","band":2,"off":[1.7,1.1]}},{"type":"Feature","geometry":{"type":"Point","coordinates":[21.259709,45.732264]},"properties":{"line":"M24","mode":"bus","color":"#0059a9","colorDark":"#00294f","band":2,"off":[5.1,1.1]}},{"type":"Feature","geometry":{"type":"Point","coordinates":[21.272235,45.715706]},"properties":{"name":"Intrare Rudicica","band":2,"modes":"bus","arr":["24"],"off":[0,-0.8]}},{"type":"Feature","geometry":{"type":"Point","coordinates":[21.272235,45.715706]},"properties":{"line":"24","mode":"bus","color":"#0059a9","colorDark":"#00294f","band":2,"off":[0,1.1]}},{"type":"Feature","geometry":{"type":"Point","coordinates":[21.276951,45.759893]},"properties":{"name":"Țițeica","band":2,"modes":"bus","arr":["28"],"off":[0,-0.8]}},{"type":"Feature","geometry":{"type":"Point","coordinates":[21.276951,45.759893]},"properties":{"line":"28","mode":"bus","color":"#0059a9","colorDark":"#00294f","band":2,"off":[0,1.1]}},{"type":"Feature","geometry":{"type":"Point","coordinates":[21.225073,45.750878]},"properties":{"name":"Catedrala Mitropolitană","band":2,"modes":"bus","arr":["32","33","33b"],"off":[0,-0.8]}},{"type":"Feature","geometry":{"type":"Point","coordinates":[21.225073,45.750878]},"properties":{"line":"32","mode":"bus","color":"#0059a9","colorDark":"#00294f","band":2,"off":[-3.4,1.1]}},{"type":"Feature","geometry":{"type":"Point","coordinates":[21.225073,45.750878]},"properties":{"line":"33","mode":"bus","color":"#0059a9","colorDark":"#00294f","band":2,"off":[0,1.1]}},{"type":"Feature","geometry":{"type":"Point","coordinates":[21.225073,45.750878]},"properties":{"line":"33b","mode":"bus","color":"#0059a9","colorDark":"#00294f","band":2,"off":[3.4,1.1]}},{"type":"Feature","geometry":{"type":"Point","coordinates":[21.215641,45.745901]},"properties":{"name":"Piața A. Mocioni (Sinaia - 16 Decembrie 1989)","band":2,"modes":"bus","arr":["M36","M37","M51"],"off":[0,-0.8]}},{"type":"Feature","geometry":{"type":"Point","coordinates":[21.215641,45.745901]},"properties":{"name":"Piața A. Mocioni (16 Decembrie 1989 - Sinaia)","band":2,"modes":"bus","arr":["M36","M37","M51"],"off":[0,-4.1]}},{"type":"Feature","geometry":{"type":"Point","coordinates":[21.215641,45.745901]},"properties":{"line":"M36","mode":"bus","color":"#0059a9","colorDark":"#00294f","band":2,"off":[-3.4,1.1]}},{"type":"Feature","geometry":{"type":"Point","coordinates":[21.215641,45.745901]},"properties":{"line":"M37","mode":"bus","color":"#0059a9","colorDark":"#00294f","band":2,"off":[0,1.1]}},{"type":"Feature","geometry":{"type":"Point","coordinates":[21.215641,45.745901]},"properties":{"line":"M51","mode":"bus","color":"#0059a9","colorDark":"#00294f","band":2,"off":[3.4,1.1]}},{"type":"Feature","geometry":{"type":"Point","coordinates":[21.202991,45.716363]},"properties":{"name":"Gara de Sud","band":2,"modes":"bus","arr":["32"],"off":[0,-0.8]}},{"type":"Feature","geometry":{"type":"Point","coordinates":[21.202991,45.716363]},"properties":{"line":"32","mode":"bus","color":"#0059a9","colorDark":"#00294f","band":2,"off":[0,1.1]}},{"type":"Feature","geometry":{"type":"Point","coordinates":[21.204558,45.727682]},"properties":{"name":"Piața Veteranilor (Calea Șagului)","band":2,"modes":"bus","arr":["M38","M39","M46"],"off":[0,-0.8]}},{"type":"Feature","geometry":{"type":"Point","coordinates":[21.204558,45.727682]},"properties":{"line":"M38","mode":"bus","color":"#0059a9","colorDark":"#00294f","band":2,"off":[-3.4,1.1]}},{"type":"Feature","geometry":{"type":"Point","coordinates":[21.204558,45.727682]},"properties":{"line":"M39","mode":"bus","color":"#0059a9","colorDark":"#00294f","band":2,"off":[0,1.1]}},{"type":"Feature","geometry":{"type":"Point","coordinates":[21.204558,45.727682]},"properties":{"line":"M46","mode":"bus","color":"#0059a9","colorDark":"#00294f","band":2,"off":[3.4,1.1]}},{"type":"Feature","geometry":{"type":"Point","coordinates":[21.200573,45.722504]},"properties":{"name":"Pod Calea Șagului","band":2,"modes":"bus","arr":["33","E1","E8"],"off":[0,-0.8]}},{"type":"Feature","geometry":{"type":"Point","coordinates":[21.200573,45.722504]},"properties":{"line":"33","mode":"bus","color":"#0059a9","colorDark":"#00294f","band":2,"off":[-3.4,1.1]}},{"type":"Feature","geometry":{"type":"Point","coordinates":[21.200573,45.722504]},"properties":{"line":"E1","mode":"bus","color":"#0059a9","colorDark":"#00294f","band":2,"off":[0,1.1]}},{"type":"Feature","geometry":{"type":"Point","coordinates":[21.200573,45.722504]},"properties":{"line":"E8","mode":"bus","color":"#0059a9","colorDark":"#00294f","band":2,"off":[3.4,1.1]}},{"type":"Feature","geometry":{"type":"Point","coordinates":[21.186962,45.69804]},"properties":{"name":"Incontro","band":2,"modes":"bus","arr":["33b"],"off":[0,-0.8]}},{"type":"Feature","geometry":{"type":"Point","coordinates":[21.186962,45.69804]},"properties":{"line":"33b","mode":"bus","color":"#0059a9","colorDark":"#00294f","band":2,"off":[0,1.1]}},{"type":"Feature","geometry":{"type":"Point","coordinates":[21.245744,45.772974]},"properties":{"name":"Stuparilor","band":2,"modes":"bus","arr":["40"],"off":[0,-0.8]}},{"type":"Feature","geometry":{"type":"Point","coordinates":[21.245744,45.772974]},"properties":{"line":"40","mode":"bus","color":"#0059a9","colorDark":"#00294f","band":2,"off":[0,1.1]}},{"type":"Feature","geometry":{"type":"Point","coordinates":[21.247718,45.779301]},"properties":{"name":"Denya Forest (Constructorilor)","band":2,"modes":"bus","arr":["46"],"off":[0,-0.8]}},{"type":"Feature","geometry":{"type":"Point","coordinates":[21.247718,45.779301]},"properties":{"line":"46","mode":"bus","color":"#0059a9","colorDark":"#00294f","band":2,"off":[0,1.1]}},{"type":"Feature","geometry":{"type":"Point","coordinates":[21.222541,45.790049]},"properties":{"name":"Tristan Tzara","band":2,"modes":"bus","arr":["E1"],"off":[0,-0.8]}},{"type":"Feature","geometry":{"type":"Point","coordinates":[21.222541,45.790049]},"properties":{"line":"E1","mode":"bus","color":"#0059a9","colorDark":"#00294f","band":2,"off":[0,1.1]}},{"type":"Feature","geometry":{"type":"Point","coordinates":[21.26538,45.736201]},"properties":{"name":"Aumovio (Continental)","band":2,"modes":"bus","arr":["E2"],"off":[0,-0.8]}},{"type":"Feature","geometry":{"type":"Point","coordinates":[21.26538,45.736201]},"properties":{"line":"E2","mode":"bus","color":"#0059a9","colorDark":"#00294f","band":2,"off":[0,1.1]}},{"type":"Feature","geometry":{"type":"Point","coordinates":[21.240425,45.774784]},"properties":{"name":"Holdelor","band":2,"modes":"bus","arr":["E2"],"off":[0,-0.8]}},{"type":"Feature","geometry":{"type":"Point","coordinates":[21.240425,45.774784]},"properties":{"line":"E2","mode":"bus","color":"#0059a9","colorDark":"#00294f","band":2,"off":[0,1.1]}},{"type":"Feature","geometry":{"type":"Point","coordinates":[21.23674,45.721188]},"properties":{"name":"Apicultorilor","band":2,"modes":"bus","arr":["E3"],"off":[0,-0.8]}},{"type":"Feature","geometry":{"type":"Point","coordinates":[21.23674,45.721188]},"properties":{"line":"E3","mode":"bus","color":"#0059a9","colorDark":"#00294f","band":2,"off":[0,1.1]}},{"type":"Feature","geometry":{"type":"Point","coordinates":[21.16587,45.72851]},"properties":{"name":"ELBA (Parc ind. Freidorf)","band":2,"modes":"bus","arr":["E3"],"off":[0,-0.8]}},{"type":"Feature","geometry":{"type":"Point","coordinates":[21.16587,45.72851]},"properties":{"line":"E3","mode":"bus","color":"#0059a9","colorDark":"#00294f","band":2,"off":[0,1.1]}},{"type":"Feature","geometry":{"type":"Point","coordinates":[21.321385,45.809228]},"properties":{"name":"Aeroport (Terminal Schengen)","band":2,"modes":"bus","arr":["E4","E4b"],"off":[0,-0.8]}},{"type":"Feature","geometry":{"type":"Point","coordinates":[21.321385,45.809228]},"properties":{"line":"E4","mode":"bus","color":"#0059a9","colorDark":"#00294f","band":2,"off":[-1.7,1.1]}},{"type":"Feature","geometry":{"type":"Point","coordinates":[21.321385,45.809228]},"properties":{"line":"E4b","mode":"bus","color":"#0059a9","colorDark":"#00294f","band":2,"off":[1.7,1.1]}},{"type":"Feature","geometry":{"type":"Point","coordinates":[21.186226,45.793678]},"properties":{"name":"Metro II (Torontalului)","band":2,"modes":"bus","arr":["E6"],"off":[0,-0.8]}},{"type":"Feature","geometry":{"type":"Point","coordinates":[21.186226,45.793678]},"properties":{"line":"E6","mode":"bus","color":"#0059a9","colorDark":"#00294f","band":2,"off":[0,1.1]}},{"type":"Feature","geometry":{"type":"Point","coordinates":[21.148952,45.718811]},"properties":{"name":"Comtim (Smithfield)","band":2,"modes":"bus","arr":["E7"],"off":[0,-0.8]}},{"type":"Feature","geometry":{"type":"Point","coordinates":[21.148952,45.718811]},"properties":{"line":"E7","mode":"bus","color":"#0059a9","colorDark":"#00294f","band":2,"off":[0,1.1]}},{"type":"Feature","geometry":{"type":"Point","coordinates":[21.276242,45.754058]},"properties":{"name":"Albăstrelelor","band":2,"modes":"bus","arr":["E8"],"off":[0,-0.8]}},{"type":"Feature","geometry":{"type":"Point","coordinates":[21.276242,45.754058]},"properties":{"line":"E8","mode":"bus","color":"#0059a9","colorDark":"#00294f","band":2,"off":[0,1.1]}},{"type":"Feature","geometry":{"type":"Point","coordinates":[21.304082,45.766204]},"properties":{"name":"Ialomiței (Ghiroda)","band":2,"modes":"bus","arr":["M11"],"off":[0,-0.8]}},{"type":"Feature","geometry":{"type":"Point","coordinates":[21.304082,45.766204]},"properties":{"line":"M11","mode":"bus","color":"#149a3f","colorDark":"#0a5121","band":2,"off":[0,1.1]}},{"type":"Feature","geometry":{"type":"Point","coordinates":[21.261913,45.812876]},"properties":{"name":"Belvedere (Dumbrăvița)","band":2,"modes":"bus","arr":["M14"],"off":[0,-0.8]}},{"type":"Feature","geometry":{"type":"Point","coordinates":[21.261913,45.812876]},"properties":{"line":"M14","mode":"bus","color":"#149a3f","colorDark":"#0a5121","band":2,"off":[0,1.1]}},{"type":"Feature","geometry":{"type":"Point","coordinates":[21.330518,45.738204]},"properties":{"name":"Tineret (Moșnița Veche)","band":2,"modes":"bus","arr":["M22"],"off":[0,-0.8]}},{"type":"Feature","geometry":{"type":"Point","coordinates":[21.330518,45.738204]},"properties":{"line":"M22","mode":"bus","color":"#0059a9","colorDark":"#00294f","band":2,"off":[0,1.1]}},{"type":"Feature","geometry":{"type":"Point","coordinates":[21.24804,45.731054]},"properties":{"name":"Girație Sudului","band":2,"modes":"bus","arr":["M23"],"off":[0,-0.8]}},{"type":"Feature","geometry":{"type":"Point","coordinates":[21.24804,45.731054]},"properties":{"line":"M23","mode":"bus","color":"#0059a9","colorDark":"#00294f","band":2,"off":[0,1.1]}},{"type":"Feature","geometry":{"type":"Point","coordinates":[21.291125,45.698843]},"properties":{"name":"Cebza (Urseni)","band":2,"modes":"bus","arr":["M23"],"off":[0,-0.8]}},{"type":"Feature","geometry":{"type":"Point","coordinates":[21.291125,45.698843]},"properties":{"line":"M23","mode":"bus","color":"#0059a9","colorDark":"#00294f","band":2,"off":[0,1.1]}},{"type":"Feature","geometry":{"type":"Point","coordinates":[21.37305,45.714425]},"properties":{"name":"Căminul Cultural (Albina)","band":2,"modes":"bus","arr":["M24"],"off":[0,-0.8]}},{"type":"Feature","geometry":{"type":"Point","coordinates":[21.37305,45.714425]},"properties":{"line":"M24","mode":"bus","color":"#0059a9","colorDark":"#00294f","band":2,"off":[0,1.1]}},{"type":"Feature","geometry":{"type":"Point","coordinates":[21.421147,45.84512]},"properties":{"name":"Teren de sport (Ianova)","band":2,"modes":"bus","arr":["M27"],"off":[0,-0.8]}},{"type":"Feature","geometry":{"type":"Point","coordinates":[21.421147,45.84512]},"properties":{"line":"M27","mode":"bus","color":"#0059a9","colorDark":"#00294f","band":2,"off":[0,1.1]}},{"type":"Feature","geometry":{"type":"Point","coordinates":[21.306071,45.762213]},"properties":{"name":"Girație Pod Bega (Ghiroda)","band":2,"modes":"bus","arr":["M29","M30"],"off":[0,-0.8]}},{"type":"Feature","geometry":{"type":"Point","coordinates":[21.306071,45.762213]},"properties":{"line":"M29","mode":"bus","color":"#0059a9","colorDark":"#00294f","band":2,"off":[-1.7,1.1]}},{"type":"Feature","geometry":{"type":"Point","coordinates":[21.306071,45.762213]},"properties":{"line":"M30","mode":"bus","color":"#0059a9","colorDark":"#00294f","band":2,"off":[1.7,1.1]}},{"type":"Feature","geometry":{"type":"Point","coordinates":[21.306392,45.798105]},"properties":{"name":"Cimitir (Giarmata Vii)","band":2,"modes":"bus","arr":["M35"],"off":[0,-0.8]}},{"type":"Feature","geometry":{"type":"Point","coordinates":[21.306392,45.798105]},"properties":{"line":"M35","mode":"bus","color":"#0059a9","colorDark":"#00294f","band":2,"off":[0,1.1]}},{"type":"Feature","geometry":{"type":"Point","coordinates":[21.021691,45.710609]},"properties":{"name":"Ieșire Răuți (Sânmihaiul German)","band":2,"modes":"bus","arr":["M36"],"off":[0,-0.8]}},{"type":"Feature","geometry":{"type":"Point","coordinates":[21.021691,45.710609]},"properties":{"line":"M36","mode":"bus","color":"#0059a9","colorDark":"#00294f","band":2,"off":[0,1.1]}},{"type":"Feature","geometry":{"type":"Point","coordinates":[21.142576,45.624651]},"properties":{"name":"Drumul Mare (Parța)","band":2,"modes":"bus","arr":["M37"],"off":[0,-0.8]}},{"type":"Feature","geometry":{"type":"Point","coordinates":[21.142576,45.624651]},"properties":{"line":"M37","mode":"bus","color":"#0059a9","colorDark":"#00294f","band":2,"off":[0,1.1]}},{"type":"Feature","geometry":{"type":"Point","coordinates":[21.22165,45.553238]},"properties":{"name":"Capăt (Jebel)","band":2,"modes":"bus","arr":["M38"],"off":[0,-0.8]}},{"type":"Feature","geometry":{"type":"Point","coordinates":[21.22165,45.553238]},"properties":{"line":"M38","mode":"bus","color":"#0059a9","colorDark":"#00294f","band":2,"off":[0,1.1]}},{"type":"Feature","geometry":{"type":"Point","coordinates":[20.882239,45.472054]},"properties":{"name":"Capăt (Cruceni)","band":2,"modes":"bus","arr":["M39"],"off":[0,-0.8]}},{"type":"Feature","geometry":{"type":"Point","coordinates":[20.882239,45.472054]},"properties":{"line":"M39","mode":"bus","color":"#0059a9","colorDark":"#00294f","band":2,"off":[0,1.1]}},{"type":"Feature","geometry":{"type":"Point","coordinates":[21.155115,45.911991]},"properties":{"name":"Darson (Carani)","band":2,"modes":"bus","arr":["M41"],"off":[0,-0.8]}},{"type":"Feature","geometry":{"type":"Point","coordinates":[21.155115,45.911991]},"properties":{"line":"M41","mode":"bus","color":"#0059a9","colorDark":"#00294f","band":2,"off":[0,1.1]}},{"type":"Feature","geometry":{"type":"Point","coordinates":[21.230357,45.834164]},"properties":{"name":"Grădiniță (Covaci)","band":2,"modes":"bus","arr":["M42"],"off":[0,-0.8]}},{"type":"Feature","geometry":{"type":"Point","coordinates":[21.230357,45.834164]},"properties":{"line":"M42","mode":"bus","color":"#0059a9","colorDark":"#00294f","band":2,"off":[0,1.1]}},{"type":"Feature","geometry":{"type":"Point","coordinates":[20.9669,45.748784]},"properties":{"name":"Capăt (Beregsăul Mic)","band":2,"modes":"bus","arr":["M43"],"off":[0,-0.8]}},{"type":"Feature","geometry":{"type":"Point","coordinates":[20.9669,45.748784]},"properties":{"line":"M43","mode":"bus","color":"#0059a9","colorDark":"#00294f","band":2,"off":[0,1.1]}},{"type":"Feature","geometry":{"type":"Point","coordinates":[21.056476,45.835711]},"properties":{"name":"Calea Dudeștii Noi (Becicherecul Mic)","band":2,"modes":"bus","arr":["M44"],"off":[0,-0.8]}},{"type":"Feature","geometry":{"type":"Point","coordinates":[21.056476,45.835711]},"properties":{"line":"M44","mode":"bus","color":"#0059a9","colorDark":"#00294f","band":2,"off":[0,1.1]}},{"type":"Feature","geometry":{"type":"Point","coordinates":[21.246865,45.802785]},"properties":{"name":"Parcul Central (Dumbrăvița)","band":2,"modes":"bus","arr":["M45"],"off":[0,-0.8]}},{"type":"Feature","geometry":{"type":"Point","coordinates":[21.246865,45.802785]},"properties":{"line":"M45","mode":"bus","color":"#0059a9","colorDark":"#00294f","band":2,"off":[0,1.1]}},{"type":"Feature","geometry":{"type":"Point","coordinates":[21.153385,45.649334]},"properties":{"name":"Intersecție str. a IV a cu str. a CXI a (Șag)","band":2,"modes":"bus","arr":["M46"],"off":[0,-0.8]}},{"type":"Feature","geometry":{"type":"Point","coordinates":[21.153385,45.649334]},"properties":{"line":"M46","mode":"bus","color":"#0059a9","colorDark":"#00294f","band":2,"off":[0,1.1]}},{"type":"Feature","geometry":{"type":"Point","coordinates":[21.08402,45.902709]},"properties":{"name":"Centru (Hodoni)","band":2,"modes":"bus","arr":["M47"],"off":[0,-0.8]}},{"type":"Feature","geometry":{"type":"Point","coordinates":[21.08402,45.902709]},"properties":{"line":"M47","mode":"bus","color":"#0059a9","colorDark":"#00294f","band":2,"off":[0,1.1]}},{"type":"Feature","geometry":{"type":"Point","coordinates":[21.319577,45.977019]},"properties":{"name":"Căminul Cultural (Seceani)","band":2,"modes":"bus","arr":["M48"],"off":[0,-0.8]}},{"type":"Feature","geometry":{"type":"Point","coordinates":[21.319577,45.977019]},"properties":{"line":"M48","mode":"bus","color":"#0059a9","colorDark":"#00294f","band":2,"off":[0,1.1]}},{"type":"Feature","geometry":{"type":"Point","coordinates":[21.31986,45.848492]},"properties":{"name":"Girație Calea Bencecului (Giarmata)","band":2,"modes":"bus","arr":["M49"],"off":[0,-0.8]}},{"type":"Feature","geometry":{"type":"Point","coordinates":[21.31986,45.848492]},"properties":{"line":"M49","mode":"bus","color":"#0059a9","colorDark":"#00294f","band":2,"off":[0,1.1]}},{"type":"Feature","geometry":{"type":"Point","coordinates":[20.860508,45.912061]},"properties":{"name":"Biserica Romano Catolică (Uihei)","band":2,"modes":"bus","arr":["M50"],"off":[0,-0.8]}},{"type":"Feature","geometry":{"type":"Point","coordinates":[20.860508,45.912061]},"properties":{"line":"M50","mode":"bus","color":"#0059a9","colorDark":"#00294f","band":2,"off":[0,1.1]}},{"type":"Feature","geometry":{"type":"Point","coordinates":[21.218099,45.597637]},"properties":{"name":"Primărie (Pădureni)","band":2,"modes":"bus","arr":["M51"],"off":[0,-0.8]}},{"type":"Feature","geometry":{"type":"Point","coordinates":[21.218099,45.597637]},"properties":{"line":"M51","mode":"bus","color":"#0059a9","colorDark":"#00294f","band":2,"off":[0,1.1]}},{"type":"Feature","geometry":{"type":"Point","coordinates":[21.207163,45.750421]},"properties":{"name":"Gara de Nord","band":2,"modes":"tram","arr":["1","8","9"],"off":[0,-0.8]}},{"type":"Feature","geometry":{"type":"Point","coordinates":[21.207163,45.750421]},"properties":{"line":"1","mode":"tram","color":"#d6212b","colorDark":"#7c1116","band":2,"off":[-3.4,1.1]}},{"type":"Feature","geometry":{"type":"Point","coordinates":[21.207163,45.750421]},"properties":{"line":"8","mode":"tram","color":"#d6212b","colorDark":"#7c1116","band":2,"off":[0,1.1]}},{"type":"Feature","geometry":{"type":"Point","coordinates":[21.207163,45.750421]},"properties":{"line":"9","mode":"tram","color":"#d6212b","colorDark":"#7c1116","band":2,"off":[3.4,1.1]}},{"type":"Feature","geometry":{"type":"Point","coordinates":[21.202339,45.726003]},"properties":{"name":"Shopping City","band":2,"modes":"tram","arr":["2"],"off":[0,-0.8]}},{"type":"Feature","geometry":{"type":"Point","coordinates":[21.202339,45.726003]},"properties":{"line":"2","mode":"tram","color":"#d6212b","colorDark":"#7c1116","band":2,"off":[0,1.1]}},{"type":"Feature","geometry":{"type":"Point","coordinates":[21.219712,45.769241]},"properties":{"name":"Calea Torontalului (Ciocanul)","band":2,"modes":"tram","arr":["2","4","7"],"off":[0,-0.8]}},{"type":"Feature","geometry":{"type":"Point","coordinates":[21.219712,45.769241]},"properties":{"line":"2","mode":"tram","color":"#d6212b","colorDark":"#7c1116","band":2,"off":[-3.4,1.1]}},{"type":"Feature","geometry":{"type":"Point","coordinates":[21.219712,45.769241]},"properties":{"line":"4","mode":"tram","color":"#d6212b","colorDark":"#7c1116","band":2,"off":[0,1.1]}},{"type":"Feature","geometry":{"type":"Point","coordinates":[21.219712,45.769241]},"properties":{"line":"7","mode":"tram","color":"#d6212b","colorDark":"#7c1116","band":2,"off":[3.4,1.1]}},{"type":"Feature","geometry":{"type":"Point","coordinates":[21.258882,45.734727]},"properties":{"name":"AEM (Dräxlmaier)","band":2,"modes":"tram","arr":["4","8"],"off":[0,-0.8]}},{"type":"Feature","geometry":{"type":"Point","coordinates":[21.258882,45.734727]},"properties":{"line":"4","mode":"tram","color":"#d6212b","colorDark":"#7c1116","band":2,"off":[-1.7,1.1]}},{"type":"Feature","geometry":{"type":"Point","coordinates":[21.258882,45.734727]},"properties":{"line":"8","mode":"tram","color":"#d6212b","colorDark":"#7c1116","band":2,"off":[1.7,1.1]}},{"type":"Feature","geometry":{"type":"Point","coordinates":[21.196014,45.739692]},"properties":{"name":"Dâmbovița","band":2,"modes":"tram","arr":["7"],"off":[0,-0.8]}},{"type":"Feature","geometry":{"type":"Point","coordinates":[21.196014,45.739692]},"properties":{"line":"7","mode":"tram","color":"#d6212b","colorDark":"#7c1116","band":2,"off":[0,1.1]}},{"type":"Feature","geometry":{"type":"Point","coordinates":[21.198671,45.754234]},"properties":{"name":"Bârzava","band":3,"modes":"bus","arr":["5b"],"off":[0,-0.8]}},{"type":"Feature","geometry":{"type":"Point","coordinates":[21.198671,45.754234]},"properties":{"line":"5b","mode":"bus","color":"#0059a9","colorDark":"#00294f","band":3,"off":[0,1.1]}},{"type":"Feature","geometry":{"type":"Point","coordinates":[21.210907,45.744901]},"properties":{"name":"Bd. Regele Carol I","band":3,"modes":"bus","arr":["5b"],"off":[0,-0.8]}},{"type":"Feature","geometry":{"type":"Point","coordinates":[21.210907,45.744901]},"properties":{"line":"5b","mode":"bus","color":"#0059a9","colorDark":"#00294f","band":3,"off":[0,1.1]}},{"type":"Feature","geometry":{"type":"Point","coordinates":[21.189842,45.750871]},"properties":{"name":"Ronaț (Bogdăneștilor)","band":3,"modes":"bus","arr":["5c"],"off":[0,-0.8]}},{"type":"Feature","geometry":{"type":"Point","coordinates":[21.189842,45.750871]},"properties":{"line":"5c","mode":"bus","color":"#0059a9","colorDark":"#00294f","band":3,"off":[0,1.1]}},{"type":"Feature","geometry":{"type":"Point","coordinates":[21.24465,45.766321]},"properties":{"name":"Gara de Est","band":3,"modes":"bus","arr":["5c","23"],"off":[0,-0.8]}},{"type":"Feature","geometry":{"type":"Point","coordinates":[21.24465,45.766321]},"properties":{"line":"5c","mode":"bus","color":"#0059a9","colorDark":"#00294f","band":3,"off":[-1.7,1.1]}},{"type":"Feature","geometry":{"type":"Point","coordinates":[21.24465,45.766321]},"properties":{"line":"23","mode":"bus","color":"#0059a9","colorDark":"#00294f","band":3,"off":[1.7,1.1]}},{"type":"Feature","geometry":{"type":"Point","coordinates":[21.199718,45.749078]},"properties":{"name":"Gheorghe Barițiu","band":3,"modes":"bus","arr":["11","14","18","E4b","M11","M14"],"off":[0,-0.8]}},{"type":"Feature","geometry":{"type":"Point","coordinates":[21.199718,45.749078]},"properties":{"line":"11","mode":"bus","color":"#149a3f","colorDark":"#0a5121","band":3,"off":[-6.8,1.1]}},{"type":"Feature","geometry":{"type":"Point","coordinates":[21.199718,45.749078]},"properties":{"line":"14","mode":"bus","color":"#149a3f","colorDark":"#0a5121","band":3,"off":[-3.4,1.1]}},{"type":"Feature","geometry":{"type":"Point","coordinates":[21.199718,45.749078]},"properties":{"line":"18","mode":"bus","color":"#149a3f","colorDark":"#0a5121","band":3,"off":[0,1.1]}},{"type":"Feature","geometry":{"type":"Point","coordinates":[21.199718,45.749078]},"properties":{"line":"E4b","mode":"bus","color":"#0059a9","colorDark":"#00294f","band":3,"off":[3.4,1.1]}},{"type":"Feature","geometry":{"type":"Point","coordinates":[21.199718,45.749078]},"properties":{"line":"M11","mode":"bus","color":"#149a3f","colorDark":"#0a5121","band":3,"off":[6.8,1.1]}},{"type":"Feature","geometry":{"type":"Point","coordinates":[21.199718,45.749078]},"properties":{"line":"M14","mode":"bus","color":"#149a3f","colorDark":"#0a5121","band":3,"off":[0,3.1]}},{"type":"Feature","geometry":{"type":"Point","coordinates":[21.224786,45.756589]},"properties":{"name":"Piața Timișoara 700 (Spitalul Militar)","band":3,"modes":"bus","arr":["13"],"off":[0,-0.8]}},{"type":"Feature","geometry":{"type":"Point","coordinates":[21.224786,45.756589]},"properties":{"line":"13","mode":"bus","color":"#0059a9","colorDark":"#00294f","band":3,"off":[0,1.1]}},{"type":"Feature","geometry":{"type":"Point","coordinates":[21.23362,45.757907]},"properties":{"name":"Bastionul Maria Tereza (Take Ionescu)","band":3,"modes":"bus","arr":["28","46","E4","M30","M35","M41","M43","M47","M49"],"off":[0,-0.8]}},{"type":"Feature","geometry":{"type":"Point","coordinates":[21.23362,45.757907]},"properties":{"name":"Bastion (Piața Ionel I. C. Brătianu)","band":3,"modes":"bus","arr":["28","46","E4","M30","M35","M41","M43","M47","M49"],"off":[0,-4.1]}},{"type":"Feature","geometry":{"type":"Point","coordinates":[21.23362,45.757907]},"properties":{"line":"28","mode":"bus","color":"#0059a9","colorDark":"#00294f","band":3,"off":[-6.8,1.1]}},{"type":"Feature","geometry":{"type":"Point","coordinates":[21.23362,45.757907]},"properties":{"line":"46","mode":"bus","color":"#0059a9","colorDark":"#00294f","band":3,"off":[-3.4,1.1]}},{"type":"Feature","geometry":{"type":"Point","coordinates":[21.23362,45.757907]},"properties":{"line":"E4","mode":"bus","color":"#0059a9","colorDark":"#00294f","band":3,"off":[0,1.1]}},{"type":"Feature","geometry":{"type":"Point","coordinates":[21.23362,45.757907]},"properties":{"line":"M30","mode":"bus","color":"#0059a9","colorDark":"#00294f","band":3,"off":[3.4,1.1]}},{"type":"Feature","geometry":{"type":"Point","coordinates":[21.23362,45.757907]},"properties":{"line":"M35","mode":"bus","color":"#0059a9","colorDark":"#00294f","band":3,"off":[6.8,1.1]}},{"type":"Feature","geometry":{"type":"Point","coordinates":[21.23362,45.757907]},"properties":{"line":"M41","mode":"bus","color":"#0059a9","colorDark":"#00294f","band":3,"off":[-5.1,3.1]}},{"type":"Feature","geometry":{"type":"Point","coordinates":[21.23362,45.757907]},"properties":{"line":"M43","mode":"bus","color":"#0059a9","colorDark":"#00294f","band":3,"off":[-1.7,3.1]}},{"type":"Feature","geometry":{"type":"Point","coordinates":[21.23362,45.757907]},"properties":{"line":"M47","mode":"bus","color":"#0059a9","colorDark":"#00294f","band":3,"off":[1.7,3.1]}},{"type":"Feature","geometry":{"type":"Point","coordinates":[21.23362,45.757907]},"properties":{"line":"M49","mode":"bus","color":"#0059a9","colorDark":"#00294f","band":3,"off":[5.1,3.1]}},{"type":"Feature","geometry":{"type":"Point","coordinates":[21.261149,45.765718]},"properties":{"name":"Piața V. Economu (Calea Dorobanților)","band":3,"modes":"bus","arr":["M29"],"off":[0,-0.8]}},{"type":"Feature","geometry":{"type":"Point","coordinates":[21.261149,45.765718]},"properties":{"line":"M29","mode":"bus","color":"#0059a9","colorDark":"#00294f","band":3,"off":[0,1.1]}},{"type":"Feature","geometry":{"type":"Point","coordinates":[21.269358,45.769503]},"properties":{"name":"Arena Aqua (Ștrandul Tineretului)","band":3,"modes":"bus","arr":["11","17"],"off":[0,-0.8]}},{"type":"Feature","geometry":{"type":"Point","coordinates":[21.269358,45.769503]},"properties":{"name":"Arena Aqua (Bucla)","band":3,"modes":"bus","arr":["11","17"],"off":[0,-3]}},{"type":"Feature","geometry":{"type":"Point","coordinates":[21.269358,45.769503]},"properties":{"line":"11","mode":"bus","color":"#149a3f","colorDark":"#0a5121","band":3,"off":[-1.7,1.1]}},{"type":"Feature","geometry":{"type":"Point","coordinates":[21.269358,45.769503]},"properties":{"line":"17","mode":"bus","color":"#149a3f","colorDark":"#0a5121","band":3,"off":[1.7,1.1]}},{"type":"Feature","geometry":{"type":"Point","coordinates":[21.231628,45.758865]},"properties":{"name":"Oituz (Punctele cardinale)","band":3,"modes":"bus","arr":["E6","M45"],"off":[0,-0.8]}},{"type":"Feature","geometry":{"type":"Point","coordinates":[21.231628,45.758865]},"properties":{"line":"E6","mode":"bus","color":"#0059a9","colorDark":"#00294f","band":3,"off":[-1.7,1.1]}},{"type":"Feature","geometry":{"type":"Point","coordinates":[21.231628,45.758865]},"properties":{"line":"M45","mode":"bus","color":"#0059a9","colorDark":"#00294f","band":3,"off":[1.7,1.1]}},{"type":"Feature","geometry":{"type":"Point","coordinates":[21.181345,45.763647]},"properties":{"name":"Pasaj C.F. (Ovidiu Balea)","band":3,"modes":"bus","arr":["13"],"off":[0,-0.8]}},{"type":"Feature","geometry":{"type":"Point","coordinates":[21.181345,45.763647]},"properties":{"line":"13","mode":"bus","color":"#0059a9","colorDark":"#00294f","band":3,"off":[0,1.1]}},{"type":"Feature","geometry":{"type":"Point","coordinates":[21.234705,45.779926]},"properties":{"name":"Ion Ionescu de la Brad","band":3,"modes":"bus","arr":["14"],"off":[0,-0.8]}},{"type":"Feature","geometry":{"type":"Point","coordinates":[21.234705,45.779926]},"properties":{"line":"14","mode":"bus","color":"#149a3f","colorDark":"#0a5121","band":3,"off":[0,1.1]}},{"type":"Feature","geometry":{"type":"Point","coordinates":[21.247427,45.731961]},"properties":{"name":"Girație Bulevardul Sudului","band":3,"modes":"bus","arr":["15","16"],"off":[0,-0.8]}},{"type":"Feature","geometry":{"type":"Point","coordinates":[21.247427,45.731961]},"properties":{"line":"15","mode":"bus","color":"#149a3f","colorDark":"#0a5121","band":3,"off":[-1.7,1.1]}},{"type":"Feature","geometry":{"type":"Point","coordinates":[21.247427,45.731961]},"properties":{"line":"16","mode":"bus","color":"#149a3f","colorDark":"#0a5121","band":3,"off":[1.7,1.1]}},{"type":"Feature","geometry":{"type":"Point","coordinates":[21.233717,45.754683]},"properties":{"name":"Traian Grozăvescu (Poșta Mare)","band":3,"modes":"bus","arr":["15","16","21","40","E7"],"off":[0,-0.8]}},{"type":"Feature","geometry":{"type":"Point","coordinates":[21.233717,45.754683]},"properties":{"line":"15","mode":"bus","color":"#149a3f","colorDark":"#0a5121","band":3,"off":[-6.8,1.1]}},{"type":"Feature","geometry":{"type":"Point","coordinates":[21.233717,45.754683]},"properties":{"line":"16","mode":"bus","color":"#149a3f","colorDark":"#0a5121","band":3,"off":[-3.4,1.1]}},{"type":"Feature","geometry":{"type":"Point","coordinates":[21.233717,45.754683]},"properties":{"line":"21","mode":"bus","color":"#0059a9","colorDark":"#00294f","band":3,"off":[0,1.1]}},{"type":"Feature","geometry":{"type":"Point","coordinates":[21.233717,45.754683]},"properties":{"line":"40","mode":"bus","color":"#0059a9","colorDark":"#00294f","band":3,"off":[3.4,1.1]}},{"type":"Feature","geometry":{"type":"Point","coordinates":[21.233717,45.754683]},"properties":{"line":"E7","mode":"bus","color":"#0059a9","colorDark":"#00294f","band":3,"off":[6.8,1.1]}},{"type":"Feature","geometry":{"type":"Point","coordinates":[21.218887,45.783475]},"properties":{"name":"Universitatea de Științele Vieții","band":3,"modes":"bus","arr":["17","18"],"off":[0,-0.8]}},{"type":"Feature","geometry":{"type":"Point","coordinates":[21.218887,45.783475]},"properties":{"line":"17","mode":"bus","color":"#149a3f","colorDark":"#0a5121","band":3,"off":[-1.7,1.1]}},{"type":"Feature","geometry":{"type":"Point","coordinates":[21.218887,45.783475]},"properties":{"line":"18","mode":"bus","color":"#149a3f","colorDark":"#0a5121","band":3,"off":[1.7,1.1]}},{"type":"Feature","geometry":{"type":"Point","coordinates":[21.228971,45.759442]},"properties":{"name":"Piața Mărăști (Oituz)","band":3,"modes":"bus","arr":["M27"],"off":[0,-0.8]}},{"type":"Feature","geometry":{"type":"Point","coordinates":[21.228971,45.759442]},"properties":{"line":"M27","mode":"bus","color":"#0059a9","colorDark":"#00294f","band":3,"off":[0,1.1]}},{"type":"Feature","geometry":{"type":"Point","coordinates":[21.279772,45.750058]},"properties":{"name":"Școala Generală Plopi","band":3,"modes":"bus","arr":["21"],"off":[0,-0.8]}},{"type":"Feature","geometry":{"type":"Point","coordinates":[21.279772,45.750058]},"properties":{"line":"21","mode":"bus","color":"#0059a9","colorDark":"#00294f","band":3,"off":[0,1.1]}},{"type":"Feature","geometry":{"type":"Point","coordinates":[21.253479,45.747921]},"properties":{"name":"Banatim (Garaj STPT)","band":3,"modes":"bus","arr":["23","M42","M48"],"off":[0,-0.8]}},{"type":"Feature","geometry":{"type":"Point","coordinates":[21.253479,45.747921]},"properties":{"line":"23","mode":"bus","color":"#0059a9","colorDark":"#00294f","band":3,"off":[-3.4,1.1]}},{"type":"Feature","geometry":{"type":"Point","coordinates":[21.253479,45.747921]},"properties":{"line":"M42","mode":"bus","color":"#0059a9","colorDark":"#00294f","band":3,"off":[0,1.1]}},{"type":"Feature","geometry":{"type":"Point","coordinates":[21.253479,45.747921]},"properties":{"line":"M48","mode":"bus","color":"#0059a9","colorDark":"#00294f","band":3,"off":[3.4,1.1]}},{"type":"Feature","geometry":{"type":"Point","coordinates":[21.283241,45.725797]},"properties":{"name":"Hornbach (Buziașului)","band":3,"modes":"bus","arr":["24"],"off":[0,-0.8]}},{"type":"Feature","geometry":{"type":"Point","coordinates":[21.283241,45.725797]},"properties":{"line":"24","mode":"bus","color":"#0059a9","colorDark":"#00294f","band":3,"off":[0,1.1]}},{"type":"Feature","geometry":{"type":"Point","coordinates":[21.260266,45.733007]},"properties":{"name":"Piața Gheorghe Domășneanu (Auchan)","band":3,"modes":"bus","arr":["M22","M24"],"off":[0,-0.8]}},{"type":"Feature","geometry":{"type":"Point","coordinates":[21.260266,45.733007]},"properties":{"line":"M22","mode":"bus","color":"#0059a9","colorDark":"#00294f","band":3,"off":[-1.7,1.1]}},{"type":"Feature","geometry":{"type":"Point","coordinates":[21.260266,45.733007]},"properties":{"line":"M24","mode":"bus","color":"#0059a9","colorDark":"#00294f","band":3,"off":[1.7,1.1]}},{"type":"Feature","geometry":{"type":"Point","coordinates":[21.272235,45.715706]},"properties":{"name":"Intrare Rudicica","band":3,"modes":"bus","arr":["24"],"off":[0,-0.8]}},{"type":"Feature","geometry":{"type":"Point","coordinates":[21.272235,45.715706]},"properties":{"line":"24","mode":"bus","color":"#0059a9","colorDark":"#00294f","band":3,"off":[0,1.1]}},{"type":"Feature","geometry":{"type":"Point","coordinates":[21.276951,45.759893]},"properties":{"name":"Țițeica","band":3,"modes":"bus","arr":["28"],"off":[0,-0.8]}},{"type":"Feature","geometry":{"type":"Point","coordinates":[21.276951,45.759893]},"properties":{"line":"28","mode":"bus","color":"#0059a9","colorDark":"#00294f","band":3,"off":[0,1.1]}},{"type":"Feature","geometry":{"type":"Point","coordinates":[21.225073,45.750878]},"properties":{"name":"Catedrala Mitropolitană","band":3,"modes":"bus","arr":["32","33","33b"],"off":[0,-0.8]}},{"type":"Feature","geometry":{"type":"Point","coordinates":[21.225073,45.750878]},"properties":{"line":"32","mode":"bus","color":"#0059a9","colorDark":"#00294f","band":3,"off":[-3.4,1.1]}},{"type":"Feature","geometry":{"type":"Point","coordinates":[21.225073,45.750878]},"properties":{"line":"33","mode":"bus","color":"#0059a9","colorDark":"#00294f","band":3,"off":[0,1.1]}},{"type":"Feature","geometry":{"type":"Point","coordinates":[21.225073,45.750878]},"properties":{"line":"33b","mode":"bus","color":"#0059a9","colorDark":"#00294f","band":3,"off":[3.4,1.1]}},{"type":"Feature","geometry":{"type":"Point","coordinates":[21.215068,45.745381]},"properties":{"name":"Piața A. Mocioni (Sinaia - 16 Decembrie 1989)","band":3,"modes":"bus","arr":["M36","M37","M51"],"off":[0,-0.8]}},{"type":"Feature","geometry":{"type":"Point","coordinates":[21.215068,45.745381]},"properties":{"line":"M36","mode":"bus","color":"#0059a9","colorDark":"#00294f","band":3,"off":[-3.4,1.1]}},{"type":"Feature","geometry":{"type":"Point","coordinates":[21.215068,45.745381]},"properties":{"line":"M37","mode":"bus","color":"#0059a9","colorDark":"#00294f","band":3,"off":[0,1.1]}},{"type":"Feature","geometry":{"type":"Point","coordinates":[21.215068,45.745381]},"properties":{"line":"M51","mode":"bus","color":"#0059a9","colorDark":"#00294f","band":3,"off":[3.4,1.1]}},{"type":"Feature","geometry":{"type":"Point","coordinates":[21.202991,45.716363]},"properties":{"name":"Gara de Sud","band":3,"modes":"bus","arr":["32"],"off":[0,-0.8]}},{"type":"Feature","geometry":{"type":"Point","coordinates":[21.202991,45.716363]},"properties":{"line":"32","mode":"bus","color":"#0059a9","colorDark":"#00294f","band":3,"off":[0,1.1]}},{"type":"Feature","geometry":{"type":"Point","coordinates":[21.216215,45.74642]},"properties":{"name":"Piața A. Mocioni (16 Decembrie 1989 - Sinaia)","band":3,"modes":"bus","arr":["M37","M51"],"off":[0,-0.8]}},{"type":"Feature","geometry":{"type":"Point","coordinates":[21.216215,45.74642]},"properties":{"line":"M37","mode":"bus","color":"#0059a9","colorDark":"#00294f","band":3,"off":[-1.7,1.1]}},{"type":"Feature","geometry":{"type":"Point","coordinates":[21.216215,45.74642]},"properties":{"line":"M51","mode":"bus","color":"#0059a9","colorDark":"#00294f","band":3,"off":[1.7,1.1]}},{"type":"Feature","geometry":{"type":"Point","coordinates":[21.204558,45.727682]},"properties":{"name":"Piața Veteranilor (Calea Șagului)","band":3,"modes":"bus","arr":["M38","M39","M46"],"off":[0,-0.8]}},{"type":"Feature","geometry":{"type":"Point","coordinates":[21.204558,45.727682]},"properties":{"line":"M38","mode":"bus","color":"#0059a9","colorDark":"#00294f","band":3,"off":[-3.4,1.1]}},{"type":"Feature","geometry":{"type":"Point","coordinates":[21.204558,45.727682]},"properties":{"line":"M39","mode":"bus","color":"#0059a9","colorDark":"#00294f","band":3,"off":[0,1.1]}},{"type":"Feature","geometry":{"type":"Point","coordinates":[21.204558,45.727682]},"properties":{"line":"M46","mode":"bus","color":"#0059a9","colorDark":"#00294f","band":3,"off":[3.4,1.1]}},{"type":"Feature","geometry":{"type":"Point","coordinates":[21.200573,45.722504]},"properties":{"name":"Pod Calea Șagului","band":3,"modes":"bus","arr":["33","E1","E8"],"off":[0,-0.8]}},{"type":"Feature","geometry":{"type":"Point","coordinates":[21.200573,45.722504]},"properties":{"line":"33","mode":"bus","color":"#0059a9","colorDark":"#00294f","band":3,"off":[-3.4,1.1]}},{"type":"Feature","geometry":{"type":"Point","coordinates":[21.200573,45.722504]},"properties":{"line":"E1","mode":"bus","color":"#0059a9","colorDark":"#00294f","band":3,"off":[0,1.1]}},{"type":"Feature","geometry":{"type":"Point","coordinates":[21.200573,45.722504]},"properties":{"line":"E8","mode":"bus","color":"#0059a9","colorDark":"#00294f","band":3,"off":[3.4,1.1]}},{"type":"Feature","geometry":{"type":"Point","coordinates":[21.186962,45.69804]},"properties":{"name":"Incontro","band":3,"modes":"bus","arr":["33b"],"off":[0,-0.8]}},{"type":"Feature","geometry":{"type":"Point","coordinates":[21.186962,45.69804]},"properties":{"line":"33b","mode":"bus","color":"#0059a9","colorDark":"#00294f","band":3,"off":[0,1.1]}},{"type":"Feature","geometry":{"type":"Point","coordinates":[21.245744,45.772974]},"properties":{"name":"Stuparilor","band":3,"modes":"bus","arr":["40"],"off":[0,-0.8]}},{"type":"Feature","geometry":{"type":"Point","coordinates":[21.245744,45.772974]},"properties":{"line":"40","mode":"bus","color":"#0059a9","colorDark":"#00294f","band":3,"off":[0,1.1]}},{"type":"Feature","geometry":{"type":"Point","coordinates":[21.247718,45.779301]},"properties":{"name":"Denya Forest (Constructorilor)","band":3,"modes":"bus","arr":["46"],"off":[0,-0.8]}},{"type":"Feature","geometry":{"type":"Point","coordinates":[21.247718,45.779301]},"properties":{"line":"46","mode":"bus","color":"#0059a9","colorDark":"#00294f","band":3,"off":[0,1.1]}},{"type":"Feature","geometry":{"type":"Point","coordinates":[21.222541,45.790049]},"properties":{"name":"Tristan Tzara","band":3,"modes":"bus","arr":["E1"],"off":[0,-0.8]}},{"type":"Feature","geometry":{"type":"Point","coordinates":[21.222541,45.790049]},"properties":{"line":"E1","mode":"bus","color":"#0059a9","colorDark":"#00294f","band":3,"off":[0,1.1]}},{"type":"Feature","geometry":{"type":"Point","coordinates":[21.26538,45.736201]},"properties":{"name":"Aumovio (Continental)","band":3,"modes":"bus","arr":["E2"],"off":[0,-0.8]}},{"type":"Feature","geometry":{"type":"Point","coordinates":[21.26538,45.736201]},"properties":{"line":"E2","mode":"bus","color":"#0059a9","colorDark":"#00294f","band":3,"off":[0,1.1]}},{"type":"Feature","geometry":{"type":"Point","coordinates":[21.233827,45.756463]},"properties":{"name":"Hector (Bastion)","band":3,"modes":"bus","arr":["M44"],"off":[0,-0.8]}},{"type":"Feature","geometry":{"type":"Point","coordinates":[21.233827,45.756463]},"properties":{"line":"M44","mode":"bus","color":"#0059a9","colorDark":"#00294f","band":3,"off":[0,1.1]}},{"type":"Feature","geometry":{"type":"Point","coordinates":[21.240425,45.774784]},"properties":{"name":"Holdelor","band":3,"modes":"bus","arr":["E2"],"off":[0,-0.8]}},{"type":"Feature","geometry":{"type":"Point","coordinates":[21.240425,45.774784]},"properties":{"line":"E2","mode":"bus","color":"#0059a9","colorDark":"#00294f","band":3,"off":[0,1.1]}},{"type":"Feature","geometry":{"type":"Point","coordinates":[21.260581,45.732249]},"properties":{"name":"Electrotimiș (Calea Buziașului)","band":3,"modes":"bus","arr":["M22","M24"],"off":[0,-0.8]}},{"type":"Feature","geometry":{"type":"Point","coordinates":[21.260581,45.732249]},"properties":{"line":"M22","mode":"bus","color":"#0059a9","colorDark":"#00294f","band":3,"off":[-1.7,1.1]}},{"type":"Feature","geometry":{"type":"Point","coordinates":[21.260581,45.732249]},"properties":{"line":"M24","mode":"bus","color":"#0059a9","colorDark":"#00294f","band":3,"off":[1.7,1.1]}},{"type":"Feature","geometry":{"type":"Point","coordinates":[21.23674,45.721188]},"properties":{"name":"Apicultorilor","band":3,"modes":"bus","arr":["E3"],"off":[0,-0.8]}},{"type":"Feature","geometry":{"type":"Point","coordinates":[21.23674,45.721188]},"properties":{"line":"E3","mode":"bus","color":"#0059a9","colorDark":"#00294f","band":3,"off":[0,1.1]}},{"type":"Feature","geometry":{"type":"Point","coordinates":[21.16587,45.72851]},"properties":{"name":"ELBA (Parc ind. Freidorf)","band":3,"modes":"bus","arr":["E3"],"off":[0,-0.8]}},{"type":"Feature","geometry":{"type":"Point","coordinates":[21.16587,45.72851]},"properties":{"line":"E3","mode":"bus","color":"#0059a9","colorDark":"#00294f","band":3,"off":[0,1.1]}},{"type":"Feature","geometry":{"type":"Point","coordinates":[21.321385,45.809228]},"properties":{"name":"Aeroport (Terminal Schengen)","band":3,"modes":"bus","arr":["E4","E4b"],"off":[0,-0.8]}},{"type":"Feature","geometry":{"type":"Point","coordinates":[21.321385,45.809228]},"properties":{"line":"E4","mode":"bus","color":"#0059a9","colorDark":"#00294f","band":3,"off":[-1.7,1.1]}},{"type":"Feature","geometry":{"type":"Point","coordinates":[21.321385,45.809228]},"properties":{"line":"E4b","mode":"bus","color":"#0059a9","colorDark":"#00294f","band":3,"off":[1.7,1.1]}},{"type":"Feature","geometry":{"type":"Point","coordinates":[21.186226,45.793678]},"properties":{"name":"Metro II (Torontalului)","band":3,"modes":"bus","arr":["E6"],"off":[0,-0.8]}},{"type":"Feature","geometry":{"type":"Point","coordinates":[21.186226,45.793678]},"properties":{"line":"E6","mode":"bus","color":"#0059a9","colorDark":"#00294f","band":3,"off":[0,1.1]}},{"type":"Feature","geometry":{"type":"Point","coordinates":[21.148952,45.718811]},"properties":{"name":"Comtim (Smithfield)","band":3,"modes":"bus","arr":["E7"],"off":[0,-0.8]}},{"type":"Feature","geometry":{"type":"Point","coordinates":[21.148952,45.718811]},"properties":{"line":"E7","mode":"bus","color":"#0059a9","colorDark":"#00294f","band":3,"off":[0,1.1]}},{"type":"Feature","geometry":{"type":"Point","coordinates":[21.276242,45.754058]},"properties":{"name":"Albăstrelelor","band":3,"modes":"bus","arr":["E8"],"off":[0,-0.8]}},{"type":"Feature","geometry":{"type":"Point","coordinates":[21.276242,45.754058]},"properties":{"line":"E8","mode":"bus","color":"#0059a9","colorDark":"#00294f","band":3,"off":[0,1.1]}},{"type":"Feature","geometry":{"type":"Point","coordinates":[21.304082,45.766204]},"properties":{"name":"Ialomiței (Ghiroda)","band":3,"modes":"bus","arr":["M11"],"off":[0,-0.8]}},{"type":"Feature","geometry":{"type":"Point","coordinates":[21.304082,45.766204]},"properties":{"line":"M11","mode":"bus","color":"#149a3f","colorDark":"#0a5121","band":3,"off":[0,1.1]}},{"type":"Feature","geometry":{"type":"Point","coordinates":[21.261913,45.812876]},"properties":{"name":"Belvedere (Dumbrăvița)","band":3,"modes":"bus","arr":["M14"],"off":[0,-0.8]}},{"type":"Feature","geometry":{"type":"Point","coordinates":[21.261913,45.812876]},"properties":{"line":"M14","mode":"bus","color":"#149a3f","colorDark":"#0a5121","band":3,"off":[0,1.1]}},{"type":"Feature","geometry":{"type":"Point","coordinates":[21.330518,45.738204]},"properties":{"name":"Tineret (Moșnița Veche)","band":3,"modes":"bus","arr":["M22"],"off":[0,-0.8]}},{"type":"Feature","geometry":{"type":"Point","coordinates":[21.330518,45.738204]},"properties":{"line":"M22","mode":"bus","color":"#0059a9","colorDark":"#00294f","band":3,"off":[0,1.1]}},{"type":"Feature","geometry":{"type":"Point","coordinates":[21.24804,45.731054]},"properties":{"name":"Girație Sudului","band":3,"modes":"bus","arr":["M23"],"off":[0,-0.8]}},{"type":"Feature","geometry":{"type":"Point","coordinates":[21.24804,45.731054]},"properties":{"line":"M23","mode":"bus","color":"#0059a9","colorDark":"#00294f","band":3,"off":[0,1.1]}},{"type":"Feature","geometry":{"type":"Point","coordinates":[21.291125,45.698843]},"properties":{"name":"Cebza (Urseni)","band":3,"modes":"bus","arr":["M23"],"off":[0,-0.8]}},{"type":"Feature","geometry":{"type":"Point","coordinates":[21.291125,45.698843]},"properties":{"line":"M23","mode":"bus","color":"#0059a9","colorDark":"#00294f","band":3,"off":[0,1.1]}},{"type":"Feature","geometry":{"type":"Point","coordinates":[21.37305,45.714425]},"properties":{"name":"Căminul Cultural (Albina)","band":3,"modes":"bus","arr":["M24"],"off":[0,-0.8]}},{"type":"Feature","geometry":{"type":"Point","coordinates":[21.37305,45.714425]},"properties":{"line":"M24","mode":"bus","color":"#0059a9","colorDark":"#00294f","band":3,"off":[0,1.1]}},{"type":"Feature","geometry":{"type":"Point","coordinates":[21.421147,45.84512]},"properties":{"name":"Teren de sport (Ianova)","band":3,"modes":"bus","arr":["M27"],"off":[0,-0.8]}},{"type":"Feature","geometry":{"type":"Point","coordinates":[21.421147,45.84512]},"properties":{"line":"M27","mode":"bus","color":"#0059a9","colorDark":"#00294f","band":3,"off":[0,1.1]}},{"type":"Feature","geometry":{"type":"Point","coordinates":[21.306071,45.762213]},"properties":{"name":"Girație Pod Bega (Ghiroda)","band":3,"modes":"bus","arr":["M29","M30"],"off":[0,-0.8]}},{"type":"Feature","geometry":{"type":"Point","coordinates":[21.306071,45.762213]},"properties":{"line":"M29","mode":"bus","color":"#0059a9","colorDark":"#00294f","band":3,"off":[-1.7,1.1]}},{"type":"Feature","geometry":{"type":"Point","coordinates":[21.306071,45.762213]},"properties":{"line":"M30","mode":"bus","color":"#0059a9","colorDark":"#00294f","band":3,"off":[1.7,1.1]}},{"type":"Feature","geometry":{"type":"Point","coordinates":[21.306392,45.798105]},"properties":{"name":"Cimitir (Giarmata Vii)","band":3,"modes":"bus","arr":["M35"],"off":[0,-0.8]}},{"type":"Feature","geometry":{"type":"Point","coordinates":[21.306392,45.798105]},"properties":{"line":"M35","mode":"bus","color":"#0059a9","colorDark":"#00294f","band":3,"off":[0,1.1]}},{"type":"Feature","geometry":{"type":"Point","coordinates":[21.021691,45.710609]},"properties":{"name":"Ieșire Răuți (Sânmihaiul German)","band":3,"modes":"bus","arr":["M36"],"off":[0,-0.8]}},{"type":"Feature","geometry":{"type":"Point","coordinates":[21.021691,45.710609]},"properties":{"line":"M36","mode":"bus","color":"#0059a9","colorDark":"#00294f","band":3,"off":[0,1.1]}},{"type":"Feature","geometry":{"type":"Point","coordinates":[21.142576,45.624651]},"properties":{"name":"Drumul Mare (Parța)","band":3,"modes":"bus","arr":["M37"],"off":[0,-0.8]}},{"type":"Feature","geometry":{"type":"Point","coordinates":[21.142576,45.624651]},"properties":{"line":"M37","mode":"bus","color":"#0059a9","colorDark":"#00294f","band":3,"off":[0,1.1]}},{"type":"Feature","geometry":{"type":"Point","coordinates":[21.22165,45.553238]},"properties":{"name":"Capăt (Jebel)","band":3,"modes":"bus","arr":["M38"],"off":[0,-0.8]}},{"type":"Feature","geometry":{"type":"Point","coordinates":[21.22165,45.553238]},"properties":{"line":"M38","mode":"bus","color":"#0059a9","colorDark":"#00294f","band":3,"off":[0,1.1]}},{"type":"Feature","geometry":{"type":"Point","coordinates":[20.882239,45.472054]},"properties":{"name":"Capăt (Cruceni)","band":3,"modes":"bus","arr":["M39"],"off":[0,-0.8]}},{"type":"Feature","geometry":{"type":"Point","coordinates":[20.882239,45.472054]},"properties":{"line":"M39","mode":"bus","color":"#0059a9","colorDark":"#00294f","band":3,"off":[0,1.1]}},{"type":"Feature","geometry":{"type":"Point","coordinates":[21.155115,45.911991]},"properties":{"name":"Darson (Carani)","band":3,"modes":"bus","arr":["M41"],"off":[0,-0.8]}},{"type":"Feature","geometry":{"type":"Point","coordinates":[21.155115,45.911991]},"properties":{"line":"M41","mode":"bus","color":"#0059a9","colorDark":"#00294f","band":3,"off":[0,1.1]}},{"type":"Feature","geometry":{"type":"Point","coordinates":[21.236859,45.755689]},"properties":{"name":"Prefectura","band":3,"modes":"bus","arr":["M50"],"off":[0,-0.8]}},{"type":"Feature","geometry":{"type":"Point","coordinates":[21.236859,45.755689]},"properties":{"line":"M50","mode":"bus","color":"#0059a9","colorDark":"#00294f","band":3,"off":[0,1.1]}},{"type":"Feature","geometry":{"type":"Point","coordinates":[21.230357,45.834164]},"properties":{"name":"Grădiniță (Covaci)","band":3,"modes":"bus","arr":["M42"],"off":[0,-0.8]}},{"type":"Feature","geometry":{"type":"Point","coordinates":[21.230357,45.834164]},"properties":{"line":"M42","mode":"bus","color":"#0059a9","colorDark":"#00294f","band":3,"off":[0,1.1]}},{"type":"Feature","geometry":{"type":"Point","coordinates":[20.9669,45.748784]},"properties":{"name":"Capăt (Beregsăul Mic)","band":3,"modes":"bus","arr":["M43"],"off":[0,-0.8]}},{"type":"Feature","geometry":{"type":"Point","coordinates":[20.9669,45.748784]},"properties":{"line":"M43","mode":"bus","color":"#0059a9","colorDark":"#00294f","band":3,"off":[0,1.1]}},{"type":"Feature","geometry":{"type":"Point","coordinates":[21.056476,45.835711]},"properties":{"name":"Calea Dudeștii Noi (Becicherecul Mic)","band":3,"modes":"bus","arr":["M44"],"off":[0,-0.8]}},{"type":"Feature","geometry":{"type":"Point","coordinates":[21.056476,45.835711]},"properties":{"line":"M44","mode":"bus","color":"#0059a9","colorDark":"#00294f","band":3,"off":[0,1.1]}},{"type":"Feature","geometry":{"type":"Point","coordinates":[21.246865,45.802785]},"properties":{"name":"Parcul Central (Dumbrăvița)","band":3,"modes":"bus","arr":["M45"],"off":[0,-0.8]}},{"type":"Feature","geometry":{"type":"Point","coordinates":[21.246865,45.802785]},"properties":{"line":"M45","mode":"bus","color":"#0059a9","colorDark":"#00294f","band":3,"off":[0,1.1]}},{"type":"Feature","geometry":{"type":"Point","coordinates":[21.153385,45.649334]},"properties":{"name":"Intersecție str. a IV a cu str. a CXI a (Șag)","band":3,"modes":"bus","arr":["M46"],"off":[0,-0.8]}},{"type":"Feature","geometry":{"type":"Point","coordinates":[21.153385,45.649334]},"properties":{"line":"M46","mode":"bus","color":"#0059a9","colorDark":"#00294f","band":3,"off":[0,1.1]}},{"type":"Feature","geometry":{"type":"Point","coordinates":[21.08402,45.902709]},"properties":{"name":"Centru (Hodoni)","band":3,"modes":"bus","arr":["M47"],"off":[0,-0.8]}},{"type":"Feature","geometry":{"type":"Point","coordinates":[21.08402,45.902709]},"properties":{"line":"M47","mode":"bus","color":"#0059a9","colorDark":"#00294f","band":3,"off":[0,1.1]}},{"type":"Feature","geometry":{"type":"Point","coordinates":[21.319577,45.977019]},"properties":{"name":"Căminul Cultural (Seceani)","band":3,"modes":"bus","arr":["M48"],"off":[0,-0.8]}},{"type":"Feature","geometry":{"type":"Point","coordinates":[21.319577,45.977019]},"properties":{"line":"M48","mode":"bus","color":"#0059a9","colorDark":"#00294f","band":3,"off":[0,1.1]}},{"type":"Feature","geometry":{"type":"Point","coordinates":[21.31986,45.848492]},"properties":{"name":"Girație Calea Bencecului (Giarmata)","band":3,"modes":"bus","arr":["M49"],"off":[0,-0.8]}},{"type":"Feature","geometry":{"type":"Point","coordinates":[21.31986,45.848492]},"properties":{"line":"M49","mode":"bus","color":"#0059a9","colorDark":"#00294f","band":3,"off":[0,1.1]}},{"type":"Feature","geometry":{"type":"Point","coordinates":[20.860508,45.912061]},"properties":{"name":"Biserica Romano Catolică (Uihei)","band":3,"modes":"bus","arr":["M50"],"off":[0,-0.8]}},{"type":"Feature","geometry":{"type":"Point","coordinates":[20.860508,45.912061]},"properties":{"line":"M50","mode":"bus","color":"#0059a9","colorDark":"#00294f","band":3,"off":[0,1.1]}},{"type":"Feature","geometry":{"type":"Point","coordinates":[21.218099,45.597637]},"properties":{"name":"Primărie (Pădureni)","band":3,"modes":"bus","arr":["M51"],"off":[0,-0.8]}},{"type":"Feature","geometry":{"type":"Point","coordinates":[21.218099,45.597637]},"properties":{"line":"M51","mode":"bus","color":"#0059a9","colorDark":"#00294f","band":3,"off":[0,1.1]}},{"type":"Feature","geometry":{"type":"Point","coordinates":[21.207163,45.750421]},"properties":{"name":"Gara de Nord","band":3,"modes":"tram","arr":["1","8","9"],"off":[0,-0.8]}},{"type":"Feature","geometry":{"type":"Point","coordinates":[21.207163,45.750421]},"properties":{"line":"1","mode":"tram","color":"#d6212b","colorDark":"#7c1116","band":3,"off":[-3.4,1.1]}},{"type":"Feature","geometry":{"type":"Point","coordinates":[21.207163,45.750421]},"properties":{"line":"8","mode":"tram","color":"#d6212b","colorDark":"#7c1116","band":3,"off":[0,1.1]}},{"type":"Feature","geometry":{"type":"Point","coordinates":[21.207163,45.750421]},"properties":{"line":"9","mode":"tram","color":"#d6212b","colorDark":"#7c1116","band":3,"off":[3.4,1.1]}},{"type":"Feature","geometry":{"type":"Point","coordinates":[21.258581,45.73382]},"properties":{"name":"Piața Gheorghe Domășneanu (Liviu Rebreanu - AEM)","band":3,"modes":"tram","arr":["1","4","8","9"],"off":[0,-0.8]}},{"type":"Feature","geometry":{"type":"Point","coordinates":[21.258581,45.73382]},"properties":{"name":"AEM (Dräxlmaier)","band":3,"modes":"tram","arr":["1","4","8","9"],"off":[0,-4.1]}},{"type":"Feature","geometry":{"type":"Point","coordinates":[21.258581,45.73382]},"properties":{"line":"1","mode":"tram","color":"#d6212b","colorDark":"#7c1116","band":3,"off":[-5.1,1.1]}},{"type":"Feature","geometry":{"type":"Point","coordinates":[21.258581,45.73382]},"properties":{"line":"4","mode":"tram","color":"#d6212b","colorDark":"#7c1116","band":3,"off":[-1.7,1.1]}},{"type":"Feature","geometry":{"type":"Point","coordinates":[21.258581,45.73382]},"properties":{"line":"8","mode":"tram","color":"#d6212b","colorDark":"#7c1116","band":3,"off":[1.7,1.1]}},{"type":"Feature","geometry":{"type":"Point","coordinates":[21.258581,45.73382]},"properties":{"line":"9","mode":"tram","color":"#d6212b","colorDark":"#7c1116","band":3,"off":[5.1,1.1]}},{"type":"Feature","geometry":{"type":"Point","coordinates":[21.202339,45.726003]},"properties":{"name":"Shopping City","band":3,"modes":"tram","arr":["2"],"off":[0,-0.8]}},{"type":"Feature","geometry":{"type":"Point","coordinates":[21.202339,45.726003]},"properties":{"line":"2","mode":"tram","color":"#d6212b","colorDark":"#7c1116","band":3,"off":[0,1.1]}},{"type":"Feature","geometry":{"type":"Point","coordinates":[21.219712,45.769241]},"properties":{"name":"Calea Torontalului (Ciocanul)","band":3,"modes":"tram","arr":["2","4","7"],"off":[0,-0.8]}},{"type":"Feature","geometry":{"type":"Point","coordinates":[21.219712,45.769241]},"properties":{"line":"2","mode":"tram","color":"#d6212b","colorDark":"#7c1116","band":3,"off":[-3.4,1.1]}},{"type":"Feature","geometry":{"type":"Point","coordinates":[21.219712,45.769241]},"properties":{"line":"4","mode":"tram","color":"#d6212b","colorDark":"#7c1116","band":3,"off":[0,1.1]}},{"type":"Feature","geometry":{"type":"Point","coordinates":[21.219712,45.769241]},"properties":{"line":"7","mode":"tram","color":"#d6212b","colorDark":"#7c1116","band":3,"off":[3.4,1.1]}},{"type":"Feature","geometry":{"type":"Point","coordinates":[21.196014,45.739692]},"properties":{"name":"Dâmbovița","band":3,"modes":"tram","arr":["7"],"off":[0,-0.8]}},{"type":"Feature","geometry":{"type":"Point","coordinates":[21.196014,45.739692]},"properties":{"line":"7","mode":"tram","color":"#d6212b","colorDark":"#7c1116","band":3,"off":[0,1.1]}},{"type":"Feature","geometry":{"type":"Point","coordinates":[21.198671,45.754234]},"properties":{"name":"Bârzava","band":4,"modes":"bus","arr":["5b"],"off":[0,-0.8]}},{"type":"Feature","geometry":{"type":"Point","coordinates":[21.198671,45.754234]},"properties":{"line":"5b","mode":"bus","color":"#0059a9","colorDark":"#00294f","band":4,"off":[0,1.1]}},{"type":"Feature","geometry":{"type":"Point","coordinates":[21.210907,45.744901]},"properties":{"name":"Bd. Regele Carol I","band":4,"modes":"bus","arr":["5b"],"off":[0,-0.8]}},{"type":"Feature","geometry":{"type":"Point","coordinates":[21.210907,45.744901]},"properties":{"line":"5b","mode":"bus","color":"#0059a9","colorDark":"#00294f","band":4,"off":[0,1.1]}},{"type":"Feature","geometry":{"type":"Point","coordinates":[21.189842,45.750871]},"properties":{"name":"Ronaț (Bogdăneștilor)","band":4,"modes":"bus","arr":["5c"],"off":[0,-0.8]}},{"type":"Feature","geometry":{"type":"Point","coordinates":[21.189842,45.750871]},"properties":{"line":"5c","mode":"bus","color":"#0059a9","colorDark":"#00294f","band":4,"off":[0,1.1]}},{"type":"Feature","geometry":{"type":"Point","coordinates":[21.24465,45.766321]},"properties":{"name":"Gara de Est","band":4,"modes":"bus","arr":["5c","23"],"off":[0,-0.8]}},{"type":"Feature","geometry":{"type":"Point","coordinates":[21.24465,45.766321]},"properties":{"line":"5c","mode":"bus","color":"#0059a9","colorDark":"#00294f","band":4,"off":[-1.7,1.1]}},{"type":"Feature","geometry":{"type":"Point","coordinates":[21.24465,45.766321]},"properties":{"line":"23","mode":"bus","color":"#0059a9","colorDark":"#00294f","band":4,"off":[1.7,1.1]}},{"type":"Feature","geometry":{"type":"Point","coordinates":[21.199718,45.749078]},"properties":{"name":"Gheorghe Barițiu","band":4,"modes":"bus","arr":["11","14","18","E4b","M11","M14"],"off":[0,-0.8]}},{"type":"Feature","geometry":{"type":"Point","coordinates":[21.199718,45.749078]},"properties":{"line":"11","mode":"bus","color":"#149a3f","colorDark":"#0a5121","band":4,"off":[-6.8,1.1]}},{"type":"Feature","geometry":{"type":"Point","coordinates":[21.199718,45.749078]},"properties":{"line":"14","mode":"bus","color":"#149a3f","colorDark":"#0a5121","band":4,"off":[-3.4,1.1]}},{"type":"Feature","geometry":{"type":"Point","coordinates":[21.199718,45.749078]},"properties":{"line":"18","mode":"bus","color":"#149a3f","colorDark":"#0a5121","band":4,"off":[0,1.1]}},{"type":"Feature","geometry":{"type":"Point","coordinates":[21.199718,45.749078]},"properties":{"line":"E4b","mode":"bus","color":"#0059a9","colorDark":"#00294f","band":4,"off":[3.4,1.1]}},{"type":"Feature","geometry":{"type":"Point","coordinates":[21.199718,45.749078]},"properties":{"line":"M11","mode":"bus","color":"#149a3f","colorDark":"#0a5121","band":4,"off":[6.8,1.1]}},{"type":"Feature","geometry":{"type":"Point","coordinates":[21.199718,45.749078]},"properties":{"line":"M14","mode":"bus","color":"#149a3f","colorDark":"#0a5121","band":4,"off":[0,3.1]}},{"type":"Feature","geometry":{"type":"Point","coordinates":[21.224786,45.756589]},"properties":{"name":"Piața Timișoara 700 (Spitalul Militar)","band":4,"modes":"bus","arr":["13"],"off":[0,-0.8]}},{"type":"Feature","geometry":{"type":"Point","coordinates":[21.224786,45.756589]},"properties":{"line":"13","mode":"bus","color":"#0059a9","colorDark":"#00294f","band":4,"off":[0,1.1]}},{"type":"Feature","geometry":{"type":"Point","coordinates":[21.23424,45.758122]},"properties":{"name":"Bastionul Maria Tereza (Take Ionescu)","band":4,"modes":"bus","arr":["28","46","E4"],"off":[0,-0.8]}},{"type":"Feature","geometry":{"type":"Point","coordinates":[21.23424,45.758122]},"properties":{"line":"28","mode":"bus","color":"#0059a9","colorDark":"#00294f","band":4,"off":[-3.4,1.1]}},{"type":"Feature","geometry":{"type":"Point","coordinates":[21.23424,45.758122]},"properties":{"line":"46","mode":"bus","color":"#0059a9","colorDark":"#00294f","band":4,"off":[0,1.1]}},{"type":"Feature","geometry":{"type":"Point","coordinates":[21.23424,45.758122]},"properties":{"line":"E4","mode":"bus","color":"#0059a9","colorDark":"#00294f","band":4,"off":[3.4,1.1]}},{"type":"Feature","geometry":{"type":"Point","coordinates":[21.261149,45.765718]},"properties":{"name":"Piața V. Economu (Calea Dorobanților)","band":4,"modes":"bus","arr":["M29"],"off":[0,-0.8]}},{"type":"Feature","geometry":{"type":"Point","coordinates":[21.261149,45.765718]},"properties":{"line":"M29","mode":"bus","color":"#0059a9","colorDark":"#00294f","band":4,"off":[0,1.1]}},{"type":"Feature","geometry":{"type":"Point","coordinates":[21.269098,45.769641]},"properties":{"name":"Arena Aqua (Ștrandul Tineretului)","band":4,"modes":"bus","arr":["11","17"],"off":[0,-0.8]}},{"type":"Feature","geometry":{"type":"Point","coordinates":[21.269098,45.769641]},"properties":{"line":"11","mode":"bus","color":"#149a3f","colorDark":"#0a5121","band":4,"off":[-1.7,1.1]}},{"type":"Feature","geometry":{"type":"Point","coordinates":[21.269098,45.769641]},"properties":{"line":"17","mode":"bus","color":"#149a3f","colorDark":"#0a5121","band":4,"off":[1.7,1.1]}},{"type":"Feature","geometry":{"type":"Point","coordinates":[21.269617,45.769365]},"properties":{"name":"Arena Aqua (Bucla)","band":4,"modes":"bus","arr":["11","17"],"off":[0,-0.8]}},{"type":"Feature","geometry":{"type":"Point","coordinates":[21.269617,45.769365]},"properties":{"line":"11","mode":"bus","color":"#149a3f","colorDark":"#0a5121","band":4,"off":[-1.7,1.1]}},{"type":"Feature","geometry":{"type":"Point","coordinates":[21.269617,45.769365]},"properties":{"line":"17","mode":"bus","color":"#149a3f","colorDark":"#0a5121","band":4,"off":[1.7,1.1]}},{"type":"Feature","geometry":{"type":"Point","coordinates":[21.231628,45.758865]},"properties":{"name":"Oituz (Punctele cardinale)","band":4,"modes":"bus","arr":["E6","M45"],"off":[0,-0.8]}},{"type":"Feature","geometry":{"type":"Point","coordinates":[21.231628,45.758865]},"properties":{"line":"E6","mode":"bus","color":"#0059a9","colorDark":"#00294f","band":4,"off":[-1.7,1.1]}},{"type":"Feature","geometry":{"type":"Point","coordinates":[21.231628,45.758865]},"properties":{"line":"M45","mode":"bus","color":"#0059a9","colorDark":"#00294f","band":4,"off":[1.7,1.1]}},{"type":"Feature","geometry":{"type":"Point","coordinates":[21.181345,45.763647]},"properties":{"name":"Pasaj C.F. (Ovidiu Balea)","band":4,"modes":"bus","arr":["13"],"off":[0,-0.8]}},{"type":"Feature","geometry":{"type":"Point","coordinates":[21.181345,45.763647]},"properties":{"line":"13","mode":"bus","color":"#0059a9","colorDark":"#00294f","band":4,"off":[0,1.1]}},{"type":"Feature","geometry":{"type":"Point","coordinates":[21.234705,45.779926]},"properties":{"name":"Ion Ionescu de la Brad","band":4,"modes":"bus","arr":["14"],"off":[0,-0.8]}},{"type":"Feature","geometry":{"type":"Point","coordinates":[21.234705,45.779926]},"properties":{"line":"14","mode":"bus","color":"#149a3f","colorDark":"#0a5121","band":4,"off":[0,1.1]}},{"type":"Feature","geometry":{"type":"Point","coordinates":[21.247427,45.731961]},"properties":{"name":"Girație Bulevardul Sudului","band":4,"modes":"bus","arr":["15","16"],"off":[0,-0.8]}},{"type":"Feature","geometry":{"type":"Point","coordinates":[21.247427,45.731961]},"properties":{"line":"15","mode":"bus","color":"#149a3f","colorDark":"#0a5121","band":4,"off":[-1.7,1.1]}},{"type":"Feature","geometry":{"type":"Point","coordinates":[21.247427,45.731961]},"properties":{"line":"16","mode":"bus","color":"#149a3f","colorDark":"#0a5121","band":4,"off":[1.7,1.1]}},{"type":"Feature","geometry":{"type":"Point","coordinates":[21.233717,45.754683]},"properties":{"name":"Traian Grozăvescu (Poșta Mare)","band":4,"modes":"bus","arr":["15","16","21","40","E7"],"off":[0,-0.8]}},{"type":"Feature","geometry":{"type":"Point","coordinates":[21.233717,45.754683]},"properties":{"line":"15","mode":"bus","color":"#149a3f","colorDark":"#0a5121","band":4,"off":[-6.8,1.1]}},{"type":"Feature","geometry":{"type":"Point","coordinates":[21.233717,45.754683]},"properties":{"line":"16","mode":"bus","color":"#149a3f","colorDark":"#0a5121","band":4,"off":[-3.4,1.1]}},{"type":"Feature","geometry":{"type":"Point","coordinates":[21.233717,45.754683]},"properties":{"line":"21","mode":"bus","color":"#0059a9","colorDark":"#00294f","band":4,"off":[0,1.1]}},{"type":"Feature","geometry":{"type":"Point","coordinates":[21.233717,45.754683]},"properties":{"line":"40","mode":"bus","color":"#0059a9","colorDark":"#00294f","band":4,"off":[3.4,1.1]}},{"type":"Feature","geometry":{"type":"Point","coordinates":[21.233717,45.754683]},"properties":{"line":"E7","mode":"bus","color":"#0059a9","colorDark":"#00294f","band":4,"off":[6.8,1.1]}},{"type":"Feature","geometry":{"type":"Point","coordinates":[21.218887,45.783475]},"properties":{"name":"Universitatea de Științele Vieții","band":4,"modes":"bus","arr":["17","18"],"off":[0,-0.8]}},{"type":"Feature","geometry":{"type":"Point","coordinates":[21.218887,45.783475]},"properties":{"line":"17","mode":"bus","color":"#149a3f","colorDark":"#0a5121","band":4,"off":[-1.7,1.1]}},{"type":"Feature","geometry":{"type":"Point","coordinates":[21.218887,45.783475]},"properties":{"line":"18","mode":"bus","color":"#149a3f","colorDark":"#0a5121","band":4,"off":[1.7,1.1]}},{"type":"Feature","geometry":{"type":"Point","coordinates":[21.228971,45.759442]},"properties":{"name":"Piața Mărăști (Oituz)","band":4,"modes":"bus","arr":["M27"],"off":[0,-0.8]}},{"type":"Feature","geometry":{"type":"Point","coordinates":[21.228971,45.759442]},"properties":{"line":"M27","mode":"bus","color":"#0059a9","colorDark":"#00294f","band":4,"off":[0,1.1]}},{"type":"Feature","geometry":{"type":"Point","coordinates":[21.279772,45.750058]},"properties":{"name":"Școala Generală Plopi","band":4,"modes":"bus","arr":["21"],"off":[0,-0.8]}},{"type":"Feature","geometry":{"type":"Point","coordinates":[21.279772,45.750058]},"properties":{"line":"21","mode":"bus","color":"#0059a9","colorDark":"#00294f","band":4,"off":[0,1.1]}},{"type":"Feature","geometry":{"type":"Point","coordinates":[21.253479,45.747921]},"properties":{"name":"Banatim (Garaj STPT)","band":4,"modes":"bus","arr":["23","M42","M48"],"off":[0,-0.8]}},{"type":"Feature","geometry":{"type":"Point","coordinates":[21.253479,45.747921]},"properties":{"line":"23","mode":"bus","color":"#0059a9","colorDark":"#00294f","band":4,"off":[-3.4,1.1]}},{"type":"Feature","geometry":{"type":"Point","coordinates":[21.253479,45.747921]},"properties":{"line":"M42","mode":"bus","color":"#0059a9","colorDark":"#00294f","band":4,"off":[0,1.1]}},{"type":"Feature","geometry":{"type":"Point","coordinates":[21.253479,45.747921]},"properties":{"line":"M48","mode":"bus","color":"#0059a9","colorDark":"#00294f","band":4,"off":[3.4,1.1]}},{"type":"Feature","geometry":{"type":"Point","coordinates":[21.283241,45.725797]},"properties":{"name":"Hornbach (Buziașului)","band":4,"modes":"bus","arr":["24"],"off":[0,-0.8]}},{"type":"Feature","geometry":{"type":"Point","coordinates":[21.283241,45.725797]},"properties":{"line":"24","mode":"bus","color":"#0059a9","colorDark":"#00294f","band":4,"off":[0,1.1]}},{"type":"Feature","geometry":{"type":"Point","coordinates":[21.260266,45.733007]},"properties":{"name":"Piața Gheorghe Domășneanu (Auchan)","band":4,"modes":"bus","arr":["M22","M24"],"off":[0,-0.8]}},{"type":"Feature","geometry":{"type":"Point","coordinates":[21.260266,45.733007]},"properties":{"line":"M22","mode":"bus","color":"#0059a9","colorDark":"#00294f","band":4,"off":[-1.7,1.1]}},{"type":"Feature","geometry":{"type":"Point","coordinates":[21.260266,45.733007]},"properties":{"line":"M24","mode":"bus","color":"#0059a9","colorDark":"#00294f","band":4,"off":[1.7,1.1]}},{"type":"Feature","geometry":{"type":"Point","coordinates":[21.272235,45.715706]},"properties":{"name":"Intrare Rudicica","band":4,"modes":"bus","arr":["24"],"off":[0,-0.8]}},{"type":"Feature","geometry":{"type":"Point","coordinates":[21.272235,45.715706]},"properties":{"line":"24","mode":"bus","color":"#0059a9","colorDark":"#00294f","band":4,"off":[0,1.1]}},{"type":"Feature","geometry":{"type":"Point","coordinates":[21.276951,45.759893]},"properties":{"name":"Țițeica","band":4,"modes":"bus","arr":["28"],"off":[0,-0.8]}},{"type":"Feature","geometry":{"type":"Point","coordinates":[21.276951,45.759893]},"properties":{"line":"28","mode":"bus","color":"#0059a9","colorDark":"#00294f","band":4,"off":[0,1.1]}},{"type":"Feature","geometry":{"type":"Point","coordinates":[21.225073,45.750878]},"properties":{"name":"Catedrala Mitropolitană","band":4,"modes":"bus","arr":["32","33","33b"],"off":[0,-0.8]}},{"type":"Feature","geometry":{"type":"Point","coordinates":[21.225073,45.750878]},"properties":{"line":"32","mode":"bus","color":"#0059a9","colorDark":"#00294f","band":4,"off":[-3.4,1.1]}},{"type":"Feature","geometry":{"type":"Point","coordinates":[21.225073,45.750878]},"properties":{"line":"33","mode":"bus","color":"#0059a9","colorDark":"#00294f","band":4,"off":[0,1.1]}},{"type":"Feature","geometry":{"type":"Point","coordinates":[21.225073,45.750878]},"properties":{"line":"33b","mode":"bus","color":"#0059a9","colorDark":"#00294f","band":4,"off":[3.4,1.1]}},{"type":"Feature","geometry":{"type":"Point","coordinates":[21.215068,45.745381]},"properties":{"name":"Piața A. Mocioni (Sinaia - 16 Decembrie 1989)","band":4,"modes":"bus","arr":["M36","M37","M51"],"off":[0,-0.8]}},{"type":"Feature","geometry":{"type":"Point","coordinates":[21.215068,45.745381]},"properties":{"line":"M36","mode":"bus","color":"#0059a9","colorDark":"#00294f","band":4,"off":[-3.4,1.1]}},{"type":"Feature","geometry":{"type":"Point","coordinates":[21.215068,45.745381]},"properties":{"line":"M37","mode":"bus","color":"#0059a9","colorDark":"#00294f","band":4,"off":[0,1.1]}},{"type":"Feature","geometry":{"type":"Point","coordinates":[21.215068,45.745381]},"properties":{"line":"M51","mode":"bus","color":"#0059a9","colorDark":"#00294f","band":4,"off":[3.4,1.1]}},{"type":"Feature","geometry":{"type":"Point","coordinates":[21.202991,45.716363]},"properties":{"name":"Gara de Sud","band":4,"modes":"bus","arr":["32"],"off":[0,-0.8]}},{"type":"Feature","geometry":{"type":"Point","coordinates":[21.202991,45.716363]},"properties":{"line":"32","mode":"bus","color":"#0059a9","colorDark":"#00294f","band":4,"off":[0,1.1]}},{"type":"Feature","geometry":{"type":"Point","coordinates":[21.216215,45.74642]},"properties":{"name":"Piața A. Mocioni (16 Decembrie 1989 - Sinaia)","band":4,"modes":"bus","arr":["M37","M51"],"off":[0,-0.8]}},{"type":"Feature","geometry":{"type":"Point","coordinates":[21.216215,45.74642]},"properties":{"line":"M37","mode":"bus","color":"#0059a9","colorDark":"#00294f","band":4,"off":[-1.7,1.1]}},{"type":"Feature","geometry":{"type":"Point","coordinates":[21.216215,45.74642]},"properties":{"line":"M51","mode":"bus","color":"#0059a9","colorDark":"#00294f","band":4,"off":[1.7,1.1]}},{"type":"Feature","geometry":{"type":"Point","coordinates":[21.204558,45.727682]},"properties":{"name":"Piața Veteranilor (Calea Șagului)","band":4,"modes":"bus","arr":["M38","M39","M46"],"off":[0,-0.8]}},{"type":"Feature","geometry":{"type":"Point","coordinates":[21.204558,45.727682]},"properties":{"line":"M38","mode":"bus","color":"#0059a9","colorDark":"#00294f","band":4,"off":[-3.4,1.1]}},{"type":"Feature","geometry":{"type":"Point","coordinates":[21.204558,45.727682]},"properties":{"line":"M39","mode":"bus","color":"#0059a9","colorDark":"#00294f","band":4,"off":[0,1.1]}},{"type":"Feature","geometry":{"type":"Point","coordinates":[21.204558,45.727682]},"properties":{"line":"M46","mode":"bus","color":"#0059a9","colorDark":"#00294f","band":4,"off":[3.4,1.1]}},{"type":"Feature","geometry":{"type":"Point","coordinates":[21.200573,45.722504]},"properties":{"name":"Pod Calea Șagului","band":4,"modes":"bus","arr":["33","E1","E8"],"off":[0,-0.8]}},{"type":"Feature","geometry":{"type":"Point","coordinates":[21.200573,45.722504]},"properties":{"line":"33","mode":"bus","color":"#0059a9","colorDark":"#00294f","band":4,"off":[-3.4,1.1]}},{"type":"Feature","geometry":{"type":"Point","coordinates":[21.200573,45.722504]},"properties":{"line":"E1","mode":"bus","color":"#0059a9","colorDark":"#00294f","band":4,"off":[0,1.1]}},{"type":"Feature","geometry":{"type":"Point","coordinates":[21.200573,45.722504]},"properties":{"line":"E8","mode":"bus","color":"#0059a9","colorDark":"#00294f","band":4,"off":[3.4,1.1]}},{"type":"Feature","geometry":{"type":"Point","coordinates":[21.186962,45.69804]},"properties":{"name":"Incontro","band":4,"modes":"bus","arr":["33b"],"off":[0,-0.8]}},{"type":"Feature","geometry":{"type":"Point","coordinates":[21.186962,45.69804]},"properties":{"line":"33b","mode":"bus","color":"#0059a9","colorDark":"#00294f","band":4,"off":[0,1.1]}},{"type":"Feature","geometry":{"type":"Point","coordinates":[21.245744,45.772974]},"properties":{"name":"Stuparilor","band":4,"modes":"bus","arr":["40"],"off":[0,-0.8]}},{"type":"Feature","geometry":{"type":"Point","coordinates":[21.245744,45.772974]},"properties":{"line":"40","mode":"bus","color":"#0059a9","colorDark":"#00294f","band":4,"off":[0,1.1]}},{"type":"Feature","geometry":{"type":"Point","coordinates":[21.247718,45.779301]},"properties":{"name":"Denya Forest (Constructorilor)","band":4,"modes":"bus","arr":["46"],"off":[0,-0.8]}},{"type":"Feature","geometry":{"type":"Point","coordinates":[21.247718,45.779301]},"properties":{"line":"46","mode":"bus","color":"#0059a9","colorDark":"#00294f","band":4,"off":[0,1.1]}},{"type":"Feature","geometry":{"type":"Point","coordinates":[21.222541,45.790049]},"properties":{"name":"Tristan Tzara","band":4,"modes":"bus","arr":["E1"],"off":[0,-0.8]}},{"type":"Feature","geometry":{"type":"Point","coordinates":[21.222541,45.790049]},"properties":{"line":"E1","mode":"bus","color":"#0059a9","colorDark":"#00294f","band":4,"off":[0,1.1]}},{"type":"Feature","geometry":{"type":"Point","coordinates":[21.26538,45.736201]},"properties":{"name":"Aumovio (Continental)","band":4,"modes":"bus","arr":["E2"],"off":[0,-0.8]}},{"type":"Feature","geometry":{"type":"Point","coordinates":[21.26538,45.736201]},"properties":{"line":"E2","mode":"bus","color":"#0059a9","colorDark":"#00294f","band":4,"off":[0,1.1]}},{"type":"Feature","geometry":{"type":"Point","coordinates":[21.233827,45.756463]},"properties":{"name":"Hector (Bastion)","band":4,"modes":"bus","arr":["M44"],"off":[0,-0.8]}},{"type":"Feature","geometry":{"type":"Point","coordinates":[21.233827,45.756463]},"properties":{"line":"M44","mode":"bus","color":"#0059a9","colorDark":"#00294f","band":4,"off":[0,1.1]}},{"type":"Feature","geometry":{"type":"Point","coordinates":[21.240425,45.774784]},"properties":{"name":"Holdelor","band":4,"modes":"bus","arr":["E2"],"off":[0,-0.8]}},{"type":"Feature","geometry":{"type":"Point","coordinates":[21.240425,45.774784]},"properties":{"line":"E2","mode":"bus","color":"#0059a9","colorDark":"#00294f","band":4,"off":[0,1.1]}},{"type":"Feature","geometry":{"type":"Point","coordinates":[21.260581,45.732249]},"properties":{"name":"Electrotimiș (Calea Buziașului)","band":4,"modes":"bus","arr":["M22","M24"],"off":[0,-0.8]}},{"type":"Feature","geometry":{"type":"Point","coordinates":[21.260581,45.732249]},"properties":{"line":"M22","mode":"bus","color":"#0059a9","colorDark":"#00294f","band":4,"off":[-1.7,1.1]}},{"type":"Feature","geometry":{"type":"Point","coordinates":[21.260581,45.732249]},"properties":{"line":"M24","mode":"bus","color":"#0059a9","colorDark":"#00294f","band":4,"off":[1.7,1.1]}},{"type":"Feature","geometry":{"type":"Point","coordinates":[21.23674,45.721188]},"properties":{"name":"Apicultorilor","band":4,"modes":"bus","arr":["E3"],"off":[0,-0.8]}},{"type":"Feature","geometry":{"type":"Point","coordinates":[21.23674,45.721188]},"properties":{"line":"E3","mode":"bus","color":"#0059a9","colorDark":"#00294f","band":4,"off":[0,1.1]}},{"type":"Feature","geometry":{"type":"Point","coordinates":[21.16587,45.72851]},"properties":{"name":"ELBA (Parc ind. Freidorf)","band":4,"modes":"bus","arr":["E3"],"off":[0,-0.8]}},{"type":"Feature","geometry":{"type":"Point","coordinates":[21.16587,45.72851]},"properties":{"line":"E3","mode":"bus","color":"#0059a9","colorDark":"#00294f","band":4,"off":[0,1.1]}},{"type":"Feature","geometry":{"type":"Point","coordinates":[21.321385,45.809228]},"properties":{"name":"Aeroport (Terminal Schengen)","band":4,"modes":"bus","arr":["E4","E4b"],"off":[0,-0.8]}},{"type":"Feature","geometry":{"type":"Point","coordinates":[21.321385,45.809228]},"properties":{"line":"E4","mode":"bus","color":"#0059a9","colorDark":"#00294f","band":4,"off":[-1.7,1.1]}},{"type":"Feature","geometry":{"type":"Point","coordinates":[21.321385,45.809228]},"properties":{"line":"E4b","mode":"bus","color":"#0059a9","colorDark":"#00294f","band":4,"off":[1.7,1.1]}},{"type":"Feature","geometry":{"type":"Point","coordinates":[21.186226,45.793678]},"properties":{"name":"Metro II (Torontalului)","band":4,"modes":"bus","arr":["E6"],"off":[0,-0.8]}},{"type":"Feature","geometry":{"type":"Point","coordinates":[21.186226,45.793678]},"properties":{"line":"E6","mode":"bus","color":"#0059a9","colorDark":"#00294f","band":4,"off":[0,1.1]}},{"type":"Feature","geometry":{"type":"Point","coordinates":[21.148952,45.718811]},"properties":{"name":"Comtim (Smithfield)","band":4,"modes":"bus","arr":["E7"],"off":[0,-0.8]}},{"type":"Feature","geometry":{"type":"Point","coordinates":[21.148952,45.718811]},"properties":{"line":"E7","mode":"bus","color":"#0059a9","colorDark":"#00294f","band":4,"off":[0,1.1]}},{"type":"Feature","geometry":{"type":"Point","coordinates":[21.276242,45.754058]},"properties":{"name":"Albăstrelelor","band":4,"modes":"bus","arr":["E8"],"off":[0,-0.8]}},{"type":"Feature","geometry":{"type":"Point","coordinates":[21.276242,45.754058]},"properties":{"line":"E8","mode":"bus","color":"#0059a9","colorDark":"#00294f","band":4,"off":[0,1.1]}},{"type":"Feature","geometry":{"type":"Point","coordinates":[21.304082,45.766204]},"properties":{"name":"Ialomiței (Ghiroda)","band":4,"modes":"bus","arr":["M11"],"off":[0,-0.8]}},{"type":"Feature","geometry":{"type":"Point","coordinates":[21.304082,45.766204]},"properties":{"line":"M11","mode":"bus","color":"#149a3f","colorDark":"#0a5121","band":4,"off":[0,1.1]}},{"type":"Feature","geometry":{"type":"Point","coordinates":[21.261913,45.812876]},"properties":{"name":"Belvedere (Dumbrăvița)","band":4,"modes":"bus","arr":["M14"],"off":[0,-0.8]}},{"type":"Feature","geometry":{"type":"Point","coordinates":[21.261913,45.812876]},"properties":{"line":"M14","mode":"bus","color":"#149a3f","colorDark":"#0a5121","band":4,"off":[0,1.1]}},{"type":"Feature","geometry":{"type":"Point","coordinates":[21.330518,45.738204]},"properties":{"name":"Tineret (Moșnița Veche)","band":4,"modes":"bus","arr":["M22"],"off":[0,-0.8]}},{"type":"Feature","geometry":{"type":"Point","coordinates":[21.330518,45.738204]},"properties":{"line":"M22","mode":"bus","color":"#0059a9","colorDark":"#00294f","band":4,"off":[0,1.1]}},{"type":"Feature","geometry":{"type":"Point","coordinates":[21.24804,45.731054]},"properties":{"name":"Girație Sudului","band":4,"modes":"bus","arr":["M23"],"off":[0,-0.8]}},{"type":"Feature","geometry":{"type":"Point","coordinates":[21.24804,45.731054]},"properties":{"line":"M23","mode":"bus","color":"#0059a9","colorDark":"#00294f","band":4,"off":[0,1.1]}},{"type":"Feature","geometry":{"type":"Point","coordinates":[21.291125,45.698843]},"properties":{"name":"Cebza (Urseni)","band":4,"modes":"bus","arr":["M23"],"off":[0,-0.8]}},{"type":"Feature","geometry":{"type":"Point","coordinates":[21.291125,45.698843]},"properties":{"line":"M23","mode":"bus","color":"#0059a9","colorDark":"#00294f","band":4,"off":[0,1.1]}},{"type":"Feature","geometry":{"type":"Point","coordinates":[21.37305,45.714425]},"properties":{"name":"Căminul Cultural (Albina)","band":4,"modes":"bus","arr":["M24"],"off":[0,-0.8]}},{"type":"Feature","geometry":{"type":"Point","coordinates":[21.37305,45.714425]},"properties":{"line":"M24","mode":"bus","color":"#0059a9","colorDark":"#00294f","band":4,"off":[0,1.1]}},{"type":"Feature","geometry":{"type":"Point","coordinates":[21.233,45.757692]},"properties":{"name":"Bastion (Piața Ionel I. C. Brătianu)","band":4,"modes":"bus","arr":["M30","M35","M41","M43","M47","M49"],"off":[0,-0.8]}},{"type":"Feature","geometry":{"type":"Point","coordinates":[21.233,45.757692]},"properties":{"line":"M30","mode":"bus","color":"#0059a9","colorDark":"#00294f","band":4,"off":[-6.8,1.1]}},{"type":"Feature","geometry":{"type":"Point","coordinates":[21.233,45.757692]},"properties":{"line":"M35","mode":"bus","color":"#0059a9","colorDark":"#00294f","band":4,"off":[-3.4,1.1]}},{"type":"Feature","geometry":{"type":"Point","coordinates":[21.233,45.757692]},"properties":{"line":"M41","mode":"bus","color":"#0059a9","colorDark":"#00294f","band":4,"off":[0,1.1]}},{"type":"Feature","geometry":{"type":"Point","coordinates":[21.233,45.757692]},"properties":{"line":"M43","mode":"bus","color":"#0059a9","colorDark":"#00294f","band":4,"off":[3.4,1.1]}},{"type":"Feature","geometry":{"type":"Point","coordinates":[21.233,45.757692]},"properties":{"line":"M47","mode":"bus","color":"#0059a9","colorDark":"#00294f","band":4,"off":[6.8,1.1]}},{"type":"Feature","geometry":{"type":"Point","coordinates":[21.233,45.757692]},"properties":{"line":"M49","mode":"bus","color":"#0059a9","colorDark":"#00294f","band":4,"off":[0,3.1]}},{"type":"Feature","geometry":{"type":"Point","coordinates":[21.421147,45.84512]},"properties":{"name":"Teren de sport (Ianova)","band":4,"modes":"bus","arr":["M27"],"off":[0,-0.8]}},{"type":"Feature","geometry":{"type":"Point","coordinates":[21.421147,45.84512]},"properties":{"line":"M27","mode":"bus","color":"#0059a9","colorDark":"#00294f","band":4,"off":[0,1.1]}},{"type":"Feature","geometry":{"type":"Point","coordinates":[21.306071,45.762213]},"properties":{"name":"Girație Pod Bega (Ghiroda)","band":4,"modes":"bus","arr":["M29","M30"],"off":[0,-0.8]}},{"type":"Feature","geometry":{"type":"Point","coordinates":[21.306071,45.762213]},"properties":{"line":"M29","mode":"bus","color":"#0059a9","colorDark":"#00294f","band":4,"off":[-1.7,1.1]}},{"type":"Feature","geometry":{"type":"Point","coordinates":[21.306071,45.762213]},"properties":{"line":"M30","mode":"bus","color":"#0059a9","colorDark":"#00294f","band":4,"off":[1.7,1.1]}},{"type":"Feature","geometry":{"type":"Point","coordinates":[21.306392,45.798105]},"properties":{"name":"Cimitir (Giarmata Vii)","band":4,"modes":"bus","arr":["M35"],"off":[0,-0.8]}},{"type":"Feature","geometry":{"type":"Point","coordinates":[21.306392,45.798105]},"properties":{"line":"M35","mode":"bus","color":"#0059a9","colorDark":"#00294f","band":4,"off":[0,1.1]}},{"type":"Feature","geometry":{"type":"Point","coordinates":[21.021691,45.710609]},"properties":{"name":"Ieșire Răuți (Sânmihaiul German)","band":4,"modes":"bus","arr":["M36"],"off":[0,-0.8]}},{"type":"Feature","geometry":{"type":"Point","coordinates":[21.021691,45.710609]},"properties":{"line":"M36","mode":"bus","color":"#0059a9","colorDark":"#00294f","band":4,"off":[0,1.1]}},{"type":"Feature","geometry":{"type":"Point","coordinates":[21.142576,45.624651]},"properties":{"name":"Drumul Mare (Parța)","band":4,"modes":"bus","arr":["M37"],"off":[0,-0.8]}},{"type":"Feature","geometry":{"type":"Point","coordinates":[21.142576,45.624651]},"properties":{"line":"M37","mode":"bus","color":"#0059a9","colorDark":"#00294f","band":4,"off":[0,1.1]}},{"type":"Feature","geometry":{"type":"Point","coordinates":[21.22165,45.553238]},"properties":{"name":"Capăt (Jebel)","band":4,"modes":"bus","arr":["M38"],"off":[0,-0.8]}},{"type":"Feature","geometry":{"type":"Point","coordinates":[21.22165,45.553238]},"properties":{"line":"M38","mode":"bus","color":"#0059a9","colorDark":"#00294f","band":4,"off":[0,1.1]}},{"type":"Feature","geometry":{"type":"Point","coordinates":[20.882239,45.472054]},"properties":{"name":"Capăt (Cruceni)","band":4,"modes":"bus","arr":["M39"],"off":[0,-0.8]}},{"type":"Feature","geometry":{"type":"Point","coordinates":[20.882239,45.472054]},"properties":{"line":"M39","mode":"bus","color":"#0059a9","colorDark":"#00294f","band":4,"off":[0,1.1]}},{"type":"Feature","geometry":{"type":"Point","coordinates":[21.155115,45.911991]},"properties":{"name":"Darson (Carani)","band":4,"modes":"bus","arr":["M41"],"off":[0,-0.8]}},{"type":"Feature","geometry":{"type":"Point","coordinates":[21.155115,45.911991]},"properties":{"line":"M41","mode":"bus","color":"#0059a9","colorDark":"#00294f","band":4,"off":[0,1.1]}},{"type":"Feature","geometry":{"type":"Point","coordinates":[21.236859,45.755689]},"properties":{"name":"Prefectura","band":4,"modes":"bus","arr":["M50"],"off":[0,-0.8]}},{"type":"Feature","geometry":{"type":"Point","coordinates":[21.236859,45.755689]},"properties":{"line":"M50","mode":"bus","color":"#0059a9","colorDark":"#00294f","band":4,"off":[0,1.1]}},{"type":"Feature","geometry":{"type":"Point","coordinates":[21.230357,45.834164]},"properties":{"name":"Grădiniță (Covaci)","band":4,"modes":"bus","arr":["M42"],"off":[0,-0.8]}},{"type":"Feature","geometry":{"type":"Point","coordinates":[21.230357,45.834164]},"properties":{"line":"M42","mode":"bus","color":"#0059a9","colorDark":"#00294f","band":4,"off":[0,1.1]}},{"type":"Feature","geometry":{"type":"Point","coordinates":[20.9669,45.748784]},"properties":{"name":"Capăt (Beregsăul Mic)","band":4,"modes":"bus","arr":["M43"],"off":[0,-0.8]}},{"type":"Feature","geometry":{"type":"Point","coordinates":[20.9669,45.748784]},"properties":{"line":"M43","mode":"bus","color":"#0059a9","colorDark":"#00294f","band":4,"off":[0,1.1]}},{"type":"Feature","geometry":{"type":"Point","coordinates":[21.056476,45.835711]},"properties":{"name":"Calea Dudeștii Noi (Becicherecul Mic)","band":4,"modes":"bus","arr":["M44"],"off":[0,-0.8]}},{"type":"Feature","geometry":{"type":"Point","coordinates":[21.056476,45.835711]},"properties":{"line":"M44","mode":"bus","color":"#0059a9","colorDark":"#00294f","band":4,"off":[0,1.1]}},{"type":"Feature","geometry":{"type":"Point","coordinates":[21.246865,45.802785]},"properties":{"name":"Parcul Central (Dumbrăvița)","band":4,"modes":"bus","arr":["M45"],"off":[0,-0.8]}},{"type":"Feature","geometry":{"type":"Point","coordinates":[21.246865,45.802785]},"properties":{"line":"M45","mode":"bus","color":"#0059a9","colorDark":"#00294f","band":4,"off":[0,1.1]}},{"type":"Feature","geometry":{"type":"Point","coordinates":[21.153385,45.649334]},"properties":{"name":"Intersecție str. a IV a cu str. a CXI a (Șag)","band":4,"modes":"bus","arr":["M46"],"off":[0,-0.8]}},{"type":"Feature","geometry":{"type":"Point","coordinates":[21.153385,45.649334]},"properties":{"line":"M46","mode":"bus","color":"#0059a9","colorDark":"#00294f","band":4,"off":[0,1.1]}},{"type":"Feature","geometry":{"type":"Point","coordinates":[21.08402,45.902709]},"properties":{"name":"Centru (Hodoni)","band":4,"modes":"bus","arr":["M47"],"off":[0,-0.8]}},{"type":"Feature","geometry":{"type":"Point","coordinates":[21.08402,45.902709]},"properties":{"line":"M47","mode":"bus","color":"#0059a9","colorDark":"#00294f","band":4,"off":[0,1.1]}},{"type":"Feature","geometry":{"type":"Point","coordinates":[21.319577,45.977019]},"properties":{"name":"Căminul Cultural (Seceani)","band":4,"modes":"bus","arr":["M48"],"off":[0,-0.8]}},{"type":"Feature","geometry":{"type":"Point","coordinates":[21.319577,45.977019]},"properties":{"line":"M48","mode":"bus","color":"#0059a9","colorDark":"#00294f","band":4,"off":[0,1.1]}},{"type":"Feature","geometry":{"type":"Point","coordinates":[21.31986,45.848492]},"properties":{"name":"Girație Calea Bencecului (Giarmata)","band":4,"modes":"bus","arr":["M49"],"off":[0,-0.8]}},{"type":"Feature","geometry":{"type":"Point","coordinates":[21.31986,45.848492]},"properties":{"line":"M49","mode":"bus","color":"#0059a9","colorDark":"#00294f","band":4,"off":[0,1.1]}},{"type":"Feature","geometry":{"type":"Point","coordinates":[20.860508,45.912061]},"properties":{"name":"Biserica Romano Catolică (Uihei)","band":4,"modes":"bus","arr":["M50"],"off":[0,-0.8]}},{"type":"Feature","geometry":{"type":"Point","coordinates":[20.860508,45.912061]},"properties":{"line":"M50","mode":"bus","color":"#0059a9","colorDark":"#00294f","band":4,"off":[0,1.1]}},{"type":"Feature","geometry":{"type":"Point","coordinates":[21.218099,45.597637]},"properties":{"name":"Primărie (Pădureni)","band":4,"modes":"bus","arr":["M51"],"off":[0,-0.8]}},{"type":"Feature","geometry":{"type":"Point","coordinates":[21.218099,45.597637]},"properties":{"line":"M51","mode":"bus","color":"#0059a9","colorDark":"#00294f","band":4,"off":[0,1.1]}},{"type":"Feature","geometry":{"type":"Point","coordinates":[21.207163,45.750421]},"properties":{"name":"Gara de Nord","band":4,"modes":"tram","arr":["1","8","9"],"off":[0,-0.8]}},{"type":"Feature","geometry":{"type":"Point","coordinates":[21.207163,45.750421]},"properties":{"line":"1","mode":"tram","color":"#d6212b","colorDark":"#7c1116","band":4,"off":[-3.4,1.1]}},{"type":"Feature","geometry":{"type":"Point","coordinates":[21.207163,45.750421]},"properties":{"line":"8","mode":"tram","color":"#d6212b","colorDark":"#7c1116","band":4,"off":[0,1.1]}},{"type":"Feature","geometry":{"type":"Point","coordinates":[21.207163,45.750421]},"properties":{"line":"9","mode":"tram","color":"#d6212b","colorDark":"#7c1116","band":4,"off":[3.4,1.1]}},{"type":"Feature","geometry":{"type":"Point","coordinates":[21.25828,45.733602]},"properties":{"name":"Piața Gheorghe Domășneanu (Liviu Rebreanu - AEM)","band":4,"modes":"tram","arr":["1","9"],"off":[0,-0.8]}},{"type":"Feature","geometry":{"type":"Point","coordinates":[21.25828,45.733602]},"properties":{"line":"1","mode":"tram","color":"#d6212b","colorDark":"#7c1116","band":4,"off":[-1.7,1.1]}},{"type":"Feature","geometry":{"type":"Point","coordinates":[21.25828,45.733602]},"properties":{"line":"9","mode":"tram","color":"#d6212b","colorDark":"#7c1116","band":4,"off":[1.7,1.1]}},{"type":"Feature","geometry":{"type":"Point","coordinates":[21.202339,45.726003]},"properties":{"name":"Shopping City","band":4,"modes":"tram","arr":["2"],"off":[0,-0.8]}},{"type":"Feature","geometry":{"type":"Point","coordinates":[21.202339,45.726003]},"properties":{"line":"2","mode":"tram","color":"#d6212b","colorDark":"#7c1116","band":4,"off":[0,1.1]}},{"type":"Feature","geometry":{"type":"Point","coordinates":[21.219712,45.769241]},"properties":{"name":"Calea Torontalului (Ciocanul)","band":4,"modes":"tram","arr":["2","4","7"],"off":[0,-0.8]}},{"type":"Feature","geometry":{"type":"Point","coordinates":[21.219712,45.769241]},"properties":{"line":"2","mode":"tram","color":"#d6212b","colorDark":"#7c1116","band":4,"off":[-3.4,1.1]}},{"type":"Feature","geometry":{"type":"Point","coordinates":[21.219712,45.769241]},"properties":{"line":"4","mode":"tram","color":"#d6212b","colorDark":"#7c1116","band":4,"off":[0,1.1]}},{"type":"Feature","geometry":{"type":"Point","coordinates":[21.219712,45.769241]},"properties":{"line":"7","mode":"tram","color":"#d6212b","colorDark":"#7c1116","band":4,"off":[3.4,1.1]}},{"type":"Feature","geometry":{"type":"Point","coordinates":[21.258882,45.734038]},"properties":{"name":"AEM (Dräxlmaier)","band":4,"modes":"tram","arr":["4","8"],"off":[0,-0.8]}},{"type":"Feature","geometry":{"type":"Point","coordinates":[21.258882,45.734038]},"properties":{"line":"4","mode":"tram","color":"#d6212b","colorDark":"#7c1116","band":4,"off":[-1.7,1.1]}},{"type":"Feature","geometry":{"type":"Point","coordinates":[21.258882,45.734038]},"properties":{"line":"8","mode":"tram","color":"#d6212b","colorDark":"#7c1116","band":4,"off":[1.7,1.1]}},{"type":"Feature","geometry":{"type":"Point","coordinates":[21.196014,45.739692]},"properties":{"name":"Dâmbovița","band":4,"modes":"tram","arr":["7"],"off":[0,-0.8]}},{"type":"Feature","geometry":{"type":"Point","coordinates":[21.196014,45.739692]},"properties":{"line":"7","mode":"tram","color":"#d6212b","colorDark":"#7c1116","band":4,"off":[0,1.1]}}]}