{"type":"FeatureCollection","features":[{"type":"Feature","geometry":{"type":"LineString","coordinates":[[21.19864075565926,45.75426909349423],[21.19879028754707,45.75366952574815],[21.19891829614409,45.75327623256003],[21.19890581289919,45.75321414872414],[21.19898724040137,45.75292749896856],[21.19914114959864,45.75245070612903],[21.19920164147471,45.75240265586873],[21.19937194334396,45.75241138238487],[21.19998009082737,45.75251676198607],[21.20068659873332,45.75254217545574],[21.20160638406387,45.75256224325059],[21.20238554388623,45.75267601992974],[21.20345021949656,45.75282925623433],[21.2042967705142,45.75295368093679],[21.20533202324315,45.75310909066018],[21.20673862514714,45.75333623578008],[21.20820277986467,45.75355869055468],[21.20926712475297,45.75372803691595],[21.20930271656399,45.75372786918091],[21.2093342492926,45.7537234065026],[21.20934457250936,45.75369097292251],[21.20935158095481,45.75314023143042],[21.20934940542627,45.75306979439626],[21.20936876609608,45.7530181883446],[21.20941304808249,45.75296963383867],[21.20948526633509,45.75293546151062],[21.20957636761225,45.75290868914253],[21.21003812912176,45.75285033430202],[21.21140893132873,45.75263156852922],[21.21265087245147,45.75244586532363],[21.21274784658473,45.75242959104366],[21.21291801940423,45.75242711255232],[21.21308695182572,45.75243647776038],[21.21477817180634,45.75265565111692],[21.21546312994938,45.7527390338999],[21.21553740430589,45.7527345703232],[21.21561825396796,45.75271534936936],[21.2156732086052,45.75268729828002],[21.21573892262714,45.75261023235506],[21.2157975906223,45.7524692785724],[21.21588338537942,45.75220292896827],[21.21589105031587,45.75213872997247],[21.21587684577612,45.75207997180458],[21.21584798569338,45.75203360341277],[21.21566825886658,45.75196011661775],[21.21512309079285,45.75173277375392],[21.21480129760424,45.75163047763328],[21.21450448107824,45.75156235356308],[21.21413861036937,45.75149514023888],[21.2134661758275,45.75138234941025],[21.21230593182699,45.75117875645739],[21.21042859703257,45.75089478987764],[21.20906835028095,45.7506909062374],[21.20786267768321,45.7505182011932],[21.20772055924511,45.75046982742013],[21.20763581187671,45.75039474986931],[21.20760943373268,45.75030630365701],[21.20770863985284,45.75016130172337],[21.20820350439988,45.74942553720752],[21.20882212464875,45.7485008632989],[21.20951741174936,45.74746701853799],[21.21032076060318,45.74631755118074],[21.21109943470778,45.74518639395871],[21.21112910231125,45.74506371174569],[21.21109973090099,45.7449854580687],[21.21094371529507,45.74490375956373],[21.20921138563845,45.74436671603254],[21.2091468592241,45.74436166677746],[21.20907441472724,45.74436170303273],[21.20899705413402,45.7443583362582],[21.20893677933837,45.74432977337338],[21.20890294952578,45.74429777825317],[21.20890048023531,45.74425227994439],[21.208895541183,45.74421516830297],[21.20894513182599,45.74417246203757],[21.20903357884012,45.74415311742889],[21.20914160572758,45.74416903025363],[21.20925840474927,45.74425051304783],[21.20997224225204,45.74449072282255],[21.21013936831076,45.74453766919422],[21.21042536609539,45.74462064551611],[21.21065653654487,45.74469910074821],[21.21087687010928,45.74477602364483],[21.21104008948212,45.74483056881523]]},"properties":{"line":"5b","dir":"0","mode":"bus"}},{"type":"Feature","geometry":{"type":"LineString","coordinates":[[21.21102665776742,45.74482835188198],[21.21121942016554,45.74490695353232],[21.21130040576963,45.7450630324902],[21.2113014671622,45.74521426013945],[21.21119244267255,45.74538871525218],[21.21048982172426,45.74638779170875],[21.20999799744878,45.74710574587141],[21.20937414926335,45.74802231070457],[21.2088639572619,45.74876929921437],[21.20840681237358,45.74944216047808],[21.20826673465629,45.74963114620049],[21.20817921812485,45.74979591617212],[21.20806986125487,45.74994190836505],[21.20797845291215,45.75010487419337],[21.20791245697156,45.75019478164808],[21.20786917349952,45.75026976005486],[21.20788879288187,45.75033976534665],[21.20795197275151,45.75039869523255],[21.2080536641432,45.75042325668394],[21.20863089061124,45.75053296450714],[21.20983523818427,45.75073031749369],[21.21147986228154,45.75098271177574],[21.21279536956784,45.75117936362008],[21.21454789724266,45.75146060380769],[21.21581528231026,45.75167958222954],[21.21596073663398,45.75171670236973],[21.21603842252183,45.75176233642501],[21.2160638682576,45.75181001601488],[21.21606414111064,45.75185239281322],[21.21606324446974,45.75195955947346],[21.21599621095087,45.75220093911631],[21.21588975479873,45.75253680681058],[21.21581540636089,45.75275749167041],[21.21576001327107,45.75289935475253],[21.21576080324878,45.75314361559288],[21.21587178412916,45.75365297286609],[21.21595690431142,45.75386062738952],[21.21617399058362,45.75436317091563],[21.21643191653674,45.75492550909847],[21.21652928339889,45.75524091627426],[21.21658760064674,45.75546880147152],[21.21670717817308,45.75575383199657],[21.21699223412103,45.75643482067711],[21.21697800923544,45.75651088916119],[21.21690579837169,45.75657027232235],[21.21677314721497,45.75660985572027],[21.216628092686,45.75660911492149],[21.21615368279046,45.75665278519157],[21.21501618697731,45.75675631415433],[21.21424057528382,45.75684406090425],[21.2131693782032,45.75699054664644],[21.21236442352515,45.75713310647203],[21.21097410267476,45.75740158506827],[21.20987140573273,45.75764050068571],[21.20956332439339,45.75774722535171],[21.20930324692275,45.7578945689716],[21.2090855584185,45.75799513623708],[21.20887097646734,45.75803943843005],[21.20774963362338,45.75826052316697],[21.2070293889501,45.75837605107246],[21.20579902713001,45.75852987964693],[21.20522226824384,45.7586038627858],[21.20435007230015,45.75870220359816],[21.20343175676659,45.75877619791245],[21.20220986972423,45.75877146064373],[21.20164445282159,45.75875603930457],[21.20064159334095,45.75869553728246],[21.20007260319427,45.75863288240372],[21.19973275031885,45.75859622593022],[21.19938033933731,45.75854428829366],[21.19797333237781,45.75829072114772],[21.19617449068963,45.75778079387663],[21.19556001884884,45.75758531905368],[21.19490127393454,45.75731615423076],[21.19391521535249,45.75684430056031],[21.19307499719261,45.75632777978987],[21.19255810808337,45.75592143538967],[21.19191849081344,45.75537759884739],[21.19134180593839,45.75479219498314],[21.19105860891422,45.75443589166625],[21.19070383783584,45.75394875170468],[21.19038967991601,45.75343750328662],[21.19014160112802,45.75291589193638],[21.18986292513731,45.75215741401635],[21.1897159785864,45.75158261851021],[21.18964489166903,45.75098157069415],[21.18964988794007,45.75088282532283],[21.18967994868672,45.75081903781001],[21.18975072007005,45.75078727647432],[21.18984686316,45.75079443524951],[21.18987728421378,45.75084039253966],[21.18989242395618,45.75117515562192],[21.18995366217873,45.75158455428691],[21.19003987353239,45.75197595183814],[21.19020702933379,45.75250830033703],[21.19038425693494,45.75296698693499],[21.19060193633023,45.75340214185056],[21.19091133023982,45.75393270629569],[21.19146459887177,45.75466744328655],[21.19233029692444,45.755507786371],[21.19331992642121,45.75629710661245],[21.19417019586276,45.75679054648192],[21.19536836164809,45.75733222290911],[21.19658238587254,45.75774292861855],[21.1978246760311,45.75808831229858],[21.19903505889336,45.75834204358928],[21.19944525397686,45.75839763585599],[21.19957124894162,45.75835706517623],[21.19959703151262,45.75826126750524],[21.19950024776618,45.75667480925321],[21.20020211020856,45.75566816885399],[21.19850149912405,45.75501851743198],[21.19863762043653,45.7542663845866]]},"properties":{"line":"5b","dir":"1","mode":"bus"}},{"type":"Feature","geometry":{"type":"LineString","coordinates":[[21.18989363995592,45.75086236609349],[21.18991191422522,45.75115646280949],[21.18997104556696,45.75151534042086],[21.19002309430854,45.7518790181981],[21.19020390815875,45.75248133366664],[21.19037393815035,45.75296838515752],[21.19063119081697,45.75346451674488],[21.19092878981587,45.7539482335728],[21.19129530668037,45.75444067686318],[21.19170418820638,45.75489793695451],[21.19217975314967,45.75538116687785],[21.1928356834092,45.75594489194763],[21.19339102497315,45.7563808375318],[21.19404685647222,45.75680129942749],[21.19446855215133,45.75698829082565],[21.19490784859416,45.75718588924392],[21.19583708560545,45.75750333720877],[21.19688806519168,45.75786101003565],[21.19793111142058,45.75812460979617],[21.19933830710358,45.75838531549611],[21.20068886746213,45.75857878644102],[21.20184998793192,45.75865852691072],[21.20311491875395,45.75865959836508],[21.20461071645377,45.75856601842058],[21.20605750582106,45.75839020105044],[21.2077754803699,45.75812438888832],[21.20959954639646,45.75769942923444],[21.21202383806214,45.75715527454221],[21.21367399714781,45.75688624878775],[21.21485844559504,45.75677339155522],[21.21685768543588,45.75660619077326],[21.22192778742544,45.75635186273556],[21.2224054348889,45.75631957119068],[21.22309032753106,45.75629628039282],[21.22363270852042,45.75626374858456],[21.22431508399241,45.75621815670696],[21.22461683585876,45.75616528592127],[21.22496430359739,45.75609010296896],[21.22566780813113,45.75605863572719],[21.2264642231091,45.75601496319997],[21.22680661164662,45.75598946426926],[21.22699330805326,45.75595580441571],[21.22742877187192,45.75592798014546],[21.2277938899101,45.75591107036023],[21.22794584965621,45.75592530970684],[21.22810403186292,45.75592775033139],[21.22833392465481,45.75591085225383],[21.22862037405723,45.75589186952065],[21.22870220683324,45.75588882051018],[21.22880272410761,45.75589504882733],[21.22891080359245,45.75591275296421],[21.22909385613955,45.75592276287493],[21.22938761169101,45.75590338868196],[21.23094200639952,45.75582031432594],[21.23209648600749,45.7557540102845],[21.23276094619546,45.75568980373394],[21.23341582746458,45.75562328145452],[21.23411916323846,45.75556736756883],[21.23545012119123,45.75555693758121],[21.23693892846395,45.75557591439363],[21.23799715554185,45.75563182870943],[21.23869999197589,45.75569987934516],[21.23926993866291,45.75577599703941],[21.24016497440939,45.75591377683367],[21.24073109529326,45.75601935348952],[21.24110491342124,45.7560888274647],[21.24117292105468,45.75609983927135],[21.24121336629168,45.75609323791029],[21.24124837852941,45.75607166028558],[21.24126087370768,45.75603606778512],[21.24121826963585,45.75594126468747],[21.24114471498654,45.75582732211455],[21.24051075248151,45.75472999476725],[21.24042951328364,45.75461551767825],[21.24029006036808,45.75440241982106],[21.24018366237237,45.75417613826529],[21.24015074142836,45.75406403544158],[21.24014425299177,45.75401008754086],[21.24016850048476,45.75397779731686],[21.24020297523933,45.75395475310657],[21.24026672798578,45.75394310018807],[21.24034353337684,45.75397125781019],[21.24042898615226,45.75398999620927],[21.24057362425446,45.75402898764572],[21.24126208097063,45.75409561547908],[21.24199041338671,45.75415591150379],[21.24267626150463,45.75423633903419],[21.24367202759142,45.75433930105066],[21.2451773051917,45.75449872410933],[21.24722721385659,45.75470921286037],[21.24786358016666,45.75477216701272],[21.24822387457625,45.75480863517208],[21.24897463771686,45.75485801699929],[21.24995040313902,45.75488337174895],[21.25043969414352,45.75479168992264],[21.25095750429989,45.75470813923718],[21.25123693669138,45.75468463336503],[21.25176363515077,45.75469291312563],[21.25224385157181,45.75476249605968],[21.25238599209097,45.75478705963707],[21.2527904423635,45.75488124477082],[21.25323542470376,45.75504829228544],[21.25361253697772,45.75523379446609],[21.2539625395881,45.75542051772296],[21.25413054306633,45.7554751197862],[21.25426205987639,45.75547224084178],[21.25433781367287,45.75546120699872],[21.2544111853678,45.7554523250847],[21.25448289269712,45.75548041678434],[21.2545342286613,45.75552209757197],[21.2545546771474,45.75562331390414],[21.25455738772467,45.75571074892571],[21.25463403875153,45.7558437529756],[21.25503004712045,45.75619000229973],[21.25548923794026,45.75665571016811],[21.25582615857331,45.75702808830767],[21.25600537440195,45.75727636632826],[21.25622605924908,45.75754745887075],[21.25683009875096,45.75810954971885],[21.25718049186388,45.75841847327949],[21.25773701414253,45.75883749528555],[21.25801635646484,45.75906691693511],[21.2583479336616,45.75935400457731],[21.25858292299197,45.75956915213853],[21.25877154041669,45.75977896550917],[21.25933437775173,45.76046342637711],[21.25997982805738,45.76139981871986],[21.26037720970346,45.76199237965093],[21.26061789064008,45.76236380374471],[21.26078305935567,45.76260611116814],[21.26083827582588,45.76276468570182],[21.26087348683227,45.76294538376361],[21.26087333258596,45.76312312051574],[21.26076244946719,45.76414095985148],[21.26065426559683,45.76473346455348],[21.26060800187823,45.76504101135536],[21.26061255814808,45.76535094800713],[21.26066804688852,45.76579473592853],[21.26066118132458,45.76647064317014],[21.26062163578292,45.76703622831187],[21.26057146842343,45.7677147307642],[21.26054409762363,45.76814062870123],[21.26050579799432,45.76861763562933],[21.26047146320651,45.76901846098629],[21.26045981874967,45.7692123251292],[21.26044080172004,45.76949647745142],[21.26039633763072,45.77008706973817],[21.26032720497422,45.77103427140393],[21.26027863656977,45.77142957208257],[21.26025344359776,45.77162093889287],[21.2601969119668,45.77172072290888],[21.25999353635231,45.77178585343012],[21.25985294248357,45.77182352585577],[21.25972159171916,45.77185024703159],[21.25924873636541,45.77184056264806],[21.25854904523925,45.77180503745993],[21.25671655019904,45.77172185862296],[21.25554922293035,45.77166985206384],[21.25532762607583,45.77166279402942],[21.25512332000061,45.77163595152084],[21.25486935899313,45.77152992148546],[21.25459894771863,45.77139871884954],[21.25310448651474,45.7706356880012],[21.2517990710979,45.7699703736797],[21.25031876781669,45.76922160471151],[21.24836712157216,45.76822795033452],[21.24718441648962,45.76763435817319],[21.24567077984962,45.76685572730914],[21.24480889926759,45.76648841791644],[21.24469566209949,45.7664335800597],[21.24453000886728,45.76635506225427]]},"properties":{"line":"5c","dir":"0","mode":"bus"}},{"type":"Feature","geometry":{"type":"LineString","coordinates":[[21.24479068159364,45.76633033211166],[21.24496932565537,45.76646840995873],[21.24540812346467,45.76669597282038],[21.2464229917517,45.76720225060399],[21.24713437880731,45.76755740964558],[21.24775483436606,45.7678739457451],[21.24922339570357,45.76862552578299],[21.25080454837836,45.76942726436334],[21.25250651856675,45.77029201681319],[21.25412824762811,45.77112341341848],[21.25454786192763,45.77133544147777],[21.25490029151855,45.77150720691274],[21.25506024363086,45.77157326716481],[21.25518662290473,45.77161085110935],[21.25534598282697,45.77163484071259],[21.2557082561827,45.77165367852272],[21.25742076396534,45.77172701755416],[21.25948859606081,45.77182282437208],[21.25967781956544,45.77182209224971],[21.25984076275386,45.77180325720152],[21.25994322922475,45.77177622137644],[21.26005333323927,45.77174073726254],[21.26013911518075,45.77169334860071],[21.26017120742932,45.77159958706899],[21.2601813538262,45.77144210221061],[21.26021378171646,45.77085675823606],[21.26027381802704,45.77001903603868],[21.26033490663288,45.76930891113536],[21.26038615544589,45.76856891597603],[21.26042877033617,45.767857671041],[21.26051309690394,45.76707760353926],[21.26055869611378,45.76668705470529],[21.26059400048079,45.76620285717771],[21.2606044191545,45.76605343445074],[21.26059220232115,45.76575541787498],[21.26056408106373,45.76548078664964],[21.26054135455559,45.765106165902],[21.26056293006601,45.76495448853855],[21.26058667085405,45.76478677957831],[21.26072667453453,45.76393569859109],[21.26077650773432,45.76324704689562],[21.26078501538668,45.76294409540794],[21.26074729937565,45.76278265701932],[21.26065815842889,45.76258819777672],[21.26052439913183,45.76236243201608],[21.26033708124219,45.76208093415467],[21.26007908099972,45.76169510366103],[21.25988042093696,45.76139932274824],[21.25942970821797,45.76070800756301],[21.25922018975855,45.76041118347917],[21.25889356992867,45.75998566534183],[21.25867521375836,45.75972331608418],[21.25838683911893,45.75945040460922],[21.2581755850979,45.75931270411514],[21.25787184407353,45.75908500846019],[21.2574745866392,45.75874317909035],[21.25691394028388,45.75827088937182],[21.25644337252696,45.75784345048937],[21.25628591128092,45.75770284235867],[21.25610962799876,45.75752709761124],[21.2559489876754,45.75734348335471],[21.25578124279601,45.75716472433471],[21.2557441300709,45.75712557575431],[21.25567026274219,45.75706066449533],[21.25552296957476,45.75696821752342],[21.25539306509611,45.75684647371185],[21.25523399979284,45.75670351741286],[21.25517864409913,45.75663899438732],[21.25482619489017,45.75622457382957],[21.2545678341337,45.75598347973149],[21.25443130373054,45.75585656437651],[21.2542269184988,45.7557056449184],[21.25402323355971,45.7555733745735],[21.25374658328624,45.75542988798102],[21.25347956212853,45.75527891216163],[21.25316874012376,45.75513292583102],[21.25278150025283,45.75497884625164],[21.25247227730956,45.75489132624033],[21.25208546343984,45.75481005895536],[21.25165948749526,45.7547781498024],[21.251272389612,45.75476923091621],[21.25108366104872,45.75478018198908],[21.25090025412729,45.75479614522489],[21.25056137239971,45.75486851115844],[21.25027374455683,45.75494818983933],[21.25003975991111,45.75501884159422],[21.24982445736084,45.75505971113441],[21.24959813098404,45.7550484250648],[21.24940914120611,45.75503209778784],[21.2488020307041,45.75496734087448],[21.24753188187992,45.75482359989271],[21.2459565352515,45.75465595374991],[21.24442294336723,45.75449390697734],[21.24315754934864,45.75436228050327],[21.24220465206994,45.75426088056366],[21.24146338894482,45.75419353978714],[21.24082375731774,45.75412780476136],[21.24058259041519,45.75410243735441],[21.24045871970168,45.75410115583284],[21.24039364940415,45.75411691568183],[21.24035626830102,45.75414226025742],[21.24032861005571,45.75416757150833],[21.24029711096303,45.75419957033213],[21.24029795689455,45.75426120783968],[21.24035964928435,45.75439402827745],[21.24046104202979,45.75457156431418],[21.24089692930223,45.7553221607444],[21.24128010256081,45.75593478225478],[21.24137222895938,45.75602659271239],[21.2413993075848,45.75605990550639],[21.24138861319715,45.7561077405058],[21.24131786625866,45.75614854516571],[21.24124225580942,45.75615831612243],[21.24092165448253,45.75609744594535],[21.2404392827251,45.75599932228451],[21.24006482855882,45.75592201490426],[21.23961398476077,45.75584732663607],[21.23884179956802,45.7557373254032],[21.23836657279694,45.75569107956143],[21.23784060004985,45.75564975835383],[21.23728769568525,45.75562289599984],[21.23675090148618,45.75560387600969],[21.23569989853427,45.75559210663128],[21.2351750811536,45.75558743209687],[21.23487369022908,45.7555893392833],[21.23422502898928,45.75559897321658],[21.2339668991308,45.75560596919854],[21.23360388006475,45.75562875923558],[21.23333956911588,45.7556572655111],[21.23310471180894,45.75568623946063],[21.23309699622838,45.75568652730084],[21.23247499605755,45.75575119085908],[21.23223531173372,45.75577853829674],[21.23199093687778,45.75579826440022],[21.23103624641507,45.7558445476993],[21.23070304339104,45.75586502687067],[21.22971260034936,45.75592362506978],[21.22932345264284,45.75594770144806],[21.22910338340716,45.75596016364327],[21.22899075885864,45.75595393434518],[21.22887543094008,45.755945291858],[21.22876878433709,45.75592368982102],[21.22868429761285,45.75591042786768],[21.22853978566143,45.75591455769265],[21.2282918721098,45.75593386868459],[21.2280321935376,45.75595113930225],[21.22786905740533,45.75595088614836],[21.2277754840311,45.75593802613635],[21.22767600143274,45.75593923246765],[21.22757198543295,45.75594435733075],[21.22721855616942,45.75596504379076],[21.22704674819205,45.75597773593172],[21.22693469710708,45.75600348794854],[21.22679279485072,45.75602289079696],[21.2266703093464,45.75603520535996],[21.22652704685984,45.75604183881571],[21.22629694997666,45.75605040889189],[21.22595420751566,45.75607096899585],[21.22545897190285,45.75609593740183],[21.2250448311409,45.75611790882855],[21.22488074913218,45.75613535083032],[21.22471203446278,45.75617273772533],[21.22454724930836,45.75621183711021],[21.22425997524035,45.75625619239943],[21.22396512670121,45.75627221564019],[21.22360281816249,45.75629457564677],[21.22299258558105,45.75633132625609],[21.22191475943212,45.75638689033074],[21.22155887232939,45.75640583785972],[21.22116270772265,45.75641528847601],[21.22017444330507,45.7564990355734],[21.2196554643945,45.7565111925332],[21.21824473051995,45.75659670173827],[21.21728743014006,45.75664715073835],[21.21683878814662,45.75669138949716],[21.21591122668272,45.75675099767511],[21.21502381174553,45.75684031452109],[21.21438111745409,45.75690495903608],[21.21341411381448,45.75703548071922],[21.2122725247314,45.75722104780247],[21.21148473884067,45.75736771033267],[21.21047184558729,45.7575885441796],[21.20978262544653,45.75774910585447],[21.20864007237082,45.75803164713863],[21.20795312461679,45.75821143696481],[21.20736350468427,45.7583134704285],[21.20618567430722,45.7584738678422],[21.20527079037225,45.75860017728234],[21.20449593831172,45.75870145186859],[21.20391735075146,45.75875846819054],[21.20322146203868,45.75878459193068],[21.20229276159202,45.75878044539909],[21.20165191843834,45.75876410851708],[21.20076047150894,45.75871497934547],[21.20023016031041,45.75866006002779],[21.1995307169755,45.7585794382377],[21.19888831334129,45.75846655737798],[21.19823829173523,45.75835518636559],[21.19782430738087,45.75824684619246],[21.19650396800872,45.7579105989633],[21.19562153533798,45.75759716889019],[21.19455612427295,45.75716274012631],[21.19398105709042,45.75688483937739],[21.19333288812484,45.75648882562447],[21.19274727118212,45.75609168019742],[21.19223517368063,45.75568998966816],[21.19175756532291,45.75523892344195],[21.19139464744504,45.75482832853146],[21.19103480758131,45.7544179810816],[21.19075263274837,45.75403900741136],[21.19045462621724,45.75354642324758],[21.19015549485352,45.75300861226613],[21.18998502270707,45.75255781398083],[21.18984855814407,45.75214501799454],[21.18970693924051,45.75151546930412],[21.1896543447289,45.75123046998412],[21.18964393047361,45.75106063742744],[21.18963230603292,45.7508274064439],[21.18964621281958,45.75076231678167],[21.18969682425722,45.75069501326573],[21.1897853185381,45.75069177309194],[21.18982937453541,45.75070875747989],[21.18988038803436,45.75073949247187],[21.18991130776913,45.75077723874222],[21.18991348527489,45.75084705080454]]},"properties":{"line":"5c","dir":"1","mode":"bus"}},{"type":"Feature","geometry":{"type":"LineString","coordinates":[[21.19975932973172,45.74907543076175],[21.19973504425679,45.74913637602048],[21.19975766629485,45.74918425679917],[21.19979800674496,45.74920920746118],[21.19992536721001,45.74923339369293],[21.20138334229961,45.74944326058933],[21.20271020915999,45.74962136982966],[21.20398243486182,45.74981512762681],[21.20502746173382,45.74998050993082],[21.20633970139193,45.75018246752956],[21.20771138544699,45.75037277604635],[21.2089994686114,45.75058894691234],[21.21115530721498,45.75092662496205],[21.21292824163273,45.75119159454347],[21.21420475798691,45.7513877352972],[21.21589437440715,45.75166341860754],[21.21660734796888,45.75179117068875],[21.21735030216946,45.75196167167253],[21.21907615302179,45.75239157667143],[21.22077800028704,45.75280652248981],[21.22195218346491,45.75308468771208],[21.2228994404805,45.75331911044874],[21.22425085275866,45.7536384631678],[21.22473269940542,45.75373857646604],[21.22502777000174,45.75380930516242],[21.22514120868049,45.75386395507832],[21.22520420962167,45.7539367725775],[21.22520961412724,45.7540328833004],[21.22516439319544,45.75413704138441],[21.22510536960816,45.75427928149409],[21.22503268340948,45.75446719407956],[21.22498984836773,45.75470038795015],[21.22494124185299,45.75514921117502],[21.22487816756884,45.75566094389556],[21.22480994240948,45.75628645884292],[21.22475583175426,45.7568907987246],[21.22474474102446,45.75707562598657],[21.22475894093137,45.75725516503757],[21.224805922407,45.75744220091],[21.2248700963056,45.7575782711673],[21.22495705619351,45.75771047401007],[21.2250823089893,45.75785338771427],[21.22534546285952,45.75806843871106],[21.22558037637796,45.758257911404],[21.22578340655794,45.75839170141126],[21.22604841597034,45.75854000168613],[21.22641006684459,45.75873041504334],[21.22697995854692,45.75901373621561],[21.22730703363225,45.75918084872336],[21.22740605858791,45.75921412651581],[21.22763442728062,45.75921637123926],[21.22781327665464,45.7592104517481],[21.22797081059872,45.75921979320707],[21.22815690828045,45.75927193022437],[21.22830342070226,45.75935240932593],[21.22844949444099,45.7594092128243],[21.22863467523169,45.75941184590819],[21.22918016540906,45.75937678062413],[21.23001087953505,45.7593262148996],[21.230377116722,45.75927554311093],[21.23052151270955,45.75924194639071],[21.23077596930371,45.75915353612555],[21.23131900330225,45.75893765538068],[21.23174409465981,45.75873360440121],[21.23193220243918,45.75863290352499],[21.23208985465654,45.75848293987304],[21.23216801925727,45.75837244473822],[21.23224277797847,45.75824475894672],[21.23228344198143,45.75810877139607],[21.23231497129561,45.75797932459852],[21.2323895292069,45.75784087675812],[21.2324713790228,45.75776263779419],[21.23256312492842,45.75771875191028],[21.23268912550522,45.75769177672581],[21.23285250618203,45.7576838364923],[21.2329918091385,45.75770840484064],[21.23325457782727,45.75777060276483],[21.23353090122649,45.75786281294191],[21.23389400601707,45.75797576134674],[21.23462322971232,45.75824898795729],[21.23646380257092,45.75888451417045],[21.23843544921148,45.75954758837148],[21.24016765980844,45.76014791954899],[21.24210619169371,45.76081631148955],[21.24460301938829,45.76166586483302],[21.24572933306745,45.76203467831559],[21.24679014338382,45.76232631128531],[21.24898207000221,45.76287116655369],[21.25118284639034,45.76338478037309],[21.25172776704764,45.76348092810139],[21.25229884215218,45.76354453881626],[21.25301963441828,45.76359253341755],[21.25469646298931,45.76367819629628],[21.25543320899096,45.76372758655756],[21.25568368582793,45.7637554029696],[21.256070528587,45.76381424505],[21.25702373957094,45.7640142142136],[21.2582485123751,45.76429438253391],[21.25866219602131,45.76441305778388],[21.25911564607014,45.76456598892538],[21.25939895676479,45.76469682155404],[21.25988532039594,45.76494243197353],[21.26064366354701,45.76539588239867],[21.26116336849869,45.7657385852729],[21.2619074501713,45.76624183993532],[21.26288115173358,45.76695944061072],[21.26373538964475,45.76760503172802],[21.26458103987179,45.76822974047586],[21.26479061892588,45.76837631763833],[21.26497452295867,45.76847147002357],[21.26533900012244,45.76864888949197],[21.26565945912827,45.76877983360718],[21.26641461879952,45.76905261825158],[21.26674367313948,45.76915286800839],[21.26716558337737,45.76925036315966],[21.26880146185658,45.76958876670152],[21.26917929790569,45.76967328970643]]},"properties":{"line":"11","dir":"0","mode":"bus"}},{"type":"Feature","geometry":{"type":"LineString","coordinates":[[21.26959643386281,45.76941331368864],[21.26914301820725,45.76928771045873],[21.26891370759397,45.76922584718837],[21.26875262865846,45.76916700137938],[21.26858641267696,45.76911369052298],[21.26849682138226,45.76909075380884],[21.26839985892985,45.76909349221066],[21.26831401705534,45.7691290482969],[21.2682627488039,45.76918988618996],[21.26825448277599,45.76930519093504],[21.268248873482,45.76942229980008],[21.26823969104965,45.76949005908362],[21.26821736540208,45.76955611262816],[21.26815993720123,45.76956945418893],[21.26806286799323,45.76956670637203],[21.26747001574628,45.76941679800327],[21.26693817930379,45.7692937496007],[21.26655328321537,45.76918578455771],[21.26614146800014,45.76904148972487],[21.26537734964399,45.76875010657011],[21.26509700265391,45.76862469672776],[21.26480067986113,45.76848663167393],[21.2646761728617,45.76840818825249],[21.26399645737448,45.76790625429311],[21.2630512693373,45.76720304740858],[21.26202847055266,45.76644102364718],[21.26151572882986,45.76612038700399],[21.26083036009779,45.76569027892654],[21.25990458546901,45.76514464712845],[21.25934903845302,45.7648126669203],[21.25905691587624,45.76466213336627],[21.25883917819633,45.76457220715702],[21.25832775398755,45.76444158718076],[21.25705716401771,45.76415170564163],[21.25614755252278,45.7639469869939],[21.25552310544524,45.76384039128757],[21.25497996787068,45.76377390479114],[21.254178595904,45.76373535039446],[21.25329899939569,45.76369335002225],[21.2522433760171,45.76363158743135],[21.25171205690921,45.76359296198404],[21.25103257384647,45.76347918953793],[21.24991462624888,45.76321876019124],[21.24782585106925,45.76272971646607],[21.24582464054108,45.76221424942428],[21.24480223634314,45.76187782634074],[21.24378519903507,45.76152956721795],[21.2422948551078,45.76101918120677],[21.2407409921721,45.76048534566365],[21.2382248970655,45.75961259883159],[21.23676302542556,45.75913846454512],[21.23577969027227,45.75882558453052],[21.23425456935442,45.75825644228854],[21.2340041460475,45.75817698282968],[21.23361173391823,45.758139677406],[21.23328582474563,45.7581349712451],[21.23311084408808,45.75817487044188],[21.23287067541747,45.75828688245358],[21.23202173233114,45.75870068714583],[21.23127532089272,45.75902927176288],[21.23079557934238,45.75921751341228],[21.23053369677645,45.75930927881844],[21.23036622255112,45.75935932323094],[21.22997851954328,45.75939858806372],[21.22917927015988,45.75945434399042],[21.22866271720292,45.75949987605443],[21.22851283302816,45.75951144661976],[21.22839983631997,45.75953800865123],[21.22830580423443,45.75960015732833],[21.22821956626255,45.75968777702395],[21.22810314510696,45.75972714057616],[21.22796827960281,45.75975900819695],[21.22780346795836,45.75975538801846],[21.22764526680146,45.75971339569096],[21.22757824389318,45.75965270114424],[21.22754340729054,45.75955084967282],[21.22750885470984,45.7594643205499],[21.22746846954585,45.75938039709619],[21.22740881562025,45.75932219025832],[21.22693955359279,45.75908888874354],[21.22597108765443,45.75858678880137],[21.22561161559753,45.75839732182557],[21.22534880811072,45.75824133228649],[21.22509223558775,45.75802654052396],[21.2249175117594,45.75788252697262],[21.22478737238631,45.75777386969958],[21.22463944026405,45.75757514820969],[21.22452248075977,45.75738719481121],[21.22442457800215,45.75723993578773],[21.22436507094033,45.75718938836496],[21.22430256452705,45.75717462581759],[21.22420355067615,45.75716529979476],[21.22386048306177,45.75722202157354],[21.22369234934234,45.75723630374027],[21.22359328773197,45.75722442341803],[21.22350501795285,45.75720222945306],[21.22347873616981,45.75716670762568],[21.22332463930764,45.75675176567645],[21.2231843700952,45.75641067214454],[21.22314442149463,45.75622968747215],[21.2231166442553,45.75571655429572],[21.22311041499344,45.75557726669103],[21.22315444326604,45.75518608824833],[21.22320043550702,45.75490125273834],[21.22328543004405,45.75454801835902],[21.22341363559728,45.75415608261758],[21.22352616821277,45.7539065422491],[21.22361403598784,45.75370908409312],[21.22364931497385,45.75363725115938],[21.22365954016503,45.75359629306819],[21.22365174867947,45.75357082176106],[21.22359281224276,45.75355091844367],[21.22203391951741,45.75318179602939],[21.22035939941665,45.75279748257568],[21.21772658834798,45.75215171901844],[21.21635528969562,45.75187229490834],[21.21528285838387,45.75167752745232],[21.21392125662715,45.75145702176476],[21.2130879865366,45.75132906486088],[21.21105440740295,45.75101287920739],[21.20916559354919,45.75071397748231],[21.20724925134195,45.75040084037933],[21.20483301046903,45.75002204669597],[21.20263435727138,45.7497179760484],[21.20047456770837,45.74937033733108],[21.19996696054325,45.74929874982071],[21.19971731899959,45.74925752213179],[21.19956301343209,45.74922567333153],[21.19945637589664,45.74919851399725],[21.19941922631014,45.74916819049711],[21.19941052519377,45.74909164285224],[21.19944098976492,45.74904510142652]]},"properties":{"line":"11","dir":"1","mode":"bus"}},{"type":"Feature","geometry":{"type":"LineString","coordinates":[[21.2247781710844,45.75677857222826],[21.22474474102446,45.75707562598657],[21.22475894093137,45.75725516503757],[21.224805922407,45.75744220091],[21.2248700963056,45.7575782711673],[21.22495705619351,45.75771047401007],[21.22494371388581,45.75777016902801],[21.22482710153002,45.75784809243813],[21.22449843404793,45.75794988774278],[21.22337936124816,45.75829490166699],[21.2223972157693,45.7585974957728],[21.22103195677502,45.75905416298224],[21.21956798495577,45.75960253353833],[21.21864478712529,45.75999392135311],[21.21787929511904,45.76031101042178],[21.21649717583243,45.76085143488388],[21.21478597049867,45.76153944067472],[21.21271469281239,45.7623502210779],[21.21141941918677,45.76284878938807],[21.21089939013545,45.76303461111242],[21.21032229332299,45.76318836766219],[21.20888090844574,45.76356630146326],[21.20722276635944,45.76400632193641],[21.20526598560229,45.7645321003578],[21.20336839311775,45.76503204686503],[21.20091742090992,45.76566264540775],[21.19870875925463,45.76615381942457],[21.19762604155787,45.76638294936193],[21.19655540884197,45.7665954956814],[21.19577265270044,45.76675632876209],[21.19566286442769,45.76677925281689],[21.19556129139471,45.76682132334026],[21.19547516273624,45.76684678594336],[21.19540433061487,45.76684740527513],[21.19532528319395,45.76682887796019],[21.19525779456252,45.76679652204546],[21.19520176626274,45.76674484756813],[21.19513791720712,45.76669598688267],[21.19505832769758,45.76664726374911],[21.19481720169453,45.76658897030473],[21.193126493984,45.76622210705743],[21.19096447402751,45.76576322903543],[21.18863178813914,45.76526148435502],[21.18592954062305,45.76466686146361],[21.18468689426938,45.76440294731577],[21.18437593114641,45.76435211848313],[21.18402985122442,45.76430382206644],[21.18375132267378,45.76427946981103],[21.18356760685165,45.7642695284533],[21.18345602412639,45.76428610169027],[21.18338942268796,45.76431566572875],[21.1833102745652,45.76435871751579],[21.18325625912966,45.76437702325917],[21.18318930128244,45.76438652113324],[21.18312857715203,45.76438704552224],[21.18249575953089,45.76421188570685],[21.18153540791705,45.76395436430366],[21.18126260355697,45.76389204855644],[21.18042055350493,45.76372091048741],[21.1801514606843,45.76366032965698],[21.17994924772329,45.7636130125664],[21.17991973484998,45.76357089845007],[21.17991551361444,45.76351295730406],[21.17994960435177,45.76345245650541],[21.17998085395282,45.76341204926558],[21.18001253736223,45.76339616721722],[21.18010525920108,45.76339759893498],[21.180329896259,45.76344772721194],[21.18079208554494,45.76355524143236],[21.18141466792109,45.76369482011441]]},"properties":{"line":"13","dir":"0","mode":"bus"}},{"type":"Feature","geometry":{"type":"LineString","coordinates":[[21.181420001359,45.76369325114118],[21.18238172342954,45.76389111941727],[21.1832536184588,45.76407309662802],[21.18391585790574,45.76421523148326],[21.18433499443762,45.76429074053583],[21.18469743676081,45.76436049348541],[21.18499899476225,45.76442117523749],[21.18573025941428,45.76458352686874],[21.18667541265009,45.76479191638658],[21.18754748835866,45.76499011901568],[21.18867090306728,45.76523026565859],[21.18917921334713,45.7653321750568],[21.18941560156829,45.76536344074267],[21.1897924593544,45.76540389765163],[21.19010984751276,45.76545736559304],[21.19125767326528,45.7657064407167],[21.19263485081255,45.76599223650747],[21.1944678886007,45.76639043024458],[21.1950788138856,45.76652045224721],[21.19523600255402,45.76654242447465],[21.19537319010296,45.76653497788828],[21.19551090136414,45.76655668100366],[21.19560115560024,45.76659545861057],[21.19568275500102,45.76665097154762],[21.19582345163115,45.76667264827229],[21.1961953900154,45.76660483864351],[21.19751935884916,45.76635584699951],[21.19914506427456,45.76600631491021],[21.20024151921836,45.76575894578788],[21.20123425616187,45.76551906559443],[21.20250644241345,45.76518790654161],[21.20433737519145,45.76470608341691],[21.20645543804781,45.76413972544641],[21.20853081756703,45.76358016800954],[21.21052577082674,45.76305766707426],[21.21088530720948,45.7629488607979],[21.21241769433979,45.76235215166826],[21.21443167297443,45.76153566577361],[21.21676273069266,45.7606456037452],[21.21817406379871,45.76008163979189],[21.21954773001247,45.75952061151762],[21.22039881412947,45.75918719725556],[21.22146124022553,45.75880969063725],[21.22279386612524,45.75839676709001],[21.22457299417656,45.7578467617674],[21.22468853549467,45.75779990745368],[21.22472648479402,45.75775375136378],[21.2247131235554,45.75767681994107],[21.22463349203439,45.75756716524559],[21.22456265987704,45.75744910117283],[21.22451356571563,45.75737682729837],[21.22444001899104,45.75727336551527],[21.2244061915057,45.75721952561434],[21.22435488176459,45.75718875018514],[21.22429182739299,45.75716849275762],[21.22420229940346,45.75716929814474],[21.22393146214568,45.75721130104643],[21.22382422088119,45.75722267771574],[21.22369306698683,45.75723218682261],[21.22359745507504,45.7572267989407],[21.22351335727935,45.75719840031136],[21.22346441711805,45.75713428360064],[21.22333579562819,45.75679599596887],[21.22322604944031,45.75650993867345],[21.22316615849377,45.7563376314513],[21.22314253965519,45.75618998774816],[21.22312613234889,45.75578618882025],[21.22310480619915,45.7556010398469],[21.22313700995885,45.75540529662903],[21.22316170088303,45.75512602291474],[21.22319702566785,45.75493769103591],[21.22325171133161,45.75466647794178],[21.22331367403941,45.75446608976512],[21.22340133769293,45.7542029100015],[21.22355017898886,45.75385857605665],[21.22363620251936,45.75366829743452],[21.2236715957953,45.75359167014018],[21.2237085547814,45.75355384682829],[21.2237750820142,45.75354868844996],[21.2238761051729,45.7535624410943],[21.22492083766164,45.75381858880052],[21.22506867863596,45.75386672414972],[21.22513767246407,45.75391486108048],[21.2251672427369,45.75396471811114],[21.22517956609184,45.75403348706963],[21.22518449677862,45.75408850237824],[21.22514515950971,45.75420508546635],[21.22506631948568,45.75437872891199],[21.22503921943033,45.75446812935077],[21.22498578643308,45.7548241087885],[21.22495641192625,45.75513718401217],[21.22488682547139,45.75563981827364],[21.22483662090621,45.75612127506948],[21.22477817728828,45.75678278562527]]},"properties":{"line":"13","dir":"1","mode":"bus"}},{"type":"Feature","geometry":{"type":"LineString","coordinates":[[21.19975932973172,45.74907543076175],[21.19973504425679,45.74913637602048],[21.19975766629485,45.74918425679917],[21.19979800674496,45.74920920746118],[21.19992536721001,45.74923339369293],[21.20138334229961,45.74944326058933],[21.20271020915999,45.74962136982966],[21.20398243486182,45.74981512762681],[21.20502746173382,45.74998050993082],[21.20633970139193,45.75018246752956],[21.20771138544699,45.75037277604635],[21.2089994686114,45.75058894691234],[21.21115530721498,45.75092662496205],[21.21292824163273,45.75119159454347],[21.21420475798691,45.7513877352972],[21.21589437440715,45.75166341860754],[21.21660734796888,45.75179117068875],[21.21735030216946,45.75196167167253],[21.21907615302179,45.75239157667143],[21.22077800028704,45.75280652248981],[21.22195218346491,45.75308468771208],[21.2228994404805,45.75331911044874],[21.22425085275866,45.7536384631678],[21.22473269940542,45.75373857646604],[21.22502777000174,45.75380930516242],[21.22514120868049,45.75386395507832],[21.22520420962167,45.7539367725775],[21.22520961412724,45.7540328833004],[21.22516439319544,45.75413704138441],[21.22510536960816,45.75427928149409],[21.22503268340948,45.75446719407956],[21.22498984836773,45.75470038795015],[21.22494124185299,45.75514921117502],[21.22487816756884,45.75566094389556],[21.22480994240948,45.75628645884292],[21.22475583175426,45.7568907987246],[21.22474474102446,45.75707562598657],[21.22475894093137,45.75725516503757],[21.224805922407,45.75744220091],[21.2248700963056,45.7575782711673],[21.22495705619351,45.75771047401007],[21.2250823089893,45.75785338771427],[21.22534546285952,45.75806843871106],[21.22558037637796,45.758257911404],[21.22578340655794,45.75839170141126],[21.22604841597034,45.75854000168613],[21.22641006684459,45.75873041504334],[21.22697995854692,45.75901373621561],[21.22730703363225,45.75918084872336],[21.22740605858791,45.75921412651581],[21.22763442728062,45.75921637123926],[21.22781327665464,45.7592104517481],[21.22797081059872,45.75921979320707],[21.22815690828045,45.75927193022437],[21.22827167360655,45.75938020297056],[21.22831973727516,45.75948105476616],[21.22830867666183,45.75959625205379],[21.22822786878912,45.75968675768433],[21.22808035613838,45.75973873240387],[21.22796206400278,45.75976512173509],[21.22787684647926,45.75979581630747],[21.22777260338888,45.75986811760666],[21.22761273362641,45.76014349244285],[21.22692612261968,45.76137358520863],[21.22626238136848,45.76253086293634],[21.22590166620564,45.76318220353814],[21.22573658328215,45.76353358825603],[21.22564601600471,45.76381064001285],[21.22557292345182,45.76414026110294],[21.22551761486229,45.76453946871291],[21.225471784341,45.76509429745288],[21.22539468686593,45.76570816488217],[21.22541982574217,45.76581843235348],[21.22546420710048,45.76589860112913],[21.22563087671413,45.76598917818037],[21.22575786943852,45.76607550859609],[21.22588186128995,45.76617797964596],[21.22594743822028,45.766333441777],[21.22599244068347,45.76662538486942],[21.22603911248898,45.76700737767387],[21.22611119956287,45.7677301893868],[21.22615529234277,45.76797277915954],[21.22618317915405,45.7680530963125],[21.22625053163495,45.76812615199014],[21.22631720241562,45.76816238240444],[21.22641656932922,45.76818220434609],[21.22655176126928,45.76817638172008],[21.22873977068591,45.76800471111595],[21.22921092736704,45.76797371037717],[21.22938532628211,45.76794681281444],[21.22948713794397,45.76792057112676],[21.22962798663102,45.76786405113815],[21.22973301201995,45.76783317628141],[21.22980894133211,45.76783479170431],[21.22989506843917,45.76785242850136],[21.22995882680562,45.7679094006843],[21.2299700939747,45.76798296122345],[21.2299418107447,45.76805918135917],[21.2299000303445,45.76811940990141],[21.22988164533163,45.76819554057574],[21.22990315313213,45.76828742427319],[21.23020346956091,45.76899824160685],[21.23072020991826,45.77029267910787],[21.23131460988816,45.77179386659075],[21.23174238885665,45.77286113684787],[21.23235830938477,45.77430438649957],[21.23305191641076,45.77593327326353],[21.23363394026158,45.77723119655115],[21.23403724782372,45.77822209106855],[21.23447717167297,45.77933351032645],[21.23487100674902,45.78019621753297],[21.23492868702572,45.78023746223455],[21.23502773053707,45.78028410855907],[21.23507769638603,45.78033120073821],[21.23510875409588,45.78038797394523],[21.23511520185968,45.78044116709283],[21.23509456170184,45.78050411564077],[21.23503542997554,45.78055029731127],[21.23497034776046,45.78056990710931],[21.23488313334433,45.78057260130576],[21.23483097357305,45.78055405666855],[21.23478136283945,45.78052597960214],[21.23475891117816,45.78049195025402],[21.23475253480281,45.78044256010359],[21.23475979119868,45.7803930461322],[21.23476697655253,45.78033972914585],[21.23476035159287,45.78027702836236],[21.23473984534603,45.780201140757],[21.23469717175727,45.78010643602633],[21.23462885871092,45.77995300686015]]},"properties":{"line":"14","dir":"0","mode":"bus"}},{"type":"Feature","geometry":{"type":"LineString","coordinates":[[21.23462429110637,45.77994744422395],[21.23429711002472,45.77914750393607],[21.23402801717916,45.77852219898657],[21.23372699683658,45.77780787076208],[21.23347752554362,45.77721158476983],[21.23313250445102,45.77641372506232],[21.23282623357912,45.77571047420646],[21.23253050352498,45.77499089439797],[21.23230576995017,45.77444175485562],[21.23195128022085,45.77362697170472],[21.23166961399077,45.77295245002492],[21.23128689295527,45.77200763732889],[21.23102852429778,45.7714015900499],[21.2307056866648,45.77059764927608],[21.23034372340693,45.76970875434857],[21.23010551369508,45.76915577839893],[21.22989032259232,45.76860464234101],[21.22976844336588,45.76832736972802],[21.22970485666194,45.76823984033008],[21.2296225484167,45.76817076580004],[21.22948766688152,45.76809385447077],[21.22932521232883,45.76807204952317],[21.22921059642714,45.76805978618457],[21.2286255136517,45.76809499409172],[21.22763129792715,45.76816713813943],[21.22628020512691,45.76827407495477],[21.22512057848516,45.76836098723314],[21.22459981241797,45.76840058377326],[21.22446133946988,45.76838686816993],[21.22435105936209,45.76835128832985],[21.22425213952493,45.76828568390053],[21.22418437911533,45.76822977321282],[21.22417383426782,45.76817501043761],[21.22419423369608,45.76811830711719],[21.22460527733868,45.76738038503287],[21.22510096206097,45.76647932525996],[21.2251420940034,45.76639540166227],[21.22519703168976,45.76627355642614],[21.22522322441479,45.76614365828204],[21.22525610351811,45.76598876481736],[21.22528283362554,45.76575912126792],[21.22529792752367,45.76554454301377],[21.22533851540692,45.76503355353284],[21.22538299990277,45.76434682664208],[21.22543569568537,45.76397516931402],[21.2254596889049,45.76385526472434],[21.22549763869231,45.76371694846544],[21.22555603154365,45.76357057680411],[21.22575223562993,45.76322802981171],[21.22610381861296,45.7626116286981],[21.22645165412904,45.76201943130752],[21.22684396972733,45.76134539935187],[21.22726749061633,45.76058381749709],[21.22753746450915,45.76009753889407],[21.22761275390737,45.75994369026198],[21.22763268481421,45.75986205569804],[21.22763587790433,45.7597772474838],[21.22762270297871,45.75970921036869],[21.22758115612248,45.75965306561363],[21.2275483990859,45.75955694522385],[21.22751600617488,45.75948048200545],[21.2274714918918,45.75939277970829],[21.22742273693131,45.75933337537981],[21.2271965530685,45.75921406507377],[21.22647493766898,45.75884639685671],[21.22598653244969,45.75859147106906],[21.22557889466496,45.75837897390153],[21.22541502475986,45.75827904657716],[21.22534758340366,45.75823975748509],[21.22516849739112,45.75809009593634],[21.22502325966785,45.75796815171721],[21.22484912618824,45.75782842021198],[21.22477138878544,45.75774766509586],[21.22467364092961,45.75761555722568],[21.22458808095025,45.75749830046868],[21.22453272754909,45.75739736820847],[21.22447148252058,45.75730649054761],[21.22442257869447,45.75723877453385],[21.22436451479574,45.75719108895611],[21.22429515427643,45.75717675175274],[21.22420203305022,45.75716595289263],[21.22393361049628,45.75720992523618],[21.22375528139795,45.75722981425405],[21.22369102263098,45.75723371656313],[21.22360028283217,45.75722289572786],[21.22352850872597,45.75720691729733],[21.22349234541299,45.75718396940875],[21.22337772453935,45.7568857626033],[21.22326292671293,45.75660419612408],[21.2232072469191,45.75646698652587],[21.22318204441135,45.75639240766984],[21.22314865217374,45.75626138272144],[21.22313889749933,45.75612017107991],[21.22311972274602,45.75585580570262],[21.22310901700857,45.75566306992646],[21.2231121154434,45.75557272759313],[21.22314028001579,45.75529153889255],[21.2231673696018,45.75508115291289],[21.22319997152313,45.75491130116502],[21.22323710186591,45.75472862839563],[21.2232951764386,45.75451897585743],[21.22336955038454,45.7542889042406],[21.22341943263162,45.75415173943388],[21.22357273940427,45.75380958155292],[21.2236252010691,45.75368315024305],[21.22365268068533,45.75362305892205],[21.22364946989827,45.75357820460595],[21.22361807358574,45.75355521409469],[21.22272796326309,45.75334710730579],[21.22176613225425,45.75312146668583],[21.2204944720902,45.752830155962],[21.21917647919758,45.75250105123007],[21.21884387775197,45.75242257162508],[21.21786437346305,45.752187176771],[21.21736918995719,45.75207689899258],[21.21676454097343,45.75194896569073],[21.21601149687829,45.75180773761442],[21.21567971378753,45.75175130320495],[21.21522073048828,45.75166563039125],[21.21461143767422,45.75156799561023],[21.21383346469256,45.75144470880305],[21.21319085608104,45.75134902491687],[21.21218742450451,45.7511876019759],[21.21092063508363,45.75098987253408],[21.20973208041097,45.75080200296964],[21.20872019031162,45.7506414144443],[21.2077760040251,45.75049322310389],[21.20640903013516,45.75026562927415],[21.20535161059876,45.75010202086273],[21.20442602216447,45.74996377539441],[21.20362320453154,45.74985282992993],[21.20258532256269,45.7497097474705],[21.20148585053423,45.74953390460413],[21.20063681022397,45.74939578839667],[21.19988518872645,45.74928216011819],[21.19963913422613,45.74924442464302],[21.19951711776668,45.74921557366969],[21.1994381253166,45.74919465663231],[21.19942082235989,45.74915989929961],[21.19940554158868,45.74910517605322],[21.19944019078977,45.74904502750115]]},"properties":{"line":"14","dir":"1","mode":"bus"}},{"type":"Feature","geometry":{"type":"LineString","coordinates":[[21.24747537224157,45.73195252276378],[21.24787024943134,45.7326747943911],[21.24826491698912,45.73338541005636],[21.24878677871103,45.73428285323217],[21.24924120232281,45.73505793355325],[21.24971045527123,45.73586123729162],[21.2499487866879,45.73621710087705],[21.25023475531473,45.73666340396295],[21.25042119054926,45.73692115400494],[21.25051442094059,45.73705063117998],[21.25052121897185,45.73713564990647],[21.25046103950336,45.73724481984781],[21.25031937314495,45.73729681371232],[21.24976255356301,45.73733996460523],[21.24915407384878,45.73739445126233],[21.24851208332545,45.73746010605952],[21.24757177426478,45.737568784291],[21.24667667070878,45.73768563227269],[21.2460955255846,45.73775976285456],[21.24566361579157,45.73782527967769],[21.2452832950951,45.73787583959455],[21.24481128234875,45.73793460976691],[21.2443167588646,45.7379807829132],[21.24391814965998,45.73802426421681],[21.24327880795222,45.73809348399704],[21.24234021265148,45.73821974751844],[21.24147475033421,45.7383473844011],[21.24122122166805,45.73838228804675],[21.24108913501164,45.73840892111853],[21.24097840615036,45.73845156917493],[21.24083972854074,45.73852524673502],[21.24062620674382,45.73875709933043],[21.24003507160446,45.73952659798747],[21.23934458975129,45.74049080065406],[21.23882907051267,45.74122014365539],[21.23878428771378,45.74132192592791],[21.23878032132314,45.74138713092107],[21.23881545965601,45.74146284049245],[21.23888414285108,45.74152919266503],[21.2393511495643,45.74181190523879],[21.2395867628947,45.74192741943124],[21.2410269460183,45.74239710877546],[21.24227663510869,45.74284441465185],[21.24259770743172,45.74295189967958],[21.24271816458074,45.74301234495183],[21.24281050239127,45.74309477066639],[21.24281611275908,45.74317342482518],[21.24276686418856,45.74331326422795],[21.24255950722988,45.74359756097722],[21.24177249262078,45.7446898671235],[21.24092569205882,45.74587000338204],[21.24061275945036,45.74629188626627],[21.24042929909355,45.74660673490695],[21.24023167947764,45.74699657972184],[21.24013032657173,45.74718922043578],[21.23992010964327,45.747460866713],[21.23971177059891,45.747694481484],[21.23948215418667,45.74790010957806],[21.23916598501828,45.74812927586183],[21.23881832020071,45.74834261654538],[21.23844585511471,45.74853971073691],[21.2381188996626,45.74866765820531],[21.2377966818582,45.74877739959576],[21.23727542117788,45.74892515826322],[21.23677661950092,45.74902564412993],[21.23625257510346,45.74910825506995],[21.2359809056673,45.74914693226683],[21.23573206249611,45.74924284765881],[21.23563208869921,45.7493071154013],[21.23552511067886,45.74941308229345],[21.23529411106249,45.74968490931862],[21.23477903553964,45.75028788610366],[21.23420482072376,45.7509712634445],[21.23387531092633,45.75138673132097],[21.23350766864485,45.7518347970809],[21.23315747153609,45.75222566264137],[21.23293408071628,45.75248925667957],[21.23278168152619,45.75266442261623],[21.23264082912034,45.7529023382023],[21.2325821133155,45.75309294630848],[21.23257396187164,45.7532124965267],[21.23260543201197,45.75336980111471],[21.23269002527231,45.75359350388279],[21.23285442883699,45.75392320498163],[21.23307830048185,45.7543810718789],[21.2331783941771,45.75460101246565],[21.23322950206421,45.75469830151937],[21.23327454503054,45.75474857942461],[21.23334771749311,45.75477687913519],[21.23347448732073,45.7547576260673],[21.2336334943587,45.75465842981791]]},"properties":{"line":"15","dir":"0","mode":"bus"}},{"type":"Feature","geometry":{"type":"LineString","coordinates":[[21.23393907031964,45.7544972604427],[21.23439150736349,45.75425282564763],[21.23443307169131,45.75418804702396],[21.23443438475177,45.7541377708982],[21.23437612134819,45.75403148873144],[21.23421229885937,45.75381778288979],[21.23401015904818,45.75360150538286],[21.23370126292668,45.75333413973636],[21.23341460015114,45.75309692121555],[21.23332102969844,45.75302865703339],[21.23304353580879,45.75287566942394],[21.23286673042816,45.75278815330528],[21.23275769827783,45.75273573651352],[21.23272533890183,45.75269047799181],[21.23270174850949,45.75263257385652],[21.23270297514736,45.75257758612638],[21.23272229571391,45.75252714656371],[21.23282537773119,45.75238104205454],[21.23336318807157,45.75176586718484],[21.23391403948975,45.75114111891456],[21.23437188662302,45.75062621109847],[21.23473824625335,45.75018768312198],[21.23503736615869,45.74983347073359],[21.23510575827341,45.74975902330002],[21.23516231055856,45.74965326820178],[21.23523573538914,45.74945335751229],[21.23529222055454,45.74922351327959],[21.23538864928612,45.7488424007662],[21.23541183507371,45.74861933503903],[21.23541416567436,45.74850307783849],[21.23538404921859,45.74833685129549],[21.2352705748372,45.74785964330453],[21.23524220651101,45.74767728444092],[21.2352303152785,45.74737472102371],[21.23524724160182,45.74711141349402],[21.2352629113262,45.74694795886087],[21.23529786920181,45.74681481353039],[21.23536973109381,45.74655275445225],[21.23551524173053,45.7461573050703],[21.23577714297958,45.74553957999024],[21.23590245385587,45.74523223520289],[21.23608637067423,45.74488869545225],[21.23634375006439,45.74450719446901],[21.23696966947888,45.74362837558608],[21.23771174308127,45.74262004555107],[21.23825411157645,45.74185271878366],[21.23844369644863,45.74154989126747],[21.23846645079901,45.74143209926497],[21.23847640071383,45.74129700396801],[21.23840292306897,45.74053896202763],[21.23830270452825,45.73968570640629],[21.23820558178021,45.73883098063721],[21.23809478729808,45.73791242253195],[21.23800462620067,45.73709594248985],[21.23787810990834,45.73583712556266],[21.23776040488168,45.73488211681007],[21.23768336473404,45.73409951484992],[21.23754415387414,45.73282835858876],[21.23741723879919,45.73188059212989],[21.23740847508252,45.73174566710317],[21.23740105564617,45.73168258718106],[21.2374376283021,45.73163652640314],[21.23750579840652,45.73161195270461],[21.23800110829002,45.73157477525355],[21.23948731656747,45.73147846636189],[21.24172416702098,45.73135950094754],[21.24400731731374,45.73123188349255],[21.24497375074802,45.731181475917],[21.24554419357062,45.7311588167504],[21.24612116420145,45.73115133651422],[21.24636850395257,45.73115533582907],[21.24665437388466,45.73118710199919],[21.2467788682449,45.73118776735898],[21.24695713078613,45.73115173321125],[21.24706872899922,45.73115613731174],[21.24718353533348,45.73119309613098],[21.247218302782,45.7312488937278],[21.24723024651164,45.73133205489833],[21.24722376633403,45.73140090364569],[21.24730005991164,45.73159570765363],[21.24747526859049,45.73194709300324]]},"properties":{"line":"15","dir":"1","mode":"bus"}},{"type":"Feature","geometry":{"type":"LineString","coordinates":[[21.24750037133489,45.73226007454189],[21.24723652718374,45.73181146842621],[21.24709715050754,45.73160208853924],[21.2470106659376,45.73152996261791],[21.24685129099306,45.73149091659598],[21.2467617538965,45.73146203128162],[21.24670265557578,45.73140585805545],[21.24664345545817,45.731344284146],[21.24651467295315,45.73128605073592],[21.24627787768772,45.73124501485754],[21.24598733079247,45.73122607873838],[21.24500879455979,45.73124586904839],[21.24431311368645,45.73128736323404],[21.24237891092681,45.7313699129415],[21.2410573735528,45.73146573347782],[21.23947660160685,45.73155850333195],[21.23818485363988,45.73165941962935],[21.23781387514568,45.73168440912179],[21.23771359530938,45.73170152818798],[21.23763291080165,45.73173197251399],[21.23759167000577,45.73180256917152],[21.23759404451678,45.73192948495571],[21.23765713798265,45.73282017522784],[21.23774780665978,45.73373669495415],[21.23788650347982,45.73494499111674],[21.23804907371562,45.73639477955984],[21.23819169154932,45.73760513832117],[21.23831578562749,45.73846574870386],[21.23839035937267,45.73934832891],[21.23849087505127,45.74037619815344],[21.23854890482274,45.74078840967318],[21.23859968443655,45.74102021546556],[21.23868894599774,45.74124033482126],[21.23881314123589,45.7414660689569],[21.23903275374669,45.74162071132207],[21.2394124891187,45.74184540869257],[21.2395997837495,45.74192742299354],[21.24023457872456,45.74214038851402],[21.24127588750974,45.74248761769926],[21.24197326398179,45.74273511156574],[21.24241746396237,45.74289579409641],[21.24261228552414,45.74295470133734],[21.24276511954236,45.7430559317043],[21.24281271977745,45.74311761393865],[21.24280243210474,45.74318792881905],[21.24274367079516,45.7433559164298],[21.24226444018366,45.74400849930992],[21.24158952653941,45.74495793493966],[21.24073446139192,45.74614106220206],[21.24062792677022,45.74627278963813],[21.24036943508772,45.74672888805124],[21.24018997135529,45.74706543041946],[21.24013075545968,45.74719796954136],[21.23991158249418,45.74748085489284],[21.23971048897393,45.74769605540336],[21.23948984183369,45.74790063174534],[21.23917280164221,45.74812499480993],[21.23877076803512,45.74836758740248],[21.2384142727607,45.74855179273619],[21.23803771766286,45.74869836922471],[21.23759522139801,45.74883744374989],[21.23720232098301,45.74893825416668],[21.23680476634921,45.74902019622311],[21.23622614987552,45.74911144053155],[21.23598300989547,45.74914876375329],[21.23586676509023,45.74914171914771],[21.23557084556013,45.74904718276402],[21.23519265255425,45.74889937785044],[21.23461614291603,45.74870205875718],[21.23431471504872,45.74859946610232],[21.23409323290747,45.74855286376273],[21.23316900868108,45.74838840334909],[21.23278497774269,45.74831356530763],[21.23231864775159,45.74821246317931],[21.23181774049254,45.74812517591253],[21.23085908905714,45.7479826116707],[21.2300547976851,45.74789536668342],[21.22920179212292,45.74781395066335],[21.22789293411287,45.74776366125351],[21.22702258818174,45.74779041787793],[21.22633141576248,45.74785607206902],[21.22573290082873,45.7479316849112],[21.22564681796221,45.74797567659158],[21.22560198012553,45.74806250608995],[21.22560155823365,45.74824886512877],[21.22569503754272,45.74869905603062],[21.22573391245493,45.7489174701818],[21.22580706620039,45.74910586673204],[21.22604902099015,45.74942238025793],[21.22651745418185,45.75005516453019],[21.22691583891787,45.75066701617344],[21.22715738814689,45.75116988598674],[21.22764091946891,45.75219817087626],[21.22805650866815,45.75305720037683],[21.22817154500348,45.75320740622826],[21.22827356925815,45.75328210728868],[21.22840218338148,45.75332956013946],[21.2286157391047,45.75336544244619],[21.22882859355413,45.7533635195324],[21.22920705956762,45.75331688686283],[21.22981702911039,45.75323034895205],[21.2303037092247,45.75317463238807],[21.23087718175059,45.75315335188494],[21.23126815858032,45.75315521312299],[21.23150021216791,45.75314500887583],[21.2316586340534,45.75313006972117],[21.23198658579474,45.75307308207617],[21.2321601366315,45.75303909946778],[21.23229951060948,45.7530405368555],[21.23244717840899,45.75307160771479],[21.2325241287856,45.75314030312241],[21.23258097555441,45.75328292954331],[21.23268295886812,45.75356288665341],[21.23280801277677,45.75383453199645],[21.23303344421713,45.7542997240325],[21.23319795277499,45.75466098931341],[21.23326143563907,45.75474413781973],[21.23334718327796,45.75477576915325],[21.23347072648105,45.75475844314212],[21.23364317177951,45.75466505096309]]},"properties":{"line":"16","dir":"0","mode":"bus"}},{"type":"Feature","geometry":{"type":"LineString","coordinates":[[21.23394574102802,45.75449215411274],[21.23416040387199,45.75437947229322],[21.23423689982833,45.75433016326819],[21.23440552330464,45.75423950540683],[21.23442733323558,45.75416368508318],[21.23437073278303,45.75403456124792],[21.23416424755356,45.7537555544655],[21.2339395221108,45.75353613022182],[21.23373897559163,45.75336780088431],[21.23349515469636,45.75316205233344],[21.23317626395205,45.75295590515641],[21.23294551640707,45.75282836083776],[21.23280518908373,45.7527756179767],[21.23272763761535,45.75276821902516],[21.23268511761053,45.75277130548041],[21.23262782173904,45.752812337049],[21.23256831564453,45.75294251476913],[21.23251368529277,45.75312666394046],[21.23251620015881,45.75326168054663],[21.23249458929746,45.75334830173237],[21.23242206393173,45.75340297513048],[21.23232948401888,45.75342001928439],[21.23222886218499,45.75342093154562],[21.23203048306576,45.75336871407277],[21.2319019664163,45.75332666625273],[21.23175929997623,45.75329825046824],[21.2312705667264,45.75324326089999],[21.23094513031095,45.75322730255147],[21.23073217672476,45.7532238289601],[21.23014265796062,45.75326427445961],[21.22975640413873,45.75330828024244],[21.22925060574698,45.75337497181417],[21.22874502963161,45.75345516303554],[21.22845602337934,45.75351989200653],[21.2283247412873,45.75353728250386],[21.22823562926804,45.75353268572446],[21.22817325720676,45.7535089419149],[21.22811792415678,45.75344732350415],[21.22799214263422,45.753135167964],[21.22760529656266,45.75231221567127],[21.22705140466496,45.75113958727467],[21.22692254073845,45.75088470120787],[21.22688726146525,45.75086071233088],[21.22680212375676,45.75086148021028],[21.22601109372727,45.75099284767937],[21.22551143826704,45.75108647547728],[21.2253680017686,45.75107426346645],[21.22529005412722,45.75104525682072],[21.22519220763029,45.75098672065015],[21.22515989995356,45.75091409033283],[21.22517735168554,45.75081130330466],[21.22526715645959,45.750435084683],[21.22553538044194,45.74945162847119],[21.22564408755953,45.74905132589327],[21.22566138801258,45.7489404374641],[21.22564351083354,45.74881096018994],[21.22549317666351,45.74821635098904],[21.22542796444252,45.74803868604251],[21.22542289591051,45.74797391264774],[21.22545265467387,45.74790882543303],[21.22550588130859,45.74785703078085],[21.22559448463634,45.74783462616779],[21.22576440143481,45.74781418964244],[21.22656422902585,45.74774215981758],[21.22737626892267,45.74770242205864],[21.22833591827192,45.74769105159584],[21.2291854370319,45.74773469715686],[21.22989088112438,45.74779043352046],[21.23069939204339,45.74788304852243],[21.23229748710727,45.74808733447932],[21.23296331962735,45.74816772231172],[21.2338248689979,45.74829223999224],[21.23467803380172,45.74843303445545],[21.23505051126486,45.74851067288375],[21.23516725889546,45.74854472170277],[21.23526787233644,45.74854380682352],[21.23534461169834,45.74850799865034],[21.23539742662158,45.74843459685407],[21.23533856079854,45.74818395812003],[21.23525471318349,45.74783901804495],[21.23523826470567,45.74757988972863],[21.23524345593955,45.74720932534591],[21.23526132892089,45.74692287825493],[21.23531574269284,45.74672792548959],[21.23539253127527,45.74648769364066],[21.23569245061298,45.74576115021031],[21.23590606011414,45.74525080418372],[21.23620547654048,45.74470521954828],[21.23658597753377,45.74414989735435],[21.23731229825646,45.74318030526523],[21.23800155723704,45.74222070268102],[21.23845052612164,45.74157713230545],[21.23914772964961,45.7405625288556],[21.23977152754692,45.739668671683],[21.24056197074586,45.73861128892446],[21.24066023570087,45.73848615319779],[21.24073971262853,45.73839089795155],[21.24082356510365,45.7383226106497],[21.24094636153402,45.7382674710234],[21.24103866155242,45.73823691749041],[21.24140505702173,45.73817144539668],[21.24311835430469,45.73798275927865],[21.24532948268805,45.73769947373166],[21.2476845015028,45.73742361391257],[21.24990643556465,45.73716007356428],[21.25009173645979,45.73713675746811],[21.25018769363516,45.73709535975237],[21.25023655859226,45.73701928587153],[21.25025436971959,45.73693809682878],[21.25022243665614,45.73688674009502],[21.2498660900213,45.73625533771242],[21.24935844794113,45.73539881239062],[21.24882331712615,45.73452006803291],[21.24817113172448,45.73342050913946],[21.24749660584901,45.73225586288662]]},"properties":{"line":"16","dir":"1","mode":"bus"}},{"type":"Feature","geometry":{"type":"LineString","coordinates":[[21.21887890678475,45.78346854572847],[21.21898345067375,45.78342755194035],[21.2190326985299,45.78337476290661],[21.21907572970505,45.78324691015245],[21.21931361948254,45.7826196953327],[21.21939618574989,45.78236018742556],[21.21950231295821,45.78195060585421],[21.21959714068592,45.78152436717583],[21.21972812297506,45.78090083535218],[21.21985587840153,45.78043481217179],[21.22003273545687,45.77987298008489],[21.22023332292723,45.77910831213843],[21.22052486090429,45.77797684410644],[21.22079700927944,45.7770355388746],[21.22105898033181,45.77609636734432],[21.22123407969792,45.77532096070852],[21.22144348491467,45.77454535033397],[21.22150316014269,45.77436321472718],[21.22166761265423,45.77405066592137],[21.22177739659829,45.77386988400106],[21.22183313215416,45.77375415748682],[21.22210839747849,45.77301021760103],[21.22241996815104,45.77207484134528],[21.22265632226929,45.77135768740689],[21.22274002304201,45.77105073668974],[21.222916800499,45.77052181475963],[21.22309192830913,45.77004601797197],[21.22317893897093,45.76985143897105],[21.22331994450726,45.76956388509877],[21.22348116717927,45.76931282510275],[21.22373928030444,45.76891183726349],[21.22412425735914,45.76823755448563],[21.22440167952432,45.76775007539216],[21.22474732159632,45.76713524393424],[21.2251247692187,45.76645029323605],[21.22517790154108,45.76632934546686],[21.22521567209704,45.7661875568766],[21.22526238351086,45.76597931880972],[21.22529271724443,45.76568754603511],[21.22530811154186,45.76540094838028],[21.22534808859601,45.76493148977698],[21.2253840882364,45.76437100400177],[21.2254080384844,45.76414897116588],[21.22543283674077,45.76397933541327],[21.22547407621107,45.76381745056082],[21.2255189028115,45.76364765755962],[21.22556736387764,45.76354770783786],[21.22567441331477,45.76335471536491],[21.22601097668826,45.76277755558089],[21.22641032339397,45.7621009149807],[21.22683498314246,45.76137366712445],[21.22725227044409,45.76062259433737],[21.22758218355684,45.76001364955084],[21.22762076558989,45.75992251091419],[21.22763675980785,45.75982805696687],[21.22762552764378,45.759753032915],[21.22759894829194,45.75969096172555],[21.22755474623452,45.75958999637842],[21.22752843674136,45.75951159813712],[21.22752246646413,45.75945225407617],[21.22755623940259,45.75937338136476],[21.22759550083456,45.75932416088358],[21.22766992352937,45.75928164990977],[21.22772713390128,45.75925848962807],[21.22784940493208,45.75923306857247],[21.22796939927735,45.75922163976431],[21.22808250705169,45.75924869487885],[21.22817817602633,45.75928112811273],[21.22826659006398,45.75932933982988],[21.22839264095649,45.75938249437863],[21.2284581841301,45.7594099250973],[21.22858344129943,45.7594141752601],[21.22918125532959,45.75937800460063],[21.22994846374357,45.75933000923543],[21.23012094672897,45.75931292194523],[21.23034324380182,45.75927971839762],[21.2305399364289,45.75923904629689],[21.23084114704681,45.75913185088557],[21.23129632061359,45.75894657340559],[21.23157235586402,45.75881631646706],[21.23184809876951,45.75868311874697],[21.23194968485356,45.75861768091327],[21.23208759746707,45.75847684197802],[21.23220030494796,45.75832572185151],[21.23225111076203,45.75821701621591],[21.23229229654454,45.75806317328924],[21.23232313139005,45.75795812022634],[21.23237672429984,45.7578668607988],[21.23242331974017,45.75780709938672],[21.23250240187289,45.75774358624875],[21.23260199506141,45.75770960586924],[21.23276437181629,45.75768735427489],[21.23286191757338,45.75768133886911],[21.23297997480185,45.75770485614766],[21.23330931356156,45.757787832258],[21.2338705977298,45.75796678577448],[21.23408475495725,45.7580489290298],[21.23469935430958,45.75827461707222],[21.23598136672197,45.75871677408564],[21.23716976613669,45.75912129015745],[21.23870860282118,45.75964401730752],[21.24027108461016,45.76018454737026],[21.24189714931416,45.760741721356],[21.24356057688591,45.76130644218837],[21.24526993283424,45.76188541993956],[21.2456979084293,45.7620259130506],[21.246272548038,45.76218226357744],[21.24793130353991,45.76259057720377],[21.24916827425934,45.76289469142366],[21.25065995469028,45.76325668190807],[21.25118671691492,45.76337232534078],[21.25174997159694,45.76348149993158],[21.25214616986601,45.76352975032161],[21.2530477654003,45.76357671745943],[21.25403607277086,45.76364156746553],[21.25473782257119,45.76367942209828],[21.25530752301383,45.76371121691964],[21.25553362526131,45.763729338398],[21.25577478647927,45.76376699586342],[21.25614782470874,45.76384239981896],[21.25661933946897,45.76396878612385],[21.25743703081007,45.76415788294532],[21.25840140076758,45.76438161746881],[21.25873281173805,45.76447263608006],[21.2589351900443,45.76454031812556],[21.25915479176611,45.76461551816984],[21.25938298461271,45.7647222700371],[21.25964513475574,45.76484373078694],[21.26009073756617,45.7650842706934],[21.26117810518318,45.76572388119806],[21.26193185412678,45.76626912172582],[21.26285863971128,45.76694947064708],[21.26369017623099,45.76758534046251],[21.26453043597428,45.76820147190819],[21.26476529613508,45.76835907815218],[21.26498703299312,45.76849436056817],[21.26522171492738,45.76859809843031],[21.26550029071238,45.76871581022932],[21.26611264335681,45.76894675235295],[21.26651816999474,45.76908199219442],[21.26685624665451,45.7691677313398],[21.26763708993684,45.76935385194507],[21.26841865665461,45.76950115374906],[21.26911777279594,45.76964707695155]]},"properties":{"line":"17","dir":"0","mode":"bus"}},{"type":"Feature","geometry":{"type":"LineString","coordinates":[[21.26946847336471,45.76936897975525],[21.26844364568053,45.76908630414501],[21.26839911881576,45.769086282103],[21.26833100773261,45.769097210641],[21.26830212730054,45.76916479708742],[21.2683046459377,45.76926345893567],[21.26830455278675,45.76935481134108],[21.26830184969886,45.76943702723101],[21.26829654598241,45.76950097138101],[21.26826761265938,45.76953962284139],[21.26822725732244,45.76955997066493],[21.26815549973623,45.76957094137894],[21.26804559926612,45.76955063616669],[21.26786616496937,45.76950844979451],[21.26769794590333,45.76946938869919],[21.26752299473484,45.76942250759471],[21.26739514765859,45.76939125649825],[21.26720674287132,45.76934750730943],[21.26705870793239,45.76930843970776],[21.26693758972711,45.76927875053474],[21.26665497898858,45.76920686795572],[21.26635516110681,45.76912544681102],[21.26588386563784,45.76896625048839],[21.26538615631027,45.76875629179494],[21.26506936323664,45.768631886271],[21.26478665352328,45.76847643735695],[21.26442496355486,45.76824999918156],[21.26415017980197,45.76803608729307],[21.2634084025088,45.76749058209646],[21.26276472781138,45.76700838339725],[21.26164428395069,45.76619653195375],[21.2609444669728,45.76577575958786],[21.26033583731779,45.76545289649964],[21.26019971268302,45.76539435322757],[21.25994320730746,45.76525169577392],[21.25976613607143,45.76514159008372],[21.259632697367,45.76502823657609],[21.25942595559678,45.76488926181854],[21.25919827017582,45.76474296585769],[21.25899147043611,45.76465331994014],[21.25863019199211,45.76452878516097],[21.25820603615384,45.76442256824438],[21.25766404656858,45.76429618149381],[21.25652176891382,45.76403565847319],[21.25580201029913,45.76387870671765],[21.25539351235358,45.76382364593174],[21.25483532834195,45.76376724504078],[21.25440322715428,45.76373957220135],[21.25358733118154,45.76372446574235],[21.25292214774784,45.76368933284071],[21.251997612899,45.76363759020737],[21.2515891229374,45.76358068880815],[21.25118701147933,45.76350525474184],[21.25077593942194,45.76342277029783],[21.25034393050452,45.7633274804793],[21.24918100308965,45.76304165278508],[21.24778964050731,45.76274125130742],[21.24668890241785,45.76246692256545],[21.24602138925049,45.76230229179579],[21.24562909515738,45.76216757117324],[21.24526787450045,45.7620357720679],[21.24434385430661,45.76171904101464],[21.24365130171468,45.76148285828467],[21.24331415084058,45.76136640373515],[21.24275006156045,45.76117808442045],[21.24101294649698,45.76057875596168],[21.23909652498991,45.7599225778558],[21.23705439241927,45.75923689656505],[21.23546441985878,45.75869859206999],[21.23399915271014,45.75817559659337],[21.23377533464256,45.75816035946141],[21.23344163850928,45.7581374864165],[21.2332588333336,45.75814461034536],[21.23309354781271,45.75818279635639],[21.23255318114244,45.75844799875881],[21.23169813347925,45.75884899069531],[21.23068605018034,45.75925627399798],[21.23039096607543,45.75935787117482],[21.23004193675153,45.75939183124997],[21.22965212451264,45.75941760508355],[21.22895429771565,45.75947417406836],[21.22862143213417,45.75950233000353],[21.22847539018236,45.75952050039167],[21.22837298618416,45.75955250560433],[21.22827266541477,45.75963270580058],[21.22821691473741,45.75970404577829],[21.22806306551085,45.75974212918928],[21.22794556569614,45.75976574536808],[21.22785282035339,45.75981185369849],[21.22776553934053,45.7598837449525],[21.22712143086134,45.76102322180409],[21.22645968559352,45.76218812782722],[21.22592242187502,45.76315092599656],[21.2257219873857,45.76357624703544],[21.22565263344009,45.76381217955739],[21.22553178875243,45.76438316464007],[21.22544077346393,45.76529011442025],[21.22536908359911,45.76588424887367],[21.22531749856728,45.76621362967735],[21.22525124005806,45.76638998327712],[21.22505470445153,45.76675239209531],[21.22443770352472,45.76788074463284],[21.2236119560075,45.76932641012085],[21.22320303869574,45.77019523607184],[21.22258616958397,45.77189844866945],[21.22215861793671,45.7731190489719],[21.22169722730512,45.77439443240183],[21.22123734250998,45.7759009398847],[21.22089837684334,45.77707124159212],[21.22058922051077,45.77814062423874],[21.22018033644768,45.77969864072838],[21.21987927117071,45.78095266827295],[21.21954677051708,45.78224791822039],[21.21926562723385,45.78315632079678]]},"properties":{"line":"17","dir":"1","mode":"bus"}},{"type":"Feature","geometry":{"type":"LineString","coordinates":[[21.19975932973172,45.74907543076175],[21.19973504425679,45.74913637602048],[21.19975766629485,45.74918425679917],[21.19979800674496,45.74920920746118],[21.19992536721001,45.74923339369293],[21.20138334229961,45.74944326058933],[21.20271020915999,45.74962136982966],[21.20398243486182,45.74981512762681],[21.20502746173382,45.74998050993082],[21.20633970139193,45.75018246752956],[21.20771138544699,45.75037277604635],[21.2089994686114,45.75058894691234],[21.21115530721498,45.75092662496205],[21.21292824163273,45.75119159454347],[21.21420475798691,45.7513877352972],[21.21589437440715,45.75166341860754],[21.21660734796888,45.75179117068875],[21.21735030216946,45.75196167167253],[21.21907615302179,45.75239157667143],[21.22077800028704,45.75280652248981],[21.22195218346491,45.75308468771208],[21.2228994404805,45.75331911044874],[21.22425085275866,45.7536384631678],[21.22473269940542,45.75373857646604],[21.22502777000174,45.75380930516242],[21.22514120868049,45.75386395507832],[21.22520420962167,45.7539367725775],[21.22520961412724,45.7540328833004],[21.22516439319544,45.75413704138441],[21.22510536960816,45.75427928149409],[21.22503268340948,45.75446719407956],[21.22498984836773,45.75470038795015],[21.22494124185299,45.75514921117502],[21.22487816756884,45.75566094389556],[21.22480994240948,45.75628645884292],[21.22475583175426,45.7568907987246],[21.22474474102446,45.75707562598657],[21.22475894093137,45.75725516503757],[21.224805922407,45.75744220091],[21.2248700963056,45.7575782711673],[21.22495705619351,45.75771047401007],[21.2250823089893,45.75785338771427],[21.22534546285952,45.75806843871106],[21.22558037637796,45.758257911404],[21.22578340655794,45.75839170141126],[21.22604841597034,45.75854000168613],[21.22641006684459,45.75873041504334],[21.22697995854692,45.75901373621561],[21.22730703363225,45.75918084872336],[21.22740605858791,45.75921412651581],[21.22763442728062,45.75921637123926],[21.22781327665464,45.7592104517481],[21.22797081059872,45.75921979320707],[21.22815690828045,45.75927193022437],[21.22827167360655,45.75938020297056],[21.22831973727516,45.75948105476616],[21.22830867666183,45.75959625205379],[21.22822786878912,45.75968675768433],[21.22808035613838,45.75973873240387],[21.22796206400278,45.75976512173509],[21.22787684647926,45.75979581630747],[21.22777260338888,45.75986811760666],[21.22761273362641,45.76014349244285],[21.22692612261968,45.76137358520863],[21.22626238136848,45.76253086293634],[21.22590166620564,45.76318220353814],[21.22573658328215,45.76353358825603],[21.22564601600471,45.76381064001285],[21.22557292345182,45.76414026110294],[21.22551761486229,45.76453946871291],[21.225471784341,45.76509429745288],[21.22539468686593,45.76570816488217],[21.2253371680541,45.7661571222208],[21.22525541526256,45.76642817179703],[21.22481156505883,45.76721284212563],[21.22374787397282,45.76908852218126],[21.22336839506496,45.76985979669091],[21.22309424046314,45.77048688897424],[21.22275669576995,45.77145700004976],[21.22184101611509,45.77397242857168],[21.22160475051994,45.77465697568375],[21.22138307026682,45.77535372638975],[21.22119671355712,45.77596107898643],[21.22101278545235,45.77659158303003],[21.22067489071692,45.77784065567101],[21.22027744417926,45.77931350381832],[21.21989063173544,45.78100921899939],[21.21957449892395,45.78211925202986],[21.21938855698629,45.78282783266211],[21.21932134723442,45.78303453980367]]},"properties":{"line":"18","dir":"0","mode":"bus"}},{"type":"Feature","geometry":{"type":"LineString","coordinates":[[21.21883466297835,45.78350235034431],[21.21897306432753,45.78342171309327],[21.21904954266789,45.78336200423715],[21.21917179907323,45.78305113750208],[21.21942813246448,45.78233861785629],[21.21986268348683,45.78045560583054],[21.22045052209462,45.77837913969452],[21.22060207317167,45.77778855731643],[21.2208348005397,45.77691929622438],[21.22097011176303,45.77648497993928],[21.22107834531887,45.77603178331866],[21.22124069040672,45.77532177519447],[21.22131642330585,45.77478171683284],[21.22020848092339,45.77447124921422],[21.21978843468818,45.77424495476007],[21.21769904525791,45.77315486347883],[21.2166300205908,45.77260248650002],[21.216569479175,45.7725365730648],[21.21655625345062,45.77245369413833],[21.21660241602874,45.77236481995135],[21.21680928552108,45.77215851709789],[21.21834247884702,45.7707500095547],[21.22038977217067,45.76870707454118],[21.22273128590639,45.76651114158824],[21.22439871670441,45.76488476528588],[21.22452253384471,45.7647639355973],[21.22464600885003,45.76462181657279],[21.22471996575127,45.76446101317742],[21.22470078665396,45.76428949844834],[21.22465402274551,45.76410294161819],[21.2246629843145,45.76398079751652],[21.22475408399027,45.7638656362676],[21.22497081581115,45.76374185571462],[21.22515591372919,45.76369080517495],[21.225373817647,45.76363949562346],[21.22552051863931,45.76358111706441],[21.22570750442679,45.76330879008323],[21.2261699726772,45.7625052150992],[21.22681914771101,45.76139759314306],[21.22752715612816,45.76012702673753],[21.22758513074453,45.7599930506722],[21.22763745249864,45.75984767470299],[21.22761385106847,45.75974104644492],[21.22755750809678,45.75963849157171],[21.22752297266739,45.75953194952742],[21.22748290821167,45.75942163618861],[21.2274158170592,45.75933061036959],[21.22715669368204,45.75919913800512],[21.22658875255589,45.75890606437982],[21.22600986457275,45.75861209384944],[21.22557419711659,45.75838282527546],[21.22533136152058,45.75824359094014],[21.22500988968076,45.7579752714512],[21.2247934659978,45.75777860487676],[21.22455301568032,45.75744860676922],[21.22447798379478,45.75732461991231],[21.22440524806854,45.75722219305302],[21.22433343755003,45.75717698069606],[21.22421291765592,45.75716266991701],[21.22389675817936,45.75722237896453],[21.22371106623768,45.75723528373205],[21.22358520279966,45.75722864386515],[21.22351370104095,45.75720250252589],[21.22342972547331,45.75708108947473],[21.22321194294642,45.75646098950366],[21.22314928215668,45.75630507466031],[21.22313255966711,45.75594661269225],[21.22311147026635,45.75565621333844],[21.22311453563422,45.7555074125857],[21.22317243966474,45.75503010871776],[21.22330085569035,45.75451791546601],[21.22343632508481,45.75410406732233],[21.22353109050574,45.7538782496848],[21.22361050268382,45.75371740390102],[21.22365306518184,45.75364458802843],[21.22365251072272,45.75361025915561],[21.22362972016932,45.75355321637514],[21.22347616226519,45.7535239054581],[21.2211547403852,45.75298134950672],[21.21867732523843,45.75237858629616],[21.21642628136822,45.75189642678224],[21.2155870783381,45.75172748063036],[21.2131676165578,45.75133576392144],[21.2103722517346,45.75090611800142],[21.20804787742291,45.75053088060808],[21.20512349837639,45.75006293363443],[21.20258168385219,45.7497133660397],[21.20042593041064,45.74937131094972],[21.1997993736999,45.74927546534235],[21.19961850720183,45.74924633094869],[21.19949224337631,45.74921296373563],[21.19943716083918,45.74918668145391],[21.19941421628073,45.74911819043077],[21.19944046779932,45.74904932294437]]},"properties":{"line":"18","dir":"1","mode":"bus"}},{"type":"Feature","geometry":{"type":"LineString","coordinates":[[21.23403027810976,45.7544518115733],[21.23421025310081,45.75437954187457],[21.23431471073563,45.75433655265824],[21.23438089783383,45.7542898616051],[21.23443775520738,45.75422576017021],[21.23445087213079,45.75418709756516],[21.23439317601834,45.75400439106295],[21.23432737542337,45.75388983242336],[21.23420530493447,45.75372699934381],[21.23397986008598,45.75348746528208],[21.2337985569972,45.75332023994822],[21.23363394442439,45.75316540182931],[21.23351348034953,45.75306993370267],[21.23339261869847,45.75298035600655],[21.23324931553913,45.75289576013262],[21.23307454597982,45.75280336200638],[21.23296811174114,45.75275873913231],[21.23289258539872,45.75272394470756],[21.23283146293635,45.75269402996862],[21.23278304026945,45.75266306434926],[21.23275131960254,45.75263411680169],[21.2327366969859,45.75260132583757],[21.23274416476722,45.7525531066501],[21.23276564027251,45.7525156287265],[21.23280555547675,45.7524651408035],[21.23298133715822,45.75226862064844],[21.23339446105301,45.75178925696857],[21.23482331657593,45.75015973925007],[21.23516527374768,45.74977035344807],[21.23523534835463,45.74967229586385],[21.23537039075837,45.74936384425145],[21.23550347530355,45.74880565080331],[21.23554390389585,45.74876570591303],[21.23564416355538,45.74872177311335],[21.23573761726757,45.74871599007452],[21.23585137948392,45.74872268180718],[21.23597884340128,45.74877705277438],[21.23606087302272,45.74881517097712],[21.2361059098537,45.74883731406672],[21.23625790335031,45.74890429812461],[21.23662787913008,45.74912603647972],[21.23680529071922,45.74931783057189],[21.23741707849726,45.74996650084883],[21.23803503823042,45.75065095941607],[21.23850342832128,45.75132283101729],[21.23883797458792,45.75182893017263],[21.23920569104419,45.75241371001993],[21.23954337215852,45.75292660550238],[21.23986490256644,45.75346104152474],[21.24004680932124,45.75371201353578],[21.24019102404652,45.75383186853562],[21.24032292296453,45.75388342768392],[21.24045864598401,45.75394101579994],[21.24058691994548,45.75398360024603],[21.24072845335504,45.75401776443739],[21.2408327908196,45.75403890028282],[21.24111321007226,45.75407317941603],[21.24118632188786,45.75408047017477],[21.24128008764272,45.75409332984562],[21.2415232450146,45.7541257655914],[21.24270815928804,45.75424697176396],[21.24366096304753,45.75435893090988],[21.24457612138778,45.75445265065354],[21.245320742492,45.75453331351796],[21.24637298047073,45.75464369037532],[21.2469675563922,45.7547145327224],[21.24760858180248,45.75477222136433],[21.24839933334488,45.75484459429573],[21.24878353805919,45.75486451737592],[21.2489920748495,45.75487689441867],[21.24923638908732,45.75489223291284],[21.24946370962208,45.75489967796543],[21.24957545712863,45.75490578325577],[21.24966288813222,45.75490864657719],[21.2497363301895,45.75491105172722],[21.24980294191999,45.75491078761993],[21.24988004538183,45.75491086713349],[21.24997179435822,45.75490164411823],[21.25004971847962,45.75488952279076],[21.25013070971252,45.75487737237314],[21.25062308311463,45.75477034138944],[21.25095115321663,45.754706980275],[21.25147805170359,45.75470131181631],[21.25205380002483,45.75474140198677],[21.25296268679612,45.75493744764825],[21.25429508184431,45.75568323862748],[21.25445662191669,45.7557740838404],[21.25468219104369,45.75589815320794],[21.25484393941025,45.75605407646238],[21.25503,45.75621],[21.255238,45.756397],[21.255299,45.756454],[21.255388,45.75654200000001],[21.255453,45.75659899999999],[21.255632,45.75678600000001],[21.25581,45.757008],[21.255941,45.75718699999999],[21.25601,45.757282],[21.256111,45.757412],[21.256254,45.757584],[21.256481,45.75780500000001],[21.256613,45.757927],[21.256861,45.758156],[21.257113,45.758381],[21.257435,45.758633],[21.257669,45.758831],[21.257902,45.759026],[21.258106,45.759163],[21.25824,45.75913199999999],[21.258322,45.759098],[21.258373,45.759048],[21.258492,45.758984],[21.258556,45.758999],[21.258678,45.75896800000001],[21.258871,45.758877],[21.259102,45.758755],[21.259403,45.758617],[21.259766,45.75846500000001],[21.259941,45.758389],[21.260307,45.758228],[21.260698,45.758057],[21.261112,45.75788499999999],[21.261536,45.75770599999999],[21.262056,45.757469],[21.262451,45.75729],[21.262835,45.757122],[21.263201,45.756958],[21.263371,45.756878],[21.263636,45.756756],[21.263664,45.75659899999999],[21.26376248999389,45.75645605208142],[21.263769,45.756275],[21.263834,45.75608799999999],[21.264143,45.755966],[21.264421,45.755867],[21.264746,45.75574500000001],[21.264933,45.755688],[21.265348,45.755573],[21.265776,45.755459],[21.266186,45.755348],[21.266619,45.75522600000001],[21.267073,45.755104],[21.267534,45.754971],[21.267988,45.754848],[21.268217,45.754784],[21.268795,45.754623],[21.269276,45.754494],[21.269754,45.754353],[21.270227,45.754223],[21.270674,45.754101],[21.271086,45.753994],[21.271431,45.754021],[21.271643,45.754192],[21.271729,45.754288],[21.271923,45.754532],[21.272135,45.754784],[21.272335,45.755028],[21.272575,45.755329],[21.272816,45.75548599999999],[21.27306308171617,45.75540374879894],[21.27335803984099,45.75532024550378],[21.27356104436938,45.75526455730117],[21.27393619777372,45.75515830708893],[21.27431257501367,45.75505114890586],[21.27467773327686,45.75494863059473],[21.27505984786693,45.75484168400866],[21.27546019043067,45.75472968675413],[21.27584717651671,45.75462034125197],[21.27624952835303,45.75451012918757],[21.2767570144066,45.75437388053692],[21.27707405670211,45.75428527181629],[21.27746397216957,45.7541867712163],[21.27791959568712,45.7540572960234],[21.27837233312092,45.75393690713917],[21.27878546948886,45.753825151733],[21.27919061561553,45.75371305372704],[21.27956389848438,45.75360335563943],[21.27989466906241,45.75351433852966],[21.28006855818541,45.75346980643047],[21.28036021457089,45.7533866277908],[21.2807032077206,45.75329749209453],[21.28116949574481,45.75317104901633],[21.2815748183358,45.75306059812631],[21.28193563562494,45.7529665299846],[21.28215297766257,45.75290738531331],[21.28222061987878,45.75288383647198],[21.28227570522452,45.75279538345124],[21.28242449392011,45.75251780151987],[21.28252391452648,45.75236150812471],[21.28262696864036,45.75217523531956],[21.28273395274861,45.7519583324776],[21.28284222890649,45.75176246341218],[21.282924570871,45.75162508758173],[21.28297321103703,45.75150894608946],[21.28306393814412,45.75133842499415],[21.28316334951454,45.7511616783684],[21.28328306985174,45.75094214776559],[21.2834318372464,45.75068469779911],[21.2835816427495,45.75041929097543],[21.28373222436916,45.75015371571132],[21.28382874457139,45.74997829340897],[21.28401137624126,45.74963825024697],[21.28417641568823,45.74933960556017],[21.2843614691742,45.74901780361685],[21.28453833407089,45.74869846324422],[21.28471243656017,45.74837362977745],[21.28492477654463,45.74799035489095],[21.28507570100326,45.74770686769196],[21.28523396887167,45.74744262088146],[21.2854435696871,45.74707354556561],[21.28569280888344,45.74668113108655],[21.28576765522124,45.7465796312862],[21.28581162746391,45.74652234258917],[21.2858071220104,45.74647729415343],[21.28578910532266,45.74643178532595],[21.28575515775714,45.74641389037938],[21.28572076321277,45.74638823527453],[21.28571541665637,45.74635708429864],[21.28573427131452,45.74633055318544],[21.28576792030266,45.74629562449026],[21.28582835070124,45.74628945564889],[21.2858809435501,45.74629441190056],[21.28591818030618,45.7463120979424],[21.28593907216796,45.74635857298675],[21.28592220056736,45.74639529274923],[21.28587922774199,45.74644220060296],[21.28577094971952,45.74661560240445],[21.28556435297928,45.74694465974831],[21.28533049897035,45.74735807045945],[21.28521699763232,45.74756059594528],[21.28511251692297,45.74776445551154],[21.28488509570947,45.74816905577821],[21.28477180076261,45.74835968643122],[21.28468842730729,45.74849393509391],[21.28462412797875,45.74860511557988],[21.28448454440199,45.74886189999212],[21.28430486293451,45.74918323393103],[21.28415973548749,45.74945370450555],[21.28399808884719,45.74974378078063],[21.28384058104981,45.75001431275035],[21.28369617176798,45.75028345735084],[21.28362086190943,45.75041633832579],[21.28348306387036,45.75066795348725],[21.283354,45.750896],[21.28318983150871,45.75119873356326],[21.28314899476515,45.75124360094299],[21.28309771190433,45.75125198560694],[21.28303532263228,45.7512367908728],[21.28293008098952,45.75120616092346],[21.2826416951207,45.75112752333427],[21.28229868550272,45.75103538603543],[21.281979,45.750969],[21.281824,45.750919],[21.281523,45.75084700000001],[21.281319,45.750782],[21.281322,45.75066800000001],[21.281372,45.750553],[21.28121,45.75047299999999],[21.280977,45.750423],[21.280708,45.750351],[21.280558,45.750309],[21.280266,45.75023700000001],[21.27976491230341,45.7501014532133]]},"properties":{"line":"21","dir":"0","mode":"bus"}},{"type":"Feature","geometry":{"type":"LineString","coordinates":[[21.2797934238668,45.75009641460969],[21.27873170337893,45.74980674853171],[21.27866225961633,45.74979158474592],[21.27863344804225,45.74976455716024],[21.27864158217092,45.74972023339477],[21.27875398440466,45.74951706740091],[21.27889034869254,45.74926282677874],[21.27906513835037,45.74894490545864],[21.27939696501665,45.74834819803715],[21.2796491236385,45.74787320003288],[21.27987013732667,45.74747178764469],[21.28016076421562,45.74695217898839],[21.28032253894082,45.74665183781053],[21.28035266545516,45.74659632174725],[21.28036563460917,45.74652705249864],[21.28036579449731,45.74644283972617],[21.28036432579865,45.74631621246658],[21.28035456456189,45.74610848498123],[21.28035036301614,45.74591761686213],[21.28032416331525,45.74581290454648],[21.28029162428266,45.7457024062736],[21.28027030369647,45.74564776390575],[21.28022507856199,45.745565026998],[21.28016163480374,45.74549594497285],[21.28007781805574,45.74543005114376],[21.27998555746741,45.745391085793],[21.27989701558127,45.74536329288515],[21.27979974465048,45.7453310751377],[21.27968752451505,45.7453146646491],[21.27953255064953,45.74530030139952],[21.2791683876173,45.74526773683721],[21.27864162769652,45.74522092732987],[21.27776121708579,45.74514581414029],[21.27677268661605,45.74504894772334],[21.27572884070981,45.7449432970147],[21.27436588981109,45.74481362384992],[21.27342685020665,45.74472936631682],[21.27242120022932,45.74464370868862],[21.27140704513474,45.7446333262076],[21.27026918172594,45.74461734358962],[21.26928635706263,45.74460737963232],[21.26821664631371,45.74459650418925],[21.26718496932753,45.7445810422536],[21.26658052308018,45.74457605204611],[21.26640836879075,45.74458458427601],[21.26616763527471,45.7446168439181],[21.26575649066223,45.744690050039],[21.26497412381881,45.74483205594875],[21.26402020452655,45.74500394967729],[21.2632153475828,45.74515138339148],[21.26284131107227,45.74522899907804],[21.26279082941867,45.74525027788541],[21.26276161456104,45.74527606583174],[21.26275657281694,45.74538467649557],[21.26279081380662,45.7457956131917],[21.26289009121016,45.74680706976253],[21.26298090810407,45.74787609904926],[21.26306633212264,45.74874960569473],[21.26314669705274,45.74957267911583],[21.263204818086,45.75026253984801],[21.26325873925983,45.75091463263481],[21.26332271295333,45.751662515437],[21.26341021419116,45.75248956494428],[21.26350274423481,45.75336212137711],[21.26359241476885,45.7542282098266],[21.2636811422694,45.75505739041671],[21.26377584352393,45.75596154242266],[21.26379178945713,45.75607758586438],[21.26380390061359,45.75615099552353],[21.26381338756243,45.75619456696798],[21.26383362824215,45.7563930937221],[21.26384982812472,45.75656550419241],[21.26383159427879,45.75668257288927],[21.2638238482432,45.7566981744641],[21.26375117980399,45.75673789777565],[21.26357284374001,45.75681906478111],[21.26149063394607,45.75772996865208],[21.25942154049573,45.75862953692713],[21.25822309741934,45.75915779801547],[21.25819838328322,45.75918272720665],[21.25808312385448,45.7591974550736],[21.25791319713074,45.75918044503905],[21.25776274650885,45.75908591783293],[21.25697777914505,45.75838516706465],[21.2564300829496,45.75789543401492],[21.25593082910275,45.75745777662024],[21.25555078476054,45.75706482898767],[21.25513095141505,45.7565957897416],[21.25489435885015,45.75629441233831],[21.25456184651836,45.75597022090052],[21.25427057788081,45.75572961687166],[21.2539155320187,45.75552192784877],[21.25334214861692,45.75521680125019],[21.25275786122415,45.75495849353381],[21.25240709092952,45.75485797989111],[21.2519730140786,45.75478395922536],[21.25142844120147,45.75476057532585],[21.25102825172401,45.75477958421454],[21.25071398685556,45.75480907098174],[21.2502679573388,45.75494316789295],[21.25000529991383,45.7550021002426],[21.24973341374064,45.75503495922794],[21.24932523902993,45.75499903282385],[21.2478866770326,45.75484602242367],[21.24550456515059,45.75460415002073],[21.24277950137802,45.75432504244166],[21.24062294099711,45.75409961655656],[21.2404588604483,45.75409974594677],[21.2403421529823,45.75411637055189],[21.2402581589185,45.75411654692687],[21.24013675425362,45.7540905774346],[21.24008053379125,45.75403170801965],[21.23994639205216,45.7538113675709],[21.2394572533944,45.75296654412454],[21.23902794489281,45.75227848473087],[21.23843534924422,45.75140240200108],[21.23809651158565,45.75094304124588],[21.23785743485969,45.75067801209035],[21.23756101340213,45.75044187460323],[21.2371245522704,45.75003952080424],[21.23655868986081,45.74957704311616],[21.23607921152451,45.74929843167694],[21.23594728579831,45.74924231198444],[21.23582042169105,45.74923258311341],[21.23568031080302,45.74928267264661],[21.23552149917593,45.74940788686768],[21.23539105268882,45.74957849197019],[21.23464092151006,45.7504594853782],[21.23394255548587,45.7513365312689],[21.23304450223251,45.75239118457968],[21.23268776836643,45.75277770857605],[21.23262204340305,45.7529218415448],[21.23257512685807,45.75311654571079],[21.23260721705155,45.75335568696614],[21.23297514340915,45.75415426070902],[21.23329000774513,45.75474561744093],[21.23337923177142,45.75476505837158],[21.23381979815108,45.75456199732804]]},"properties":{"line":"21","dir":"1","mode":"bus"}},{"type":"Feature","geometry":{"type":"LineString","coordinates":[[21.25349183179196,45.74789516619055],[21.2537556598049,45.74722492989613],[21.25417991930726,45.7461872066125],[21.25429920629379,45.74585182304862],[21.2543509771162,45.74571336428594],[21.25439437752067,45.74563756736358],[21.25443509848533,45.74562997837517],[21.25449482837618,45.74562996311258],[21.25454913722622,45.74564700103001],[21.25456269234331,45.74567415329738],[21.2542977208278,45.74636914470102],[21.25403328817093,45.74708922416884],[21.25360943631894,45.74812524499576],[21.25293979421505,45.74977042237188],[21.2527299729781,45.75022902394057],[21.25234144339242,45.75090680778909],[21.25200661402882,45.75137364166278],[21.25079720182746,45.75235282612372],[21.25051544779443,45.75260391887641],[21.25015846042067,45.75320002386517],[21.24942160855527,45.7545447278861],[21.24915836263047,45.75495828124811],[21.24884922440059,45.75494126151159],[21.24583519913402,45.75462067190329],[21.24406379028728,45.75442650249987],[21.24048305845194,45.75406783041663],[21.24037796357328,45.75408541115023],[21.24030432261359,45.75415195770521],[21.24028983169516,45.75423200723858],[21.24038375335927,45.75441223205625],[21.2415181866715,45.75644050948743],[21.24246606421527,45.75758453360032],[21.24332327058636,45.75822576187305],[21.24437031302831,45.75879806093437],[21.24517173977349,45.75911423224846],[21.24678318320677,45.75955240812882],[21.24819322929947,45.7599425988637],[21.24848370178094,45.75996901198195],[21.24868861434508,45.75996839553937],[21.24887168998167,45.75999255018349],[21.24889574545432,45.76004789488925],[21.24855256472269,45.76055735269956],[21.24825140644595,45.76116890061078],[21.24796747138937,45.76189863866011],[21.24748410181504,45.76301680817072],[21.24735965477966,45.76334302612958],[21.24729994756775,45.76372395130964],[21.24717070661277,45.76393653898011],[21.24601792859982,45.76509409210279],[21.24482023175904,45.7663192222292]]},"properties":{"line":"23","dir":"0","mode":"bus"}},{"type":"Feature","geometry":{"type":"LineString","coordinates":[[21.24470388002883,45.76615024015842],[21.24631534442925,45.76451761586458],[21.24682165194202,45.76400407161999],[21.24696279303394,45.76376614515249],[21.24739261673419,45.76281789162624],[21.24778764439367,45.76192204054335],[21.2481313199582,45.76119199410402],[21.24843027359273,45.76059699825193],[21.248371800752,45.76052292699515],[21.2457389072509,45.75991651321335],[21.24461792566746,45.75955765557853],[21.24364268087687,45.75913039981391],[21.24279520173661,45.75875259340326],[21.24226188761015,45.75864237658875],[21.24176199581717,45.75849462854643],[21.24115666243625,45.75803926116217],[21.2403388328955,45.75704585289799],[21.2397378677947,45.75613429352456],[21.23968699320292,45.75596304008375],[21.23966330394426,45.75585245192399],[21.23970324880392,45.75577823901533],[21.23980812096764,45.7557614560485],[21.24006589931269,45.75581032081393],[21.24105854689972,45.75603190567284],[21.24119560193793,45.75605337832348],[21.24122388047399,45.75603349265999],[21.24096901250643,45.75558874067989],[21.24026185184686,45.75437219594631],[21.24010993714898,45.75410075770188],[21.24009553506394,45.75402448806143],[21.24012341124792,45.7539510118975],[21.24023234273619,45.75391448850052],[21.24039297289714,45.753946557274],[21.24052112365503,45.75400961853006],[21.2432429352973,45.75428501607135],[21.24667830623967,45.75465943275821],[21.24857848152467,45.75483170377039],[21.2489622136587,45.75484819843512],[21.24913644513818,45.7548252937957],[21.24924029992787,45.75471638207127],[21.24962864573529,45.7540525348549],[21.25015162767624,45.75307398105438],[21.25040684442905,45.75260041852871],[21.25053953570735,45.75237227394863],[21.25088537493707,45.75209796296438],[21.25164461956975,45.75147194191653],[21.2518640922363,45.7512639482302],[21.25232842464688,45.75052249221647],[21.25271757971277,45.74981413973403],[21.25292083075498,45.74936333904709],[21.25349017452499,45.74789611801374]]},"properties":{"line":"23","dir":"1","mode":"bus"}},{"type":"Feature","geometry":{"type":"LineString","coordinates":[[21.28337081009825,45.72580935112653],[21.28289565927732,45.72588128028278],[21.28177639383685,45.72605653260477],[21.2809303016202,45.72619867950601],[21.28007217864962,45.72635344279569],[21.27880371353843,45.72660683503354],[21.2778147719565,45.72680388125488],[21.27742255377863,45.72689507749799],[21.27715121624736,45.7270039827046],[21.27707112717501,45.72704705486075],[21.27690847123168,45.72705969409447],[21.2767333263437,45.72704459827761],[21.27623081625157,45.72714349757716],[21.27571671189978,45.72726492298846],[21.27508188187731,45.72742188996047],[21.27460282399826,45.72753837803461],[21.27425855914819,45.72761696651022],[21.27390238185571,45.7277233330552],[21.27354392029674,45.7278240156928],[21.27317805579255,45.72794315635336],[21.27262621706861,45.72810781032478],[21.27179150462077,45.72839316704452],[21.27120184922278,45.72857420141582],[21.27071783896612,45.72873319597724],[21.27015610834225,45.72892389910029],[21.26968670013179,45.72906459565727],[21.26921789456382,45.72921286254856],[21.26871987070171,45.72935077219],[21.26835043389826,45.72943727742151],[21.26805885443335,45.72952342008932],[21.26770508268375,45.72962575011965],[21.26735526158638,45.72973347678246],[21.26692350216998,45.72985620285699],[21.26649342742171,45.72997534731316],[21.26621411799282,45.73005328818271],[21.26600938285392,45.73011144138395],[21.26588701179568,45.73012933527522],[21.26572770613795,45.73015041973313],[21.26559162773894,45.73017130423684],[21.26540042572432,45.73024425717414],[21.26522064592092,45.7303308236196],[21.26505487318262,45.73038112010679],[21.26491953437846,45.7304007188639],[21.26481246126644,45.73042766443627],[21.26462820248685,45.730498828415],[21.26421536450848,45.73065095708009],[21.26347539546452,45.73092247746818],[21.26311183012707,45.73107093479771],[21.26272381112754,45.73124452794794],[21.26236734120664,45.73141303896662],[21.26206011191167,45.73157011447697],[21.2618423399102,45.73168625307999],[21.26146058061576,45.73190224128266],[21.26106975877437,45.73212499947814],[21.26061971456364,45.73238082637464],[21.26025816884661,45.7325875412901],[21.2601969037408,45.73264257159487],[21.26017622666569,45.73270198815074],[21.26019818344355,45.73277788774461],[21.26023481700649,45.73285855783757],[21.2602629762869,45.73293624864707],[21.26027636045429,45.73302932720966],[21.26026633386415,45.73312229151675],[21.26021790151101,45.73322178934788],[21.26016078202824,45.73331556833236],[21.26007933684359,45.73340773075893],[21.25993428735656,45.73351394207773],[21.25981227823358,45.73358003094052],[21.25965741720214,45.73362864966055],[21.25949984123826,45.73365890789857],[21.2593629630446,45.73366010628083],[21.25914410380283,45.7336434338774],[21.25889706753709,45.73361509884112],[21.25875394722095,45.7336054096844],[21.25864516938641,45.73361115868229],[21.25854524822201,45.73364579431537],[21.2584265543721,45.7336997985406],[21.25793682426229,45.73394567280455],[21.25751922111971,45.73414062573348],[21.25699950285043,45.73441034264082],[21.25650696342343,45.73468941962145],[21.25590094838162,45.7350222763115],[21.25536052363546,45.73532302747422],[21.25463099885875,45.73572568305413],[21.25392797300294,45.73610108010753],[21.2535784938874,45.73628594378616],[21.25332984638779,45.73640311304537],[21.25297022771776,45.73655456925587],[21.25271024551708,45.7366582228978],[21.25231314968516,45.73679386897795],[21.25187644481138,45.73693301353754],[21.25127037245495,45.73709669193547],[21.2508717289121,45.73719841850959],[21.2506744060348,45.7372374421932],[21.25053492173437,45.73724427223757],[21.25045953949532,45.73722554336786],[21.25038559263067,45.73717844851469],[21.25031491272432,45.7370939767004],[21.25014913400789,45.73674930021469],[21.24990887458631,45.7363270214582],[21.24974084374141,45.73606835901973],[21.24955221231287,45.73572269220963],[21.24928960908583,45.73528826960573],[21.24887587564818,45.7345759934687],[21.24847683603531,45.73390067852517],[21.24818224749219,45.73341409893318],[21.24771612647614,45.73259843748011],[21.24757113577424,45.73231312626503],[21.24737917188242,45.73202314613759],[21.24715592299164,45.73172336918087],[21.24703968441414,45.73157336928787],[21.24697415471889,45.73153526538721],[21.24690722196971,45.73150826869958],[21.24681463511411,45.73147888852706],[21.24674179777578,45.73143223592275],[21.24670472548894,45.7313741843886],[21.24669398143817,45.73131278063482],[21.24672175147293,45.73125471344913],[21.24677390872906,45.73120514841087],[21.24687679657078,45.73115412529945],[21.24695302419206,45.73114982724572],[21.24705725182157,45.73114777447214],[21.24715852528272,45.73114925883651],[21.2472418969975,45.73112009088941],[21.24736904896525,45.73108042622755],[21.24751765643542,45.73103738338415],[21.2477234964712,45.73100784127136],[21.2480733165532,45.73098942280979],[21.24875144991618,45.73095406178377],[21.24977247668891,45.73089536240241],[21.25087236680272,45.73083545447778],[21.25246672076595,45.73074681239622],[21.25339713298174,45.73069079417453],[21.25360316631292,45.73065172879002],[21.25371608506513,45.73061462689493],[21.25379275412996,45.73057454378126],[21.25384058646364,45.73052383173993],[21.25384985941658,45.73045741152526],[21.2538501823781,45.73039748021503],[21.25386076428471,45.73033846092429],[21.2538796437611,45.73029092949881],[21.25389694477737,45.73022326224194],[21.25388700086368,45.73017683091611],[21.25385660866183,45.73011450201835],[21.25383104771129,45.73002535360035],[21.25382209868827,45.7299737644616],[21.2538195777436,45.72990107119634],[21.25383369794127,45.72982258752169],[21.25390094777029,45.72960675387083],[21.25409008357689,45.72911563287524],[21.2543514919184,45.72845406997195],[21.25467411857625,45.72762705627228],[21.25503866561339,45.72667684774569],[21.25544143120689,45.72564929796503],[21.25564040532824,45.72511766733577],[21.25567051910212,45.72507997137558],[21.25574062680612,45.72505240520049],[21.25588152668862,45.72502967458109],[21.25731558326525,45.7248089116907],[21.25797356239257,45.72470265553989],[21.25814051190539,45.72467228176044],[21.2583080248342,45.72458143210447],[21.2588956697077,45.72418790677036],[21.26006957694819,45.72343237081309],[21.26129191008926,45.72265298366655],[21.26203005307723,45.7221910462905],[21.26343545652015,45.72129601375261],[21.26446069298402,45.72064596223161],[21.26560263940926,45.7199272750773],[21.26664859686712,45.71924713253358],[21.26763736148039,45.71861143852061],[21.26895229403581,45.71778573891656],[21.26998126096031,45.71712935117617],[21.27090973204663,45.71654334309529],[21.27222749177251,45.71570041981553]]},"properties":{"line":"24","dir":"0","mode":"bus"}},{"type":"Feature","geometry":{"type":"LineString","coordinates":[[21.27224802167069,45.71572354216109],[21.27098511634777,45.71652698116899],[21.26941639103288,45.71753237314834],[21.26790663616332,45.71848210987976],[21.26710570467721,45.71899150626457],[21.26599362467794,45.71970618358498],[21.26468917349093,45.72055182469455],[21.26359007816588,45.72123601784055],[21.26257713602138,45.72186509569486],[21.26154742524679,45.72253280549106],[21.26044971549597,45.7232370240781],[21.25925713145409,45.7239957484888],[21.25842619646779,45.72454999418369],[21.2581763497,45.7246961282112],[21.2580235409776,45.72472918860261],[21.25721392153042,45.72485386871572],[21.25582189638802,45.72507634795359],[21.25570864185625,45.72511341292027],[21.25564623332037,45.72519179663846],[21.25511291560474,45.72656693709612],[21.25451653024644,45.72812841272688],[21.25389684871138,45.72973725642565],[21.25388912778132,45.72985903584245],[21.25391765963778,45.73000705742187],[21.25396702697452,45.73011812537623],[21.25402154424432,45.73017133856359],[21.25407476308557,45.73020111402867],[21.25419736756366,45.73023111683966],[21.2542809993176,45.73024604422785],[21.25435903318899,45.73027604738968],[21.25442422216551,45.73031475516932],[21.25445287309795,45.73037158133435],[21.25445933035386,45.73044390242458],[21.25443297325028,45.73052887101583],[21.25436399145615,45.7305902046249],[21.254238223217,45.73065207072774],[21.25384347175169,45.73070995043212],[21.25338679212783,45.73075277942764],[21.25280428292801,45.73078039627246],[21.25115069995201,45.73088305868001],[21.2489086160109,45.73101062586078],[21.24808185422281,45.7310586727013],[21.24780136983751,45.73110459626415],[21.24757436407924,45.73117605797927],[21.24742759699544,45.73123319923909],[21.24731538286025,45.73128552757433],[21.24726627530763,45.73135703085438],[21.24726476065129,45.7314579732592],[21.24731756376389,45.73159681730576],[21.24737875991082,45.73170189642538],[21.24756882918624,45.73213774293053],[21.24847433433578,45.73372365540373],[21.24896815441033,45.73456841228084],[21.24973501871735,45.73589324442834],[21.25018934782534,45.73656216859153],[21.25052799935786,45.73697716776108],[21.25058198551616,45.73701707812516],[21.25066113334194,45.73704147336047],[21.25081807675183,45.73701987698774],[21.25143936507591,45.73688460027963],[21.25213312276739,45.73669010804717],[21.2526002918835,45.73654005475257],[21.25317136189837,45.73630436701132],[21.25364647005943,45.73607766462547],[21.25469228767707,45.73550117309262],[21.25583793453292,45.73486984819512],[21.25649685257564,45.73452074450731],[21.25776682952383,45.7338031300667],[21.25836372505108,45.73346685757354],[21.25842542633284,45.7334197993543],[21.25845731896723,45.73335059300012],[21.25844422613529,45.73329687374051],[21.25841868299215,45.73320126581743],[21.25839987053802,45.73311609547688],[21.2583982902763,45.73300324505152],[21.25840956561508,45.73290903501651],[21.25846745686178,45.73276862817967],[21.25856828485303,45.73265876858597],[21.25867093607905,45.73256499178694],[21.25886878854151,45.73246207373833],[21.25906340162913,45.73239821809224],[21.25926869844072,45.73236939265187],[21.25946612567532,45.73237083954002],[21.25962416969639,45.73239752584474],[21.25974517142109,45.73243543055404],[21.25985797622387,45.73246146755258],[21.26000104498902,45.73249487615495],[21.26013183986316,45.73248471088035],[21.26037035416357,45.73238740528531],[21.26090649690861,45.73208808846784],[21.26181338891262,45.7315948538014],[21.26255627792662,45.73123354582157],[21.26338491810258,45.73087605330635],[21.26434986277717,45.7305153017186],[21.26453618375303,45.73043647601722],[21.26472782571617,45.73030745240406],[21.26487782187944,45.73018855486738],[21.26501236857535,45.73012572068686],[21.26521530462721,45.73009244879933],[21.26548069063456,45.73007016587115],[21.26584144255362,45.73003110628815],[21.26618357375075,45.72997468026986],[21.26715496177001,45.72970666603598],[21.26833453914319,45.72936217000839],[21.2697188955526,45.72896033532422],[21.27060713970826,45.72867951843811],[21.27160835758519,45.72837220922942],[21.27263361950293,45.72805902018477],[21.27404423021493,45.72762494551139],[21.27493855176787,45.72739542957716],[21.27583608310126,45.72718533212077],[21.27629798146901,45.72706779887475],[21.27656226352286,45.72698683052021],[21.27676204271619,45.72690317981638],[21.27688912479656,45.72683730529666],[21.2769579900237,45.72681451514308],[21.27710344668098,45.72682964620891],[21.27725546386037,45.72682712885296],[21.27748397983063,45.72680430918041],[21.27899955851135,45.72649781741725],[21.2801878781965,45.72625658133181],[21.28098561616091,45.72610572136704],[21.28229704733302,45.72589242288335],[21.28339095461492,45.72571785698379]]},"properties":{"line":"24","dir":"1","mode":"bus"}},{"type":"Feature","geometry":{"type":"LineString","coordinates":[[21.23426108281651,45.75808481701061],[21.23624256587342,45.75876545488186],[21.23780610658974,45.75934660441814],[21.24002296709057,45.76010989922724],[21.24218632763002,45.7608351679973],[21.24509317423742,45.76181883212618],[21.24594401234333,45.76207572374757],[21.24819328489796,45.76264975318383],[21.25113716990333,45.76336920051185],[21.25197194451892,45.76352842151914],[21.25321526617677,45.76360647895471],[21.2545636157762,45.76367273472079],[21.25523862594322,45.76370793592697],[21.25559429580323,45.76375084482013],[21.2562439727832,45.76386959379285],[21.25755418490657,45.7641637562671],[21.25861768907287,45.76441904247545],[21.25915255135689,45.76460691112442],[21.25996942567986,45.76502430421201],[21.26094767340384,45.76557830787414],[21.26206929723305,45.76635446017086],[21.26212519204791,45.76636630697021],[21.26224702535637,45.76629735579335],[21.26339727238879,45.7654470012675],[21.26347747537679,45.76537614584666],[21.26350929169494,45.76531740915023],[21.26352338734741,45.76525386253838],[21.26351952773354,45.76518564332854],[21.26317936762864,45.76465835593473],[21.26274775267682,45.76402372447598],[21.2618720157278,45.76272630871297],[21.26139701237439,45.76200241510513],[21.26094920649935,45.76133446249491],[21.26022357184185,45.76021687285953],[21.26018480871236,45.7601512777148],[21.26019512809743,45.76010754476513],[21.26037245374863,45.76004392078419],[21.26157605482696,45.75969162025203],[21.26270963579865,45.75936317250845],[21.26387912561164,45.75902041363997],[21.26442814571985,45.7588628991716],[21.26452577340935,45.75884550952804],[21.2646511758207,45.7588354717669],[21.26479369632814,45.75885485225341],[21.26507196320154,45.75892499888038],[21.26524131211905,45.75898349128604],[21.26529605906655,45.75902015125318],[21.26535779497231,45.75907613040333],[21.26550113814882,45.75931091567458],[21.26564452901354,45.75954084377529],[21.26572121236194,45.75963755330945],[21.26578421432538,45.75968101152145],[21.26586066491512,45.759685681214],[21.26621754546701,45.75962429163921],[21.26721048909201,45.759438153754],[21.26903778731379,45.75907772263943],[21.26961461597201,45.75895417788261],[21.26975058904447,45.75889800628367],[21.26984788667368,45.75883958322481],[21.26992369988345,45.75876681944113],[21.27000967560749,45.75864805720468],[21.27023432637206,45.75810080077645],[21.2703718112298,45.75777616216283],[21.27043333115216,45.75765499235875],[21.27052914924118,45.75755106503898],[21.27061867558132,45.75748326970722],[21.27072381647903,45.75743146212162],[21.2708159134906,45.75739868946403],[21.27139274735868,45.75723219497563],[21.27320743943401,45.75673634752199],[21.27378409522017,45.75658153369981],[21.27399382831278,45.7564972856698],[21.27434912492671,45.75631070391196],[21.27450954620026,45.75622973505826],[21.27470764195387,45.75616058222064],[21.27535088023254,45.75599085898038],[21.27577568325881,45.75587987640092],[21.27582188177638,45.75589386576866],[21.27587195104364,45.75596120864289],[21.27591324225764,45.7560963695522],[21.27637360704598,45.75783022461964],[21.27698925012096,45.75996064226606]]},"properties":{"line":"28","dir":"0","mode":"bus"}},{"type":"Feature","geometry":{"type":"LineString","coordinates":[[21.27699055996359,45.75998148203392],[21.27952724729824,45.75995559053742],[21.27955751441057,45.75993609125676],[21.27956508530013,45.7599042063818],[21.27946430128376,45.75949891964077],[21.27903753962268,45.75794569012777],[21.2787080924321,45.75680212883412],[21.27839039820577,45.75565132617102],[21.27829316618022,45.75528695995553],[21.27826002401645,45.75526390644883],[21.27820653138136,45.75524086432381],[21.27813307439697,45.75525012748867],[21.27712515976393,45.75553590908369],[21.27640137001378,45.75573798679281],[21.27511568516595,45.7560865701794],[21.27465274091876,45.75621398353082],[21.27456573452337,45.75624953097017],[21.27431658913991,45.75637021434017],[21.27412571460589,45.75647881218503],[21.27396687608593,45.75654803112269],[21.27380855520439,45.75660617064405],[21.27315873743229,45.75678610562432],[21.27199000552386,45.75710998132614],[21.27080199280962,45.75744305316253],[21.2706648354551,45.75751345066852],[21.27055861205081,45.7575844698414],[21.27044808561663,45.75771477372859],[21.27018934465613,45.7583258420759],[21.27000682297952,45.75872698687237],[21.26989276008539,45.75885307240184],[21.26975233117523,45.75893953285777],[21.26962505634405,45.7589955946792],[21.26905572558138,45.75911370664183],[21.26713464527087,45.7594838471227],[21.26586030215088,45.75971924603532],[21.26577906992094,45.75971411949083],[21.26571336196928,45.75969282847718],[21.26564188655837,45.75962579233352],[21.26531728490481,45.75911826265223],[21.26527064732699,45.75905097198939],[21.26519663019267,45.75900490842418],[21.2648342935264,45.75890059098204],[21.2647169339025,45.75887415863373],[21.26459447117011,45.75886724731109],[21.26451319354226,45.75887641484535],[21.26429410317397,45.75893730742893],[21.26353849264189,45.75915407842235],[21.26191598105704,45.75961798445427],[21.26105631120935,45.75987078091994],[21.26043818721924,45.76005340465569],[21.2602169180925,45.76012910608829],[21.25939429888029,45.76040684273927],[21.2593491087376,45.76043870387343],[21.25936704034988,45.76048118198962],[21.2595841506914,45.76080754038219],[21.25981799213621,45.76117155799022],[21.26008079541405,45.76154231376553],[21.26045474828088,45.76211611531658],[21.26077731578377,45.76262868137766],[21.26083126764933,45.76276689621921],[21.26086233761786,45.76289453740438],[21.2608781913852,45.76302425680822],[21.26086143535018,45.76324621913368],[21.26080482785101,45.76390685237908],[21.26074829255923,45.7644728480446],[21.26068220396863,45.76512408503238],[21.26065945876417,45.76530619290445],[21.26059085598964,45.76541484133673],[21.26048555483131,45.76545002617448],[21.26038022160153,45.76544687430791],[21.2602611098429,45.76539580721845],[21.25959214217735,45.76497117985441],[21.25929369217834,45.76478919948647],[21.25887221870662,45.76459448887388],[21.25847828099956,45.764470049434],[21.25784619972668,45.76433292114518],[21.25728739544813,45.76420215051647],[21.25621367185266,45.76395336524527],[21.25561367359248,45.76384176895452],[21.25496400189366,45.76376852789561],[21.25321459328297,45.76369566004504],[21.25210473110826,45.76363206935812],[21.25167422966895,45.76358429075805],[21.25120249255516,45.76350777099356],[21.25077865333479,45.76341845768301],[21.24903360486445,45.7630068773904],[21.24699338896746,45.76250503151333],[21.24549072626008,45.76211237747436],[21.24436856414659,45.76172611317558],[21.24330255729578,45.76136416527068],[21.24171324646212,45.76081186237952],[21.24000253320716,45.76021758795062],[21.23809713305394,45.75955202339433],[21.23511481395373,45.7585435857377],[21.23425208946524,45.75825154657015],[21.23399106011628,45.75818130816442],[21.23366593363886,45.75813663765432],[21.23345071832927,45.75813347919928],[21.23323551040573,45.75815268329558],[21.23304320402613,45.75819105166509],[21.23289210942704,45.75823260771885],[21.23279137332064,45.7582422081796],[21.23266773370971,45.75822944901038],[21.23253034687103,45.75818793905536],[21.23245248232066,45.75813044586738],[21.23240208932446,45.75806336397478],[21.23237915838661,45.75796113541855],[21.23241576224306,45.7578780660244],[21.23246610095915,45.75778860489923],[21.23260294882927,45.75771454197525],[21.23272657140087,45.7576825749914],[21.23285478407629,45.7576825545534],[21.23297841983927,45.75768892415081],[21.23312496175743,45.75772723730183],[21.23341804872613,45.75781344683939],[21.23425152281612,45.75808166076301]]},"properties":{"line":"28","dir":"1","mode":"bus"}},{"type":"Feature","geometry":{"type":"LineString","coordinates":[[21.22509931731983,45.75072375658156],[21.22560884666097,45.74923784355212],[21.22567197677079,45.74899776130388],[21.22566837634111,45.74892243488224],[21.22545605754337,45.74809384373435],[21.22540568117595,45.74804362618385],[21.22527974303532,45.74802354026139],[21.22514660908777,45.74803107415236],[21.22457089415391,45.74811644761667],[21.22411751594755,45.74819679619397],[21.22337267234693,45.748365021927],[21.22278447196011,45.7485206963847],[21.2214963243405,45.74891488394082],[21.22040960640102,45.7492289560161],[21.22020449923018,45.7492892105359],[21.22011454149801,45.7492892074711],[21.21997780813165,45.74925656112843],[21.2197187382024,45.74914105057966],[21.21893099232824,45.74870914439072],[21.21813580867996,45.74826718306125],[21.21782836969567,45.74805866347286],[21.21761609239101,45.7478979543635],[21.21656593771729,45.74683733023766],[21.21645080702125,45.74675697346386],[21.21627450514659,45.74669669938436],[21.21600991084631,45.74661475566853],[21.21591241517979,45.74658968200742],[21.2158354456906,45.74656460973184],[21.21577130562305,45.74653595737297],[21.21573025827133,45.74650193520985],[21.21569948479194,45.74639450402469],[21.21567384965213,45.74624052040813],[21.2156290500083,45.74609762722734],[21.21557005858359,45.74595975594274],[21.21548797812132,45.74580576833088],[21.21540075933203,45.74569833255004],[21.21501971429361,45.74532810479061],[21.2140795345655,45.74436751649374],[21.21346391720262,45.7437276244902],[21.21281522628182,45.74299078416423],[21.21284986656737,45.7428994886374],[21.21319197823501,45.74246145235887],[21.2141969889288,45.74109302748105],[21.21516397770349,45.73961364367046],[21.21584855367296,45.73864730977638],[21.21626227017598,45.73804202542363],[21.21696021380821,45.73703097453322],[21.21776925969219,45.73584812922645],[21.21848015699564,45.73480291299601],[21.21863453868445,45.73455284067117],[21.21878593652401,45.73426011804003],[21.21891960564343,45.73396275759146],[21.2190031122926,45.73360323031439],[21.21907879685632,45.73317286942934],[21.21906495276653,45.73282984921207],[21.21894538111167,45.73202105024989],[21.21885491609687,45.73126615850553],[21.218716474928,45.73020483834161],[21.21868967968052,45.72941929215757],[21.21860169527664,45.72838730788457],[21.21853583533472,45.72724417540904],[21.21846633376474,45.72650932369979],[21.21839243254268,45.72626710783261],[21.21787317802531,45.72523994617797],[21.21757421845649,45.72464865557885],[21.21708338635427,45.72370629022404],[21.21685004243814,45.72326871599438],[21.21671628551842,45.72310588635915],[21.21614188630079,45.72260483791132],[21.21532970098784,45.72190510112768],[21.21446574709624,45.72118447812545],[21.21413652070047,45.7209302893165],[21.21393889499737,45.72082322401309],[21.2132098573442,45.72060762314181],[21.21188774791877,45.72028812659113],[21.21190367902878,45.72015093177872],[21.21273039360323,45.71870773892664],[21.21432679987013,45.71582441323392],[21.21434257380697,45.71573777144265],[21.21223712565483,45.71420103146261],[21.21208722612745,45.71417553389539],[21.21084505442322,45.71619948139093],[21.2092197495671,45.71896304099194],[21.20891800112591,45.71951277577617],[21.20717777798192,45.7190742769794],[21.20500415795671,45.71853004825362],[21.20263159299683,45.71794256274083],[21.20210707766395,45.71780433046677],[21.20204822821427,45.71777161679547],[21.2020360703421,45.71771551365078],[21.20206231734146,45.71761828424408],[21.20233307999414,45.71712096336501],[21.20262339049709,45.71665975029615],[21.20279848223246,45.71645699153035],[21.20293040165233,45.71635433609256]]},"properties":{"line":"32","dir":"0","mode":"bus"}},{"type":"Feature","geometry":{"type":"LineString","coordinates":[[21.20292955500746,45.71635853247228],[21.2030214596207,45.71629993710132],[21.20313408171884,45.71622389173015],[21.20320294013989,45.71618752009196],[21.20326239828234,45.71617981275105],[21.20331714165106,45.71618803231127],[21.20335806350096,45.71620894831046],[21.20337147432274,45.71624090457298],[21.20337110761933,45.71628077305937],[21.2033524833059,45.7163189648876],[21.20330423984873,45.71634904983442],[21.20323322932639,45.71637105862203],[21.20317612839744,45.71637080249036],[21.20310305386963,45.71636887986124],[21.20302539657118,45.71636853142004],[21.20296806076088,45.71639379100518],[21.20280687099103,45.71653500522968],[21.20268691064705,45.71666364600231],[21.20239492935109,45.71711685589008],[21.20207977540659,45.7176854617104],[21.20208393168049,45.71773013504023],[21.20211333086762,45.71776216337964],[21.20218155984311,45.71779436613065],[21.20275811529929,45.71794048827498],[21.20361064136295,45.71814902904725],[21.20445613374038,45.71836173700662],[21.20562137246407,45.71865198398751],[21.20699892548922,45.71899685527492],[21.20816660285746,45.71929776988711],[21.20886773144155,45.71946821877835],[21.20914075361624,45.71901259304432],[21.21070102230597,45.71633148967851],[21.21196839708469,45.71422943918268],[21.2120333080649,45.71414826073245],[21.2121304151224,45.71411228163392],[21.21224668991739,45.71415308943114],[21.21445357550968,45.7157276013691],[21.21356053181493,45.71731432529911],[21.2119672828788,45.72016119402762],[21.21194115477666,45.72024694438838],[21.21215959680453,45.72030695187971],[21.2136543413086,45.72069109000762],[21.21386996453126,45.72075821978923],[21.2140635779433,45.72084275408972],[21.21425358595682,45.72096798345356],[21.21464597302004,45.72128408638607],[21.21515403435966,45.72170699913825],[21.21582332593378,45.72227851462991],[21.21661640673212,45.72296749021055],[21.2167866864559,45.7231265554322],[21.21686356573846,45.72322414596499],[21.2170135593865,45.72347811624837],[21.21725828434116,45.72395012956513],[21.21755465600671,45.72450102600837],[21.21779549193551,45.72496818268204],[21.21845030996059,45.72625689070626],[21.21851556201377,45.72655016428859],[21.21856615639156,45.72705249148394],[21.2186423514285,45.72825660853405],[21.2187505475878,45.72958190546661],[21.21884778157661,45.73066777705142],[21.21897103017704,45.73166004547944],[21.21917615255478,45.73296555146982],[21.2191421829887,45.73342908349927],[21.21903288919001,45.7338831413656],[21.21887142333513,45.73428646844911],[21.21857729498865,45.73481318255462],[21.21784426241786,45.73587057790564],[21.21661773802365,45.7376796408272],[21.21605887789356,45.73853314736289],[21.21562610242432,45.73910975604489],[21.21529992923045,45.73953532132929],[21.2141507994938,45.74125300648504],[21.21302526039736,45.74284775989504],[21.21299770174909,45.74298537662497],[21.21323175465967,45.74329402048092],[21.21467171683882,45.74483997528552],[21.21568174622061,45.74584645996054],[21.21606640110366,45.74623839897092],[21.21649691009655,45.74663426659937],[21.21707560005474,45.74716955359783],[21.21733553234328,45.74742372866142],[21.21764658539967,45.74775686036119],[21.21786111020769,45.74794775709948],[21.21814536519128,45.74812368545639],[21.220113751615,45.74920170761681],[21.22154122120982,45.74999160096218],[21.22258715790148,45.75056053338848],[21.22370857041233,45.75109761756241],[21.22392312822459,45.75117996073909],[21.22410550309258,45.75125107512795],[21.22420741862645,45.75126604661466],[21.22461507982716,45.75117247488017],[21.2248457298831,45.7511125884499],[21.2249369171954,45.75109013088529],[21.2249851921232,45.75104895924763],[21.22509782884173,45.75073081657862]]},"properties":{"line":"32","dir":"1","mode":"bus"}},{"type":"Feature","geometry":{"type":"LineString","coordinates":[[21.22502815587258,45.75081193632028],[21.22542505533869,45.74983389985893],[21.22554567183438,45.74944849638225],[21.22563072044199,45.74915398550748],[21.22566221979342,45.74904189526505],[21.22567167093139,45.74895892962519],[21.22556144448816,45.74848419238608],[21.22543546962478,45.74811604773591],[21.22538507699155,45.74807209007543],[21.22532208521258,45.7480545063694],[21.22523074666448,45.74804571357686],[21.22454940175167,45.74812921923242],[21.22407695366741,45.74821052820337],[21.22335497195094,45.74837534648144],[21.22248565006838,45.74862147468772],[21.22090799933007,45.74907635673335],[21.22029011719368,45.74928731565346],[21.22015467793123,45.74930708860074],[21.22005073999541,45.74929169755744],[21.21993420634734,45.74925212927275],[21.21938305127028,45.74894659327011],[21.2183201500291,45.74836408714815],[21.21801880001918,45.74818616570057],[21.21780150019199,45.74803889282617],[21.21771017508982,45.74795536725875],[21.21716852931069,45.74743443000808],[21.21651189999036,45.74679343209947],[21.21636930806357,45.74673393273558],[21.21616459978734,45.7466745718183],[21.21599768577247,45.74661741199529],[21.21591895227431,45.74659322812669],[21.21581187566847,45.74655585436588],[21.21575204828696,45.74648771529316],[21.2157079866776,45.74632946598661],[21.21566392604801,45.74616682078056],[21.21562300219211,45.74606791338307],[21.21556633972158,45.74592504713225],[21.21540582192736,45.74568580127603],[21.2151696572049,45.74546819060821],[21.21490830867416,45.74520222382786],[21.21444544049632,45.74473622805656],[21.21358958476273,45.74384983293117],[21.21281462925609,45.74298882703948],[21.21229183131521,45.7423502784493],[21.21144419723194,45.74127711927233],[21.21078407621342,45.74041465158302],[21.21042836732186,45.73990904482331],[21.20999071325991,45.73936800481719],[21.20989310423071,45.73932183544784],[21.20973566099442,45.73927785475675],[21.2096254499871,45.73924926594905],[21.2095656428238,45.73916354059908],[21.20955622130655,45.7390800207092],[21.20957828878084,45.73900309919453],[21.20964129148623,45.7389371732206],[21.20973264617083,45.73883828363909],[21.20977359860159,45.73879213487123],[21.20978936605939,45.73871960789235],[21.20978939790928,45.73861411051332],[21.20967155443632,45.73790198385956],[21.20919923983419,45.7352834636435],[21.20888648076632,45.73364632371978],[21.20863343277168,45.73276401969364],[21.20846400084544,45.73224372884692],[21.20823427219667,45.73177815340483],[21.20799782969182,45.73147281111228],[21.20738663862248,45.73072813669083],[21.20667234917681,45.72984351578994],[21.20642250388346,45.72961916634887],[21.20592726817265,45.72919850247324],[21.20552574213763,45.72881523516808],[21.20511210097945,45.72837007920029],[21.20484000143093,45.72802422312437],[21.20420277246614,45.72726418408078],[21.20370320300478,45.72663790059967],[21.20343555871158,45.72635123336826],[21.20328834876552,45.72620789623873],[21.20312323557758,45.72608458845031],[21.20292693459837,45.7259537033205],[21.20281095116351,45.72584775743884],[21.20272621997495,45.72571066458485],[21.20262368038928,45.72547699209151],[21.2025164272652,45.72536909498957],[21.20235583244188,45.72523510121512],[21.20204361254654,45.7248705391732],[21.20148610044658,45.72417880775279],[21.20026797148892,45.72270318847634],[21.19960750843675,45.72190589746572],[21.19956291219501,45.72184981048323],[21.19957632796856,45.72179062214659],[21.19962990202301,45.72173767410621],[21.19972362506334,45.72170965850551],[21.19979502262115,45.72170967560608],[21.19991103455195,45.72172839536599],[21.20002701653904,45.72180942184619],[21.20060232090093,45.72252296819542]]},"properties":{"line":"33","dir":"0","mode":"bus"}},{"type":"Feature","geometry":{"type":"LineString","coordinates":[[21.2006112456623,45.72252297024591],[21.20181837331713,45.72409159523013],[21.20258264322861,45.72494639663788],[21.20269859142388,45.72512711091489],[21.20275655640118,45.72523927552319],[21.20285913696734,45.72537637243563],[21.20296172084987,45.72550723890146],[21.20308663446266,45.7256007258087],[21.20320365824469,45.72569777489193],[21.20329731787378,45.72582863826673],[21.20335973945558,45.72595949516783],[21.20343552836245,45.7261402002441],[21.203515805358,45.72626171497382],[21.2041224367776,45.72698460047359],[21.20434640896807,45.72726241169579],[21.20466762041238,45.72753039367135],[21.20524314433981,45.72798534556814],[21.20547514124448,45.72817231149725],[21.20566251188974,45.72835926933134],[21.20588455428367,45.7286322940791],[21.20620572454236,45.72905292334063],[21.2066696433804,45.7296760776275],[21.20755467298057,45.73077498918547],[21.20815277002382,45.73152271835217],[21.20842044044451,45.73187168038355],[21.20862118104587,45.73218013289357],[21.20878907439649,45.73257877234322],[21.20891836217439,45.73302740209984],[21.20898513647413,45.73357260052969],[21.20925793036582,45.73513640263663],[21.2095637808935,45.73688570305274],[21.20990775646121,45.73864660320204],[21.20999248555214,45.73891329899323],[21.2100192287975,45.7390410320288],[21.21009951122137,45.7392528875074],[21.21020658428954,45.73943982450265],[21.21058411261896,45.73992836207057],[21.21161256964168,45.74127452101254],[21.21261791750981,45.74258679506773],[21.21327545414234,45.74335067576902],[21.21373066956723,45.74384295403992],[21.21438592360532,45.74452513416275],[21.21494381637418,45.74511088140201],[21.21562149914039,45.74580024448861],[21.21654781201735,45.7466971855056],[21.21704635424135,45.74717205610442],[21.21758645029469,45.74770794099684],[21.21792985554391,45.74798826211082],[21.21830483530463,45.74818767321664],[21.21975075116997,45.74897667891502],[21.22164651127603,45.75005486162818],[21.2234899458976,45.75100169722396],[21.22393458929514,45.75119966155322],[21.22411763772332,45.75125885781763],[21.22434533704577,45.75124017138191],[21.22488110383657,45.75109376198677],[21.2249659351293,45.75102211071952],[21.22503291210198,45.75081026882506]]},"properties":{"line":"33","dir":"1","mode":"bus"}},{"type":"Feature","geometry":{"type":"LineString","coordinates":[[21.22503798051677,45.75085201400166],[21.22563122198974,45.74915878953946],[21.22566900669402,45.7489989349776],[21.22566025660629,45.7488885907882],[21.22548071821693,45.74819452788815],[21.22543104551326,45.74809459556223],[21.22536533282032,45.74805148364348],[21.22525846384804,45.74803657023983],[21.22510538723794,45.74804626532967],[21.22449256576073,45.74812417451227],[21.22412476835212,45.74817874454638],[21.2237002373395,45.74828275783168],[21.2229798518019,45.74847737576586],[21.22182279464295,45.7488435123953],[21.2204013343561,45.74925774529748],[21.2202683162306,45.74929246694809],[21.22012033269945,45.74930218838196],[21.21996790917227,45.74926207350483],[21.21918836425607,45.74883724876365],[21.21817218008501,45.74828281505155],[21.21784137099169,45.74805629501454],[21.21765468141908,45.74790922506381],[21.21669858111378,45.74696025584911],[21.21653938855177,45.74681214848046],[21.21635190470146,45.7467255521432],[21.21580866490496,45.7465548272683],[21.21571794503282,45.7464759710782],[21.21566475299936,45.74625860779683],[21.21554694482403,45.74591630619129],[21.21540676111379,45.74572328216394],[21.21454677753746,45.74485266179344],[21.21383295312032,45.74409379419638],[21.21288946306454,45.74312108626746],[21.21248825609763,45.74262395247758],[21.21154906842482,45.74142034814185],[21.21039834486166,45.73987387112279],[21.21008021741509,45.73943891884571],[21.20994383295465,45.73934552882578],[21.20973580328913,45.73927301709486],[21.20959865700532,45.73923654467721],[21.20951824606028,45.73915063459241],[21.2095089092919,45.73908653463842],[21.20955111511152,45.73898007864771],[21.20962309367543,45.73893429830379],[21.2097000741302,45.73889566588912],[21.20976724101542,45.73882850769103],[21.20980939840627,45.7387256086942],[21.20979567821363,45.73860811381191],[21.2095355434706,45.73709828664571],[21.20922742540131,45.73537502982956],[21.20890365342122,45.73367166025661],[21.20870753792791,45.73289586720446],[21.20858932179867,45.73258912984055],[21.2084794279605,45.73225454676759],[21.20834044971411,45.73197613838748],[21.20812564649622,45.73165098294206],[21.20762936033721,45.73103224891552],[21.20668831374971,45.72987524852554],[21.20642151044486,45.72962801637577],[21.20613470479999,45.72935218879273],[21.20578798046317,45.72908444345304],[21.20548613678136,45.7287907309844],[21.205170773059,45.72848097791111],[21.2047353352957,45.72792107718646],[21.20431776712943,45.72742088693198],[21.20347996753609,45.72642499185625],[21.20332467613607,45.72627273318815],[21.20310583168076,45.72609671685741],[21.20296243135049,45.72603198536195],[21.20281835083387,45.72601760762273],[21.20252411046256,45.7260828139045],[21.20214748473316,45.72619447758043],[21.20162532111423,45.72639918276332],[21.20146549473126,45.72648205931328],[21.20137752699959,45.72658555329329],[21.20131323912654,45.72671606145376],[21.20121120775051,45.72679260484703],[21.20105197002189,45.72683184097923],[21.20087866910287,45.72684412622341],[21.20067288889566,45.72676890831338],[21.2005684135861,45.72667085818912],[21.20055680120885,45.72655663358186],[21.20058243779299,45.72643929984212],[21.20058393939314,45.72632852116877],[21.20055209817751,45.72619402165216],[21.20036787911099,45.72594772664925],[21.19964828880561,45.7251070142237],[21.19961531079972,45.72505643697752],[21.19962130334868,45.72496918776359],[21.19972764091515,45.72492960422707],[21.19980426127355,45.72495361209358],[21.20009303968004,45.72529124806003],[21.20023502512302,45.72546004912935],[21.20024785843363,45.72557763744052],[21.20032279546138,45.72572585126079],[21.20069695218412,45.72615133446407],[21.20088807399874,45.72624324175097],[21.20109920435665,45.7262782078902],[21.20130117197822,45.72627954089251],[21.20168750788794,45.72616122956116],[21.20250046165251,45.72579057867572],[21.20260725226294,45.7257174229485],[21.20267058260851,45.72565740975675],[21.20267638988265,45.72558358873598],[21.20254551361905,45.72530407544642],[21.20243803923188,45.72512169092137],[21.20186078419788,45.72442293687154],[21.20105074410962,45.7234686954332],[21.20017809277185,45.72241772438768],[21.19931507060701,45.721361318753],[21.19848698070363,45.72035452136773],[21.19780515195924,45.71954685858399],[21.19673721704454,45.71825270331887],[21.19568908370144,45.71696291919077],[21.19487641684346,45.71599805789941],[21.19385872043267,45.71481265499693],[21.19282772329615,45.71357830671131],[21.19202406352832,45.71262002418012],[21.19117325699921,45.71153551689855],[21.18997744013819,45.71005742508644],[21.18842324514443,45.70819050439229],[21.1874049324995,45.70697347922208],[21.18703714903322,45.70653566267777],[21.1868760702871,45.70636335983936],[21.18670010781864,45.70622452879985],[21.18647496370771,45.70616594001996],[21.18624029803643,45.70610057201904],[21.18605888051411,45.70600870404675],[21.18595946140141,45.7058972446176],[21.18593686266996,45.70579301716331],[21.18597268961475,45.70563546699709],[21.1860539529119,45.70553959106255],[21.18618966094975,45.70545993116149],[21.18635370049698,45.70541739151125],[21.18656077055527,45.70539192746413],[21.18676321854537,45.70535300301674],[21.1868792799676,45.70530342537783],[21.18697158423667,45.70523354439747],[21.18701632819709,45.70512641385638],[21.1870160065144,45.70502341176485],[21.18695423773689,45.70492940733709],[21.18685396819158,45.70476908093288],[21.18676101190913,45.70465009272326],[21.18672273897273,45.70456725644104],[21.18671239612526,45.70445983432207],[21.18672532070356,45.7043800950836],[21.18677792275933,45.70428135428071],[21.18690620693222,45.70412523654486],[21.18703831467221,45.70397748402092],[21.18710216998944,45.70392010857988],[21.18720126770803,45.703879485818],[21.1876964888791,45.70369563679877],[21.18900853594613,45.70324676659447],[21.18922612885716,45.70318766851306],[21.18935652550265,45.70316376938419],[21.18945490140199,45.70317543945679],[21.18950973611982,45.70320058066667],[21.18952891181391,45.70323924591766],[21.18952830635453,45.70328328385332],[21.18950011318705,45.70332713670381],[21.18945645832157,45.7033488650066],[21.18940908940527,45.70335405263038],[21.18929896566505,45.70333679846977],[21.18920081672201,45.70330861405365],[21.18911820511426,45.70329704943912],[21.18901979130022,45.70328813139145],[21.18890114191323,45.70331761408102],[21.18805763198554,45.70360648048192],[21.18742788094471,45.7038279626125],[21.18725812776691,45.70389017009752],[21.18714779727419,45.70393124021858],[21.18707046915492,45.70399111542892],[21.18693877336193,45.7041342491105],[21.18681350413184,45.70429368620757],[21.18675894362389,45.70439088079252],[21.18675139449155,45.70445587113982],[21.18675993019096,45.70456045898376],[21.18680210972149,45.70463739841303],[21.1869521547843,45.70485211443648],[21.187069709937,45.70501093576564],[21.18738285313515,45.70545903734629],[21.18739665684111,45.70553390991504],[21.18739154076778,45.70562128617917],[21.18734355264407,45.70569744791628],[21.18727657349939,45.70573250821387],[21.18719391195111,45.70577019462648],[21.18711132559092,45.7058024183503],[21.18704054793544,45.70582925829031],[21.18698518877025,45.70587259141363],[21.18694528576337,45.70592968646958],[21.18690139608912,45.70599221792435],[21.18682230563639,45.70605451266091],[21.18671215150061,45.70610020890549],[21.18658657848873,45.70612941173653],[21.18639109381218,45.70612263328429],[21.18632076755025,45.70611669685952],[21.18616894723811,45.70606377466067],[21.18600611049511,45.70595887769155],[21.18594880102818,45.70586015432912],[21.18595065020851,45.70572631850814],[21.18599537130024,45.7056036979462],[21.18601989487316,45.70552737848529],[21.18601703994746,45.70545087474929],[21.18600628749065,45.70537978104124],[21.18597225644989,45.70529487262052],[21.18578840723709,45.70501228054885],[21.18553627495116,45.70468440587216],[21.18538445728874,45.70456319655889],[21.18513980246263,45.704428368182],[21.18492761467614,45.70430025483595],[21.18477119282957,45.70417576544413],[21.18456473562863,45.70396973135746],[21.18380519368585,45.703061579677],[21.18378739960368,45.70300299002306],[21.18381651810301,45.70291548276119],[21.18386875577972,45.70283787654154],[21.18386576794992,45.70271766902195],[21.18381627198773,45.70259714679256],[21.18290103941074,45.70150580035691],[21.18279461699446,45.70146298163274],[21.18238195800274,45.70095607166733],[21.18214012203975,45.70078482980638],[21.18201756782611,45.7007622810213],[21.1818788714056,45.70078027575789],[21.18064335718481,45.70128687126065],[21.17992913580491,45.70156839140811],[21.17983969191364,45.70156458706799],[21.17910281607775,45.70070691164477],[21.17890235490617,45.70045508522188],[21.17885901066331,45.70040237819461],[21.17889427926509,45.70032666629114],[21.18003645316583,45.69983269718572],[21.18096790612999,45.69945121428721],[21.18106877451781,45.69941242135236],[21.18112641843273,45.69937793244228],[21.18122111873841,45.69932188806812],[21.18128905694813,45.69927877600695],[21.18143933377285,45.69920980456335],[21.18414366257183,45.69847169375124],[21.18664864735887,45.69777686741862],[21.18676040903057,45.69776751623208],[21.18684533449535,45.69780499551532],[21.18692129994344,45.69790804144214],[21.18697978738351,45.69800923980689]]},"properties":{"line":"33b","dir":"0","mode":"bus"}},{"type":"Feature","geometry":{"type":"LineString","coordinates":[[21.186980857212,45.69801288580612],[21.18730240792054,45.69867617376693],[21.18731080784048,45.69872708605686],[21.18728566235414,45.69879048671405],[21.1872211669108,45.69884726580801],[21.18713876151425,45.69888273449043],[21.18603945101234,45.69917623516503],[21.18451065744079,45.69958528116619],[21.18444689104246,45.69958908882676],[21.18438041349599,45.69956956923419],[21.18407824984699,45.69904201869871],[21.18386186529406,45.6986739701759],[21.18382593050168,45.69863982331088],[21.18375020604087,45.6986308355698],[21.1836530404054,45.69863653587473],[21.18169543743027,45.69919118512286],[21.18143335486566,45.69928231680326],[21.18136920604579,45.69931366699687],[21.18135026813023,45.6993665134943],[21.18134970890357,45.69940677058569],[21.18140917598131,45.69949405226628],[21.18217015250824,45.70040825513779],[21.18243643555667,45.70074604353193],[21.18291004851636,45.70138070785132],[21.18379204236034,45.70245516346528],[21.1841551048414,45.70288057583041],[21.1855303269362,45.70455576399603],[21.18585916059015,45.70493412022426],[21.18605636059424,45.70515582370839],[21.1862032128362,45.70528819039108],[21.18635712832844,45.70534855869921],[21.18650544408149,45.70537498521623],[21.18663840107469,45.7053813732702],[21.18676817343882,45.7053551344708],[21.18688276691315,45.70530348884563],[21.18697170492333,45.70523540331344],[21.18702495971582,45.70512731337843],[21.18701602873227,45.70502422752847],[21.1869401103399,45.70489900138532],[21.18685394022786,45.7047664762022],[21.18675983210882,45.70464654968418],[21.1867272860816,45.70456680171238],[21.18671176753691,45.70447507344344],[21.18672405408903,45.70438147697945],[21.18677604669911,45.70427893330387],[21.18691920779826,45.70410328805067],[21.18702297036848,45.70399311318279],[21.18710536437486,45.70391841692082],[21.1877154548985,45.70368908820829],[21.18872939270056,45.70333957823365],[21.18901214956764,45.70324626002834],[21.18924386923493,45.70318638464248],[21.18935854531041,45.70316258167215],[21.18946829589259,45.70317713887894],[21.18951413306812,45.70320201781588],[21.18952679803408,45.70324049607934],[21.18953062541277,45.70328198651399],[21.18949918731257,45.70332938353392],[21.18945937619964,45.70334600973116],[21.1894152519884,45.70335646407912],[21.18931435994021,45.70333735894049],[21.18923545615058,45.70331840114225],[21.18914120305216,45.70329626889927],[21.18902039542713,45.70328624432101],[21.18892768643681,45.70331172984877],[21.18867808056677,45.70339298432005],[21.18824284476456,45.70354056337119],[21.18772350214634,45.70372750399276],[21.18736560047704,45.70384795611838],[21.18724327034312,45.70389609435388],[21.18714383650572,45.70393074727811],[21.18706378955878,45.70399470928406],[21.1869454092424,45.70412752091835],[21.18682229149308,45.70428487223202],[21.18675702084719,45.70439346958605],[21.18675171203402,45.7044594701132],[21.18676128655076,45.70456242826304],[21.18680623350326,45.7046518028837],[21.18698328784575,45.70488880420292],[21.18718179233186,45.70516503420421],[21.18732515902056,45.70537254472175],[21.18738332202014,45.70546047198304],[21.18739287689409,45.70556496542372],[21.18739203010165,45.70562638871696],[21.18734925619264,45.70569828025755],[21.18720541771197,45.70576334944885],[21.18707052251548,45.70581772857879],[21.18703292941726,45.7058328330823],[21.18698835352077,45.70587593424738],[21.18696293697356,45.70596483537555],[21.18695908574069,45.70608459613717],[21.18697751211274,45.70621235659635],[21.18702592370575,45.70631502502639],[21.18738000364736,45.70678204304699],[21.18828793495925,45.70789729084186],[21.18894526974859,45.70867764691571],[21.18993338433978,45.70988578327665],[21.19069813492884,45.71076095181675],[21.19112535333595,45.71124277560303],[21.191685197298,45.71190382590432],[21.19252448376542,45.71296825023291],[21.19399803949702,45.71477641181849],[21.19518078430683,45.71624390938127],[21.19649785191972,45.71781190535281],[21.19756968878612,45.71909537061714],[21.19851218155831,45.72024100946496],[21.19951965389021,45.72147438501732],[21.20070979774945,45.72289871640266],[21.20229448886972,45.72480958585917],[21.20260500137069,45.7251844225724],[21.20285777213275,45.72540716263744],[21.20312295418373,45.72561297847187],[21.20325110387117,45.72574420021317],[21.20334244920177,45.72589501990969],[21.20342889393047,45.72610816265072],[21.20352656206623,45.72627714623577],[21.20371829217178,45.72651081974146],[21.20432153177475,45.72724036870251],[21.20449730270882,45.72738987035492],[21.20537693727298,45.72809855357347],[21.20558155017596,45.72828129260826],[21.20575882840638,45.72849604277144],[21.20606219321959,45.72888349629559],[21.20668855273501,45.72970954912784],[21.20783364812222,45.73111513359902],[21.20839869629141,45.73186846226422],[21.20858606405477,45.732127607754],[21.20870073073421,45.73235793538471],[21.20884561518888,45.73275734437028],[21.20896354388015,45.7333504857206],[21.20926432244403,45.73511215624544],[21.20960441113358,45.73700675094462],[21.2099301060664,45.73885247424769],[21.21001630690299,45.73908707129723],[21.21011084164139,45.73930592878742],[21.21043782700833,45.7397558817713],[21.21171999971396,45.74142894163632],[21.21313625278188,45.7431959047133],[21.21465081148941,45.7448163049895],[21.2157062497992,45.74585328965799],[21.21636758037891,45.74651796244965],[21.21670465096244,45.74683774149555],[21.21723776952406,45.74737119913339],[21.21777656830613,45.74788218280731],[21.21811087863291,45.74809407703771],[21.21928422079676,45.74874502697914],[21.22107100774965,45.74976565982341],[21.22245590026934,45.75049953335773],[21.2232732923229,45.75090141316883],[21.22379018825825,45.7511314659885],[21.22405683614936,45.75124087578151],[21.22418647140108,45.75126721395144],[21.22452454988818,45.75119568484924],[21.22487104934896,45.75110153419888],[21.22494885175486,45.75105384842869],[21.22499050867967,45.75097475425843],[21.22504084656391,45.75085320103819]]},"properties":{"line":"33b","dir":"1","mode":"bus"}},{"type":"Feature","geometry":{"type":"LineString","coordinates":[[21.2336495072741,45.75472860803198],[21.23341461625708,45.75483992197468],[21.23338143414095,45.75488252376734],[21.23365554129716,45.75548908886994],[21.23373870992578,45.75568872968304],[21.2337937612255,45.75594881813429],[21.23383606289988,45.75627205763135],[21.23386165160776,45.75667076627969],[21.23385320094343,45.7569314346874],[21.23385316796821,45.75704175570175],[21.23388497943327,45.75713055078314],[21.23399830915875,45.75723429869555],[21.2341206259343,45.75737687103241],[21.23414795817889,45.75745802969233],[21.23413292576983,45.75754687427648],[21.23407157949945,45.75762498686579],[21.23351454942162,45.75796711884674],[21.23273519956088,45.7583705026448],[21.2325621781168,45.7584783915291],[21.23252345746408,45.75853506120387],[21.23252774180784,45.75861832274635],[21.23261105079897,45.75935680019937],[21.23274984631491,45.76063716362626],[21.23291162280921,45.76198376354636],[21.23299129414018,45.76256958178155],[21.23303241292995,45.76287617289406],[21.23305428417986,45.76319779209371],[21.2330559860898,45.76338530155587],[21.23305256359431,45.7635290380804],[21.23299696400312,45.76371650557114],[21.23292023588274,45.76387720494463],[21.23262969332109,45.76425916731679],[21.23242023993754,45.7645303053793],[21.23235008901778,45.76461121283688],[21.23231649900893,45.76469347786222],[21.23231326783106,45.76476399515194],[21.23230653071416,45.76484163434128],[21.23226306241781,45.76491934675003],[21.23220297185333,45.7649711151713],[21.23210922815233,45.76500879615382],[21.23203218966872,45.76503235561262],[21.23192829902237,45.76505360296731],[21.23183801408159,45.76509593277614],[21.23176090933288,45.76517356766111],[21.23141631449866,45.76556377620207],[21.2312153294641,45.76577543717831],[21.23111492991345,45.76590720277736],[21.23101526359035,45.76609974680809],[21.23084799298459,45.76647575179449],[21.23075243687574,45.76669264689521],[21.23068518687078,45.76681974483217],[21.23028650438235,45.76729066928226],[21.22997721612597,45.76765639930012],[21.22994729870661,45.76776222025045],[21.22996164351994,45.76785140489601],[21.22997898359855,45.7679076800319],[21.22998219150426,45.7679876982683],[21.22997874922873,45.7680442255141],[21.22995854846827,45.76807957383047],[21.22993522038218,45.76815015301097],[21.22992564927971,45.76822058414825],[21.22998515622626,45.76840287338155],[21.23035633874461,45.76933001681669],[21.23040360211474,45.76936040468637],[21.23047461217547,45.76937643021863],[21.2305832068063,45.76937523397676],[21.23154313089836,45.76919073578824],[21.23237714190567,45.7690277163441],[21.23289316261809,45.76893069773199],[21.23363796064045,45.7687692370761],[21.23423363527033,45.76861070196574],[21.23507430433165,45.76840934166531],[21.23553310576266,45.76831274015403],[21.2361515987047,45.76820817629128],[21.23654476611287,45.76813460686878],[21.23687509733509,45.76805391010704],[21.23707040327533,45.7679911127278],[21.23721823928794,45.76791327333832],[21.23732905295786,45.76782845182601],[21.23737918113453,45.76774380733369],[21.23742947008193,45.76770142001467],[21.2375067378786,45.76766366035849],[21.23761782287184,45.76766345355355],[21.23772902968018,45.76770550304706],[21.23781659720212,45.7677499256917],[21.23791091531895,45.76776380075892],[21.2380727940159,45.76775169501713],[21.23886647107799,45.76753858977631],[21.24136579390679,45.76683030920749],[21.24265619749663,45.76647175507221],[21.24275361422386,45.76645040462435],[21.24285069252663,45.76643406689901],[21.24293117884922,45.76644342355509],[21.24301197217347,45.76646663646764],[21.24496515469037,45.76771598823814],[21.24574921243246,45.76824736655144],[21.24626300976495,45.76851414619086],[21.24854167290408,45.76969228825812],[21.24922356825447,45.77004776100656],[21.24925813543886,45.77010898995859],[21.24921492480345,45.77018911371741],[21.24874073061911,45.77062816667258],[21.24789788250481,45.77142906391861],[21.24699271421503,45.77215492388004],[21.24620716156682,45.77281167062223],[21.24602266611119,45.77291729508237],[21.24567860549359,45.77306125367956]]},"properties":{"line":"40","dir":"0","mode":"bus"}},{"type":"Feature","geometry":{"type":"LineString","coordinates":[[21.24567432882193,45.77306184450649],[21.24459606091361,45.77344915242378],[21.2437482917256,45.77375784660655],[21.24317529113658,45.77395097783107],[21.24203325053164,45.77428495864316],[21.24112997600395,45.7745679298949],[21.23985479472054,45.77496636551087],[21.23974625614169,45.77500685401714],[21.23966827364064,45.7750733484889],[21.23958681854355,45.77513516868404],[21.23952234991807,45.77517086710169],[21.23943748540631,45.77518527805844],[21.23930498016152,45.77519507070004],[21.23920330632075,45.77519997761116],[21.23906889234063,45.77522834578875],[21.2384140293889,45.77542549640511],[21.2371170916437,45.77579098854077],[21.23476208205782,45.77647919939277],[21.23414646881496,45.77668422773086],[21.23359983634043,45.77687265425924],[21.23346672764652,45.77688505354828],[21.23337167042273,45.77688276990653],[21.23331778264435,45.77685412062628],[21.23317113168457,45.77647949453333],[21.23292520482104,45.77583930377571],[21.2324405972117,45.77470691103015],[21.23186611605827,45.77335154046708],[21.23136740169287,45.77218958837035],[21.23041019036921,45.76978808209656],[21.2300454909454,45.76896877486803],[21.22993401987885,45.76870289433502],[21.22990596197724,45.76854033594628],[21.22981095423383,45.76829633312784],[21.22972469367314,45.76816893735005],[21.22964237268793,45.76808485311263],[21.22959526830697,45.76803057182661],[21.22957574829723,45.76797641278053],[21.22959901572057,45.76789240615473],[21.22969633187721,45.76777059387183],[21.23023747062456,45.76715709814629],[21.2306011051831,45.76671855693315],[21.23065905586883,45.76661264276197],[21.23069742972385,45.76647704249258],[21.23071535544419,45.76611382902078],[21.23074206085408,45.76599454536686],[21.23079991406572,45.76589363900205],[21.23088116338749,45.76580275618457],[21.23114853226137,45.76563964475812],[21.23131520884633,45.7655308066345],[21.23145094069269,45.7653946862159],[21.2317161899847,45.76510455412321],[21.23174706100574,45.76504216425627],[21.23172352909216,45.76493126884758],[21.2316958065915,45.7648416819649],[21.23169540233268,45.764773786732],[21.23173007610171,45.76471130928545],[21.23181534379266,45.76465146117978],[21.23189687725928,45.76461874124643],[21.23203306296429,45.76459403784617],[21.23217671131806,45.76456932479127],[21.23229357118011,45.76452292039839],[21.23251479990723,45.76429435048052],[21.23282120892893,45.7639028745331],[21.23290582233511,45.76374500812646],[21.23294063440024,45.76361735262181],[21.23297092845872,45.76345974947945],[21.23297538946093,45.76308873347769],[21.23285264368322,45.76219188056692],[21.23267888926451,45.76059180854195],[21.23254874206791,45.75956888226153],[21.2324165268987,45.75858198822419],[21.23238045297713,45.75836239198132],[21.2323580801513,45.75803331722165],[21.23235782291594,45.75794226931058],[21.23233566785824,45.75773673091359],[21.23222127587637,45.75674628865731],[21.23219284335369,45.75638788129195],[21.23219716133293,45.75614882316982],[21.23221328369611,45.75593592828914],[21.23223564491085,45.75578262730032],[21.23228703085081,45.75569586118181],[21.23238676977305,45.75566801764873],[21.23306604532918,45.75559841266349],[21.23383318927427,45.75554212280049],[21.23441215729347,45.75551136816345],[21.23504863753069,45.75547527746524],[21.23510565468349,45.75544338728825],[21.23510822466406,45.7553968679875],[21.23508621632694,45.75532298108164],[21.23462008405948,45.75443040260647],[21.23456214974162,45.75434212242099],[21.23451052211768,45.75431661759276],[21.23442852501911,45.75432109094837],[21.23399565926527,45.75453845681433],[21.23365318954918,45.75472744023038]]},"properties":{"line":"40","dir":"1","mode":"bus"}},{"type":"Feature","geometry":{"type":"LineString","coordinates":[[21.23425305184308,45.7581102489594],[21.23624866520978,45.75881829601904],[21.23794744353297,45.75939978787125],[21.2400636174074,45.76012447104867],[21.24201715881194,45.76078735125569],[21.24523193610511,45.7618838325787],[21.24580121654774,45.76206048295488],[21.2464013608402,45.76222437469319],[21.24737740906994,45.76247113040845],[21.24750374916477,45.76249909734336],[21.247572681185,45.76253110145855],[21.24763876790701,45.76258513635147],[21.24765894509407,45.76265722076531],[21.24764468830335,45.76274134032527],[21.24752728727229,45.76299974886084],[21.24739841644962,45.76327060434914],[21.24736695555593,45.76337275743938],[21.24735856062086,45.76356301498127],[21.2473357424313,45.76369221665648],[21.2472641460424,45.76384245582364],[21.24705487510744,45.76409891261574],[21.24657027926393,45.76459361292877],[21.24544778842995,45.76573481535971],[21.24488244475231,45.7663091628047],[21.24486528096768,45.76636524660408],[21.24488831128791,45.76642331155291],[21.2449486605699,45.76647935389214],[21.24502909503203,45.7665253720981],[21.24678070928376,45.76740816341045],[21.24799724427029,45.768021698597],[21.24948522044876,45.76877622257446],[21.25156149321715,45.76983391744774],[21.25393214933878,45.77103732226254],[21.2551569561411,45.77164356068057],[21.25612505152905,45.77215112764707],[21.25628591070558,45.77220910299151],[21.2564352856843,45.77226708544402],[21.25712482047375,45.77261511007487],[21.25882701833701,45.7734849737312],[21.26049824437573,45.77429906978432],[21.26231261964416,45.77522849851961],[21.2643519286515,45.77625010807175],[21.26467480595191,45.77640543251583],[21.26474946729276,45.77644794181536],[21.26472906876244,45.77650865187268],[21.26466355680952,45.77657104112882],[21.26417360675259,45.77706103799945],[21.26299957002106,45.77821493820621],[21.26195545858976,45.77923613860483],[21.26140445985091,45.77980095679226],[21.2608318544435,45.78035835658307],[21.26059998055393,45.78057574977413],[21.26049530336991,45.78066086288709],[21.2603837233335,45.7807073015864],[21.26025927967368,45.78072969813248],[21.26016711537281,45.78072404246976],[21.26005342033209,45.7807029750955],[21.25992273739899,45.78065546143564],[21.25980906326899,45.78061352333662],[21.25973458069997,45.78059011430413],[21.2596486337232,45.78057668756406],[21.25957145363256,45.78057321403647],[21.25946499470906,45.78059035661963],[21.25939673747791,45.78061412440866],[21.25930981894518,45.7806567843928],[21.25920962471471,45.78074330029131],[21.25876462988844,45.78116989902857],[21.2586108685431,45.78130697624919],[21.25852241680303,45.78140165540805],[21.25847382096208,45.78148366437859],[21.25838044318757,45.78162130012123],[21.25830031079251,45.78171943163426],[21.25823011949446,45.78176637152119],[21.25812771114028,45.78180523088756],[21.25802545569683,45.78181195331785],[21.25794526113106,45.78180237817753],[21.25786005678664,45.78177718818577],[21.25777166892803,45.78172420294014],[21.25768246047814,45.78165421154432],[21.25759045609609,45.78156908645873],[21.25754231235157,45.78153075994902],[21.25748667046234,45.78149582447351],[21.25737881523107,45.78143780636253],[21.25685375694442,45.78117400090646],[21.25629723324526,45.78088633998923],[21.25567662028807,45.78057347590074],[21.25516448242004,45.78031018646305],[21.25470641472351,45.78007979831381],[21.25403980386342,45.77974762696533],[21.25352344504078,45.77948261183886],[21.25341979609821,45.77942530219302],[21.25334167796627,45.7793636414727],[21.25325381745004,45.77925255177598],[21.2530356009187,45.77899736855657],[21.25270320722509,45.77860681088842],[21.25262190760111,45.7785166923724],[21.25252687201659,45.77842170877969],[21.25244608027132,45.77836315356203],[21.25232212335081,45.77830669425568],[21.2521920774005,45.77826893910344],[21.25204308574265,45.77825587472748],[21.25191243383907,45.77825869542481],[21.25170662813685,45.77829249182291],[21.25149895540383,45.77833911005825],[21.25131735986832,45.77840029241395],[21.25114231620817,45.77846695223658],[21.24999258606348,45.77889843168614],[21.24905913508547,45.77923296531817],[21.24867518288903,45.77937714360808],[21.24847309512593,45.77945223098248],[21.24839424873091,45.77947602501494],[21.24834620234147,45.77947413624226],[21.24828239468621,45.77945904453789],[21.24823213816126,45.77941361232846],[21.24801650549426,45.77912770410409],[21.24799790140399,45.77910475834302],[21.24796683807786,45.77909599405113],[21.24794040747535,45.77910002819017],[21.24790940893232,45.77912169754396],[21.24785776523596,45.77919227972766],[21.24775653578784,45.77931519730193]]},"properties":{"line":"46","dir":"0","mode":"bus"}},{"type":"Feature","geometry":{"type":"LineString","coordinates":[[21.24773105511836,45.77930657244184],[21.24777240976831,45.77925972630652],[21.24781814937297,45.77920407949424],[21.24785263455225,45.77915784023125],[21.24788071762671,45.77912072060749],[21.24790057362004,45.77909427988807],[21.24793096662629,45.77907795779126],[21.24796021080665,45.77907221893156],[21.24799830002229,45.77907251026427],[21.24802957015036,45.77909227997128],[21.24808348915428,45.77915829564261],[21.24815194666306,45.77924348865063],[21.24823782790103,45.77935187958879],[21.24829422663858,45.77941111106096],[21.24834651577525,45.77943568784706],[21.24840713143034,45.7794374227681],[21.24862952116722,45.779363503656],[21.2490905886283,45.77918716705349],[21.24964606377985,45.77898301149963],[21.25045902927462,45.77867771920178],[21.25122880944406,45.77839466097321],[21.25147696168378,45.77830444785493],[21.25164247281724,45.77825927653875],[21.25185663933686,45.77821953176997],[21.2520215797832,45.77821252717758],[21.25215900951791,45.77822818633855],[21.25229195990809,45.77825595805613],[21.25240053517674,45.77829241356235],[21.25250896951957,45.77834991055452],[21.25259952332704,45.77842321057189],[21.25274230372872,45.77857144046076],[21.25303449155182,45.77892582071441],[21.25332451928707,45.77926672191818],[21.25343708960933,45.77937430440693],[21.25352195087503,45.77942986693837],[21.25366999577966,45.77951398199621],[21.25399441197846,45.77967969243752],[21.25449562560091,45.77993334407962],[21.25518588077117,45.78029344290697],[21.25620490723824,45.78080380376105],[21.25724294479419,45.78132545178111],[21.25751856905013,45.7814679073942],[21.25760447463536,45.78152095270768],[21.2577194090578,45.78162015336729],[21.25782125510455,45.78169634273394],[21.25789765053679,45.78173304416246],[21.2579690453116,45.78174865214883],[21.25806569085621,45.78174981850303],[21.25813061483353,45.7817398822105],[21.25822339666542,45.78170786675081],[21.25829906128517,45.78164536741879],[21.25838597766409,45.78153478804429],[21.25844139948672,45.78145046795632],[21.25848045281915,45.78139088024758],[21.25865614234945,45.78121215508396],[21.25906776427076,45.78081960345054],[21.25921832655072,45.7806813157393],[21.25932539135139,45.78060237039981],[21.25940397741548,45.78056371671859],[21.25947333136411,45.78054212751068],[21.25957167307756,45.78053087352988],[21.25967599900416,45.78053520768398],[21.25976779311783,45.78055756418123],[21.25987080362209,45.78058857337283],[21.25998677487855,45.78063263924605],[21.26010109683292,45.78066906956166],[21.26023798891632,45.78068160101105],[21.26033477418626,45.78067310140013],[21.26042478128118,45.78064230533681],[21.26050022885575,45.78060237153123],[21.26059747044421,45.78052283948796],[21.26091063661395,45.7802232304504],[21.26138908505077,45.77976091575022],[21.26191195233171,45.77924993504735],[21.26277564920915,45.77839571011308],[21.26352134212998,45.77766312335487],[21.26460144264065,45.77659348499554],[21.26469504627643,45.77649936952736],[21.26467170680106,45.7764622649483],[21.2645712007712,45.77640242444672],[21.26337529554401,45.77581002541815],[21.26112941471678,45.77467947402945],[21.25880438365176,45.7735311924576],[21.25647609374959,45.77237806748824],[21.25639475334096,45.77235417631563],[21.25622704279163,45.77234697170214],[21.25610475130319,45.77233973816719],[21.256024359802,45.77231298250541],[21.25599983707005,45.77226182210286],[21.25600675193238,45.77220576797918],[21.25600319497595,45.77215703128647],[21.25594371579269,45.77209127120075],[21.2550557089385,45.77163124239402],[21.25341084000922,45.77080742525838],[21.25152773470169,45.76984027493489],[21.24965198677747,45.76889601114259],[21.24788499900708,45.76799006484026],[21.24565983842847,45.76687114198136],[21.24492079357136,45.76651817461362],[21.24479487656761,45.76643414947055],[21.24475289167295,45.76637568511673],[21.24474584351411,45.76631963908892],[21.24474228075047,45.76625628035749],[21.24476315570935,45.76617828692576],[21.24480500159591,45.76611003009727],[21.24501085129741,45.76587353615385],[21.24580656540596,45.76506572211448],[21.24657549948513,45.76428962931713],[21.2468991301221,45.76394294267756],[21.24696888723148,45.76384786329928],[21.24722672120945,45.7632628523389],[21.24727195134009,45.76310381065247],[21.24736604516249,45.76290880262782],[21.24742531244225,45.76280641780113],[21.24745665643939,45.76272354401542],[21.24744963114426,45.76268943059609],[21.24739718075065,45.76264315766901],[21.2473203004912,45.76261639393604],[21.24606590266596,45.76230515157044],[21.2456478851258,45.762177514495],[21.24380977309989,45.76152294878119],[21.24167639075018,45.76081022213],[21.23944383776875,45.76001522385601],[21.23572049906656,45.75874303364066],[21.23416455452475,45.75822842918251],[21.23387959055393,45.75816362432077],[21.23366610236218,45.7581412754342],[21.23346726280344,45.75814952272424],[21.23324504390722,45.75817410135631],[21.23310762898662,45.75820068323996],[21.23295267029859,45.75822931271634],[21.23282401862792,45.75824568954509],[21.2327070475947,45.75824369948215],[21.23258421371695,45.75822539021859],[21.23248475407878,45.75818462869892],[21.23241745754218,45.75813977298068],[21.2323706146409,45.75807654674605],[21.23235007914774,45.7580010681172],[21.23236171373207,45.75792965622782],[21.23238796938558,45.75785823812317],[21.23247269486755,45.75777047360619],[21.23256915092254,45.7577214678059],[21.23266270044107,45.75769286517502],[21.23279720301423,45.75768056654921],[21.23292587681904,45.75769071244279],[21.23306333405062,45.75771309557768],[21.23351670306435,45.75784551222378],[21.23425384307762,45.75811041481449]]},"properties":{"line":"46","dir":"1","mode":"bus"}},{"type":"Feature","geometry":{"type":"LineString","coordinates":[[21.20052031198414,45.72243800235479],[21.20140166857511,45.72352088547607],[21.20239639600077,45.72470983601937],[21.20267134657868,45.72504180927286],[21.20274285006447,45.72517462118888],[21.20277908650568,45.72529803769402],[21.20286490074917,45.72539235351591],[21.20304635410121,45.72555069577815],[21.20317851216499,45.72566863990059],[21.20327580717046,45.72577680183604],[21.2033542422612,45.72592650222672],[21.20342648912066,45.72611216137577],[21.20350214159149,45.72624231659057],[21.20363880190465,45.7264251588551],[21.20407260914054,45.72693331323374],[21.20424279602161,45.72713675622859],[21.2043985595837,45.72729962470671],[21.20459455381494,45.72746841867377],[21.20504888538996,45.72782536585407],[21.20532124268136,45.72801769227273],[21.20550783472097,45.72817439661213],[21.20567496693641,45.72833185032369],[21.20595747255859,45.72868977364659],[21.20631423113065,45.72916090047478],[21.20690696924128,45.7299846892608],[21.20741300503381,45.73061057317853],[21.20785903184338,45.73115157139283],[21.20828929229963,45.73170351442469],[21.20849222862559,45.7319802824871],[21.20861704838645,45.73215166562464],[21.20871104445968,45.73232921292669],[21.20880099843171,45.73257275841051],[21.20892333870784,45.7330422990072],[21.20902785445214,45.73376611462302],[21.20920179338618,45.73478165768616],[21.20942566607005,45.73601596929235],[21.20967378217279,45.73737830016874],[21.20988829968231,45.73859130697606],[21.20993196703268,45.73880340821854],[21.20997941889318,45.73896775836923],[21.20999260864462,45.73908385905974],[21.21006159644125,45.73919981399085],[21.21023573921717,45.73947013237828],[21.21091337840176,45.74034840831062],[21.21144917899619,45.74109575848553],[21.21280971946,45.74277936973858],[21.21288283433981,45.74295309231019],[21.21284882869663,45.74315324861198],[21.21143687301801,45.7450493185107],[21.20990418503706,45.74725373640683],[21.20830880881987,45.74963921472596],[21.20793210183546,45.75023885150292],[21.20790277221747,45.7503278181826],[21.20793212782553,45.75039750008774],[21.20813241830807,45.75045248441031],[21.20854924664463,45.75051860478709],[21.20972860600858,45.75071200339088],[21.21115312368768,45.75093631362937],[21.21292399119443,45.75120599953246],[21.21506459664239,45.75154132926882],[21.2158983705821,45.751690407521],[21.21602723015893,45.75174147147253],[21.21607709847031,45.75181143577721],[21.21608175545079,45.75190130633783],[21.21596258593512,45.75235586444018],[21.21585386280468,45.75263955688343],[21.21578519202058,45.7528216989516],[21.21575994085404,45.7529579067088],[21.21576157018167,45.75309727651271],[21.21578830927903,45.75326876047279],[21.21582291766065,45.75347759175309],[21.21589517211023,45.7537349096517],[21.21602342352282,45.75401737030975],[21.21614104927856,45.75429229313478],[21.21637549528515,45.75483058019232],[21.2165303585735,45.7552438993411],[21.2166673728352,45.75560454386952],[21.21708068734218,45.75655889201245],[21.2172998331949,45.7571984189556],[21.21774577480502,45.75828787470966],[21.21813155955311,45.75921936019651],[21.2185537932151,45.76024922770108],[21.21879653371846,45.76084319684268],[21.2189510458383,45.76119491394911],[21.21909333925559,45.76141285632351],[21.2193651763499,45.76172791766978],[21.21960273233393,45.76199473261234],[21.21993747954379,45.76229417639433],[21.22040521282368,45.76267173279445],[21.22080140542211,45.76293084330104],[21.22142306287944,45.76328227230672],[21.2218438662669,45.76350230484959],[21.22238970297465,45.7637097944996],[21.22300788721711,45.76387730398587],[21.22397651337745,45.76409026121776],[21.22460881700223,45.76422586850521],[21.22476402508831,45.76428951061534],[21.22483418852565,45.76436007301277],[21.22487336780803,45.76443916092074],[21.22486524378288,45.76451684442075],[21.22475568298668,45.76464818873841],[21.22378483043013,45.76558091623149],[21.22287123919033,45.76646229661245],[21.22210551707026,45.76720722194347],[21.22134004035579,45.76793978562898],[21.22064885732374,45.76862694984332],[21.21955989961349,45.76966191361358],[21.21834385066442,45.7708432142697],[21.21714362108927,45.77204187022093],[21.2166846143924,45.77251343034148],[21.21569650228544,45.7733881215999],[21.21450803397791,45.77454315713844],[21.21365274604983,45.77540081564048],[21.2123838637483,45.77656154027785],[21.21155597896218,45.77730721973823],[21.21122694496777,45.77767069147763],[21.21115995684538,45.77780526015291],[21.2112113532817,45.77792514796457],[21.21135702388163,45.77799777101352],[21.2118811256577,45.7780725641756],[21.21306185610506,45.77818967469984],[21.21472387082075,45.77833476258488],[21.21556666493779,45.77842813568552],[21.21586970516404,45.77849178129185],[21.21615525717754,45.77857383855407],[21.21647489641396,45.77868349624644],[21.2168430452873,45.77885377379425],[21.21839646066359,45.77981496072927],[21.21906833596053,45.78024919030927],[21.21942799785112,45.78045486065724],[21.21973891878876,45.78060066698761],[21.21989652710358,45.7806918422049],[21.21994711325157,45.78082535736398],[21.21968002927625,45.78177791928119],[21.21949627642991,45.78243473154349],[21.21921379515079,45.78331855180322],[21.21891025531608,45.78405199397389],[21.21856855443435,45.78494315839224],[21.21828161219939,45.7855791789009],[21.21815429473954,45.78595321945515],[21.21814811131611,45.78616110772595],[21.21820950639487,45.78633136109445],[21.2183396739971,45.78644448208973],[21.21841521337342,45.78659694756431],[21.21837513140999,45.78671866259808],[21.21826905506964,45.78685207181024],[21.21823576644496,45.78696943694371],[21.21832128201497,45.78717227290493],[21.21846309497109,45.78730850118088],[21.21874977930895,45.78753097511386],[21.22043275921829,45.78861558380399],[21.22212054792472,45.78972341506358],[21.22306914661108,45.79039962830885],[21.22314083485564,45.79044400550043],[21.22323789610642,45.79047693716753],[21.22336008722966,45.79048321031225],[21.22343564601971,45.79049351623853],[21.22349032811532,45.79050972692737],[21.22353145187569,45.79054350745947],[21.22352887103449,45.79057857490263],[21.223510989874,45.79061784617806],[21.22347299920393,45.7906525968158],[21.22342023227554,45.79066591286607],[21.2233485416791,45.79065859617531],[21.22328783061895,45.79063171676118],[21.22322900308091,45.79057924755838],[21.22309346891356,45.79047651998653],[21.22290064026581,45.79033753202233],[21.22253063016963,45.79008767161221]]},"properties":{"line":"E1","dir":"0","mode":"bus"}},{"type":"Feature","geometry":{"type":"LineString","coordinates":[[21.2225300916993,45.7900887758282],[21.22195879367641,45.78967465263289],[21.2216118947856,45.78943243235308],[21.22106042455693,45.7890681729355],[21.22018247885492,45.78850557858898],[21.2193801254707,45.78799037790473],[21.2186595542087,45.78752148968498],[21.21843258949432,45.78737332684257],[21.21833534494065,45.78729796146987],[21.21825178839261,45.78720271030355],[21.21819251090887,45.7871183273343],[21.21814885916339,45.7870503532239],[21.2180939484145,45.78699653905042],[21.21803598962907,45.78695857845146],[21.21786188594548,45.78690377466406],[21.21774583219633,45.78686408636732],[21.217646731271,45.78681910421713],[21.21758568547469,45.78676365794712],[21.21755359897077,45.78671052241069],[21.21753718674196,45.78663900979166],[21.21754783582074,45.78656685251443],[21.21756894749538,45.78649355687261],[21.21762254840498,45.78643282331073],[21.21771263521379,45.78638727729756],[21.21779267760544,45.78633602703438],[21.21786459753397,45.78628163622666],[21.21791016408968,45.78621631532247],[21.21795776561328,45.78611771691209],[21.2180592015746,45.78585257964811],[21.21842468361137,45.78497442913803],[21.21870137087479,45.78427421893686],[21.21907394957686,45.78332557637652],[21.2193612136169,45.78257041315569],[21.21948703194291,45.78209829327621],[21.21961684727918,45.78150461350512],[21.21972807352467,45.78084096993014],[21.21975011216736,45.78071841932039],[21.21974221505953,45.78067759913394],[21.21971891139551,45.78065081578656],[21.21958093281561,45.78059598237229],[21.21922821511824,45.7804267673511],[21.21875342845638,45.78013580047498],[21.2179701024434,45.77964168235314],[21.21710324742494,45.77909556351505],[21.21663703514058,45.77882354655122],[21.21626174228295,45.77867322930973],[21.21560688567143,45.7785088765518],[21.21515826858151,45.7784412627232],[21.21453622697205,45.77838360851533],[21.21366677164146,45.77831133622388],[21.21243105775279,45.7782056752615],[21.21154119403701,45.77814727354992],[21.21123395752972,45.77813376944329],[21.21112259015188,45.77815364229721],[21.21099077915886,45.77820189543806],[21.21074190882076,45.77826115428735],[21.21058454725384,45.77828545361734],[21.21044629945272,45.77830307506463],[21.21033220116448,45.77829967395903],[21.21022574507521,45.77827330879484],[21.21014065485674,45.77823743405024],[21.21009749833055,45.77819556190711],[21.21007544165764,45.77814852081314],[21.21007214430082,45.77810058945806],[21.21009228720836,45.77804321048301],[21.21013030257599,45.77799940970064],[21.21017978961094,45.77797189523638],[21.21031530651838,45.77793100099181],[21.21046926908853,45.77789433136202],[21.2106210267551,45.77785971879255],[21.21073093966398,45.77782965675683],[21.21083352965418,45.77778343204116],[21.21128970319674,45.77742740837643],[21.21163714201997,45.77714519200742],[21.21247160164119,45.77635412891076],[21.2130859866985,45.7757746210226],[21.21395533001442,45.77494169722543],[21.21488833368706,45.77405189038168],[21.21578177920563,45.7731720049746],[21.21660594203093,45.77236870188686],[21.21744654214593,45.7715857313782],[21.21836286174419,45.77071514156878],[21.21898359309517,45.77010416195679],[21.21970970508854,45.76937427626808],[21.22018038704497,45.76888973909713],[21.22124965912477,45.76790628312038],[21.22239125991389,45.76679592225808],[21.22343289252977,45.76578882283776],[21.2242423859575,45.76501164186739],[21.22449078490315,45.76470351517391],[21.22459994150039,45.76458250961117],[21.22460390507542,45.76451754569657],[21.2245936389073,45.76445413145446],[21.22455737490532,45.76439980610471],[21.22451168431841,45.76436097819713],[21.22437677340491,45.76430175148571],[21.22396549629542,45.76418501310858],[21.22338010237162,45.76404929545691],[21.22275485326074,45.76389425988247],[21.22224577577485,45.76375883146867],[21.22172045107351,45.76354128746979],[21.22107570282894,45.76322038174087],[21.22038709355718,45.76281103968455],[21.21996294431141,45.76248879616988],[21.21939493678382,45.76197153523702],[21.21910192456799,45.76163149378267],[21.21880848093637,45.76111804458995],[21.21856916783666,45.76063957433432],[21.21827026654756,45.75999616324942],[21.21805001952706,45.75937077705355],[21.21781476960941,45.75869662928057],[21.21748654116674,45.75790045224835],[21.21706250916929,45.75687028927072],[21.21667832223482,45.75594770812187],[21.21626085999645,45.75491862086008],[21.21584116936132,45.75386516520884],[21.21575854224799,45.75359256017821],[21.21568387341393,45.75319590019058],[21.21565260574344,45.75301393360203],[21.21567202556033,45.75283504313566],[21.21574565229272,45.75264790549315],[21.2158692783453,45.75229024149721],[21.21588443139384,45.75213489004209],[21.21586817349271,45.75207721255227],[21.21582298038448,45.75203050654398],[21.21547310701578,45.75187776979599],[21.2148320562648,45.75163779339603],[21.2145101695392,45.75156115253018],[21.21406298268458,45.7514788041947],[21.2123655214604,45.75119005264209],[21.21093015687415,45.75096779222117],[21.20898372182589,45.75068357960195],[21.20781997502294,45.75050064584212],[21.20766423541232,45.75043280163305],[21.20761942011468,45.75036055888744],[21.20769583263148,45.75021306553101],[21.20896248451046,45.7483507964921],[21.20959427251823,45.74738878453886],[21.21044992130114,45.74615321143256],[21.21110188101739,45.74516939103855],[21.21143946759121,45.74474784247963],[21.21238468343512,45.74355730708445],[21.2125824238474,45.74328429764504],[21.21269927102784,45.74312724667435],[21.2127261910338,45.74298907419582],[21.21231176203153,45.74236316223022],[21.21179456669413,45.74170158987247],[21.2110529011638,45.7407707687449],[21.2102597932146,45.73968786480725],[21.21013155461534,45.73950284992199],[21.20998469332184,45.73938190572567],[21.20991708620905,45.7393285995433],[21.20975011895087,45.73926524384223],[21.20961489170647,45.73923824136753],[21.20958063520473,45.73919777546871],[21.20954686109398,45.73914943524149],[21.20953013138499,45.73909963124466],[21.20955074028279,45.73899383419365],[21.20959432873126,45.73892808040032],[21.20967325867325,45.73888507506907],[21.20973220309859,45.73884541776322],[21.20977224724021,45.73879139121825],[21.20979242649726,45.7387387441653],[21.20978394333367,45.73860043778289],[21.20971088184806,45.73813242444255],[21.20955574166772,45.73725142033844],[21.20941079159783,45.73648091850566],[21.20924416725739,45.73552842667187],[21.20907408777783,45.7346147796485],[21.20893264409284,45.73378725509951],[21.20877994617162,45.73314854575283],[21.20862753996147,45.73264137835946],[21.20852834597242,45.73236961645375],[21.20837657115861,45.73203375808822],[21.20826695802348,45.73186031618317],[21.20792855061978,45.73138872058428],[21.20745929195597,45.73081727541974],[21.2067790937355,45.72997080607929],[21.20652119748521,45.72971583958746],[21.2061843226942,45.72940403119378],[21.20554216021138,45.72883832252554],[21.20530637948134,45.7285827803903],[21.20498818340529,45.72820746507611],[21.20464675263639,45.72779414274258],[21.20431676633916,45.72741066627667],[21.2038849824666,45.72688024216085],[21.20330571145729,45.72624020295132],[21.20313000350046,45.72611510298798],[21.20295123521093,45.72597629193168],[21.20283600668033,45.72588296099751],[21.20277505755417,45.72582002491697],[21.20271702431585,45.7256848249074],[21.20255317651049,45.72541657727451],[21.20242404146225,45.72529559345341],[21.20222558285333,45.72509627086625],[21.20156244881741,45.72426747662137],[21.20080317434219,45.72334601116241],[21.19972541712106,45.72204630527377],[21.1995018634281,45.72176136819446],[21.19950403405139,45.72172602415292],[21.19953647018536,45.72164255821596]]},"properties":{"line":"E1","dir":"1","mode":"bus"}},{"type":"Feature","geometry":{"type":"LineString","coordinates":[[21.26538439034454,45.73622302946815],[21.26532850834375,45.7363499354395],[21.26532291420604,45.73640639278482],[21.2653565322126,45.73646706165256],[21.26541979964968,45.73650870669226],[21.26547030322914,45.73654385583672],[21.26550949531558,45.73658479427454],[21.2655174936469,45.73663399905682],[21.26549439016135,45.7366899426387],[21.26545916686172,45.73672869708058],[21.26539030498156,45.73674350947996],[21.26531999068245,45.73674603671392],[21.26524248633691,45.73672233748204],[21.2652004613463,45.73669202798769],[21.26517384927786,45.73666064058907],[21.26517149690968,45.73662690458506],[21.26518877106928,45.73655854743856],[21.26522521139468,45.7364632072734],[21.26537286341447,45.73612322093402],[21.26556980844173,45.73569286215915],[21.26578258192782,45.7352180754792],[21.26579391316867,45.73517555922891],[21.26577401492424,45.73477796076361],[21.26575060003495,45.73425676587843],[21.26571605780036,45.73355634582164],[21.26570629489827,45.73328167438975],[21.26572820838236,45.73306348299011],[21.2657463688139,45.73287119642464],[21.26574469596795,45.73275338591685],[21.26572125420636,45.73259660607478],[21.26559264748871,45.73185636981771],[21.26541480301806,45.73091454032792],[21.26537871445372,45.73079159736788],[21.26532187535044,45.7306797464875],[21.26524589264898,45.73055815180111],[21.26517827555384,45.73047965135019],[21.26512459720486,45.73042451469912],[21.26506688978911,45.73039986596018],[21.26499704371231,45.73039475489118],[21.26490658126603,45.73040434163601],[21.2647771663191,45.73044186065406],[21.26455042588573,45.73053008301174],[21.26408606094569,45.73069549451006],[21.26345171750299,45.73092630764295],[21.26316589561641,45.73104790712788],[21.26266833639345,45.73126436897166],[21.26222144379253,45.73148384788724],[21.26182519015379,45.7316925719927],[21.26136894997615,45.73196191727437],[21.26105021192458,45.7321576122493],[21.26045735227236,45.73249284985786],[21.26028611511731,45.73260565095127],[21.26022240158878,45.73267382841414],[21.26020595209373,45.73272843628918],[21.26020654996756,45.73279119690647],[21.26022776647151,45.7328392604595],[21.26025388943057,45.73291501402769],[21.26026259623832,45.73298872531313],[21.26026088963984,45.73308967638277],[21.26023886034251,45.73319701988282],[21.26015578520946,45.73333842757346],[21.26005275971009,45.73344711222732],[21.25994938877052,45.73352518037063],[21.25979041248978,45.7336084351968],[21.25966326756236,45.73364448520444],[21.25952418959651,45.73366029009873],[21.25937244114057,45.73366807069617],[21.25913900239594,45.73364896389429],[21.25896712008156,45.7336270759266],[21.25888314918124,45.73360165177188],[21.2587960000338,45.73355623993542],[21.25870703124551,45.73350465322722],[21.25860814097186,45.73343239179683],[21.25850369324387,45.73334668262218],[21.25845276062667,45.7332824415351],[21.25841733238716,45.7332155958443],[21.25839102729094,45.73314289722072],[21.25837794571024,45.73306905723068],[21.25837737462708,45.73296956984297],[21.25839073990403,45.73289344711508],[21.25843393932479,45.73279524714461],[21.25848414051675,45.7327263290894],[21.25853415715005,45.73266046620962],[21.25859018593872,45.73260396202312],[21.25862778431801,45.7325622189037],[21.25865444005986,45.7325201538705],[21.25867641632918,45.73247415359441],[21.25866731803873,45.73244327965892],[21.25863241863554,45.73240399528449],[21.25859086154337,45.73236604540624],[21.25849724137841,45.73231891262972],[21.25794208943777,45.7320363075498],[21.2572818264124,45.73171540816572],[21.25650626999173,45.73135374691986],[21.2559194841209,45.73108703393159],[21.25548589798031,45.73091362452292],[21.25516662245943,45.73082770850452],[21.25493313133092,45.73077339345089],[21.25459720509701,45.73074105583978],[21.25425589991039,45.73072947420545],[21.25365811715042,45.73075165611667],[21.25268968627589,45.73079199060057],[21.25076971664443,45.73089914860316],[21.24910533181059,45.73099255105704],[21.24825091876671,45.7310541222561],[21.24793612041757,45.7310754408003],[21.24766002170751,45.73113182677],[21.24746537033985,45.73119647776638],[21.24732817348471,45.73125364208666],[21.24724522516824,45.73132005892244],[21.24721960737765,45.73141724390036],[21.24726109197501,45.73152865179047],[21.24736591391457,45.73178884027828],[21.24755507954781,45.7321127246535],[21.24783028960765,45.73261982526162],[21.24823503113389,45.73333814255919],[21.2488134639631,45.73432089216419],[21.24935445412345,45.73524063046566],[21.24972812910165,45.7358910744571],[21.24988897749186,45.73612197197731],[21.25018441778903,45.73655339864983],[21.25045004488812,45.73690333684466],[21.25052176687237,45.73700786167425],[21.25054507541113,45.73708699100224],[21.25050956315637,45.73720952074446],[21.25044991468905,45.73726659388744],[21.25027522387568,45.73731591753639],[21.24985280290651,45.73733178969913],[21.2495271199093,45.73734833426823],[21.24888338695236,45.73740997303436],[21.2481779255802,45.73749513428326],[21.24704601755423,45.73762733771906],[21.24622980649473,45.73773440628682],[21.24577524775506,45.73781686187313],[21.24543173774103,45.73786991028117],[21.24475550423436,45.73794879110727],[21.24428163177924,45.73798927069987],[21.24372563807836,45.73804675162526],[21.24298708472195,45.73812734423633],[21.24145559991014,45.73834245615777],[21.24107543236582,45.73842339181822],[21.24088681180313,45.73849625808302],[21.24078737865565,45.73859137148407],[21.24048358310458,45.7389157707517],[21.23996514590013,45.73959283336311],[21.23919306679736,45.7406972658405],[21.23877561158944,45.74130004395762],[21.23877085587675,45.74137834598348],[21.23879766236049,45.74145104464061],[21.23889887088171,45.74153248092141],[21.23916955529885,45.74170232348693],[21.23953881787519,45.74189409758664],[21.23988697931571,45.74202205685503],[21.24086335721698,45.74234508451493],[21.24250549096012,45.74290079660931],[21.24273915527188,45.74300759612261],[21.24283155050816,45.7430800524557],[21.24285213010013,45.74315256600314],[21.24284545099299,45.74321120047122],[21.24275504920719,45.74336323547414],[21.24220662063236,45.74413586368445],[21.24125134240891,45.74547096101647],[21.24054462464141,45.74642243543312],[21.24038093512824,45.74670138199443],[21.24017892177631,45.74709722329601],[21.24003918977988,45.74734149422869],[21.23988902352719,45.74752029582593],[21.23969503422235,45.74773245591997],[21.23944586210767,45.74792773201412],[21.23907273515128,45.748196472835],[21.23877096711605,45.74838365472943],[21.23830890683884,45.748587885548],[21.23746868176829,45.74886526200816],[21.23682641515068,45.74900314260053],[21.2360298197992,45.74916260109314],[21.23583472507203,45.7492170470851],[21.23567696711361,45.74929517748266],[21.23554826285866,45.74940903120188],[21.23537765717314,45.74959572917189],[21.23514591696528,45.74986341826133],[21.23456488450231,45.7505581568186],[21.23396001094659,45.7512647671953],[21.23345650273093,45.75190924813051],[21.23312056444828,45.75229805032686],[21.23269203720195,45.75279455153618],[21.23262042710881,45.75294495785599],[21.23258390021481,45.75308333003333],[21.23260356392285,45.75327338465014],[21.23267190470152,45.75348459044577],[21.23277414614567,45.75370323692918],[21.2328925335915,45.7539684062334],[21.23304896852613,45.75427155878366],[21.2331545761976,45.75448624883987],[21.23335593527579,45.75492364880898],[21.2335784091064,45.75538278968105],[21.233698838354,45.75566888839823],[21.23375471671983,45.75587972432662],[21.23381840291141,45.75625556845495],[21.2338360955581,45.75658075966759],[21.23384499344431,45.75689651604721],[21.23385343481565,45.75701443032752],[21.23387413981984,45.75708477052034],[21.23394399039159,45.75720330427087],[21.23404363227043,45.75731084524936],[21.23414174488731,45.75739219331314],[21.23417100892416,45.75747586063373],[21.23416598086573,45.7575585125994],[21.23410470586366,45.75764167805898],[21.23394182581359,45.75775223881185],[21.23322227070963,45.75813186058582],[21.23267313714345,45.75838884537274],[21.23214557768997,45.75864122979909],[21.23148440370127,45.7589407663791],[21.23084355277133,45.75919633716333],[21.23049020110388,45.75932619717405],[21.2302209783089,45.75936702914774],[21.22955306523803,45.75942044874733],[21.22862050849904,45.75949383578072],[21.2284338462791,45.75954321207405],[21.22827058844825,45.75963904271523],[21.22816955108589,45.75971841471684],[21.2280483592776,45.75976973266238],[21.22789280492045,45.75981087931143],[21.22781962573402,45.75986362135933],[21.2277324235755,45.75993120114699],[21.22758439668899,45.7602074763232],[21.22697211760036,45.76129232368778],[21.22624577424666,45.76258201330532],[21.22578232566359,45.76342963218302],[21.22566920508806,45.76370693886259],[21.2255876329736,45.76411230773633],[21.22551609997182,45.76478320648724],[21.22534622817719,45.7659908382129],[21.22528548386153,45.76626969923104],[21.22518136418869,45.76647100606661],[21.22466534903013,45.76740229764999],[21.22385733815536,45.76890009955006],[21.22339230613614,45.76973949395527],[21.22331055935812,45.76993231111428],[21.22333479790143,45.77003675494969],[21.22343929104821,45.77011612564893],[21.22380609350339,45.77019718383453],[21.22414075887639,45.77023152634362],[21.22466212430296,45.77021649812072],[21.22674516490313,45.77005257193786],[21.22823348610969,45.76993503273681],[21.22863177123111,45.76985837479631],[21.23017967542565,45.7695046281315],[21.23030156509469,45.76951739126033],[21.23046318969148,45.769592347024],[21.23056807600279,45.76980900264362],[21.23068465185085,45.77026457340239],[21.2310764499809,45.77122799751474],[21.23158637855375,45.77247110295363],[21.23210988417425,45.77374979952601],[21.23291290767039,45.77560054939676],[21.23344840409461,45.77674128002293],[21.23356480684173,45.77676913185346],[21.23518047456993,45.77631054516525],[21.2373418543844,45.77567768064459],[21.2390894504996,45.77515730397071],[21.23923219948729,45.77503949648447],[21.23936018486439,45.77494870830824],[21.23951921283724,45.7749229014722],[21.23969441007286,45.77491892690514],[21.23987982006849,45.77489084830486],[21.24048820894521,45.77471316442296]]},"properties":{"line":"E2","dir":"0","mode":"bus"}},{"type":"Feature","geometry":{"type":"LineString","coordinates":[[21.24049352325716,45.77471036553549],[21.24185734297758,45.77431025211303],[21.24332657216689,45.77385795921734],[21.24378211005796,45.77370222462509],[21.24470866094775,45.77336070911124],[21.24573255168065,45.77297222201967],[21.2460385854719,45.77283476350728],[21.24626752858041,45.77268461268685],[21.24672006322304,45.77230391481734],[21.24774293916425,45.77149059355612],[21.24866145152324,45.77066140627006],[21.24916475642648,45.7701608944033],[21.24917043482157,45.77010935470434],[21.24912910652843,45.77007425957554],[21.24838565836395,45.76968821592792],[21.24734708408981,45.76915300126671],[21.24598569074674,45.76844818903489],[21.24568659184625,45.76828549101125],[21.24489002671981,45.76776452507849],[21.24364440874848,45.76694969561472],[21.24307008237798,45.7665757995432],[21.24293554643889,45.76651833628549],[21.2428155222076,45.76651657470386],[21.24266035151714,45.76653695493935],[21.24067169459035,45.767098067175],[21.2387087114127,45.76765340212134],[21.23804456063922,45.76785210195003],[21.23787199081367,45.7678737436229],[21.2377286319384,45.76791942814683],[21.23753484767079,45.76799571532126],[21.2372491014852,45.7680710653444],[21.23658042532697,45.76824704830419],[21.23581730041075,45.76843843168785],[21.23541862601134,45.76851771303856],[21.23456580244867,45.76867077410771],[21.23404930356547,45.76877464555152],[21.23328854614961,45.76892685617407],[21.2323446962656,45.76915394363981],[21.23138513861966,45.76938048812621],[21.23064634747749,45.76954938144897],[21.22989307772504,45.76973110263669],[21.22914613675878,45.76986586639966],[21.22867665150503,45.76993574982482],[21.22832449518446,45.76998499546416],[21.2277379686531,45.77004605333308],[21.22694220630878,45.7701009023526],[21.22564637200282,45.77020152555635],[21.2245493460504,45.77028307334017],[21.22414075715029,45.77031249436621],[21.22392398388261,45.77030427478933],[21.22347118286292,45.77023912003416],[21.22328595382231,45.77017477913691],[21.22321934369917,45.77013535727444],[21.22318688152864,45.77008090240277],[21.22317005457345,45.77002156282384],[21.22316576804506,45.76996616178397],[21.22317999407567,45.76990061244258],[21.22327413680896,45.76969836094923],[21.22335877728229,45.76952613858649],[21.22344444782443,45.76937890896468],[21.22353636073813,45.76925504121627],[21.22365053133455,45.76910152595916],[21.22386622407799,45.76870853386834],[21.22425197307919,45.76800007743763],[21.22479264346366,45.76701186748124],[21.22511554216707,45.76641982425154],[21.22518079250003,45.76627198754081],[21.22522785734707,45.76612895989004],[21.22525467417853,45.76594075533078],[21.22527283266874,45.7656011786674],[21.22536519013835,45.76479942614214],[21.22543647391673,45.76413360741877],[21.22545558109893,45.76398796668408],[21.22547832357577,45.76387955223315],[21.22553282217882,45.76374031138762],[21.22562260332843,45.7635254477544],[21.22575005520107,45.76327960716271],[21.22622301094152,45.76246626473905],[21.22674674196899,45.76154750410146],[21.22757451860604,45.76002919002451],[21.22764192854501,45.75988761582332],[21.22766635097979,45.75982236870601],[21.22766493723793,45.7597617041352],[21.22763698054558,45.7596752898118],[21.2276143989655,45.75962647832825],[21.22759268530105,45.7595634284312],[21.22758307606752,45.75951143569386],[21.22758432198843,45.75944906686159],[21.22759788924523,45.75939419561573],[21.22763219035922,45.75933459041062],[21.22768869151135,45.75928812488873],[21.22779726152671,45.75923993012188],[21.22789517746407,45.75922678773902],[21.22802517223941,45.75923242707093],[21.22811337414018,45.75925287369973],[21.22819560631349,45.75928740728877],[21.22825998125344,45.75932141115231],[21.22831404361707,45.75935689210097],[21.22838894834315,45.75938585915262],[21.22848437010043,45.75941365168689],[21.22858630401991,45.75941845805826],[21.22888607990419,45.7594059525966],[21.22965074762983,45.75935552331408],[21.23031258348151,45.75929761659989],[21.23047270061065,45.75927026868114],[21.23066516484704,45.75921535094145],[21.2310847171725,45.75904056816386],[21.23192687718898,45.75865135165191],[21.23208611103955,45.75852243290273],[21.23219448433001,45.75837943675905],[21.23226817741068,45.75826037513222],[21.23230914051639,45.7581332116237],[21.23233691524057,45.75801278929411],[21.23233832751681,45.75790560669665],[21.23227946584046,45.75706723623453],[21.23218755797288,45.75643593135283],[21.23219579119762,45.75630066616948],[21.23219673817488,45.75603112513684],[21.23222395976748,45.75583580025255],[21.23225477679113,45.75574934567411],[21.23230236669685,45.7556812181486],[21.2323711813001,45.75564224768495],[21.23246973992007,45.75561842251687],[21.23262729394783,45.75559099596353],[21.23283907732079,45.75556615568926],[21.23301958898189,45.75553940888975],[21.23313686997329,45.75550187371075],[21.23323461012864,45.75544949544693],[21.23328442487758,45.75538678243615],[21.23331236446101,45.75530559125733],[21.23331756270023,45.75522016041449],[21.2332790387512,45.75509730651877],[21.2328844179488,45.75419116394322],[21.23261858746446,45.75365300862455],[21.23253179003649,45.75352562604699],[21.23248037909533,45.75340464080978],[21.23244191493945,45.75328086357716],[21.23242865756669,45.75316279186517],[21.2324462749576,45.75299927663944],[21.23247307170402,45.7528948728121],[21.23253698709318,45.75276838950608],[21.23261789104529,45.75265667350924],[21.2330145794265,45.75219143614502],[21.23398942400082,45.7510810496502],[21.23457382123841,45.75042346932517],[21.23515654342125,45.74972638679897],[21.23523406814603,45.74958604081129],[21.23531113763868,45.74932709313324],[21.23543999729203,45.748720172064],[21.2354590318962,45.74852815289457],[21.23544923767886,45.74838663530857],[21.23537607707619,45.74807686846117],[21.23531859985324,45.74787231367988],[21.23530511141938,45.74761000215498],[21.23529642685805,45.74726867181044],[21.23532826175043,45.74698716031963],[21.23540738151793,45.74665416443094],[21.23567453915148,45.74591593611082],[21.23601846550312,45.74511038481479],[21.23635083738867,45.74456092406169],[21.23695152246036,45.74369795956709],[21.2381286790561,45.74207073180405],[21.23908419931611,45.74064253693643],[21.24005960420233,45.73931465157586],[21.24052466328558,45.73867257099932],[21.24068908177384,45.73844890150501],[21.2408414873918,45.73830190909194],[21.24095735667036,45.73827195337048],[21.2411583153648,45.73823424167028],[21.24191590975031,45.73813935004731],[21.24318662029726,45.7379945828602],[21.24471855612193,45.73778807372246],[21.24646355871415,45.73758264735619],[21.24816672932368,45.73736227313952],[21.24952521155994,45.73720225951392],[21.24985454135997,45.73717088592665],[21.25008854334938,45.73713413311547],[21.25019400961893,45.73709359048785],[21.25024469927846,45.73704629743852],[21.25026311257425,45.73698521413473],[21.25025949108143,45.73692348115449],[21.25022235236916,45.73686846340008],[21.25014197136557,45.73673770571547],[21.24987504040633,45.7362513430443],[21.24965128188624,45.7359366159295],[21.24936970084807,45.73542246675042],[21.24896240722531,45.73473654006291],[21.24865192685463,45.73421383161873],[21.24819282985717,45.73341167444093],[21.24758523481555,45.73235743262875],[21.24720265772145,45.73172486764052],[21.24709994839261,45.73159858469041],[21.24699671951178,45.73154161534499],[21.24686685491065,45.7314992661754],[21.24678488218353,45.73145576263546],[21.24672556285689,45.73140265671637],[21.24668951785737,45.73132969566693],[21.24669722684294,45.73126316157635],[21.2467260363012,45.73121265679319],[21.2467990653543,45.73116088950865],[21.24687359260243,45.73114511500481],[21.24696585892036,45.73114013511013],[21.24706852025439,45.73114573286479],[21.24714852845426,45.73116093301675],[21.24720040247824,45.73115476068813],[21.24728656660409,45.73112905828253],[21.24743593113088,45.7310923820691],[21.24759279476766,45.73105335908837],[21.24778942950305,45.73102578041984],[21.24823829208302,45.73099277373219],[21.24992876966022,45.73089883861284],[21.25164181388459,45.73078573966048],[21.25288337611621,45.73072886785002],[21.25342548487568,45.73070632202521],[21.2535578971275,45.73068290312218],[21.2536670190765,45.73064246599144],[21.25375426390558,45.73059881663199],[21.25380401403921,45.73056690147212],[21.25383726354168,45.73050368745421],[21.25385505034885,45.73045285665113],[21.25386259591854,45.73038888552968],[21.2538799178535,45.73034574418385],[21.25392692541799,45.73029834173528],[21.25401784162007,45.73025480016245],[21.2541111902256,45.7302318720361],[21.25419962737856,45.73022934112198],[21.25430518500052,45.73024785626843],[21.25440521168368,45.73029702123461],[21.25458462800552,45.7303716335532],[21.25475530682264,45.73046909790263],[21.25541774714505,45.73076848511706],[21.25698884587301,45.73149399426073],[21.25774199584514,45.73187564038798],[21.25862146163647,45.7323084668499],[21.25878635752607,45.7323800779449],[21.25893676102898,45.73238706922821],[21.25908074880952,45.7323784652167],[21.25930463626644,45.73236374930587],[21.25954529492727,45.73239907079157],[21.25968986003026,45.7324418373738],[21.25982340916076,45.73248427991389],[21.25990663114468,45.73250726859069],[21.2600418820977,45.7325215159368],[21.26013828623667,45.73250894376751],[21.26062181679273,45.73223813940766],[21.2612037615936,45.73192143655698],[21.26195142429794,45.73151401928101],[21.26241854628346,45.73127097055583],[21.26313990021072,45.73096402601643],[21.26396447247388,45.73064930074347],[21.26449673332275,45.7304579916526],[21.26467978531564,45.73035038609237],[21.26476612942564,45.7302604828471],[21.26491505171288,45.73016984872135],[21.26510297578376,45.73010346868568],[21.26531811374341,45.73007383526015],[21.26562505211401,45.73004689547144],[21.26591699438103,45.73002464996583],[21.26611755332324,45.72998180295371],[21.26658059762423,45.72986700432389],[21.2675685268116,45.72958785800272],[21.2684086175673,45.729336313774],[21.26921569162119,45.72910878957912],[21.26937833646125,45.72909558394488],[21.26947562795321,45.72912924894504],[21.26956465043154,45.72917807775602],[21.26964768772196,45.7292652469145],[21.2697784315642,45.72941543973064],[21.27053900616206,45.73040833222831],[21.27071587864742,45.73063657776711],[21.27076615177799,45.73077927514353],[21.27086902644816,45.73133177994162],[21.27083708875229,45.73143465777433],[21.27077769082569,45.73150481295926],[21.27066077279204,45.7315527407152],[21.2705697133919,45.73159885849207],[21.27045094485759,45.73167754430494],[21.27039077534742,45.73176051523159],[21.27038905091106,45.73185033453598],[21.27042029046011,45.73212599546769],[21.27052189761744,45.73263839716224],[21.27051341762821,45.73277937296767],[21.27047083696931,45.73287569830677],[21.2703586388973,45.7329674155659],[21.26998760011981,45.73314245167388],[21.2697748654461,45.73322481691699],[21.26967494979638,45.7332384877634],[21.26958460930262,45.7332247726317],[21.26939092709217,45.73314992792209],[21.26908765335858,45.73298610360163],[21.26884848806853,45.73287672494156],[21.26871003680499,45.73280626562653],[21.26861624022549,45.73278414864143],[21.26847808929787,45.73277456412895],[21.26738631581651,45.73286980821133],[21.26642939597179,45.73296346620852],[21.2662133599427,45.73301245950334],[21.2660239026602,45.73306499951994],[21.26595793401507,45.73310733007201],[21.26588238815039,45.73317704604504],[21.26581525453129,45.73323870899384],[21.26577565122863,45.73330394651411],[21.26576720245567,45.73337839837533],[21.26576117651932,45.73354422130262],[21.26577287800544,45.73381058371131],[21.26578286665396,45.73423694291884],[21.26579473499212,45.73443282359273],[21.26580845736983,45.73449618605167],[21.26585919467409,45.73452740604898],[21.26596453779845,45.73456722400579],[21.2660468444318,45.73461511025793],[21.26608444500568,45.7346564379665],[21.26609358594656,45.73471267048255],[21.26608563907562,45.73476140604129],[21.2660564432069,45.73478853144662],[21.2660123451863,45.73481347069523],[21.26595094894349,45.73483440450151],[21.26587888688609,45.7348660227205],[21.2658488495245,45.73490711439315],[21.26583287289807,45.73496435867862],[21.26583456944681,45.73510257032683],[21.26583536511373,45.7351725491342],[21.26581646640816,45.7352367033689],[21.26566123290158,45.73556750045195],[21.26545984685208,45.73604046992137],[21.26538648062299,45.73621845217692]]},"properties":{"line":"E2","dir":"1","mode":"bus"}},{"type":"Feature","geometry":{"type":"LineString","coordinates":[[21.23672794654442,45.7211847082262],[21.23668427550499,45.72128315304447],[21.23666841087544,45.72139823304211],[21.23666646142951,45.72204213182538],[21.23668354607551,45.72268849532563],[21.23671196586855,45.72348912830333],[21.23672338322935,45.72405443395998],[21.23675459611527,45.72468459212684],[21.23677440726189,45.72482860999806],[21.23679986980952,45.72496868183109],[21.23685363203491,45.72529993343045],[21.23689040653879,45.72547551567363],[21.23691923535051,45.72572048318642],[21.23697585280262,45.72618768202461],[21.23707752840238,45.72712505489022],[21.23714831957452,45.72778317997356],[21.23723088581393,45.7283708878159],[21.23725918797628,45.72856225358992],[21.23731010543199,45.72877676177593],[21.23731296937687,45.7289562931861],[21.23732717975659,45.72932919590095],[21.23734136384793,45.72957974977358],[21.23738386996551,45.73010590881378],[21.23742921365222,45.73068025170701],[21.23743774515362,45.73092686000919],[21.23745192843032,45.73116741856709],[21.23748025692839,45.73147123852572],[21.23754250761837,45.73179779506403],[21.23757930902295,45.73206807507518],[21.2376694275349,45.73307120344079],[21.23777481659592,45.73403379840031],[21.23789008648937,45.73503180049155],[21.2380410173845,45.73639290548201],[21.23813473216439,45.73735630383751],[21.23819327019787,45.73780210240931],[21.23830640355953,45.73848185035676],[21.23836498975387,45.73912747941143],[21.23842358930825,45.73982515086908],[21.23847507122904,45.74048484472646],[21.23854918300747,45.74086278460711],[21.23863106624469,45.74114897473844],[21.23870513765069,45.74134745665198],[21.23881425534212,45.74146708236658],[21.23913707053254,45.74168611302417],[21.2395617965411,45.7419063045345],[21.24019691859885,45.74213190747363],[21.24115308890743,45.74243777512161],[21.24247775286878,45.74289704789342],[21.24270376204171,45.74299761984604],[21.24282456774428,45.74307373573762],[21.24284797172957,45.74315802327774],[21.24283630571939,45.74322872074283],[21.24275062624337,45.74336091866015],[21.24200287128672,45.74441700216543],[21.24138361502859,45.74528975533173],[21.24062021833175,45.74632686201118],[21.24053063236886,45.74644379323773],[21.24036910184001,45.74673230462189],[21.24017437571836,45.74709668280128],[21.2400614382322,45.74731983879424],[21.23988614994867,45.74752650888754],[21.23969916940506,45.74773046197957],[21.23935446116873,45.74798842788655],[21.23901489528818,45.74823044089945],[21.23879282705703,45.7483718572712],[21.23846555212767,45.74852144294084],[21.23803696547543,45.74868191601813],[21.23746810047782,45.74886959512443],[21.23702701714386,45.74896214979838],[21.23643865611678,45.74908184684601],[21.23612693785728,45.74913897736253],[21.23592820727325,45.74912268204813],[21.23574505888647,45.74908463245812],[21.23547227503846,45.74897317608109],[21.23505269105668,45.74882365976413],[21.23475653626559,45.74872579888445],[21.2344876599757,45.74864153029863],[21.23425775373667,45.74858444850297],[21.23396550243224,45.74852737092744],[21.23315885938874,45.7483860366921],[21.23263281299185,45.74828002830932],[21.23213969197413,45.74816313919793],[21.23180458620856,45.74811149640717],[21.23119671952727,45.74801908069434],[21.2305614838656,45.7479402587365],[21.22972762458801,45.7478532825893],[21.2285380434399,45.74776903067676],[21.22779381250001,45.74776904709589],[21.22703115735869,45.7477880938578],[21.22645837396603,45.74784519934657],[21.22529248326315,45.74802465972512],[21.22460093161336,45.74811982265949],[21.22387228170316,45.74825304719472],[21.22330338404418,45.74838627060285],[21.2226296060977,45.74858202601754],[21.22165934374082,45.74885118435265],[21.22042123356592,45.74922092705615],[21.22038226214167,45.74927530642339],[21.2203939444655,45.7493514403231],[21.22047186950208,45.74943029612076],[21.22099788926565,45.74971853645597],[21.22166808693133,45.750068415954],[21.22255260069552,45.75053883797776],[21.22380559747572,45.75114992580804],[21.22396536110852,45.75122606142919],[21.22401212001449,45.75130219533911],[21.22398873760052,45.75138376637596],[21.22390690404101,45.75145989850287],[21.22347825406414,45.75167348993947],[21.22242999693434,45.75219280505238],[21.22181842911449,45.75254943174825],[21.22169372495608,45.75263915597836],[21.22165864699372,45.75273432128341],[21.22169370970941,45.75286211760658],[21.22172877354245,45.7529763188546],[21.221705384956,45.75308577525026],[21.22165082319649,45.75317006373765],[21.2215300176531,45.75321084522983],[21.22139752351922,45.75322171675766],[21.22126892826237,45.75320539791786],[21.22117930513593,45.75314557564358],[21.22112865163094,45.75307487869525],[21.22107799847288,45.75300146269021],[21.22101954952119,45.75295523680833],[21.22092213129757,45.75291988551725],[21.22078184832587,45.75287909436113],[21.21988169662905,45.75265609321145],[21.21764618158255,45.75211759144],[21.21612009356527,45.75185122650471],[21.21446482061553,45.75153838953046],[21.21181008600612,45.75111582415349],[21.20933493696072,45.75074232404839],[21.20797404445867,45.75055200700518],[21.20770142909201,45.75047066428355],[21.20762039362,45.75034070353501],[21.20767710863408,45.75021629067502],[21.20796918104492,45.74979691444257],[21.20830832233407,45.74928988075269],[21.20868458110395,45.74875873447718],[21.20954920598568,45.74745319481758],[21.21116653209283,45.74507255473899],[21.21239384540872,45.74350212030775],[21.21273638310601,45.74299601469966],[21.21251045199806,45.74269511683791],[21.21110622876285,45.740825026078],[21.21001475865286,45.73941000568771],[21.20981561610457,45.73929273928431],[21.20960968257594,45.73924892430821],[21.20952431926302,45.73915826264826],[21.20940634249938,45.73908525986697],[21.20713368812319,45.73874192837754],[21.20405873311566,45.73829355678456],[21.20197874738692,45.73784687861216],[21.19841798119922,45.73708230009905],[21.19791289936178,45.73700719188881],[21.19782199854169,45.73702711119566],[21.19743857018141,45.7375012291095],[21.19719945890355,45.73776207393473],[21.19698324529545,45.73802969789283],[21.19670916708588,45.73843994534996],[21.19665504790723,45.73858013382758],[21.19664844792619,45.73871137816688],[21.19662827103239,45.73882460089241],[21.1964801882647,45.73903324602931],[21.19595304753733,45.73986741287322],[21.19582789932302,45.73997961843551],[21.19573171542266,45.74002022132995],[21.19565190125636,45.74002331976444],[21.19436169095398,45.73961516861804],[21.19397759656793,45.73947687121043],[21.19303093863546,45.73915529917869],[21.19248303881887,45.73896243725384],[21.19233096513688,45.73889047510102],[21.19124327275973,45.7382146186894],[21.18967339720504,45.7372055297177],[21.18819190730522,45.73625994513075],[21.18659833882063,45.73525066399304],[21.18487880974736,45.73417000676195],[21.18270757426106,45.73279268738202],[21.18163201844521,45.73211542096157],[21.18118731654231,45.73181481473235],[21.18104544617012,45.73168496681344],[21.18090587258901,45.73150968772912],[21.18084133869777,45.73135394635111],[21.18080841079173,45.7311459145807],[21.18076373493278,45.7304543054445],[21.1807150348664,45.72927281237156],[21.18066434850735,45.72791251628548],[21.18065204645659,45.7278143015224],[21.18061733695918,45.72764160665606],[21.18057412011753,45.72749397256216],[21.18048126377512,45.72725414074041],[21.18042707279222,45.72710876261373],[21.18036012105744,45.72700097567692],[21.1802668396022,45.72691275608864],[21.17969901151439,45.72653194245476],[21.17802931743469,45.72544874372973],[21.17641151829944,45.72440555531888],[21.17455050161138,45.7231949323843],[21.17274968522094,45.72201013118821],[21.17037328724675,45.72038851727228],[21.16929125260439,45.71970496277309],[21.16917013381557,45.71966658663723],[21.16901945366953,45.71964011411765],[21.16887846558534,45.71963662496728],[21.16875478407693,45.71964872646752],[21.16864414694211,45.71967884286752],[21.16790006192911,45.71993334935198],[21.16635969917444,45.72049665462934],[21.16542237744375,45.72083472232001],[21.16520395484382,45.72093039344752],[21.16494435324271,45.72105284176129],[21.16468036440488,45.72119034354542],[21.16408696228873,45.72161282381025],[21.16343718587724,45.72215819480311],[21.16264757842229,45.72280829431377],[21.16166910531624,45.72360226910049],[21.1609187267577,45.72422010501382],[21.1608569737736,45.72428966637],[21.16081182325202,45.72437248751231],[21.16079751310883,45.72447023021883],[21.16080929949911,45.72457957929535],[21.16086145180556,45.72465912133553],[21.16089226234584,45.72471546140524],[21.16103220141134,45.72482485568293],[21.16115170486215,45.72490879357029],[21.16122146062326,45.72497165209364],[21.16124344949107,45.72504603476108],[21.16124338574264,45.72513451526588],[21.16120842405667,45.72521913653021],[21.16114040949823,45.72528835823258],[21.16108158848037,45.72534475987387],[21.16104848931816,45.72539347663418],[21.16103559957187,45.72543707121967],[21.16103556153574,45.72548964665643],[21.16107961724108,45.72553069671333],[21.1627562202801,45.7265622212735],[21.16474327318408,45.72780597704129],[21.1659807855073,45.72856578784287],[21.16611913751593,45.72865789607551],[21.16617146955953,45.72868416725218],[21.1662598869734,45.72870439450206],[21.16634206723711,45.7287300172432],[21.16638951364308,45.72877420505421],[21.16639293402591,45.72882424024382],[21.16636055067103,45.72887477635294],[21.16630745696858,45.72890259939547],[21.16624754926244,45.72890805344946],[21.16617615298951,45.72890489786168],[21.16612956496397,45.72888293143427],[21.16611168515156,45.72884363823793],[21.1660862872242,45.72879583377023],[21.16605287819366,45.72874921845749],[21.16600386952815,45.72869666678675],[21.16596025301443,45.72865534874898],[21.1658568570554,45.72857786238075]]},"properties":{"line":"E3","dir":"0","mode":"bus"}},{"type":"Feature","geometry":{"type":"LineString","coordinates":[[21.16585357482281,45.72857978479171],[21.16551825334157,45.7283242517144],[21.16439225247746,45.72761596372387],[21.16316128556168,45.72684943489583],[21.16168732744806,45.72593800759594],[21.16059992246734,45.7253005701217],[21.1604120406448,45.72521906735927],[21.16030619619409,45.72520847293136],[21.16021113735903,45.72521899524367],[21.16010958759367,45.72524308777351],[21.16000804428915,45.72525813181168],[21.15992812592874,45.72524302220617],[21.15983525489993,45.72521584326077],[21.15977496935394,45.72516296455026],[21.15976205515808,45.72509962096147],[21.15975778317318,45.72503477244621],[21.15979887731545,45.72496843237768],[21.15986156028003,45.72492019697961],[21.1599566354025,45.72488705398715],[21.16003009123466,45.72487652412161],[21.16012944860055,45.72489465684031],[21.16022014719319,45.72493691542449],[21.16027410966512,45.72499574944794],[21.16033671206766,45.72505609460453],[21.16038852115478,45.72510587938656],[21.16053103943964,45.72518434985344],[21.16072969042244,45.72530959027056],[21.16082471171072,45.72535034188446],[21.16091759808759,45.7253564070888],[21.16102131304181,45.72532477434668],[21.16109263720843,45.72527503326596],[21.16115100744779,45.72521473110917],[21.16118778377835,45.72514235680483],[21.16118134220639,45.72508806410208],[21.16117490496299,45.72502773913897],[21.1611360598618,45.72497343505047],[21.16107562124375,45.72490705881351],[21.16097629429914,45.72484670108469],[21.16091152684302,45.72479238777359],[21.16080365893366,45.72466742863875],[21.16075619559939,45.72458296002648],[21.16073897983154,45.72449246987922],[21.16075416403302,45.72440651544348],[21.16078231376632,45.72431453334042],[21.16090122841045,45.72417273862079],[21.16178800368574,45.72344255515267],[21.16307245855881,45.72239423830797],[21.16390706766343,45.72170557219854],[21.16432076244107,45.72137636111489],[21.16455777685261,45.72120447623992],[21.16483698370001,45.72103550129079],[21.16498456290482,45.72095334365743],[21.16538285119999,45.72077523712284],[21.16637548249581,45.72040844974006],[21.16753024320874,45.7200008838643],[21.16867284519646,45.71960278499658],[21.16877941413606,45.71957886045845],[21.16892033200079,45.7195700881408],[21.16906313692942,45.71958179436785],[21.16920511331579,45.71960982552941],[21.16932225709814,45.71966584699492],[21.17042655760896,45.72039193791223],[21.1723227042427,45.72168305565304],[21.17411772903291,45.72288324660843],[21.17636676234853,45.72434183701588],[21.17840165620217,45.72564765847331],[21.18031318716834,45.72690121928393],[21.18040844231643,45.7269926590462],[21.1804669753127,45.7271085199219],[21.18058177191057,45.72738513576029],[21.18066596121832,45.72763034979329],[21.18070650834463,45.72787040262975],[21.18072012237268,45.72816043763659],[21.18073717230443,45.72881190179225],[21.18078494258128,45.72995113712705],[21.18085438800009,45.73117533198239],[21.18089562605976,45.73134389003752],[21.18097823787549,45.731546154734],[21.18110246940028,45.73169428153466],[21.18136424385963,45.73190096242391],[21.18224025931752,45.73246343797183],[21.18436132170247,45.73380215919736],[21.18629025926491,45.73502853677228],[21.18802454109579,45.73612039564224],[21.18965456185281,45.73715302019299],[21.19057409698654,45.73774015063546],[21.19109583472661,45.73807578093385],[21.19226207592249,45.73880581292767],[21.19242713873562,45.73889976237307],[21.19259353815371,45.73896718310159],[21.19395247074329,45.73942671258348],[21.19404280381623,45.73943505685108],[21.19418899941569,45.7394386411146],[21.19428476969802,45.73945529130916],[21.19476285132301,45.73961207743983],[21.19526840731845,45.73977088278374],[21.19535279060541,45.73978112339555],[21.19554218052738,45.73974081444335],[21.19575075624072,45.73966828437971],[21.19589300500359,45.73957574026738],[21.19600232175718,45.73943948239621],[21.19639703813939,45.73882835598575],[21.19649516981536,45.73868160786383],[21.19662397665839,45.73850700628392],[21.197115775501,45.73780112003321],[21.19762809479657,45.73708683806705],[21.1977208343564,45.73698899328301],[21.19781896022118,45.73695870508344],[21.19796243058317,45.73695813142011],[21.19825798998644,45.73701848972274],[21.20050959383633,45.73749243854791],[21.20203980450814,45.73782407577233],[21.20391033722288,45.73822612273779],[21.20442115401085,45.73831419982112],[21.20692274126477,45.73868379721664],[21.20934980636691,45.73903606548294],[21.2094492194886,45.73903848955594],[21.20953262124706,45.73900987561267],[21.20960606359798,45.7389462848887],[21.2096752541659,45.73890915165818],[21.2097727648293,45.73889109738692],[21.20986894777331,45.73889957184252],[21.20996390541612,45.73893253444946],[21.21000711413992,45.73900509886161],[21.21010810767881,45.73922824807881],[21.21028129884146,45.7395214446517],[21.21115136398372,45.74059840848582],[21.21218046299163,45.74203412832119],[21.21280342474875,45.74286308726589],[21.21292694439947,45.74299503158351],[21.21289224980585,45.74311040564832],[21.21270514380506,45.74332252529536],[21.21216213090732,45.74401448047924],[21.211427500486,45.74498857964939],[21.2111847727332,45.7453879918029],[21.21065058461121,45.74616459321637],[21.20958079220722,45.74773013625329],[21.20840329547846,45.74944727114549],[21.20787260930254,45.75031900616128],[21.20799423999853,45.75041166339342],[21.20853047172573,45.75051443546381],[21.20991716926044,45.75074833409347],[21.21184270382329,45.7510364544969],[21.21592761500095,45.75168313306105],[21.2164689751231,45.7517720878595],[21.2185925383183,45.75227595938075],[21.22096751524087,45.75285517250201],[21.22106167890126,45.75285745835398],[21.22122107515002,45.75281199054768],[21.22146453633417,45.75265618425805],[21.22260128145499,45.75199579032262],[21.22353485594956,45.75147060941504],[21.2237030475341,45.75140616502231],[21.22403765742106,45.75131286459548],[21.22455843882018,45.75118844432042],[21.224836893967,45.75111844807774],[21.2249290407847,45.75108230840456],[21.2250029335518,45.75101831660446],[21.22507955269529,45.75089957162184],[21.22552233188912,45.74964019893673],[21.22563897535791,45.7491907687474],[21.22568973364454,45.7490390359536],[21.22567949100558,45.74892915009127],[21.22545806186072,45.74809053782252],[21.22545024429027,45.74801086098677],[21.22548936829649,45.74793506282425],[21.2256348260649,45.74785361880814],[21.2259117631225,45.74781373397948],[21.22705926441868,45.74772367263567],[21.22793781398554,45.74770220197739],[21.22879698268299,45.74772300410033],[21.22949773312938,45.74777011538727],[21.23055379379064,45.7478669358364],[21.23154092516842,45.74800044955634],[21.2322797884173,45.74808958418584],[21.23263584587416,45.74811737892982],[21.23296754974979,45.74816102941598],[21.23385957954298,45.74831141167761],[21.23491820682311,45.74850418575181],[21.23518727992905,45.74854357613557],[21.23531309498357,45.74854113300109],[21.23538507125695,45.74851546199191],[21.23542701925298,45.74846165638394],[21.23544435618196,45.74834969674957],[21.23533402175966,45.74804004727451],[21.23527983620186,45.74770708460662],[21.2352609011931,45.74728128875264],[21.23531170391409,45.7468905623957],[21.23548354809421,45.74635565308385],[21.23591143215172,45.74530947446579],[21.23622254379926,45.74475242221587],[21.23672509203998,45.74401471238475],[21.23740045454472,45.74308270486351],[21.23833015782786,45.74177852089818],[21.23846813332123,45.74153838306877],[21.23849383440835,45.7413515430674],[21.23843576180627,45.74075332817907],[21.23821330786955,45.73893656723455],[21.23805622100374,45.73734965756373],[21.23785737618557,45.73549943605974],[21.23770822953052,45.73408454932252],[21.23754740275702,45.73279494088805],[21.23735304328908,45.73140794699562],[21.2373393030687,45.73113216280692],[21.23733710108163,45.73040232871737],[21.23724945444962,45.72951646838185],[21.2370548256453,45.72780350447808],[21.23684779064474,45.72581109406637],[21.23680475896656,45.72546300891668],[21.23673365315544,45.72512845424333],[21.23668235931778,45.72483646012515],[21.23667146323798,45.72450335748128],[21.2366207147453,45.72309457232307],[21.23659436437447,45.72119338022083],[21.23661947111725,45.72094792096934],[21.23663221997139,45.72090193337524],[21.23668595555667,45.72087399197474],[21.23675591468238,45.72087080846828],[21.23680711786028,45.72089397456809],[21.23685002296255,45.72094374288908],[21.23684592321609,45.72102648840597],[21.23679638599107,45.7211105731223],[21.23674096212303,45.72117258622681]]},"properties":{"line":"E3","dir":"1","mode":"bus"}},{"type":"Feature","geometry":{"type":"LineString","coordinates":[[21.23443045597482,45.75815302705201],[21.2364284462421,45.75887147039596],[21.23800284301233,45.75942582520823],[21.24078426632262,45.76037062265978],[21.24379757216695,45.76138397645977],[21.24556411366921,45.7619999058135],[21.24631737376762,45.76221039179296],[21.24809682354056,45.76262872615763],[21.25054933894322,45.76324698985344],[21.25127649135406,45.76341291045733],[21.2519495701068,45.76352684601436],[21.25267066659833,45.76357996365558],[21.25354263390236,45.76362100146939],[21.25495609933447,45.76369973436568],[21.2553379695099,45.76372022447932],[21.25569173083327,45.76377090145431],[21.25609242356536,45.76383403340373],[21.25802391881958,45.7642978187681],[21.25860701592376,45.76443233360272],[21.25904196474174,45.76457091415213],[21.2595176698142,45.76478947712248],[21.26033706499712,45.76522528445355],[21.26122225551361,45.76575393879579],[21.2622776869153,45.7665222258411],[21.26408402458972,45.76788132738123],[21.26452222430648,45.76820744473483],[21.26483403680973,45.76841432172202],[21.26516574665802,45.76859056828438],[21.26574796635158,45.768817690545],[21.2664988889023,45.76908842389918],[21.26709405526517,45.76923438804765],[21.26827994857017,45.7694563603791],[21.26905831021141,45.76964222260328],[21.27110802856454,45.77011381628079],[21.27301962709585,45.7705359247865],[21.27525632517412,45.77102148828887],[21.27567807913195,45.77109302523551],[21.27763753302907,45.77138891929078],[21.27920389234598,45.77164552142281],[21.28191860703894,45.77211385239284],[21.28452015842084,45.77254956297791],[21.28750177836561,45.77302470688616],[21.29026704673337,45.77346325505445],[21.29365915754047,45.7739956294774],[21.29640125282337,45.77442990830479],[21.29933362835027,45.7749205691212],[21.30243569831993,45.77543937890182],[21.30558913609873,45.77597023282254],[21.305692443328,45.77596996638368],[21.30584750891461,45.77591194580753],[21.30596091036072,45.77589492825937],[21.30612742753395,45.77592107468126],[21.3062551354737,45.77599990148326],[21.30650793888752,45.7761173572156],[21.30705966512999,45.77622323302932],[21.31103997059778,45.77686218667538],[21.3141957619111,45.77738226765055],[21.31690238815949,45.77781094769056],[21.31867461565411,45.77809279346106],[21.319351852799,45.77819079430872],[21.32007784137557,45.77827744009111],[21.32051669069753,45.77833395884363],[21.32084714327381,45.77832250592568],[21.32110711012498,45.77823173346389],[21.32128576101148,45.77806920240709],[21.32140475696522,45.77782357073013],[21.32149123949801,45.77756661628428],[21.32156693576812,45.77737389649516],[21.32156137802662,45.77718876314351],[21.32146367512347,45.77693565486702],[21.32132810414362,45.77675056940389],[21.32107337791637,45.77659575365804],[21.320699478006,45.7764447588825],[21.31990294369215,45.77615789605667],[21.31962119760883,45.77608243019999],[21.31936657591044,45.77605984991096],[21.31905784501981,45.77612418792135],[21.31880879576527,45.77632074367011],[21.31853830732283,45.77684601428265],[21.31798152341363,45.77856909447782],[21.31753832269366,45.78007113266687],[21.31721996237648,45.78115532813185],[21.3168017289387,45.78255155078727],[21.31638191782412,45.78388223531007],[21.31592357784557,45.78543368278039],[21.31564556803196,45.78653104583967],[21.31558432896091,45.78677653652588],[21.31558439159711,45.78687358340841],[21.31563028542364,45.78694751839922],[21.31573476877416,45.787018721889],[21.31575699184168,45.78708050676335],[21.31575764882225,45.78717397407423],[21.31576163213473,45.78727014322887],[21.31576342219739,45.7873863976444],[21.31581393697265,45.78748756314099],[21.316135051657,45.78786319519099],[21.31688525239333,45.7887230359665],[21.31828646793672,45.79032617639741],[21.31977275123572,45.79207271400216],[21.31988370620591,45.79223979687971],[21.32008974892248,45.79234555038281],[21.32023605083388,45.7925002854762],[21.32039896100486,45.79262745539984],[21.3208573478444,45.79285089991117],[21.32106608977043,45.79296520243264],[21.32122182108685,45.79306255501542],[21.32140501498402,45.79316992850231],[21.32239137974069,45.79370585628867],[21.32523102254379,45.79529973314551],[21.3278468973197,45.7967773388487],[21.33071249528434,45.79839288479846],[21.33088163687819,45.79840629003264],[21.33100396943799,45.79834456845824],[21.33107772690657,45.7983205744139],[21.33116239669501,45.79831885822917],[21.3312726405845,45.79836809636707],[21.3313122049591,45.79845389169149],[21.331298717843,45.79853687769145],[21.33120699603061,45.7986033206638],[21.33109854191255,45.79861927733867],[21.33099853845855,45.798598481373],[21.33064564738039,45.79840929212836],[21.32854766259433,45.79721935825495],[21.3258597320616,45.79571228330533],[21.32353960486875,45.79439965883597],[21.32079157293926,45.79287970998068],[21.32056905923178,45.79275940336653],[21.32037177132169,45.79269313517921],[21.32023915685858,45.79268609889547],[21.32009025321454,45.79270609855423],[21.32002130258232,45.79276754101981],[21.31997315628739,45.792882788178],[21.31995620147134,45.79308852895603],[21.31996547739121,45.79414290041253],[21.31997143569628,45.79520044611924],[21.31998058246784,45.79632773640058],[21.31999548835675,45.7973353332437],[21.32002748585136,45.79812306007254],[21.32004530165158,45.79849156122506],[21.32002653807608,45.79893194967571],[21.32000439112525,45.79924245167607],[21.32001149797314,45.79987506866983],[21.32002843750299,45.80060966966671],[21.32002958879366,45.80152578593155],[21.32005265134936,45.80223503244835],[21.3200696081336,45.80314824854319],[21.32009215287244,45.8043467872362],[21.32011530579612,45.80565662017476],[21.32012278120956,45.80652061506066],[21.32014656772374,45.80782331512897],[21.32015472195591,45.80869150420206],[21.32016503402641,45.8087863459459],[21.32021778802182,45.80883084461259],[21.32066508582949,45.80898297857805],[21.3211508720089,45.80914661950006],[21.32134566417479,45.80922353044144],[21.3214245589365,45.80924495807812],[21.32149335049913,45.80925077719242],[21.32170682620398,45.80918676435048],[21.32179594376559,45.80916178416074],[21.32185042627829,45.80914672219277],[21.3218829116524,45.80913534818079],[21.32191677312968,45.80911245904713],[21.3219542998653,45.80911814082717],[21.32196308046611,45.80914376631386],[21.3219608096901,45.80916204487823],[21.32192128113743,45.80917294441628],[21.32187801452176,45.80917522970887],[21.32181645555717,45.80918981610696],[21.32145567156102,45.80928521853266]]},"properties":{"line":"E4","dir":"0","mode":"bus"}},{"type":"Feature","geometry":{"type":"LineString","coordinates":[[21.32120565674944,45.80935156928433],[21.32104759484466,45.80939239202748],[21.32100159059948,45.80941430356033],[21.32097178622382,45.80944356295513],[21.32091566352508,45.80951582988908],[21.32087461736779,45.80957659692513],[21.32083482643435,45.80963579296416],[21.32081658402764,45.80967448640262],[21.32079805557567,45.80971475132209],[21.32075676903093,45.80974485502158],[21.32071041566466,45.80976979841584],[21.32048595921016,45.80982663726445],[21.31951082917194,45.81008347883862],[21.3190528275105,45.81018203369769],[21.3188438084095,45.8102390953837],[21.31867395715526,45.81028410771795],[21.31848333598874,45.81034333478803],[21.31824547673986,45.81042413368569],[21.3181290037707,45.81047440394475],[21.31804108867106,45.81052413116587],[21.31799045227396,45.81055190019528],[21.31792341679432,45.81056739534716],[21.31785613394185,45.81055465527757],[21.31776849154772,45.81052696828388],[21.31754263140901,45.81046355464498],[21.31746023457713,45.81043942558462],[21.31742795859049,45.81041054732552],[21.31744220816315,45.81031251954298],[21.31758121110607,45.81007787524559],[21.3176766742669,45.80991747801972],[21.3177843499434,45.80977501591106],[21.31788938020535,45.80968921401434],[21.31812034362955,45.80955329326294],[21.31830803690218,45.80948916407628],[21.31882999143553,45.80934892347184],[21.31941305417468,45.8092166224653],[21.31965358347168,45.80915529386545],[21.31981960349523,45.80909495157621],[21.31995147032828,45.80902291895998],[21.32000017432118,45.80896623184804],[21.32004087841,45.8087881096769],[21.32005481903066,45.80801052951732],[21.32005020741001,45.807208980783],[21.32001782896798,45.80552592936197],[21.31998009042106,45.80366482647055],[21.31994794489662,45.80172005697432],[21.31992418208857,45.79940643386215],[21.31989915469282,45.79817535372858],[21.31988614643131,45.79678512691248],[21.31987269491217,45.79535064722549],[21.31985513925596,45.79311001426751],[21.31984340516564,45.79291329029651],[21.31980317809877,45.79279508512705],[21.31973260556379,45.79272224946564],[21.31966163248,45.79266409497525],[21.31960414178959,45.79260671336095],[21.31957482291648,45.79255082658114],[21.31958313061989,45.79247471002938],[21.31964670965802,45.79241140466401],[21.3197363163357,45.79236923704315],[21.31984219026119,45.79234028051601],[21.31998331641271,45.7923452991369],[21.32005944857315,45.79236168662591],[21.32014047995089,45.79239809071522],[21.32020229631942,45.79244829284017],[21.3202603233694,45.79250076344659],[21.32034001528038,45.79254944427356],[21.32043436719036,45.79262606829534],[21.32057231692813,45.79269265727208],[21.32090785370847,45.79286357281033],[21.32106207304847,45.79294337226267],[21.32120153133447,45.79302103804262],[21.32142586295847,45.79317206476145],[21.32366682768575,45.79439558359276],[21.32576208923178,45.79561091330918],[21.32857365168769,45.79720007490181],[21.33056286931766,45.79831545434191],[21.33071333028903,45.79839751104836],[21.33087752337124,45.79841855525354],[21.33101207058636,45.79835406298893],[21.33111442984158,45.79832490978281],[21.33117782493605,45.79832826722701],[21.3312514247164,45.79837095756569],[21.33130518864707,45.79846270906179],[21.33129038736155,45.79853354275465],[21.33122003817584,45.79859402611284],[21.33111442560445,45.79862053762704],[21.3309995405654,45.79860210577655],[21.33064468006398,45.79841291246633],[21.32963075828524,45.79783566205038],[21.32769658125103,45.79674393451302],[21.32587109770456,45.795731622814],[21.32438119897402,45.7948860261724],[21.32268505886207,45.79392456259367],[21.32093820828231,45.79295958351322],[21.320534207323,45.79274704425924],[21.32038462125966,45.79268971603965],[21.3201901360395,45.79268680600446],[21.32009318032704,45.79269894883699],[21.32000273157371,45.7927163760207],[21.31989053601405,45.79273556855012],[21.31982171437562,45.7927170993127],[21.31964476148768,45.79265090936309],[21.31958290784733,45.79256860034635],[21.31957739773774,45.79248928101127],[21.31962635500718,45.7924301390251],[21.31967041318844,45.79235098025072],[21.31969498811377,45.79228807479655],[21.31970815707949,45.79219986804323],[21.31967826476509,45.79211678510227],[21.31964538706483,45.7920286044579],[21.31937679806293,45.7916987014423],[21.31889970163411,45.791137478186],[21.31780435731598,45.78988856988903],[21.31657129231715,45.78848856768187],[21.31589864452553,45.78770649772265],[21.31582677467939,45.78761871500687],[21.31571804945565,45.78751168787838],[21.31556605157488,45.78739797211355],[21.31546390377349,45.78736044287694],[21.31526396927033,45.78731031177147],[21.31518371798699,45.78723443150692],[21.31512620253457,45.78714494103163],[21.31514018193555,45.78704936902874],[21.31520760704153,45.78695268561406],[21.31534847045492,45.78688461106585],[21.31543783644161,45.78680143679043],[21.31565143981678,45.78612865415925],[21.31599859995194,45.78506095672458],[21.31627287852515,45.78409297968773],[21.3165690995502,45.78311417786126],[21.31682635494293,45.78224920493606],[21.31708952966441,45.78139266872926],[21.31734491047716,45.78056227601861],[21.31751640801951,45.78001019437185],[21.31757405768259,45.77972772017192],[21.31760642807162,45.77949064894874],[21.31762797627658,45.77928888796444],[21.31760254943799,45.77913253796225],[21.31756627628707,45.77898112259673],[21.31745405955192,45.77881723871421],[21.31724056657255,45.77861304037675],[21.31696558192975,45.77837860051135],[21.31667613385656,45.77814164288466],[21.31645182894468,45.77798031871708],[21.31613714251508,45.77784172213284],[21.31586228572675,45.77777876815391],[21.31438540200192,45.77752454787345],[21.31269128080491,45.77720838962061],[21.31054540389457,45.77685713754157],[21.30787044460845,45.77643167927938],[21.30664769892129,45.77622593270831],[21.30643797396521,45.77621337798026],[21.30627888273779,45.77622350686731],[21.30611981549164,45.77627902988841],[21.30599689157549,45.77630680244912],[21.30583827059804,45.77628475160098],[21.30574775530304,45.77620584733563],[21.30565968649493,45.77613695160969],[21.30553832324329,45.77608110223692],[21.30533518580783,45.77602831076309],[21.30331236343159,45.7756811070596],[21.29980302251963,45.77507065743433],[21.29681231357183,45.77456585669297],[21.29401053047291,45.77412501343556],[21.29172757705867,45.77377325493198],[21.28842009422128,45.77324613754467],[21.28595822773527,45.77285453848656],[21.28461778388256,45.77264714277476],[21.28125068287049,45.77208507876275],[21.2781880023678,45.77156038218994],[21.27572259280844,45.77118161470732],[21.27533100543663,45.77110814005741],[21.2725508844377,45.77050254582952],[21.26928738576795,45.76979737078734],[21.26800618465719,45.76952796993108],[21.26690848894724,45.76927161697676],[21.26640403976064,45.7691260547116],[21.26591962012723,45.76895933364224],[21.26518804636422,45.76867499213336],[21.26482926691499,45.76849277077378],[21.26456985097822,45.76833216251181],[21.26335404191739,45.76741249777569],[21.26211087551475,45.76650791585434],[21.26152085110446,45.76610944674736],[21.26065578169584,45.76557406660461],[21.25990013102025,45.76514653104045],[21.259345099744,45.76481793319215],[21.25889891775855,45.76460842660204],[21.25840293006165,45.76445093335445],[21.25648965915309,45.76401489259921],[21.25568294525105,45.76384391796255],[21.25503266047748,45.7637695110591],[21.25326345204299,45.76369678960958],[21.25177532227319,45.76359715420223],[21.25136463248921,45.7635331180608],[21.25057167646407,45.76337198881572],[21.2483485307713,45.76282716492507],[21.24581110807232,45.7622249676526],[21.24527065947708,45.76202883446078],[21.24338225452014,45.76136915154861],[21.24068517936307,45.76045468699115],[21.23824800940855,45.75961027961153],[21.23571985853762,45.75874627035507],[21.23413361905376,45.75820914068347],[21.23387295529792,45.75816052799259],[21.2335779016123,45.75813969964728],[21.23332831135114,45.75815589609662],[21.23307518942344,45.75820400919682],[21.23288992487248,45.75825060472285],[21.23267201822002,45.75823639901218],[21.23249364815516,45.75818480557834],[21.23236591524329,45.75809148284996],[21.23235216138524,45.75795984272137],[21.2324366799913,45.75780385798191],[21.23255961017427,45.75771662666995],[21.23273909035471,45.75769418599153],[21.23289853074084,45.75769289395355],[21.23304306805456,45.75773031578552],[21.23442617533898,45.75815550576237]]},"properties":{"line":"E4","dir":"1","mode":"bus"}},{"type":"Feature","geometry":{"type":"LineString","coordinates":[[21.19972639804438,45.74907921915018],[21.19974172531568,45.74915040451669],[21.19980750292414,45.74919502276422],[21.20109005650078,45.74939371423929],[21.20281447807823,45.74964685193152],[21.20439065364522,45.74988083217189],[21.20605620528087,45.75014021990373],[21.20795404137311,45.75040759115655],[21.20927989276744,45.75063998304176],[21.21126724966648,45.75095836776369],[21.21332146266699,45.75126579361137],[21.21524061886397,45.75156767814082],[21.21652289589828,45.75180477912583],[21.21826988788392,45.75220260139868],[21.22053110497131,45.75274167308977],[21.22220012440845,45.75315810141126],[21.22502129905158,45.75384537840532],[21.22513926067981,45.75389738236004],[21.22518272213324,45.75397233244347],[21.22518343707705,45.75407977212325],[21.22510957061252,45.75428469149427],[21.2250494303226,45.75445228046744],[21.22498977872437,45.75478948841259],[21.22481402042056,45.75615172290108],[21.22473788526466,45.75702306152874],[21.22473530099431,45.75717844406162],[21.22480295409421,45.75737292564774],[21.22491274425711,45.75760273892168],[21.22507692919983,45.75781131524624],[21.22527086284556,45.75799589070126],[21.22552232877581,45.75822761990587],[21.22577584260426,45.75839657820839],[21.22614340373144,45.7585897898756],[21.22687507558972,45.75896761581449],[21.22743872130967,45.75924114891023],[21.22758980936466,45.75928295094241],[21.2277158965384,45.75927586236489],[21.22782371033144,45.75923989521498],[21.22799445676127,45.75923147365339],[21.22811860582876,45.75925258702301],[21.22824081722746,45.75930190255812],[21.22837341186883,45.75937700579037],[21.22854568242605,45.75940538193753],[21.22876474461697,45.75940140222763],[21.23000176682696,45.75932404931955],[21.23034975923906,45.75929327756434],[21.23063775834413,45.75922941128772],[21.23101338209387,45.75906953859172],[21.23163198085397,45.75879341010749],[21.23192540082721,45.75865057352558],[21.23210139890008,45.75850663889759],[21.23224469433464,45.7583079033711],[21.23230578745856,45.75812620775653],[21.23235127455423,45.75795498112068],[21.23242562959274,45.75781613093759],[21.23254943567179,45.75772416006923],[21.23269805248618,45.75768389852583],[21.23285223719456,45.75768056980609],[21.23300448636335,45.7577054431502],[21.23345235467915,45.75785043272496],[21.23486681327871,45.75831602584742],[21.23663318630304,45.75894316257343],[21.23903304183045,45.75977668587245],[21.24151107159275,45.76061887823374],[21.24377204409026,45.76137389983675],[21.24555123620259,45.76200087131041],[21.24680151735243,45.76232234023009],[21.24902916000381,45.76286358736352],[21.25028025794218,45.76317373971108],[21.25153450332455,45.76346117119185],[21.25197534518815,45.76353235854354],[21.25384384495597,45.76364250665967],[21.25502046609616,45.76370702962108],[21.25537179883244,45.76372435176815],[21.25587733744441,45.76379767406466],[21.25613357431455,45.76384292982392],[21.2576549688015,45.76420527803717],[21.25856422367032,45.76441918656549],[21.25896505126826,45.7645427273014],[21.25938707201658,45.76472572763546],[21.26042382085076,45.76526891504546],[21.26130320995582,45.76580960961643],[21.26231096132851,45.76654120797008],[21.26407537793347,45.76788013083577],[21.26471450028112,45.76833309401766],[21.26510055776564,45.76855505377603],[21.2654036215561,45.76868663782199],[21.26625408563248,45.76899181682556],[21.26656131769546,45.76910128660337],[21.26791544179832,45.7693892041836],[21.26886949147087,45.76960168546677],[21.26974320149194,45.7698004553049],[21.27113159390425,45.7701203396083],[21.27308074874507,45.77054658726367],[21.27499048494544,45.77096302225951],[21.27538153462572,45.77104365739351],[21.27621930826958,45.77117873866002],[21.27901844495885,45.77161599182389],[21.28119922526134,45.77198901967595],[21.28337464908446,45.7723603656535],[21.28623530139699,45.772834521515],[21.28934582482474,45.7733185154589],[21.29279952535572,45.77385832439185],[21.29565442622757,45.77430830129543],[21.2989147024478,45.77485075713341],[21.30133356775256,45.77525671409709],[21.30268432275611,45.77547909232776],[21.30554823359559,45.77596023805023],[21.30565261116066,45.77597496436341],[21.30571402713576,45.77596567031682],[21.30585935692752,45.7759139001144],[21.30597372151101,45.77590068749501],[21.30613047843443,45.77591995612975],[21.30626405192086,45.77600550246002],[21.30641768177302,45.77607684874429],[21.30674194717275,45.77614812659489],[21.30931038578195,45.77656361224673],[21.31063685422609,45.77679051988734],[21.3128074747977,45.77713544383197],[21.31420476085589,45.77736984639026],[21.31599029906792,45.77764851026961],[21.31749305235745,45.77788891594229],[21.3182460824068,45.77801783506678],[21.31932393091443,45.77817898994216],[21.32031340413541,45.77831397457008],[21.32052306704408,45.7783379254167],[21.32074330943389,45.77832855716009],[21.32091310298832,45.77829145374763],[21.32104573763631,45.7782469665468],[21.32118351148696,45.77815990906759],[21.32127629646921,45.77807472629043],[21.3213584066124,45.77793402684775],[21.32149863170532,45.77754899836813],[21.32155150325725,45.77736569114632],[21.32155134421789,45.77721948271085],[21.3215219797599,45.77705848377609],[21.321455475602,45.77690675817951],[21.32131467388716,45.77675692262884],[21.32118720475165,45.77666630362334],[21.32094293634507,45.77653754497463],[21.32039078367518,45.77633610286491],[21.31989970483947,45.77616979098764],[21.31962896011315,45.77608849788149],[21.31944319452428,45.77607008558242],[21.31928134164126,45.77608127253614],[21.31911220162345,45.77611652267925],[21.31892390797126,45.77621840850584],[21.3188046014239,45.77631655771146],[21.31869600244035,45.7765053873721],[21.31855834716114,45.77682378349173],[21.31842864437958,45.77713662444924],[21.31830820703222,45.77748588303152],[21.31819445994858,45.77783298760897],[21.31804637226796,45.77833461208755],[21.31780236719995,45.7792017814902],[21.31735738761908,45.78068435873285],[21.3170082865151,45.78180768775746],[21.3166713412361,45.7829128946965],[21.3162837940698,45.78419956271986],[21.31585247971961,45.78568225584465],[21.31578602480403,45.78599268453885],[21.31564234736227,45.78654503957598],[21.31559308341513,45.78673818258826],[21.31559318492267,45.78684163952737],[21.31566559667657,45.78697265616817],[21.31572266466128,45.7870282250727],[21.31574990520654,45.78710543204658],[21.31574871015578,45.78724389444861],[21.31575402283932,45.78734582426059],[21.31578511876683,45.78742598393819],[21.31582815908774,45.78750936048314],[21.31615964408935,45.78788481753639],[21.31745688436277,45.78936670157359],[21.31866399590643,45.79076791816252],[21.31972994543885,45.79201012308502],[21.31984417009628,45.79218061723752],[21.31989846202324,45.79225481151371],[21.31997633207508,45.79230257702226],[21.32006962486873,45.79236215185983],[21.32015021522253,45.79242979181867],[21.32018226646141,45.79249584810724],[21.32018562460525,45.79256662138487],[21.3201523889062,45.79263902730608],[21.32009987468716,45.79269667152397],[21.32001291854152,45.79278428411315],[21.31997374460219,45.79288476191303],[21.31996820601548,45.7930880933339],[21.3199601894827,45.7949498473637],[21.3200007540781,45.79721193080354],[21.32002433461593,45.79939608071484],[21.3200243240694,45.80194425363221],[21.32007282024757,45.80440678756544],[21.32016685040174,45.80695292609764],[21.32017093084424,45.80779212582163],[21.32016938989166,45.80838755385794],[21.32017360169642,45.80852839255782],[21.32015359899343,45.80863278691323],[21.32015149621883,45.80869713970472],[21.32016916186632,45.8087559371534],[21.32020293244175,45.80881404418916],[21.32027250708818,45.80885055429673],[21.32052031246803,45.80893373100951],[21.32085431928448,45.80904506781198],[21.32118871285825,45.80916634776012],[21.3213582983515,45.8092277841426],[21.32142526601955,45.80924684207383]]},"properties":{"line":"E4b","dir":"0","mode":"bus"}},{"type":"Feature","geometry":{"type":"LineString","coordinates":[[21.321208452843,45.80934906565874],[21.32112434469521,45.80937124621088],[21.321051102652,45.80939059283021],[21.32100558285551,45.80941241874637],[21.32097523727472,45.80944297392011],[21.32094938583141,45.80947415947213],[21.32088644191955,45.8095617449064],[21.32082494797234,45.80964606458367],[21.32079570412981,45.80971689484375],[21.32072441613532,45.80976659597915],[21.32046093939546,45.80983795233812],[21.31986571066119,45.80998996655282],[21.31953489060051,45.81007589061489],[21.31902635034556,45.81018894551276],[21.31866268792003,45.81028750935289],[21.31844382226405,45.810355031943],[21.31830050366802,45.81040368216625],[21.31820750767607,45.81044289771192],[21.31812219779042,45.81047936817941],[21.31804861662895,45.8105198466601],[21.31799445060455,45.81055086984345],[21.31791705172432,45.81056578401537],[21.31782016691606,45.81054162015949],[21.31754263140901,45.81046355464498],[21.31746023457713,45.81043942558462],[21.31742795859049,45.81041054732552],[21.31744220816315,45.81031251954298],[21.31758121110607,45.81007787524559],[21.3176766742669,45.80991747801972],[21.3177843499434,45.80977501591106],[21.31788938020535,45.80968921401434],[21.31812034362955,45.80955329326294],[21.31830803690218,45.80948916407628],[21.31882999143553,45.80934892347184],[21.31941305417468,45.8092166224653],[21.31965358347168,45.80915529386545],[21.31981960349523,45.80909495157621],[21.31995147032828,45.80902291895998],[21.32000017432118,45.80896623184804],[21.32004087841,45.8087881096769],[21.32005481903066,45.80801052951732],[21.32005020741001,45.807208980783],[21.32001782896798,45.80552592936197],[21.31998009042106,45.80366482647055],[21.31994794489662,45.80172005697432],[21.31992418208857,45.79940643386215],[21.31989915469282,45.79817535372858],[21.31988614643131,45.79678512691248],[21.31987269491217,45.79535064722549],[21.31985513925596,45.79311001426751],[21.31984340516564,45.79291329029651],[21.31972943592908,45.79273395915241],[21.31964476148768,45.79265090936309],[21.31958290784733,45.79256860034635],[21.31957739773774,45.79248928101127],[21.31962635500718,45.7924301390251],[21.31967041318844,45.79235098025072],[21.31969498811377,45.79228807479655],[21.31970815707949,45.79219986804323],[21.31967826476509,45.79211678510227],[21.31964538706483,45.7920286044579],[21.31937679806293,45.7916987014423],[21.31889970163411,45.791137478186],[21.31780435731598,45.78988856988903],[21.31657129231715,45.78848856768187],[21.31589864452553,45.78770649772265],[21.31582677467939,45.78761871500687],[21.31571804945565,45.78751168787838],[21.31556605157488,45.78739797211355],[21.31546390377349,45.78736044287694],[21.31526396927033,45.78731031177147],[21.31518371798699,45.78723443150692],[21.31512620253457,45.78714494103163],[21.31514018193555,45.78704936902874],[21.31522509791284,45.78695285862324],[21.3153656858226,45.78686310332513],[21.31546604447594,45.78673693085883],[21.3155823007823,45.7864285706397],[21.3157625455632,45.78579505786439],[21.3161569384222,45.78440661861761],[21.31645601760719,45.78344260268884],[21.31678086375725,45.78240781546599],[21.31711013097526,45.78132791787249],[21.31747034445017,45.78016992299626],[21.31751847986451,45.77999300052922],[21.31757842300995,45.77955207164437],[21.31761752213567,45.77939831896469],[21.31762037539318,45.77923405435069],[21.31758098861618,45.77910350562415],[21.31754159232185,45.77896706730314],[21.31743274197648,45.77882391780376],[21.3173329853192,45.77871445869837],[21.31713048164118,45.77852291891142],[21.31685545832567,45.77827876603915],[21.31661068130312,45.77808303390576],[21.31645355753429,45.77797360168037],[21.31621846395862,45.77785722457454],[21.31592549126847,45.7777752347517],[21.31534564368097,45.77766810972648],[21.31388091776239,45.77738659941153],[21.31264249847803,45.77717994166722],[21.31021960900166,45.77678581065892],[21.30778196745337,45.77639979596059],[21.30681905539242,45.77624448942181],[21.30648352879424,45.77619732010758],[21.30638192290893,45.77619390372182],[21.30626050896167,45.77621123592286],[21.30611186225753,45.77626141831102],[21.30593593071955,45.77628050002172],[21.30574775530304,45.77620584733563],[21.30565968649493,45.77613695160969],[21.30553832324329,45.77608110223692],[21.30533518580783,45.77602831076309],[21.30331236343159,45.7756811070596],[21.29980302251963,45.77507065743433],[21.29681231357183,45.77456585669297],[21.29401053047291,45.77412501343556],[21.29172757705867,45.77377325493198],[21.28842009422128,45.77324613754467],[21.28595822773527,45.77285453848656],[21.28461778388256,45.77264714277476],[21.28125068287049,45.77208507876275],[21.2781880023678,45.77156038218994],[21.27572259280844,45.77118161470732],[21.27533100543663,45.77110814005741],[21.2725508844377,45.77050254582952],[21.26928738576795,45.76979737078734],[21.26800618465719,45.76952796993108],[21.26690848894724,45.76927161697676],[21.26640403976064,45.7691260547116],[21.26591962012723,45.76895933364224],[21.26518804636422,45.76867499213336],[21.26482926691499,45.76849277077378],[21.26456985097822,45.76833216251181],[21.26335404191739,45.76741249777569],[21.26211087551475,45.76650791585434],[21.26152085110446,45.76610944674736],[21.26065578169584,45.76557406660461],[21.25990013102025,45.76514653104045],[21.259345099744,45.76481793319215],[21.25889891775855,45.76460842660204],[21.25840293006165,45.76445093335445],[21.25648965915309,45.76401489259921],[21.25568294525105,45.76384391796255],[21.25503266047748,45.7637695110591],[21.25326345204299,45.76369678960958],[21.25177532227319,45.76359715420223],[21.25136463248921,45.7635331180608],[21.25057167646407,45.76337198881572],[21.2483485307713,45.76282716492507],[21.24581110807232,45.7622249676526],[21.24527065947708,45.76202883446078],[21.24338225452014,45.76136915154861],[21.24068517936307,45.76045468699115],[21.23824800940855,45.75961027961153],[21.23571985853762,45.75874627035507],[21.23413361905376,45.75820914068347],[21.23387295529792,45.75816052799259],[21.2335779016123,45.75813969964728],[21.23332831135114,45.75815589609662],[21.23307518942344,45.75820400919682],[21.23288992487248,45.75825060472285],[21.23238170831856,45.75850932530227],[21.23125191835669,45.75903984462905],[21.23069295334554,45.75927202108031],[21.23034253444424,45.75935245947944],[21.22949604959209,45.75941631165762],[21.22855816928797,45.75950269733293],[21.22843011849808,45.75955437403592],[21.22827590541613,45.75962635541872],[21.22818033880793,45.75969644103762],[21.22802193261588,45.75974899686852],[21.22786144846599,45.75975134238382],[21.22767025040365,45.75971794744618],[21.22758596656021,45.75965727320672],[21.22754320205179,45.75955556121603],[21.22751777822023,45.75944285840714],[21.22746738232993,45.75937174681178],[21.22724996836702,45.75923719239915],[21.22693983534511,45.75908157502113],[21.22642228198471,45.75880969585278],[21.2258774198457,45.75853304323794],[21.22545178672403,45.75829123447361],[21.22510888875144,45.75805219322655],[21.22489265045994,45.75788033837988],[21.22475695872694,45.7577471718196],[21.22454839254065,45.75739719200201],[21.22444878766137,45.75724992051235],[21.22437416365399,45.75718617220635],[21.22427533141272,45.75715530040636],[21.22404697748535,45.75715684074075],[21.22376270845874,45.75720550767899],[21.22360892529857,45.75720883919629],[21.22353241054186,45.75717258945713],[21.22327291745934,45.75654221664145],[21.2231775582074,45.75624388043874],[21.22314922138382,45.75577198951866],[21.2231610712816,45.75524629175563],[21.22325149588105,45.75472746997459],[21.22336987231304,45.75433262258479],[21.22363685487392,45.75372213191132],[21.22365452082085,45.75364211217749],[21.22364068894365,45.75357800836331],[21.22164846653682,45.75310395532142],[21.21773394413026,45.75213786299434],[21.21540159723878,45.75169280426249],[21.21351788447279,45.75136226811428],[21.21094941015895,45.75095775235548],[21.20882482124451,45.75064921979654],[21.20586252555119,45.75016771836033],[21.20314512323868,45.74978391462285],[21.20087200898939,45.74941293221742],[21.19953730587297,45.74919603172327],[21.19942408964305,45.74915878019404],[21.19940859715526,45.74909417374846]]},"properties":{"line":"E4b","dir":"1","mode":"bus"}},{"type":"Feature","geometry":{"type":"LineString","coordinates":[[21.23173521277746,45.75882520001843],[21.23111753632557,45.75908984797783],[21.23077789322715,45.75922446963856],[21.23053573507476,45.75931020340484],[21.23046743071133,45.75933120134045],[21.2302109596251,45.75937419194383],[21.22953698375027,45.75942194974476],[21.22899427830745,45.75946566011839],[21.22862461122866,45.75949593836638],[21.22845393193612,45.75954977756254],[21.22837438346459,45.75957651870844],[21.2282554309194,45.75965305536087],[21.22816719605354,45.75972594695214],[21.22803512549791,45.75977859678839],[21.22790538159827,45.75980688384123],[21.22779380832862,45.75987779524676],[21.22772822708826,45.75994189220906],[21.22723061079971,45.76083885761742],[21.22659273829493,45.76198732029665],[21.22607451340332,45.76290327047536],[21.22581166001386,45.76337398658685],[21.22569570382703,45.76362046419388],[21.22567480583949,45.76371827107785],[21.22559857381369,45.76402820446598],[21.22556109252422,45.76435323485322],[21.22552508955138,45.76445690391002],[21.22543497104047,45.76450016178278],[21.22531174712148,45.76450935160691],[21.22518733092333,45.76449968509836],[21.22505502154598,45.76448756236069],[21.22490277916588,45.7645273334829],[21.22476705835447,45.76464486672864],[21.22441344012441,45.76498772305208],[21.2234495864652,45.76590708221447],[21.22211520235138,45.76720377775813],[21.22113073342464,45.76814234872062],[21.2203495936646,45.76891061607792],[21.21979826637716,45.76943226811774],[21.21885676637326,45.77034855817494],[21.21758627304648,45.77160012648772],[21.21679673536487,45.77240317344866],[21.21652607117632,45.77265168952093],[21.21622586556997,45.77292270486507],[21.21533287346249,45.77374162815184],[21.21447854484124,45.77457120746249],[21.21381893129979,45.77522850657131],[21.21297394763927,45.77602596790587],[21.21183358063051,45.77705240954707],[21.21116901218781,45.77763426009447],[21.21105230267674,45.77777305515227],[21.21101846300821,45.77786954088312],[21.21106480223543,45.77797152400449],[21.21107030198268,45.77805885032658],[21.21102013777531,45.77816776773848],[21.21089917621131,45.77823908405379],[21.21061216255441,45.7782995798668],[21.21043797706896,45.77834071022752],[21.21025859899686,45.77838995377658],[21.21000708347143,45.77855398676755],[21.20902659882756,45.7792839741662],[21.20778817095153,45.78023601342612],[21.20620981326208,45.78145513854319],[21.20549763513539,45.78200985152338],[21.2045570350615,45.78272592301016],[21.20397325468662,45.78316832457491],[21.20284816533292,45.78404982193028],[21.20196717065609,45.78472056110631],[21.20090482402618,45.78551263362701],[21.19961199553192,45.78649235420358],[21.19884277479222,45.78704876104359],[21.19772314525168,45.78790459216841],[21.19641542721096,45.78889657135441],[21.19527028046291,45.78973485615656],[21.19405610294245,45.79064473751832],[21.19329295683754,45.79120887556959],[21.19209379192088,45.79210616362799],[21.19133679380902,45.79267805315607],[21.18988613402018,45.79372044583607],[21.18867857322659,45.79457385890009],[21.18828481540887,45.7948443475107],[21.18812468096457,45.79492876117008],[21.18798680176273,45.79491307216372],[21.18787341436071,45.79483300556951],[21.18784813744069,45.79470253360392],[21.18777286384759,45.79459346817116],[21.18735282173958,45.79433580921411],[21.1872223772558,45.79434773173138],[21.18708793465687,45.7944313942479],[21.18690688224418,45.79457860504329],[21.18681831804227,45.79461446365256],[21.1867567647843,45.79459824609367],[21.18598017145528,45.79414248628719]]},"properties":{"line":"E6","dir":"0","mode":"bus"}},{"type":"Feature","geometry":{"type":"LineString","coordinates":[[21.1861517948165,45.79362435635694],[21.18621104406085,45.79358923194673],[21.18624709043184,45.7935833753468],[21.18630012697957,45.7935944566609],[21.18637055007151,45.79362881096662],[21.18677117566605,45.79388479277812],[21.1872843142125,45.79422938514782],[21.18742821998624,45.79432501728112],[21.18766527367038,45.79443998792762],[21.18785195039718,45.79451364769321],[21.18797531430859,45.79455749786754],[21.18809847172445,45.7945616845026],[21.18820987516509,45.79455988150876],[21.18829135237668,45.79455264187512],[21.18837747176084,45.7945468477388],[21.18848670306289,45.79454669739241],[21.18857657251781,45.79452809466299],[21.18867611414729,45.79448222200991],[21.18892164262542,45.79434780587303],[21.18947609464973,45.79397072747111],[21.19004942511765,45.79355407462277],[21.19098909368417,45.79287640738735],[21.1918451079709,45.79223222536919],[21.19244974009405,45.79178141394723],[21.19355916826816,45.79095574949736],[21.19448360594123,45.7902771757],[21.19569282540657,45.78937822690119],[21.19642642493022,45.78882955611487],[21.19762497460646,45.78792177038111],[21.19862624005116,45.78717377886775],[21.19986517025697,45.7862343332089],[21.20105602944295,45.78535965213138],[21.20217610242935,45.78451878503209],[21.20333260056037,45.78363596679191],[21.20437167372738,45.78283460165048],[21.20516667483648,45.78217351110753],[21.20592570449908,45.78162608945524],[21.20677884562155,45.78097369076164],[21.20771527125503,45.78024636398459],[21.2085398501155,45.7796094318979],[21.20986073750283,45.77857545150717],[21.20996562591041,45.77847068335697],[21.21003804727361,45.77839229841486],[21.21008855806614,45.77832727897411],[21.21008911067518,45.77826378968641],[21.2100858197363,45.77821152577005],[21.21007689020982,45.77814197964256],[21.21007724343535,45.77807532273324],[21.21012755460546,45.77800713554539],[21.21019782729189,45.77796689948833],[21.21043711474762,45.77790085707712],[21.21067891101351,45.77784281861145],[21.21083447629825,45.77778410105365],[21.2110686517873,45.77760078972314],[21.21150398822968,45.77725081775401],[21.2116847685124,45.77710194081645],[21.21202626851894,45.77678045815933],[21.21282341431591,45.77602204904364],[21.21364293239569,45.77524632280853],[21.21433761657838,45.77457943221607],[21.21524239633416,45.77369801051159],[21.21590305302969,45.77305430240797],[21.21688878380296,45.77210354730106],[21.2175652646761,45.77147173135312],[21.21833943967522,45.77074198053237],[21.21846363346134,45.77061915503123],[21.21900764293427,45.77008146024851],[21.21972813630347,45.76935095351311],[21.22035717024559,45.7687290610302],[21.22116099035089,45.76798776440521],[21.22192598343998,45.76724939476489],[21.22265165661411,45.76654317154578],[21.22344903891428,45.76577424625274],[21.22424798305229,45.76500558355525],[21.22466328482086,45.76457879728112],[21.2247103943923,45.76449642001684],[21.22473597037422,45.7643972502512],[21.22472632386429,45.7643166191883],[21.22469167241204,45.76420026056086],[21.22467411406059,45.76410241792033],[21.22467675505855,45.76396428333718],[21.22472269515739,45.76389939717717],[21.22479390786231,45.76383849387717],[21.22489937385868,45.7637797102831],[21.22503445256752,45.76372160223485],[21.22521957586839,45.76366354084035],[21.22538034608433,45.7636308035612],[21.22550073398899,45.76359218898943],[21.22558763654386,45.76352762878241],[21.22566996543991,45.76342671236379],[21.22592589886836,45.76297769897678],[21.22631397105622,45.76231345070165],[21.22662351849061,45.76177041656438],[21.22697419453481,45.76112414172768],[21.22732541794165,45.76049466062588],[21.22756405524189,45.76005354949318],[21.22762118313103,45.7599247162817],[21.22766334351751,45.75983614280918],[21.22766684726974,45.75978366978023],[21.22765880042471,45.75972837878563],[21.22761716959738,45.7596455591182],[21.22758508564391,45.75953388261668],[21.22758204559927,45.75944987455696],[21.22761976589156,45.75936302445346],[21.22768108808662,45.75928972889425],[21.22780066370763,45.75923844175265],[21.22793192444097,45.75922805212417],[21.22806932848168,45.75924286237335],[21.22814584264966,45.75926589510681],[21.22824429029963,45.75931205464893],[21.22832240807806,45.75936042716375],[21.22845006604381,45.75940092636067],[21.22852587932063,45.75941287261011],[21.22867373301622,45.75941307872563],[21.22891662848414,45.75940559628968],[21.22949505152606,45.75936397511041],[21.23009929733291,45.75931838134837],[21.23030309384631,45.75929926488469],[21.23048072124666,45.75926681485987],[21.2306820153358,45.75921300635805],[21.23107842281362,45.75904369207171],[21.23173140512307,45.75873659110783],[21.23192380970917,45.75865652985312],[21.23209254316288,45.75851962080331],[21.23220175485295,45.75837661243123],[21.2322693412873,45.75825868970516],[21.23231646053291,45.75810490065031],[21.23233788971565,45.7580139570207],[21.23236732432223,45.75794005533039],[21.23240493578951,45.75785161999993],[21.23245333251779,45.75778982810541],[21.23255373751415,45.75772325869513],[21.23265448096099,45.75769793631976],[21.2327652071658,45.75768658748694],[21.23290871621388,45.75769009570681],[21.23299895034531,45.75771428889865],[21.23307666860746,45.75775632318701],[21.23313122350923,45.75782763483984],[21.23316554951007,45.75790274402672],[21.23318508964223,45.75799576436619],[21.23317214778618,45.75807867868496],[21.23312268557685,45.75815954566919],[21.23303827051024,45.75822720912434],[21.23268884470522,45.75838397330048],[21.23205292156104,45.75868564892179],[21.23175146003873,45.75882457689007]]},"properties":{"line":"E6","dir":"1","mode":"bus"}},{"type":"Feature","geometry":{"type":"LineString","coordinates":[[21.23362628138035,45.75466814324191],[21.2342680484936,45.75434923836538],[21.23437159133454,45.75428051048611],[21.23443428521301,45.75421143002634],[21.23444711460926,45.75413778397429],[21.23439462640214,45.75404580606229],[21.23419221903433,45.75375091169518],[21.23399380312609,45.75351897022735],[21.23375554311167,45.75330250023333],[21.23345304325258,45.75305032370496],[21.23320674852553,45.75289107345709],[21.23302051297807,45.75280525504338],[21.23292125286418,45.75275744828384],[21.23282250746696,45.75271776445175],[21.23274704538932,45.75267736243134],[21.23270256879581,45.75261972686651],[21.23269935262568,45.75256895776281],[21.23271890514019,45.75250934747354],[21.23290698655391,45.75230210803223],[21.23331174229639,45.75183269016572],[21.23372807627404,45.75136203139876],[21.23424407018102,45.75076873558488],[21.23464738876653,45.750307435846],[21.23507542057481,45.74979164622172],[21.23513891267525,45.74972050969885],[21.23522977935309,45.74949795452407],[21.23528670212211,45.74924592577072],[21.23532711480863,45.74905544811795],[21.23532907353723,45.74899434549895],[21.23531434334698,45.74894596650065],[21.23524658566801,45.74888905049543],[21.23499957715537,45.74881035903367],[21.23452882561907,45.74865193512499],[21.23432137972753,45.74859932934384],[21.23362162523056,45.74846220993035],[21.23278509260799,45.74831156767731],[21.23260474081129,45.74827236604617],[21.23234427000409,45.74821121798507],[21.23212253182233,45.74816311790304],[21.23188827078493,45.7481257560839],[21.2311404676157,45.74801248520608],[21.23004787937774,45.7478897377833],[21.2293550336812,45.74782715591375],[21.22849391695292,45.74776619301539],[21.22760422277593,45.74777613785449],[21.22698700748711,45.74779107565698],[21.22665511054548,45.74782978261427],[21.22616042298894,45.74789181152897],[21.22563864261014,45.74797298556975],[21.22499998247738,45.74806385776683],[21.22442761706046,45.74815065242419],[21.22392333743835,45.74824552249942],[21.22345739980656,45.74834734991752],[21.22281154771089,45.74852845314065],[21.22202076557428,45.74875013997419],[21.2210986886809,45.74901843260497],[21.2204863673034,45.74920206633787],[21.22025384111765,45.74926008109026],[21.22014389205654,45.74927363392525],[21.22002114825663,45.74926926743078],[21.21991419990182,45.74923796409164],[21.21948911383138,45.74901703465751],[21.21850703398405,45.74847438808448],[21.21811049125148,45.74824697953502],[21.21787868369943,45.74808521854433],[21.21762381562299,45.74788143609213],[21.21703463846486,45.74729409604788],[21.2165543240758,45.74683075346589],[21.21643027106824,45.74675927782679],[21.21620714550021,45.74668880869087],[21.21595098424081,45.74660307517388],[21.21581733918087,45.74656444832048],[21.21574707733375,45.74651370218815],[21.21572554984494,45.74643161448127],[21.21569036424353,45.74624346689347],[21.21564040635344,45.74609850149404],[21.21558248639475,45.74596598863858],[21.2155200264702,45.74585396205187],[21.2154526425743,45.74575632941244],[21.21535778803192,45.74563919254903],[21.21509546616467,45.74537342428608],[21.21473169657148,45.74501426963205],[21.21410177136033,45.74438048267656],[21.21347863370067,45.74373853840304],[21.21272773368683,45.74290907885222],[21.21194723374533,45.74188181579361],[21.21140869223668,45.7412455997784],[21.21075960457414,45.7403783022281],[21.2101715964118,45.73956343966109],[21.20999289397885,45.73937954359377],[21.2099165719436,45.73932491104097],[21.20976459610421,45.73927259693323],[21.20965159731372,45.73923740043032],[21.20956756831258,45.73919928133039],[21.2095157731828,45.73911744538565],[21.20947957823386,45.73909820738],[21.20926169980886,45.73906418928978],[21.20789084029138,45.73886180974063],[21.20633926568652,45.73862649991796],[21.20472265646689,45.7383939336158],[21.20402354583846,45.7382896092381],[21.20341761157548,45.73815757856391],[21.20214296617804,45.73788703113573],[21.20087060474112,45.7376018589944],[21.19940626733109,45.73729205289122],[21.19796425008751,45.73700056101588],[21.19680250564353,45.7367637076714],[21.19659339226963,45.73669170237056],[21.19640397579762,45.73659982105898],[21.19556110252001,45.73603549386004],[21.19449369591834,45.73536684406412],[21.19362770927623,45.73478745597411],[21.19236879946605,45.73400060879835],[21.1915831167515,45.73348605914779],[21.19069262714695,45.73290097870943],[21.18979128990602,45.73231274318674],[21.18858048753788,45.73152565020518],[21.18743797700841,45.73076027505377],[21.1863424562046,45.73005276810503],[21.18519142559397,45.72929221295815],[21.18425111260148,45.72866822214572],[21.18307177797199,45.72789578930377],[21.18283706123003,45.72774100059383],[21.18265035304717,45.72764494616751],[21.18236144334761,45.72754589563366],[21.18136278529609,45.7272364702721],[21.18080717202524,45.7270752744698],[21.18063008808619,45.72703996431053],[21.18050296675207,45.72701127369641],[21.18039835861562,45.72696969060255],[21.18029589942289,45.72691583392833],[21.17991047191458,45.72667117786828],[21.17838060055492,45.72569151258339],[21.17718716059429,45.72490733474702],[21.17565502019446,45.72392173765304],[21.17430458597533,45.72304227670367],[21.1731398633265,45.7222675028967],[21.17216661994611,45.7216266619543],[21.17091500539329,45.72077796847127],[21.16949630313125,45.71981210800653],[21.16928235417923,45.71969622568358],[21.16912490514162,45.71964809570552],[21.16897453621437,45.71962009752016],[21.16884654888838,45.71962397552085],[21.16871933307483,45.71964817771583],[21.16839100704507,45.71975782347682],[21.1671172942226,45.72022368328653],[21.16575037995094,45.72070862791732],[21.16527069520012,45.72089293342541],[21.16498180963395,45.72102782567755],[21.16473883365236,45.7211511546619],[21.16425728855542,45.72146889162147],[21.16401345006908,45.72170966869319],[21.16401381896463,45.72176255844279],[21.1640516255697,45.72180821143274],[21.16420514933234,45.72188698662671],[21.16436853495811,45.72198377508345],[21.16448158678529,45.72206784403641],[21.16454551604618,45.72215870212644],[21.16458154044984,45.722269517662],[21.16455609900392,45.72237608937527],[21.1644920846084,45.72247162056088],[21.16437495229755,45.72255655124795],[21.16424973215729,45.72260510290494],[21.16412565560078,45.72262513469723],[21.16396819350662,45.7226237953195],[21.1638168108934,45.72257954403311],[21.16338543079779,45.72243796168127],[21.1630326430735,45.72230620727619],[21.1626555194828,45.72219350071731],[21.16226144633345,45.72208944392866],[21.16185377941824,45.72200817806345],[21.16159767759446,45.72196709019843],[21.16130565997621,45.72191081021614],[21.1609194294351,45.72181058181496],[21.16030227997984,45.72163390928917],[21.15889435422268,45.72127679132546],[21.15716065829804,45.72079450956147],[21.15589639084717,45.72046551346337],[21.15461344127817,45.72011613885649],[21.15341708393468,45.7197921024388],[21.15206513222428,45.71948494553743],[21.15029172302916,45.71910443141114],[21.14912868608295,45.71886094495702],[21.14820332776009,45.71868164367665],[21.14809951275423,45.718652216391],[21.14806906704674,45.71858395567663],[21.14806517682423,45.71852099901699],[21.1480757049799,45.71845557343682],[21.14812364808267,45.71842971372733],[21.14820143179228,45.71841516307775],[21.14835166122937,45.71844115761623],[21.14844206167332,45.71848930060362],[21.1484769446419,45.71853504651972],[21.1485443261126,45.71858795195421],[21.14865458617946,45.71862735780658],[21.14884932623282,45.71866625308747]]},"properties":{"line":"E7","dir":"0","mode":"bus"}},{"type":"Feature","geometry":{"type":"LineString","coordinates":[[21.14902546528476,45.71873419362923],[21.14921652235543,45.71880778800697],[21.14944273625676,45.7188843919177],[21.14985977951209,45.71898372965273],[21.15099055349064,45.71922025486996],[21.15233364958402,45.71951218780639],[21.15350841530207,45.71978805467435],[21.15462037499974,45.72007648390496],[21.1554266766892,45.72029630935024],[21.15672770136833,45.7206466568303],[21.15800914785396,45.72100270146732],[21.15916423473032,45.72129860917147],[21.16034496336209,45.72161641679953],[21.16069224666686,45.72167102880938],[21.16110914744674,45.72171573702357],[21.16152246614211,45.72180128174749],[21.16211168717046,45.72190351032144],[21.16246843135169,45.7219798762037],[21.16277650508396,45.72206008345004],[21.16297796794991,45.72211299499229],[21.16309912537632,45.72213985024507],[21.16320637830512,45.72213050210376],[21.16338079881471,45.72207639426752],[21.1635748349908,45.72196268767603],[21.16384161328172,45.72175318561297],[21.16427983819426,45.72140823989286],[21.16447223128711,45.72126813071549],[21.16461162457814,45.72116624876193],[21.16479092390849,45.72105556235697],[21.16501973320078,45.7209387660594],[21.1652261539133,45.72083688934665],[21.16551073577486,45.72072654195533],[21.16617734929722,45.72048360457873],[21.16728185730985,45.72008401776677],[21.16865062825822,45.71960970561851],[21.16876533936901,45.71957977905357],[21.16884944219713,45.71957316110911],[21.1689743947129,45.7195673399052],[21.16910667984399,45.71958571227358],[21.16919292927825,45.71961361840157],[21.16930709107228,45.7196508534847],[21.16951031400619,45.71977898201376],[21.17025859310781,45.72028327860961],[21.17111472361827,45.720865687244],[21.1720348569772,45.72149731400366],[21.17324221806876,45.72229837901345],[21.174167986116,45.72290747233156],[21.17511621477374,45.72353277477333],[21.1760000375302,45.72410541203243],[21.17671581016558,45.72455764524481],[21.17774463452389,45.72523740971025],[21.17882404168918,45.7259308672667],[21.1801678016984,45.72681368258581],[21.1804260692593,45.72695612197445],[21.18060391240171,45.72700361729278],[21.18079554161227,45.72703848531725],[21.18101740331106,45.72709074606424],[21.18149510070559,45.72724830240519],[21.18236736565546,45.72752087470872],[21.18267284702198,45.72762813779067],[21.18283438006318,45.72769443794549],[21.18313873863472,45.72790085561115],[21.18434749399351,45.72869847533103],[21.18560373836756,45.72952185873284],[21.1868140801156,45.73033347205234],[21.18794588280301,45.73106151673572],[21.18920584157513,45.73189976211023],[21.19041805216784,45.73269379147051],[21.19180442121168,45.73359535688365],[21.19235865214037,45.73396663573518],[21.19276745582727,45.73421053829234],[21.19364814888062,45.73477242265383],[21.1943286947246,45.7352182010955],[21.19503331982304,45.7356701608709],[21.19550365179086,45.7359650798522],[21.19619711714758,45.73641627084282],[21.19638844278171,45.73653861529398],[21.19649157116415,45.7366026115868],[21.19659937353779,45.73664815297924],[21.19670582432935,45.73669566852094],[21.19696632828766,45.73675892814037],[21.19833763038767,45.73702883597046],[21.19969177369915,45.73731911640311],[21.20145221462629,45.73769762573488],[21.20307293888605,45.73804779606001],[21.20409272914205,45.73825669065202],[21.20515643378795,45.73842413733463],[21.20709394854099,45.73870664911489],[21.20916206602568,45.73901949376485],[21.20938310394738,45.73903916992008],[21.20948430629724,45.73902589523977],[21.20954627636188,45.73899144083624],[21.20958698368208,45.73894339510018],[21.20964099111177,45.73892139294833],[21.20972131399291,45.73890061904754],[21.20984668880402,45.73890084618238],[21.20993957465781,45.73894072842366],[21.20998325060991,45.73898618829482],[21.2100267005915,45.73907438406793],[21.21004636143394,45.73915517018054],[21.21007449618268,45.73923162727424],[21.21016876167745,45.73938890309161],[21.21034097014702,45.73962372089062],[21.21089293072434,45.74036774895485],[21.21152227928537,45.74114373727812],[21.21220794473111,45.74207995521238],[21.21305575785943,45.74309665223404],[21.21371367954271,45.74384080144618],[21.21441944652178,45.7445796696547],[21.21516405795784,45.74532777590311],[21.21583584901066,45.74597257274283],[21.21641183769901,45.74654795055613],[21.21680556506348,45.74694313334174],[21.21736259129576,45.74749974028704],[21.21781543844559,45.74791517634348],[21.21800659406593,45.74803342272375],[21.21842622905838,45.74826063011919],[21.21909942424806,45.74863680350598],[21.2201328965677,45.74918982705037],[21.22020946044564,45.74920171710576],[21.22047703761868,45.74914466019031],[21.22194350800734,45.74870687661462],[21.22330599519917,45.74831907091113],[21.22371003324429,45.74820620456331],[21.22429982229089,45.74808021811706],[21.22488100411068,45.7479687365168],[21.22573890024441,45.74784262982917],[21.22663669680203,45.74774580725097],[21.22698442216643,45.74772492820291],[21.22804885606212,45.74770028388089],[21.2286810380941,45.74771539930871],[21.22939549322452,45.74776256544619],[21.23019701695714,45.74784163595375],[21.23113701956989,45.74795102070471],[21.23212812211221,45.74806899595092],[21.23262115036913,45.74811890225735],[21.23312239227067,45.74818881049397],[21.23396183207372,45.74832162202158],[21.23455884491215,45.74844156137708],[21.23511330059525,45.74854043022496],[21.23547429855995,45.74859485105434],[21.23574615779052,45.74865157074847],[21.23594629289643,45.74872678208177],[21.23610354815532,45.74881552551371],[21.2361576579042,45.74888710576635],[21.23617115319813,45.74896197465072],[21.23614681514443,45.74903801148597],[21.23606097536465,45.74910984266568],[21.23595159602007,45.74917833086415],[21.23576667845935,45.74925118534701],[21.23564565782631,45.74932003261159],[21.23551424866442,45.74945504033574],[21.23520235541627,45.74982481502171],[21.23477406580162,45.75033651949899],[21.23426861383276,45.750919106899],[21.23389749513774,45.7513668951625],[21.23347197131013,45.75191106780521],[21.23308926652524,45.7523603412724],[21.23276530729376,45.75272843763486],[21.23267043625628,45.75288803852973],[21.23262392140037,45.75299948646007],[21.23260510798904,45.75316284490406],[21.23264172163785,45.75332652875132],[21.23272067366165,45.75356012261784],[21.23282899825103,45.75379701869259],[21.23301287455435,45.75416777303417],[21.23320691303772,45.75456077225121],[21.23328110864587,45.75471922756714],[21.23332417188631,45.75475452444283],[21.23339265788934,45.75477682872074],[21.23346781677443,45.75476637136475],[21.23361350198938,45.75467234894084]]},"properties":{"line":"E7","dir":"1","mode":"bus"}},{"type":"Feature","geometry":{"type":"LineString","coordinates":[[21.19966834614346,45.72156613456337],[21.20030794896373,45.7203562152578],[21.2004440980417,45.72015136820023],[21.20066270114262,45.72015866546446],[21.20740902162679,45.72198477674593],[21.20742569126764,45.72207063136765],[21.20445942926685,45.72720653818827],[21.20445649168446,45.72731981656059],[21.20518728291578,45.72791404258628],[21.2056384715697,45.72831588660681],[21.20615278006364,45.72893737288986],[21.20678056759654,45.72979084039564],[21.20754960553493,45.73074634458851],[21.20837958571277,45.73182219900016],[21.20868233684921,45.73222849887028],[21.20888411458261,45.73285093293595],[21.20907968321568,45.73393197271835],[21.20939141962367,45.7357710727465],[21.20959471322608,45.73681617733609],[21.20964332117862,45.73709792398343],[21.20986249008479,45.73835998267193],[21.20995380737194,45.73882535409414],[21.21002333608547,45.73903454712858],[21.21011096092191,45.73927102868688],[21.21019302786106,45.73941733755126],[21.21095588550851,45.74037970882561],[21.21218676686363,45.74200899708493],[21.21254898325167,45.74251705248701],[21.21275673436666,45.74275621320798],[21.21282550783492,45.74277411035062],[21.21289382361504,45.74277454742684],[21.2129658523249,45.74274926433748],[21.21304624500632,45.74266621596894],[21.21363403515572,45.74183057923744],[21.21422381807704,45.74101095848564],[21.21455199830895,45.74050814325683],[21.2152647837509,45.73947991881524],[21.21555228135478,45.7390365916401],[21.2157633429837,45.73875898883098],[21.21588177949604,45.73860659551055],[21.21596836992292,45.73854569047388],[21.21617931728858,45.73856777920827],[21.21854658942598,45.73912189187983],[21.22039361205026,45.73958619000745],[21.2209798456327,45.73976237436231],[21.22334843592001,45.7406879199816],[21.22515459994115,45.74125438346652],[21.22537585458787,45.74130309372641],[21.22568402627007,45.7414737969197],[21.22606225781055,45.7419746949539],[21.22604882225846,45.74223817885247],[21.22562922873536,45.74505607327047],[21.22541619520099,45.74658172340154],[21.22539310763922,45.7473301128303],[21.22542688587929,45.7475212712262],[21.22548553699205,45.74771486050423],[21.22555233070431,45.74778881845507],[21.2256650257393,45.74785053834939],[21.22614392270128,45.74779810437612],[21.22688672823105,45.74773770549943],[21.22762378712357,45.74771003605522],[21.22838514304046,45.74769790920423],[21.22920419931894,45.74773830315798],[21.23009715883297,45.74784158192539],[21.23119359440141,45.7479568991711],[21.2330814319385,45.74817661428099],[21.23447449505155,45.74841750475937],[21.2353637384329,45.74858597135933],[21.2358928996352,45.7487164862734],[21.23616590931844,45.74885474899813],[21.23650203122738,45.74900738303042],[21.23671867238248,45.74923960634264],[21.23710458515176,45.74967608713387],[21.23794381945757,45.75054066435211],[21.23842839852106,45.75120434183751],[21.23979889418787,45.75338899279001],[21.24000864240727,45.75367394667959],[21.24019231619483,45.75383153285297],[21.24040851918324,45.75393375077047],[21.24064059737368,45.75400202144707],[21.2409616610657,45.75405504645023],[21.24225478242019,45.75419026663977],[21.24444683954421,45.75444174912276],[21.24694863867681,45.75470469590455],[21.24902273800408,45.75488018425009],[21.24967893054069,45.75492300733373],[21.25002523774412,45.75489993983201],[21.25032704964325,45.75483638968471],[21.25058697163476,45.75477411137757],[21.25078757193761,45.75472200120655],[21.25105062209655,45.75470982673668],[21.25162355288917,45.75469971394188],[21.25211790686309,45.75474325581316],[21.25254279854729,45.75482655695219],[21.25305720943947,45.75499916835116],[21.25357033700289,45.75524711738476],[21.25396187394188,45.75543932615858],[21.25413854806411,45.75548415305068],[21.2542095769343,45.75546944307622],[21.25429881950161,45.75545836249397],[21.25444505106725,45.75549574817859],[21.25449189764351,45.75557380614177],[21.25453068910633,45.75571485867987],[21.25455984407441,45.7557976381258],[21.25469958731439,45.75592307066439],[21.25517764075954,45.75637706348189],[21.2556134996233,45.75680350577365],[21.25584799110995,45.75710175432277],[21.2560845743766,45.75743340702021],[21.25631573480614,45.75766773194832],[21.25708398472425,45.7583513351521],[21.25797718896174,45.75907539953949],[21.25808023000666,45.75913919134602],[21.25814567959133,45.75913486955974],[21.25938800346146,45.75860628456184],[21.26214202158334,45.75740989619551],[21.26326880662167,45.75692234147147],[21.26347790444369,45.75682517823162],[21.26359426473777,45.75677111141712],[21.26362927173425,45.75673498060197],[21.26362807433649,45.75663183896201],[21.26366928152847,45.75657948299556],[21.26375946113217,45.7564797440813],[21.2637777543422,45.75641874245743],[21.26375667138172,45.7561804148075],[21.2637090837559,45.75573546189231],[21.26357803796852,45.75451806124165],[21.26343541079555,45.75311544853317],[21.26336714398736,45.75247618808045],[21.26319648725172,45.75066677485929],[21.2630131618743,45.74863505436052],[21.26285947979877,45.74694964606165],[21.26273729934482,45.74572818158753],[21.26270234236181,45.74527556158333],[21.26274235700663,45.74521719846332],[21.26288441169498,45.74518195343039],[21.26405539818334,45.74497084770919],[21.2651658567911,45.74476795178539],[21.2660160805308,45.74461319076457],[21.26633802432134,45.74456330766193],[21.26694838511809,45.7445469844367],[21.26729188907764,45.74455297321666],[21.26820072955352,45.74456898572367],[21.26996973361416,45.74458257879358],[21.27233329205073,45.74460882829941],[21.27276173768062,45.74463216804149],[21.27430558979165,45.74478046796182],[21.27492065016199,45.74483334752554],[21.27665272036877,45.74500881485045],[21.27805943812129,45.74513845777096],[21.27868173089794,45.74519346634598],[21.27968951118876,45.74527628865557],[21.27978176987751,45.74526825378183],[21.27985467174831,45.74524140757138],[21.279905549178,45.74521445636152],[21.27996043777894,45.74519970682273],[21.28003034637837,45.74520492681972],[21.28007271056183,45.74523307411999],[21.28009232838138,45.74527161135099],[21.28009843902139,45.74530764773903],[21.28010692592875,45.74535393096083],[21.28013979428787,45.74540753206495],[21.28022179726194,45.74549634546177],[21.28029042215555,45.74559538862832],[21.28035116641787,45.74574714735944],[21.28039476332747,45.74594088419041],[21.28040181383151,45.74619487534034],[21.28040650402988,45.7464922478365],[21.28039342571704,45.74658097374765],[21.28027541602525,45.74680660893743],[21.28005031021094,45.74721040804824],[21.27994283886106,45.74740952590309],[21.27626733089815,45.75408754813567]]},"properties":{"line":"E8","dir":"0","mode":"bus"}},{"type":"Feature","geometry":{"type":"LineString","coordinates":[[21.27625980793126,45.75410015483886],[21.27604262127043,45.75452175957425],[21.27599316532703,45.75458904352296],[21.27591133802781,45.754640318163],[21.27485443653703,45.75493799605543],[21.27365460006419,45.75527645434538],[21.27278307755795,45.75551226784501],[21.27270345821279,45.75550182009211],[21.27263286419118,45.75546592822003],[21.27217155845289,45.7549242904178],[21.27154651999568,45.75418479069464],[21.27138414989653,45.75406871691471],[21.27127830618014,45.75403871376046],[21.27116307601713,45.75402800127982],[21.27102747266532,45.75404158024481],[21.27005684239291,45.7543032341845],[21.26673498580863,45.75523484759189],[21.26422448212213,45.75596523897473],[21.26396721046941,45.75608251032166],[21.26384337285392,45.75614721178427],[21.26381794303787,45.75621669080409],[21.26384739617668,45.75656997287152],[21.26383206389673,45.7566832065047],[21.26372119058982,45.75673865779647],[21.26127822314418,45.75781350915174],[21.25818593041268,45.75917932101203],[21.2580256972594,45.75921752340803],[21.25792543471475,45.75921148606658],[21.25748020807847,45.75882812408356],[21.25671963222086,45.75812410252298],[21.25613795735498,45.75764187184632],[21.25586835440296,45.75741142232731],[21.25557110547453,45.75710232929404],[21.25523351402138,45.75670356600577],[21.25490497188974,45.756310584613],[21.25455300633078,45.7559573112166],[21.25428424524202,45.75575642419096],[21.25417926622512,45.755674780402],[21.25389577715951,45.75551069899112],[21.25354052432063,45.7553154702363],[21.25308256383975,45.75507488449901],[21.25266117764765,45.75493317047439],[21.2522772987756,45.7548357625991],[21.2518958742942,45.75477766675882],[21.25157739479163,45.75475401546593],[21.25121059611148,45.75476105207424],[21.25092529155556,45.75478184052601],[21.25071913556053,45.7548184027599],[21.25048904975771,45.75488902008427],[21.25020337283368,45.75497344512385],[21.24994652513747,45.755032754898],[21.24973904639862,45.75504814654385],[21.24900918490481,45.75497335701864],[21.2480036164837,45.75486451445907],[21.24571046436743,45.75462203029504],[21.24241991933759,45.75428247856891],[21.24049260253836,45.75408096288337],[21.24039724919412,45.75408385116462],[21.24032017364252,45.75410133502077],[21.24025515981599,45.75410330420781],[21.24018053665966,45.75409041510775],[21.2401127001657,45.75404702167012],[21.24007878526697,45.75399048139186],[21.23980557710681,45.75357760233188],[21.2392727831332,45.75264620615441],[21.23825765855498,45.751129112865],[21.23781286090826,45.75061292599722],[21.23748464551614,45.75036229313888],[21.2371635947851,45.75008720239473],[21.23674999913421,45.7497142802979],[21.23643686342908,45.74949651716049],[21.23611223026364,45.74930333906804],[21.23587859796197,45.74917709322295],[21.23545390881444,45.74898087840261],[21.23496672948668,45.74879744945774],[21.2345627699976,45.74865514444409],[21.23409172269748,45.74855122413512],[21.23294592860755,45.74834953134022],[21.23211298625688,45.7481518970645],[21.23126340547223,45.74803516516418],[21.23016095016976,45.74790182218643],[21.2291442185059,45.74781449006569],[21.22850321391044,45.74777021680353],[21.22783034690415,45.74777234858196],[21.22713556509936,45.74778120287295],[21.22663471947131,45.7478266143372],[21.22603210627293,45.74791145161651],[21.22565019510566,45.74796453317976],[21.22557106262859,45.74794874123086],[21.22548647218795,45.74791493484803],[21.22542657314465,45.747859174816],[21.22536065439407,45.747776327686],[21.22531406822155,45.74737476397328],[21.22526690147091,45.74689364079295],[21.2252900309426,45.74649603453759],[21.22536443834045,45.74601507431034],[21.22546671379565,45.74542317792239],[21.22556965375768,45.74470200023785],[21.22573435721917,45.74364619247282],[21.22593835502866,45.74217360021325],[21.22593008735957,45.74211022314956],[21.22586417502682,45.74202737646388],[21.22562851391461,45.74193753125321],[21.22540622765072,45.74185334159004],[21.22524535733183,45.74177941810503],[21.22516813161497,45.74172418029638],[21.22514121981632,45.74164015614941],[21.22515726665586,45.74154877648715],[21.22516752819028,45.74146477151437],[21.22513288748657,45.7413961305955],[21.22505491436026,45.7413287967989],[21.22481077982283,45.74124223641175],[21.22295810555078,45.74062850934847],[21.22160381660077,45.74009797163108],[21.22068628644668,45.73972247661283],[21.22029315043358,45.7396131261101],[21.21922184764524,45.73934846404844],[21.2165021129753,45.73870009794936],[21.21608796308346,45.73860901499949],[21.2160096167977,45.73863175360943],[21.21592690260571,45.73874527875489],[21.21569480419265,45.73904031511745],[21.21545827564281,45.73933352526354],[21.21503741312621,45.73992731155694],[21.21444931297651,45.74079016238953],[21.21435344798951,45.74098316440531],[21.2141631691027,45.74124136936496],[21.21345479861703,45.74223000980817],[21.21318597947994,45.74260792265964],[21.21306351392168,45.74279560510491],[21.21296961118446,45.74292005496993],[21.212910655478,45.74294779356733],[21.21284425791621,45.74295096231495],[21.21277449303676,45.74293157593851],[21.21272248333659,45.74289921966848],[21.21243627229123,45.74256131701392],[21.21194171485233,45.74191115005143],[21.21121849366521,45.74100509543288],[21.21066652231828,45.74025187965713],[21.21044686319451,45.7399419787331],[21.2101428294391,45.73955919913448],[21.21002829753464,45.73942388674007],[21.20990816187825,45.73934222357477],[21.20980015368075,45.73930277313043],[21.20967233368112,45.73926539259538],[21.20959468853106,45.73922514287414],[21.20954773270579,45.73916699934654],[21.2095236881946,45.73905864831965],[21.20955783907139,45.73897884772897],[21.2096481341594,45.73889433125826],[21.20972314750977,45.73884360157066],[21.20979252213837,45.73877183257341],[21.20980165028621,45.73863824704114],[21.20967065335569,45.73785140000308],[21.20934596393545,45.7361758112078],[21.20907297465675,45.73463448278045],[21.20888374656306,45.73355758697226],[21.2087614382508,45.73311558957213],[21.20862930923383,45.73266205587146],[21.20850519543324,45.73233856156158],[21.20837194384619,45.73204481709004],[21.20822272513373,45.7318069131219],[21.20764192799033,45.7310456854259],[21.20671425516037,45.72991637093274],[21.20624250535935,45.72945334324503],[21.20579767883444,45.72906675500135],[21.2055362060952,45.72883827290626],[21.2053815046236,45.72865203403444],[21.20492368742459,45.72812836770652],[21.20450231735403,45.72762896713561],[21.20416319195879,45.72722335214396],[21.20367634903653,45.72664714004879],[21.20331089498997,45.72624381155821],[21.20310590013392,45.72608634861652],[21.20292349674011,45.7259433567063],[21.20281827530866,45.72585561681904],[21.20273248225226,45.72573093670837],[21.20261530067122,45.72551933239671],[21.20252517547586,45.72539478122502],[21.20240548640814,45.72528630747968],[21.20222444546606,45.72509479806541],[21.20139653836113,45.72405312189093],[21.20026979229884,45.72269785661888],[21.19970122774474,45.72201507844455],[21.19959248783796,45.72186987559333],[21.1995338626012,45.72180958939639],[21.19950561900539,45.72175282599853],[21.19952967678093,45.72167433274907],[21.19957573980728,45.7216182241382]]},"properties":{"line":"E8","dir":"1","mode":"bus"}},{"type":"Feature","geometry":{"type":"LineString","coordinates":[[21.19975932973172,45.74907543076175],[21.19973504425679,45.74913637602048],[21.19975766629485,45.74918425679917],[21.19979800674496,45.74920920746118],[21.19992536721001,45.74923339369293],[21.20138334229961,45.74944326058933],[21.20271020915999,45.74962136982966],[21.20398243486182,45.74981512762681],[21.20502746173382,45.74998050993082],[21.20633970139193,45.75018246752956],[21.20771138544699,45.75037277604635],[21.2089994686114,45.75058894691234],[21.21115530721498,45.75092662496205],[21.21292824163273,45.75119159454347],[21.21420475798691,45.7513877352972],[21.21589437440715,45.75166341860754],[21.21660734796888,45.75179117068875],[21.21735030216946,45.75196167167253],[21.21907615302179,45.75239157667143],[21.22077800028704,45.75280652248981],[21.22195218346491,45.75308468771208],[21.2228994404805,45.75331911044874],[21.22425085275866,45.7536384631678],[21.22473269940542,45.75373857646604],[21.22502777000174,45.75380930516242],[21.22514120868049,45.75386395507832],[21.22520420962167,45.7539367725775],[21.22520961412724,45.7540328833004],[21.22516439319544,45.75413704138441],[21.22510536960816,45.75427928149409],[21.22503268340948,45.75446719407956],[21.22498984836773,45.75470038795015],[21.22494124185299,45.75514921117502],[21.22487816756884,45.75566094389556],[21.22480994240948,45.75628645884292],[21.22475583175426,45.7568907987246],[21.22474474102446,45.75707562598657],[21.22475894093137,45.75725516503757],[21.224805922407,45.75744220091],[21.2248700963056,45.7575782711673],[21.22495705619351,45.75771047401007],[21.2250823089893,45.75785338771427],[21.22534546285952,45.75806843871106],[21.22558037637796,45.758257911404],[21.22578340655794,45.75839170141126],[21.22604841597034,45.75854000168613],[21.22641006684459,45.75873041504334],[21.22697995854692,45.75901373621561],[21.22730703363225,45.75918084872336],[21.22740605858791,45.75921412651581],[21.22763442728062,45.75921637123926],[21.22781327665464,45.7592104517481],[21.22797081059872,45.75921979320707],[21.22815690828045,45.75927193022437],[21.22830342070226,45.75935240932593],[21.22844949444099,45.7594092128243],[21.22863467523169,45.75941184590819],[21.22918016540906,45.75937678062413],[21.23001087953505,45.7593262148996],[21.230377116722,45.75927554311093],[21.23052151270955,45.75924194639071],[21.23077596930371,45.75915353612555],[21.23131900330225,45.75893765538068],[21.23174409465981,45.75873360440121],[21.23193220243918,45.75863290352499],[21.23208985465654,45.75848293987304],[21.23216801925727,45.75837244473822],[21.23224277797847,45.75824475894672],[21.23228344198143,45.75810877139607],[21.23231497129561,45.75797932459852],[21.2323895292069,45.75784087675812],[21.2324713790228,45.75776263779419],[21.23256312492842,45.75771875191028],[21.23268912550522,45.75769177672581],[21.23285250618203,45.7576838364923],[21.2329918091385,45.75770840484064],[21.23325457782727,45.75777060276483],[21.23353090122649,45.75786281294191],[21.23389400601707,45.75797576134674],[21.23462322971232,45.75824898795729],[21.23646380257092,45.75888451417045],[21.23843544921148,45.75954758837148],[21.24016765980844,45.76014791954899],[21.24210619169371,45.76081631148955],[21.24460301938829,45.76166586483302],[21.24572933306745,45.76203467831559],[21.24679014338382,45.76232631128531],[21.24898207000221,45.76287116655369],[21.25118284639034,45.76338478037309],[21.25172776704764,45.76348092810139],[21.25229884215218,45.76354453881626],[21.25301963441828,45.76359253341755],[21.25469646298931,45.76367819629628],[21.25543320899096,45.76372758655756],[21.25568368582793,45.7637554029696],[21.256070528587,45.76381424505],[21.25702373957094,45.7640142142136],[21.2582485123751,45.76429438253391],[21.25866219602131,45.76441305778388],[21.25911564607014,45.76456598892538],[21.25939895676479,45.76469682155404],[21.25988532039594,45.76494243197353],[21.26064366354701,45.76539588239867],[21.26116336849869,45.7657385852729],[21.2619074501713,45.76624183993532],[21.26288115173358,45.76695944061072],[21.26373538964475,45.76760503172802],[21.26458103987179,45.76822974047586],[21.26479061892588,45.76837631763833],[21.26497452295867,45.76847147002357],[21.26533900012244,45.76864888949197],[21.26565945912827,45.76877983360718],[21.26641461879952,45.76905261825158],[21.26674367313948,45.76915286800839],[21.26716558337737,45.76925036315966],[21.26880146185658,45.76958876670152],[21.26917929790569,45.76967328970643],[21.27029523644033,45.76993512543969],[21.27305419797762,45.77054728329035],[21.27559477603068,45.77106756396687],[21.27753253801889,45.77138051908296],[21.28020189442985,45.77183857370704],[21.28343924314899,45.7723713467765],[21.28642175258166,45.77285919411558],[21.29097015592097,45.7735703861761],[21.29460315141357,45.77415280889791],[21.29824094397827,45.77473535500966],[21.30032045718682,45.77508165052186],[21.3005426221038,45.77510417882141],[21.30084612337184,45.77510566039035],[21.30103284983401,45.77510406723821],[21.30120633449924,45.77501303572845],[21.30130103168704,45.7747557858682],[21.3017313124409,45.77333557529879],[21.30244164635773,45.77120848617546],[21.30345038178624,45.76804000692066],[21.304073475132,45.76611619397606]]},"properties":{"line":"M11","dir":"0","mode":"bus"}},{"type":"Feature","geometry":{"type":"LineString","coordinates":[[21.30408492234975,45.76610388238074],[21.304019313369,45.76602303443298],[21.3038317592316,45.76597579445507],[21.30126334062275,45.7655866368173],[21.29810495256823,45.76516173049517],[21.29744373748761,45.76505338821339],[21.29664701391407,45.76487291483888],[21.29568023638426,45.76464502891059],[21.29393184369937,45.76422300911319],[21.29387806030159,45.76415019497497],[21.29391591980996,45.76397891171025],[21.29388988878309,45.76385346978201],[21.2938472794302,45.76375206896011],[21.29322420557088,45.76348869628409],[21.29301916836532,45.76344158687531],[21.28979383454832,45.76351769168267],[21.28600328216188,45.7636188177283],[21.28212691499127,45.76370425375071],[21.27963853670311,45.76375762476322],[21.27641475025607,45.7638252055127],[21.27583451152693,45.76384224910115],[21.2757001906907,45.76383522540461],[21.2754717614965,45.76378420895864],[21.27525513976452,45.76374123483362],[21.2749104491464,45.76371560639015],[21.27166118278566,45.76375883566651],[21.2680370163847,45.76384170478381],[21.26722009057001,45.76386065634836],[21.2671563291806,45.76388560460165],[21.26717471854125,45.76503739645712],[21.26720101875866,45.76521220943585],[21.26727720714124,45.76523193374376],[21.2687299050768,45.76521995061722],[21.26881810770137,45.76525992712659],[21.26884310165951,45.7653574120058],[21.26858217127101,45.76739048939761],[21.26829129107047,45.76916293167624],[21.26825291137622,45.76943880339334],[21.26818161967876,45.76953942244985],[21.26794427585265,45.76952276597545],[21.26701689948693,45.76930364877691],[21.26642554973796,45.76911691412388],[21.26551826538203,45.76880237945856],[21.26494821840049,45.76855552223532],[21.26471972196259,45.76843386063906],[21.26446502667606,45.76827515219991],[21.26294516802859,45.76713423171773],[21.26076870531943,45.76563773114172],[21.25992939409527,45.7651526158959],[21.25928208146527,45.76478587565244],[21.25885070692468,45.76458393321687],[21.25836743849421,45.76443555405376],[21.25714668019678,45.76415172852542],[21.25585485560464,45.7638749921674],[21.25538588431122,45.763802419772],[21.25485629898044,45.76375639083016],[21.25403564932004,45.7637163023569],[21.25332599938421,45.76369721614773],[21.25199452859639,45.76361239393039],[21.2514855706773,45.76355459686708],[21.2510615755597,45.76347636695481],[21.25042431061067,45.76333808880401],[21.24822275059452,45.76281353860796],[21.2458265874055,45.7622093504369],[21.24458864006937,45.76178334168054],[21.24126158553504,45.76067486215082],[21.23872421650661,45.75977585490276],[21.23631753636949,45.75896867434988],[21.23402840447841,45.75817893216664],[21.23377364927849,45.75815217270268],[21.23347764228018,45.75814891092557],[21.23323467890724,45.75817139295351],[21.23283105856383,45.75830137714636],[21.23219170902019,45.75862159185822],[21.23150175660634,45.75894263993232],[21.23062657058971,45.75928715067656],[21.23038290260673,45.75935798992851],[21.2289219757021,45.75947061867223],[21.2285453363178,45.75950127032719],[21.22839006007962,45.75957441732479],[21.2282680677928,45.75964066121233],[21.22817238301286,45.75970163227193],[21.22809090239443,45.75973509144422],[21.22793458808572,45.75975614375665],[21.2278182751652,45.75974793949765],[21.2277004843029,45.7597146813104],[21.22763633230516,45.75966382128346],[21.22757172575098,45.75958085109454],[21.22753496126164,45.75948202371818],[21.22750927746377,45.75941249175445],[21.22744768250848,45.75934399084769],[21.22739364530464,45.75929384409718],[21.22722738623344,45.75920726705141],[21.22620858059364,45.75869342588074],[21.22556995866169,45.75834476942284],[21.22517791070591,45.75808899553483],[21.22497490007019,45.75790358717363],[21.22482342430182,45.75775032867814],[21.22474717504713,45.75767722736466],[21.22464929802936,45.75752952293989],[21.22458981360104,45.75741126992268],[21.22448686420878,45.7572756927034],[21.22444044631539,45.7572082609],[21.22438436827486,45.75717222537952],[21.22431613041582,45.75714958853709],[21.22421902791768,45.75714986414729],[21.22402681012268,45.7571719408396],[21.22388516020314,45.75719758613559],[21.22376021508941,45.7572137176161],[21.22367828236446,45.7572150635618],[21.22361811180535,45.75720725264341],[21.22352714730915,45.75716519011695],[21.22346709449651,45.75708610261897],[21.22322837794644,45.75647758951455],[21.22316210582453,45.75616489943408],[21.22314684180039,45.75567123774068],[21.22317220464483,45.75532016859528],[21.22320678332895,45.75494075871581],[21.22329134813261,45.75456891908743],[21.22355963057619,45.75395168630568],[21.22368139733354,45.75364243872734],[21.22369259215282,45.75360045811076],[21.22365271072072,45.75355843668159],[21.22354050433738,45.75352200289763],[21.22163621902392,45.75309174363122],[21.21906975079174,45.75245072335575],[21.21725521596625,45.75202669473428],[21.2155480285932,45.75171717470555],[21.21301818157804,45.75127446840618],[21.21024288958349,45.75085533679048],[21.20871721866427,45.75064171070287],[21.20621352455342,45.75022194680538],[21.2038860961627,45.74987729305224],[21.20326779337471,45.74980858772648],[21.202588373057,45.74970347408573],[21.20170159807668,45.74955962370302],[21.20016889625384,45.7493156783943],[21.19960812572537,45.7492190006437],[21.19949542659732,45.74918157925097],[21.19944331467724,45.74913372643564],[21.19942630823556,45.74907658232933]]},"properties":{"line":"M11","dir":"1","mode":"bus"}},{"type":"Feature","geometry":{"type":"LineString","coordinates":[[21.19976148602467,45.74907114359172],[21.19973568095792,45.74913438236663],[21.19975922292564,45.74918208571279],[21.19980494786999,45.74920591058573],[21.19999511250663,45.74924363809061],[21.20084355516715,45.74936442896578],[21.20190664783039,45.7495152598234],[21.20305296749189,45.74967178854781],[21.20469461490903,45.74992460057032],[21.20589077760877,45.7501124566428],[21.20689913832865,45.75026024724778],[21.20762655958044,45.75036148699047],[21.20831381237224,45.75047623139648],[21.20931405300696,45.7506387524993],[21.21079667264789,45.75086817786],[21.21168091591178,45.75100368048644],[21.21352057258248,45.75127870733898],[21.21495149344238,45.75150926737444],[21.2162308068137,45.75172343287029],[21.21661758916969,45.75179480251705],[21.21765541828847,45.75203439259878],[21.21849452916869,45.75224298733826],[21.22007448259562,45.75263511584546],[21.22099504032954,45.75285731917447],[21.22203049198214,45.75310020069062],[21.22295522966413,45.75332980875317],[21.22422151503547,45.75363538567253],[21.22484077500623,45.75376376726407],[21.22503113256269,45.75381040471211],[21.22514764094645,45.75386394816044],[21.22520301251398,45.75393336923808],[21.22521021758994,45.75403671369831],[21.22503748796136,45.75446788736173],[21.22495365929437,45.75504208224127],[21.22488527270841,45.75563407683838],[21.22481352510877,45.75626294982602],[21.22476250990167,45.75679040274913],[21.22474755998601,45.75706869186016],[21.22476452392782,45.75725820712425],[21.22479326215236,45.75739337527381],[21.22483228565829,45.75750811517583],[21.22492789136751,45.75766194671844],[21.22508712051009,45.7578535072296],[21.22542306287913,45.75812825464382],[21.22561420945292,45.75827803419209],[21.22580290776467,45.75840371922231],[21.22626884761879,45.75865509370661],[21.22697631848229,45.75900796902332],[21.22725275496615,45.75915152470711],[21.2273097169756,45.75918462444327],[21.22740962637176,45.75921535250263],[21.22766207496828,45.75921686222987],[21.22780357301494,45.75921472045997],[21.22798444773666,45.7592224212272],[21.22816373881527,45.75927382552585],[21.22831563297348,45.75935430029523],[21.22837039543476,45.75945052710612],[21.22836508903764,45.75956005068976],[21.22829149008451,45.75963040790717],[21.22817856699479,45.75969915617589],[21.22809747694793,45.75973354704681],[21.22797198525534,45.75977750408234],[21.2278491800158,45.75982706767019],[21.22777309956656,45.75990546593967],[21.22740293876577,45.76053454812991],[21.22687176991672,45.76149223799811],[21.22636761955846,45.76238995143324],[21.22588546432816,45.7632261918702],[21.2257525401975,45.76356726391876],[21.22564447235081,45.76396267411634],[21.22551439182995,45.76479046791555],[21.22546254707132,45.76572901065278],[21.2255327652009,45.76589391154949],[21.2256404495958,45.7659534581702],[21.22579960846118,45.7660280438723],[21.22592810325549,45.76619414651223],[21.22602183215039,45.76652067981704],[21.22612694286177,45.76758189653213],[21.2262265723127,45.76803416526099],[21.22632241133929,45.76812270377489],[21.22647148765001,45.76815392690014],[21.22676060581428,45.76813678232437],[21.22757138051458,45.76809671609271],[21.22864732879543,45.76800969114983],[21.22930472446655,45.76796689044848],[21.22945630805905,45.76794112645454],[21.22956628164021,45.76789490337156],[21.22968117842164,45.7678436010607],[21.22981628049978,45.7678231187995],[21.22992878443503,45.76785220827711],[21.22997448619085,45.76792737419976],[21.22996094429394,45.76801984546014],[21.22992949229416,45.76809862186085],[21.22991960908295,45.76817218057592],[21.230034282083,45.76851120990733],[21.23050934180447,45.76972343234203],[21.23064289544739,45.77005396029158],[21.23075991884384,45.77042086097858],[21.23114711223543,45.77138774376614],[21.23174038940936,45.77285285971429],[21.23231138442008,45.77418356170507],[21.23290821844907,45.77553712554791],[21.23342255159165,45.77673752557497],[21.23384703463135,45.77774398939905],[21.23424143354134,45.77868891149635],[21.23477737145642,45.77994248060875],[21.23497167461037,45.78027475640153],[21.23506575869723,45.78031190264675],[21.23510925081802,45.78036249758244],[21.23512655598074,45.78044648347127],[21.23508578477335,45.78053039295793],[21.23505897058662,45.78061141880323],[21.2350582610572,45.78069140920924],[21.23513808480004,45.78101102426455],[21.23562118933859,45.78230544354749],[21.23613735463324,45.78367634077205],[21.23636285035124,45.78430951282505],[21.23657891794713,45.78497718262739],[21.23662571107185,45.78508496344427],[21.23671649616341,45.78512959428555],[21.23684764299321,45.78519483625169],[21.23688863383551,45.78525381965298],[21.23687994448879,45.7853341324398],[21.23680651038977,45.78543240607434],[21.23677799687955,45.78552400969264],[21.23682173286215,45.78575043513783],[21.23709313031208,45.78674071260679],[21.23747556566431,45.78794259660434],[21.23794347361387,45.78928385570057],[21.23824340474055,45.79012719518779],[21.23848292863521,45.79069745086892],[21.23886785265686,45.79158985480911],[21.23953516194887,45.79307555852219],[21.24028794269187,45.79474089856544],[21.2405342829301,45.7952518325659],[21.24069869422717,45.79551217794744],[21.24086730580209,45.79572364623728],[21.24101487126133,45.79587248428652],[21.24137028427355,45.79618420798118],[21.24294985449915,45.79738192308946],[21.24456465495178,45.79854302849159],[21.24635487310306,45.79985122538324],[21.24778731408463,45.80089899114201],[21.24890474229399,45.80174116385158],[21.25045774311577,45.80291602349182],[21.25087787451437,45.80326201568335],[21.25153262359114,45.80381143744364],[21.25237114101016,45.80451156171046],[21.25312245456229,45.80514741394529],[21.2540910488303,45.80595376825399],[21.25482174420267,45.80655140121559],[21.25527336566268,45.8069333120543],[21.255645889796,45.80725582410425],[21.25619230674881,45.80773989823462],[21.2563263435089,45.80785916688978],[21.25645423544588,45.80791476554423],[21.25668391940721,45.80798369503831],[21.256765934332,45.80802904693801],[21.25680325843139,45.80813494263581],[21.25681531258595,45.80824812413007],[21.25690878899726,45.80837126237691],[21.25762027045841,45.80900620437407],[21.25829043769095,45.80959900443897],[21.25946292497288,45.81067816768636],[21.26077844836652,45.81185480923872],[21.2618216992947,45.81276096372857]]},"properties":{"line":"M14","dir":"0","mode":"bus"}},{"type":"Feature","geometry":{"type":"LineString","coordinates":[[21.26189871558719,45.81294271982566],[21.26167692604034,45.81272982478048],[21.26099314212257,45.81214049075811],[21.2603613765422,45.81159098168776],[21.25951194720569,45.81081897193857],[21.25839076609334,45.80978586332003],[21.25755181255996,45.80903274104178],[21.25709743821415,45.8086077830493],[21.25689878371296,45.80843665619565],[21.25676553345233,45.80834866987658],[21.25667304948751,45.80831045416483],[21.25656473502523,45.80828071771969],[21.25647647698699,45.80825638479521],[21.25639587782457,45.80821250503011],[21.25634243420088,45.80812108471879],[21.25631712568963,45.80804056931079],[21.25629961587775,45.80794885633478],[21.2562382338346,45.80786028378034],[21.25599048555675,45.80761178329389],[21.25509957998669,45.80682768290963],[21.25398624031288,45.80591673790004],[21.25305907920337,45.80515430915698],[21.25205741534921,45.80430844807194],[21.25070048487405,45.80318094501594],[21.25016455673125,45.80279085030207],[21.24959433282713,45.80235566780234],[21.24868867421812,45.80169466914798],[21.24781084585079,45.80101998775275],[21.24732287489916,45.80066230761126],[21.24697870013192,45.80037281649595],[21.24642890068944,45.79996250517211],[21.24532137121185,45.79915555445416],[21.24449286827815,45.79854984210592],[21.24328814438099,45.79768428163927],[21.24228107847223,45.79694483397423],[21.24111533554926,45.79603222917942],[21.24086417466727,45.79581156047989],[21.24070165901261,45.7956402840257],[21.24057488622692,45.7954575865997],[21.2404371211692,45.79523568268835],[21.24001099092825,45.7943288904484],[21.2395552880175,45.79327659564682],[21.23884039116238,45.79170358624463],[21.23835156520677,45.79062190168306],[21.23803153880461,45.78983091887505],[21.2378259986504,45.78922575703595],[21.23747198535526,45.78818375889984],[21.23710645789124,45.78707152271468],[21.23675032740688,45.7858141875346],[21.23665461067402,45.7854804172016],[21.23662154201239,45.78541109401153],[21.23656883781181,45.78536141166476],[21.23653613431834,45.78531435332291],[21.23654315822507,45.78525584439242],[21.2365538537217,45.78517782187452],[21.2365281741345,45.7850722545632],[21.23627530412513,45.78425592566649],[21.2358528554852,45.78314859096547],[21.23538097266416,45.78190743263817],[21.23489505066464,45.78070538794487],[21.23480859077705,45.78057952402707],[21.23477466063911,45.78050694822999],[21.23475439984137,45.78041723596774],[21.23479707723563,45.7803009503773],[21.23463786468118,45.77990398542812],[21.23463786688307,45.77989354014387],[21.23422199692594,45.77891687055509],[21.23361065650953,45.77747069645429],[21.23315288701882,45.77642412265285],[21.23240726470641,45.77461976291259],[21.23183878567222,45.77328297303222],[21.23146987143088,45.77240455457768],[21.23088133928333,45.77097269438012],[21.23048243738334,45.76999623721513],[21.23021827736048,45.76937701311795],[21.229805339313,45.76831486709479],[21.2296793633083,45.76815677464618],[21.22954322669002,45.76808281152843],[21.22935630669517,45.76804715123388],[21.22897342638634,45.76806084541111],[21.22753563818938,45.76815542186723],[21.22621716146562,45.76826988703591],[21.22471625131265,45.76838692220666],[21.22446114943303,45.76837340025688],[21.2243250523367,45.76833795757766],[21.22420424409026,45.76827466734535],[21.22420525692185,45.76818426656077],[21.22430063019645,45.76795678466235],[21.22503285237049,45.76660823838751],[21.22516277555264,45.76635014279719],[21.22523857524004,45.76611896752178],[21.2252840821793,45.76563864928486],[21.22538033267679,45.76464105897669],[21.22544636686751,45.76406525923971],[21.22551626476092,45.76379813248186],[21.22564689881312,45.76348510899587],[21.22592375288071,45.76299837495643],[21.22664096680254,45.76171481514515],[21.22758308467717,45.76004729454078],[21.22766654887317,45.75987228546033],[21.22767033230895,45.75978867286562],[21.22765564783835,45.75969412423839],[21.22760573835039,45.75962460989607],[21.22756226363494,45.75955520182921],[21.22752193681097,45.7594576253654],[21.22751568742064,45.75941633007352],[21.22744408658022,45.75934673518801],[21.22737577299312,45.75928824328734],[21.22698083548122,45.75908277052829],[21.22600355877044,45.75858586282833],[21.22556938981984,45.75834820036151],[21.22532479734442,45.75818818443363],[21.22516922823063,45.758081754526],[21.22495526077833,45.7578781247993],[21.22475160347182,45.75767614629076],[21.22464041759543,45.75751823388872],[21.22457233253058,45.75739484850991],[21.22449548548743,45.75728269519],[21.2244367523217,45.75720704654334],[21.22438715635039,45.75717241615713],[21.22431264008737,45.75715502587717],[21.22423580721669,45.75714867760781],[21.22398891757659,45.75717405531489],[21.22377075182493,45.75721415533842],[21.22365511006702,45.75721224747557],[21.22360519514704,45.75719573089456],[21.22352899671172,45.75716820005517],[21.22348961915261,45.75711320469757],[21.22344230433331,45.75703250303036],[21.22334173085568,45.75678252032328],[21.22323011010724,45.75647781461781],[21.22319482664121,45.7563246290702],[21.22316700890373,45.75619441974312],[21.22315944473818,45.75613756048163],[21.22315853711928,45.75590162332954],[21.22314895523124,45.75561262076403],[21.22316488048292,45.75532639907431],[21.22320211027744,45.75503087097444],[21.22323489112602,45.75484813231565],[21.22329655344121,45.75456410359492],[21.22345810647424,45.75417797340872],[21.22366329609935,45.75369791469828],[21.22369483211563,45.75360254845621],[21.22366076561201,45.75356227846596],[21.22355053896858,45.75352384507239],[21.22323371206863,45.75344919126339],[21.22244704369037,45.75327315180508],[21.22154686828745,45.75307337541212],[21.22073730952602,45.75286558261576],[21.21994797610224,45.75267186928954],[21.21860971248254,45.75233976452719],[21.21729699574261,45.75203409818521],[21.21650920074139,45.75189235428391],[21.21594861634873,45.75179186625125],[21.21483527373375,45.7515912242376],[21.21430198183537,45.75149630758861],[21.21353529266599,45.7513620105343],[21.21287772053213,45.75125328671232],[21.21190831679029,45.7511046212214],[21.21109300892931,45.75098217060846],[21.21029819006954,45.75086041112207],[21.20959945588564,45.7507643952419],[21.20872165928554,45.75063595046568],[21.20819799199846,45.75055982860565],[21.20775204645737,45.75048062053236],[21.20655287363467,45.75027429488395],[21.20525146813391,45.75007536562405],[21.20391854442664,45.74988543141189],[21.20333231146058,45.74982100445419],[21.20254995028388,45.74969877535028],[21.20191135998552,45.74959073530001],[21.20070423937342,45.74939866461064],[21.19977104556231,45.74924471152485],[21.19962252657368,45.74922020167612],[21.19950900375594,45.74918881837129],[21.19944444129048,45.74913273751221],[21.19942823247775,45.74908081575862]]},"properties":{"line":"M14","dir":"1","mode":"bus"}},{"type":"Feature","geometry":{"type":"LineString","coordinates":[[21.26039317768514,45.73236399062113],[21.26134590959366,45.73184580257523],[21.26201390596179,45.73149451457203],[21.26260869549943,45.73120496298819],[21.26289677467668,45.73107019963739],[21.26329939211661,45.73089774515041],[21.26374166088406,45.73073167540559],[21.26427444367584,45.73053929217974],[21.26446659867903,45.73046903069125],[21.26458250130725,45.73041154425305],[21.26471060366137,45.73032637938653],[21.26482650526906,45.73023056898385],[21.26491360162515,45.73016855965738],[21.26503255314724,45.73012384730747],[21.26512710467838,45.73010042594775],[21.26535585968972,45.73008338913777],[21.26564561599259,45.73004931778033],[21.26591402216582,45.73001737517099],[21.2661580276407,45.72997265790767],[21.26643253374573,45.72990664806414],[21.26679524109918,45.72980439419549],[21.26763400183105,45.7295659040478],[21.26807404069076,45.72942961727248],[21.26888228509706,45.72919325124255],[21.26956140966057,45.72898279009265],[21.27070029506028,45.72863934491848],[21.27141092180439,45.7284221279478],[21.27231423789731,45.72815108810132],[21.2735158630668,45.72777839839245],[21.27436295576033,45.72753557768723],[21.27475332750062,45.72743760184637],[21.27550967689102,45.72726293851129],[21.27632735013961,45.72706928604422],[21.27652253314199,45.72701816569943],[21.2766780652322,45.72695853331729],[21.27679090134877,45.72691168019851],[21.27687694476692,45.72686288416779],[21.2769531841838,45.72683093906944],[21.27703858107885,45.72683092881193],[21.27714532987178,45.72684156123197],[21.27728257445523,45.72683941541769],[21.27751740813356,45.72680745035433],[21.27784677989226,45.72674140759938],[21.27889589448738,45.72653474752228],[21.28022633309083,45.72627122818108],[21.2811438480992,45.72609117917627],[21.28205875651435,45.72594625561692],[21.2838620638355,45.72564110554278],[21.28538952284126,45.72539390688025],[21.28714898486341,45.7250902933032],[21.28965299744352,45.72466714335258],[21.29154442007116,45.72433706405499],[21.29273677112966,45.72411746720947],[21.29365327543287,45.72395128059035],[21.29383623624879,45.723908650422],[21.29398869492906,45.72385751186077],[21.29405881662163,45.72381704061286],[21.29411978903213,45.72377657176779],[21.29419296386088,45.72374248678698],[21.29430274843717,45.7237318115553],[21.29438204987339,45.72374669343397],[21.29448575053765,45.72376369766855],[21.29461078769112,45.72375940512716],[21.29478766137689,45.72373806547886],[21.29542194530915,45.72361865869394],[21.29696962560353,45.72334562780944],[21.29835446356314,45.72311474398091],[21.29945379866711,45.72292690507615],[21.29959101192521,45.7228927965361],[21.29966417359817,45.72284593380809],[21.29973733101031,45.72279268379233],[21.29981660854757,45.72277136780921],[21.29992030855952,45.72278836716077],[21.29998741257837,45.72280537817621],[21.30001621776522,45.72285176190479],[21.30002871114377,45.72290221102789],[21.30001379899987,45.72296310750907],[21.29999887652414,45.72300834612669],[21.29999143129319,45.72305532210807],[21.2999939599455,45.72311099371198],[21.30006885656886,45.72331626177856],[21.30046113554534,45.72442308184471],[21.30092597749122,45.72579028472236],[21.30139995457786,45.72710238138824],[21.30176277228711,45.72816324709397],[21.30218738618042,45.7293878417473],[21.3027731434354,45.73106172450919],[21.30279236667831,45.73123076571007],[21.30279560547595,45.73130854867965],[21.30282747536799,45.73135298573453],[21.30286251029085,45.73137075283695],[21.30291027118913,45.73137518109134],[21.30294847107922,45.7313662782495],[21.3031966634928,45.7311595085713],[21.30336846919441,45.7309905462327],[21.30345757464457,45.73093273266208],[21.30356581489331,45.73091936026172],[21.30367725984076,45.73093487782363],[21.30385876677982,45.73097481687982],[21.30508159357204,45.73128329261039],[21.30707803199748,45.73178739347103],[21.30942523009339,45.73240304536312],[21.31113658829296,45.73285827041447],[21.31232764531571,45.73316641666507],[21.31331804827849,45.73338156197622],[21.31455099710201,45.73370812167384],[21.31630103550006,45.73416464062098],[21.31886156635369,45.73483375249932],[21.32223733029893,45.73576770391268],[21.32566338328338,45.73677338161608],[21.32990760198321,45.73801966423081]]},"properties":{"line":"M22","dir":"0","mode":"bus"}},{"type":"Feature","geometry":{"type":"LineString","coordinates":[[21.33051992117684,45.73820093035197],[21.33068998188919,45.73824439227429],[21.33076975436918,45.73825697483152],[21.3308486256192,45.73824187647126],[21.33092509341716,45.73815296243141],[21.33138487272343,45.73744636662487],[21.33178539709929,45.7367590039416],[21.33225089077628,45.73596822341345],[21.33353811032982,45.73386918931453],[21.3342654659041,45.73266223518974],[21.33514226261119,45.73128444302736],[21.33543380423162,45.7307891391368],[21.33549183679993,45.73068833822666],[21.33548950967196,45.73061703374488],[21.33539860936012,45.73049363155524],[21.33467887270305,45.72989153522332],[21.33290811776361,45.72849977034423],[21.33266214561586,45.72832175444822],[21.33247316816403,45.72816780236531],[21.33226712653605,45.7279606138022],[21.33208511423075,45.72773600826307],[21.33174164212928,45.72723136721906],[21.33122394224692,45.72639774417814],[21.33036030293582,45.72504499955142],[21.32972449056824,45.72403488820061],[21.32845398436202,45.72199777475763],[21.32721081398378,45.71995126753851],[21.32632380938187,45.71855676075496],[21.32624013746416,45.71849744386873],[21.32611700282243,45.71848155639291],[21.32590206686316,45.71847068798345],[21.32559625454549,45.71849336007577],[21.32498886019442,45.7186028508667],[21.3231958576214,45.71892725460131],[21.31989706914205,45.7195072505828],[21.31901984243887,45.71966376377192],[21.31875683662082,45.71974638416065],[21.31835618138643,45.71983830703807],[21.31802098782877,45.71990066097942],[21.31752690944248,45.71994768115218],[21.31721708908821,45.71997519432119],[21.31596742330955,45.72019818603017],[21.31559252178279,45.72029682794327],[21.3154259568782,45.72036008829729],[21.31527645698214,45.72039805729953],[21.31497516586634,45.72040279573407],[21.31466458125461,45.72043621590856],[21.31340421910716,45.72064507973346],[21.31098408696371,45.72107449057853],[21.31079175274768,45.72113101415606],[21.31069633131013,45.72118245002838],[21.31061054925747,45.72121589933242],[21.31052396382441,45.72122439176503],[21.31040105750233,45.72121561857122],[21.31025296098096,45.72121794153465],[21.31005448486364,45.72124245683631],[21.30982048946836,45.7212746629821],[21.30930083978443,45.72135537010166],[21.307984834118,45.72158288123413],[21.30514241746696,45.72205827247096],[21.30142404790327,45.72268352885341],[21.30029425742478,45.72289531734476],[21.3001323204366,45.72294421450362],[21.30003155167744,45.7229885905186],[21.29989922881198,45.72300492218484],[21.29972559440219,45.72300762970744],[21.29952642537917,45.72301073509283],[21.29928685692524,45.72302873814316],[21.29899202369599,45.7230761384883],[21.29558543448135,45.7236634879516],[21.29453121701325,45.72388027841973],[21.29442045552853,45.72393193880254],[21.29428359028968,45.72396616968653],[21.29414570134368,45.72396831300744],[21.29399249131224,45.72397069428327],[21.2938347425624,45.7239909810839],[21.29361605023225,45.72402291580455],[21.29252916020285,45.7242288536774],[21.28954101159238,45.72476033700436],[21.2862256002768,45.72532439404792],[21.28351159183861,45.7257682887064],[21.28156253844132,45.7260873141725],[21.27850317737773,45.72668039278037],[21.27737052518134,45.72691780892472],[21.2771633790627,45.7269923382812],[21.27705248258938,45.72704041661648],[21.27689449389041,45.72705354950281],[21.27671051811917,45.72705281403912],[21.27650224372179,45.72709168945413],[21.27600510063597,45.72720634951777],[21.27562452240064,45.72729067871528],[21.2749017149115,45.72746083431899],[21.27427335005767,45.72762744229246],[21.27377687134797,45.72776348492059],[21.27335177900914,45.7278948624172],[21.27270697307653,45.72809744524554],[21.27191194988625,45.72832724072536],[21.27091888280548,45.7286442476246],[21.26956958091324,45.72907579252458],[21.26882050418256,45.72930486047377],[21.268313106661,45.72941964519796],[21.26760940276866,45.72963951197812],[21.26678369443428,45.72986973964008],[21.26613737868124,45.73005272707583],[21.26576653849093,45.73012260531642],[21.26548219037331,45.73018045886496],[21.26526535905411,45.73027294966435],[21.26482002307426,45.73041173764203],[21.2643398221663,45.73057959366438],[21.26336423262054,45.7309403178164],[21.26253240856528,45.73130258623929],[21.26200401973901,45.73156391058065],[21.26114786891761,45.73205723133752],[21.2603904223244,45.73251109265934],[21.26019534244065,45.73262820877784],[21.2601617072219,45.73269649469515],[21.26017049653136,45.73281407229634],[21.26020982153841,45.73292761746977]]},"properties":{"line":"M22","dir":"1","mode":"bus"}},{"type":"Feature","geometry":{"type":"LineString","coordinates":[[21.2480897596579,45.73107601794183],[21.24786833233894,45.7311046894667],[21.24761040750267,45.73114791499794],[21.24742930455955,45.73120045734269],[21.2472623041762,45.73128275638224],[21.24723147202395,45.73135607379683],[21.24722424978802,45.73146171768904],[21.24728510536706,45.73161018063596],[21.24739548647014,45.73178958036373],[21.24776572570597,45.73254114335398],[21.24812271416924,45.73318258860395],[21.24860893356482,45.73399213795657],[21.24928302829572,45.73514749445738],[21.24976604595151,45.73598740620898],[21.25006368141702,45.73639656729358],[21.25033654503676,45.73673985667159],[21.25047048472672,45.7369236331808],[21.25055485114252,45.73699992973321],[21.25063429239329,45.7370276941437],[21.25089754282751,45.73700007098083],[21.25151847351098,45.73686513386705],[21.25213943623498,45.73668859709276],[21.25267597753299,45.73649815810791],[21.25324235603734,45.73625919843461],[21.25373920777929,45.73601327556312],[21.2555986504107,45.73499492477261],[21.25830702764319,45.73351128175241],[21.25841635765521,45.73341079306861],[21.25846607974012,45.73332761585068],[21.25844628366504,45.73323054909714],[21.25841656262633,45.73312307963643],[21.25840671182042,45.73300868398832],[21.25841672619593,45.73289429499939],[21.25846148951132,45.73280071638199],[21.25855413036735,45.73268457447114],[21.25869326515774,45.73256676449688],[21.25892177750352,45.73246631678871],[21.25907079991308,45.73241090489503],[21.25924462623885,45.73239363161804],[21.25949293257922,45.73239371503168],[21.25972630751851,45.73244232261994],[21.25993485009032,45.73249438793386],[21.2600242314214,45.73250828310935],[21.26012355929355,45.73250138304601],[21.26134590959366,45.73184580257523],[21.26201390596179,45.73149451457203],[21.26260869549943,45.73120496298819],[21.26289677467668,45.73107019963739],[21.26329939211661,45.73089774515041],[21.26374166088406,45.73073167540559],[21.26427444367584,45.73053929217974],[21.26446659867903,45.73046903069125],[21.26458250130725,45.73041154425305],[21.26471060366137,45.73032637938653],[21.26482650526906,45.73023056898385],[21.26491360162515,45.73016855965738],[21.26503255314724,45.73012384730747],[21.26512710467838,45.73010042594775],[21.26535585968972,45.73008338913777],[21.26564561599259,45.73004931778033],[21.26591402216582,45.73001737517099],[21.2661580276407,45.72997265790767],[21.26643253374573,45.72990664806414],[21.26679524109918,45.72980439419549],[21.26763400183105,45.7295659040478],[21.26807404069076,45.72942961727248],[21.26888228509706,45.72919325124255],[21.26956140966057,45.72898279009265],[21.27070029506028,45.72863934491848],[21.27141092180439,45.7284221279478],[21.27231423789731,45.72815108810132],[21.2735158630668,45.72777839839245],[21.27436295576033,45.72753557768723],[21.27475332750062,45.72743760184637],[21.27550967689102,45.72726293851129],[21.27632735013961,45.72706928604422],[21.27652253314199,45.72701816569943],[21.2766780652322,45.72695853331729],[21.27679090134877,45.72691168019851],[21.27687694476692,45.72686288416779],[21.2769531841838,45.72683093906944],[21.27703858107885,45.72683092881193],[21.27714532987178,45.72684156123197],[21.27728257445523,45.72683941541769],[21.27751740813356,45.72680745035433],[21.27784677989226,45.72674140759938],[21.27889589448738,45.72653474752228],[21.28022633309083,45.72627122818108],[21.2811438480992,45.72609117917627],[21.28205875651435,45.72594625561692],[21.2838620638355,45.72564110554278],[21.28538952284126,45.72539390688025],[21.28714898486341,45.7250902933032],[21.28965299744352,45.72466714335258],[21.29154442007116,45.72433706405499],[21.29273677112966,45.72411746720947],[21.29365327543287,45.72395128059035],[21.29383623624879,45.723908650422],[21.29398869492906,45.72385751186077],[21.29405881662163,45.72381704061286],[21.29411978903213,45.72377657176779],[21.29419296386088,45.72374248678698],[21.29430274843717,45.7237318115553],[21.29438204987339,45.72374669343397],[21.29448575053765,45.72376369766855],[21.29461078769112,45.72375940512716],[21.29478766137689,45.72373806547886],[21.29542194530915,45.72361865869394],[21.29696962560353,45.72334562780944],[21.29835446356314,45.72311474398091],[21.29945379866711,45.72292690507615],[21.29959101192521,45.7228927965361],[21.29966417359817,45.72284593380809],[21.29973733101031,45.72279268379233],[21.29981660854757,45.72277136780921],[21.29992030855952,45.72278836716077],[21.29998741257837,45.72280537817621],[21.30009110578925,45.72281173202995],[21.30019479487988,45.72281169857344],[21.3004478945453,45.72277542225375],[21.30078332780134,45.7227263437527],[21.30138710090869,45.72262394729467],[21.30329207387744,45.72230810053637],[21.30541452026622,45.72195291145796],[21.30701330748234,45.72168401690334],[21.30892435767775,45.7213590192529],[21.30965672458151,45.72122632121304],[21.30992809489525,45.72117511331799],[21.31005920023347,45.72114312375328],[21.3102055481301,45.72110474055991],[21.31028481407532,45.72107703008481],[21.31035492411134,45.72104080704057],[21.31040063557204,45.72100246489715],[21.31045856695119,45.72098966654566],[21.3105531023012,45.72098749838042],[21.31061715623705,45.7210023753542],[21.31071170265221,45.72101298149066],[21.31079404177575,45.72101294724781],[21.31101663726749,45.72098304727058],[21.31139168683501,45.7209211462341],[21.31266545579552,45.72070158462303],[21.3139883886796,45.72046492259634],[21.31484500990148,45.72031723559597],[21.31497611220869,45.7202873695385],[21.31507365768194,45.72024474411698],[21.31513766810702,45.72021277914372],[21.31520167450019,45.72017655600174],[21.3152687521528,45.72016375116636],[21.31533584368162,45.72016584975084],[21.31539988768813,45.72017007874958],[21.31553102130944,45.72017427711879],[21.31564690138109,45.72017209511174],[21.31583899771303,45.72014645826495],[21.31697933869184,45.71994792463006],[21.31714466346699,45.7199150403654],[21.31728796377617,45.71988729495674],[21.31752272635375,45.71983608636096],[21.31773613570468,45.71977850026836],[21.31795869526967,45.71972303847519],[21.31809284412042,45.71969316739466],[21.31825444053653,45.71966541203771],[21.31840690105346,45.71965043524358],[21.31880939836802,45.71961191739526],[21.31902894033836,45.71958839082571],[21.31960214344684,45.71947952686072],[21.32141247153136,45.71915555667168],[21.32337849597483,45.71880535913494],[21.32458339028571,45.71858958800236],[21.32515261678101,45.71849291852374],[21.32544584560651,45.71843494160688],[21.32574596748176,45.71836973276021],[21.32588232624009,45.71833113495389],[21.32596589724546,45.71829888323023],[21.32602352566958,45.71827067140811],[21.32606709494784,45.71821130669819],[21.32607452450283,45.7181461787878],[21.32601102574446,45.71800812701731],[21.32559655016784,45.71736217523424],[21.32481370171985,45.71609407474946],[21.32372776549903,45.71434700512938],[21.322631012514,45.71259799521767],[21.32144037721614,45.71067320074551],[21.32022540390109,45.70875157592261],[21.31868936851422,45.70633199459668],[21.31751541578777,45.70444464278675],[21.3165825744475,45.70295232345543],[21.31558495502876,45.70135848035063],[21.31437007774637,45.69948217236612],[21.31332754768641,45.69775188843556],[21.31296205649986,45.69719534864234],[21.31282959507415,45.69704795946821],[21.31271370226414,45.69695837440569],[21.31262265397563,45.69692659250718],[21.31250678201499,45.69691504592134],[21.31236265146882,45.69692373505599],[21.31219298615495,45.69692375635208],[21.3119736584849,45.69690644151959],[21.31180812727053,45.6968891197314],[21.31155568543943,45.69683423378532],[21.31129535185306,45.69676771831325],[21.31038708011102,45.69649494599581],[21.3091743801826,45.696140689804],[21.30894370661856,45.69607518149093],[21.30863419111413,45.69598307147342],[21.30815215047435,45.69577757420413],[21.3074316322983,45.69546223655466],[21.30666799041619,45.69513994579021],[21.30618418352732,45.69497705233487],[21.306148662975,45.69494161672528],[21.30617909581377,45.69488136969331],[21.30698053380258,45.69367641095969],[21.30786274636561,45.69238048706618],[21.30786781114734,45.69233087302403],[21.30648270001751,45.69184193660546],[21.30279254847433,45.69063241373802],[21.30272152372245,45.69063950430964],[21.30266065279294,45.69073164640329],[21.30142994056145,45.69259300994648],[21.30101437405471,45.69328988779562],[21.30085572775185,45.69336646218671],[21.3006550283133,45.6935522530964],[21.29941899715596,45.69523777250153],[21.29904042452513,45.69574172206864],[21.29845248479189,45.69665059512836],[21.29827280860696,45.69688851175644],[21.29812525890105,45.69698866499108],[21.29760752157106,45.69715686941553],[21.29426196690338,45.69802794200464],[21.29173088724412,45.69869373044359]]},"properties":{"line":"M23","dir":"0","mode":"bus"}},{"type":"Feature","geometry":{"type":"LineString","coordinates":[[21.29169894132999,45.69869896723566],[21.29039476930785,45.69905544287344],[21.29008644273048,45.69915266273927],[21.28991396940304,45.69923415319798],[21.28979433280833,45.69933224881078],[21.28906041964201,45.700082068635],[21.28685325522384,45.70239277257021],[21.28550305270964,45.70378884534048],[21.28451826150913,45.70481282743813],[21.28249918853628,45.70697526977826],[21.27997366205672,45.70956785228401],[21.27858945946371,45.71100951760786],[21.27820346408703,45.71140418073178],[21.28058419155423,45.7151914049831],[21.28415460930187,45.72057695057726],[21.28700056256826,45.72487285449425],[21.28716029206964,45.7251163267883],[21.28716458377158,45.72522573501944],[21.28709973794447,45.72535158676268],[21.28699171479035,45.72542331735018],[21.28681911822495,45.72544873199502],[21.28666652400325,45.72540442944978],[21.28645497946009,45.72533334039157],[21.28623826538472,45.72532432799488],[21.28550595761558,45.72546081607042],[21.28356321643281,45.72575933580053],[21.28120226612342,45.72614530586613],[21.27963530035068,45.72644134943666],[21.277692172552,45.72683869628714],[21.27746338731192,45.72688563491978],[21.27725755002037,45.72695766387564],[21.27710507527582,45.72702083206714],[21.27700767443621,45.7270534820149],[21.27693410947461,45.72705403794718],[21.27676655876184,45.72704706773609],[21.27659816200814,45.72707768868675],[21.27519388159463,45.72740377111904],[21.27438091038757,45.72759073748591],[21.27377722329796,45.7277671626424],[21.27323261258091,45.72793132269881],[21.27176740092067,45.72838010357189],[21.27025928959775,45.72886346779737],[21.26933270180146,45.72915808689994],[21.26867688311416,45.72933840557991],[21.26773910790572,45.72959171904182],[21.26694845453942,45.72982350621345],[21.26623132575674,45.73002526827599],[21.26577768365561,45.73011124327499],[21.26556739353824,45.73015793555166],[21.26538968087189,45.73023084405049],[21.26521196788547,45.73030375218181],[21.26489937588189,45.73039388809397],[21.2645929291441,45.73049257910522],[21.26406585534637,45.73067276986231],[21.26339784032731,45.73091727415536],[21.26282181430055,45.73117026538002],[21.26188706898111,45.73162659753002],[21.26113349991784,45.73207661433112],[21.26042888435414,45.73246666447002],[21.2602451105359,45.73259521560392],[21.26016548794234,45.73265948204172],[21.26018404217277,45.73276219908762],[21.26023557581191,45.73287827620408],[21.26026783316678,45.73297072220073],[21.26025740642347,45.73309438023894],[21.26023298211187,45.7332358645305],[21.26011757804033,45.73338199435963],[21.25997458985736,45.73349355540159],[21.25984804314833,45.73355514177309],[21.25963888667746,45.73360525954848],[21.25936363285681,45.73364005286705],[21.25913786982626,45.73363253322592],[21.25887350586797,45.73358660895398],[21.25867514640234,45.73349451648646],[21.25855388468833,45.73341005374996],[21.25847667795664,45.73332940188229],[21.25842685795784,45.73315264847412],[21.25840460883228,45.73300277772779],[21.25842097710425,45.73290284112471],[21.25847586466703,45.73278750332018],[21.25849772143594,45.732676032952],[21.25846451771313,45.73256460286406],[21.25833763664732,45.73240327878555],[21.25806747855598,45.73216135009686],[21.257869037763,45.73201160661132],[21.25752737802288,45.73181968962006],[21.25710862884083,45.73162398250301],[21.25676704926425,45.73148586717382],[21.25560301085133,45.73096463750666],[21.25513479583739,45.73081892085928],[21.25468870399856,45.73074236524904],[21.25431025606571,45.73073110346267],[21.25355045679601,45.73074315583547],[21.25220474972899,45.73081710077047],[21.24961335733572,45.73096487059794],[21.24811291509804,45.73106777761906]]},"properties":{"line":"M23","dir":"1","mode":"bus"}},{"type":"Feature","geometry":{"type":"LineString","coordinates":[[21.26038813187259,45.73235888824211],[21.26134590959366,45.73184580257523],[21.26201390596179,45.73149451457203],[21.26260869549943,45.73120496298819],[21.26289677467668,45.73107019963739],[21.26329939211661,45.73089774515041],[21.26374166088406,45.73073167540559],[21.26427444367584,45.73053929217974],[21.26446659867903,45.73046903069125],[21.26458250130725,45.73041154425305],[21.26471060366137,45.73032637938653],[21.26482650526906,45.73023056898385],[21.26491360162515,45.73016855965738],[21.26503255314724,45.73012384730747],[21.26512710467838,45.73010042594775],[21.26535585968972,45.73008338913777],[21.26564561599259,45.73004931778033],[21.26591402216582,45.73001737517099],[21.2661580276407,45.72997265790767],[21.26643253374573,45.72990664806414],[21.26679524109918,45.72980439419549],[21.26763400183105,45.7295659040478],[21.26807404069076,45.72942961727248],[21.26888228509706,45.72919325124255],[21.26956140966057,45.72898279009265],[21.27070029506028,45.72863934491848],[21.27141092180439,45.7284221279478],[21.27231423789731,45.72815108810132],[21.2735158630668,45.72777839839245],[21.27436295576033,45.72753557768723],[21.27475332750062,45.72743760184637],[21.27550967689102,45.72726293851129],[21.27632735013961,45.72706928604422],[21.27652253314199,45.72701816569943],[21.2766780652322,45.72695853331729],[21.27679090134877,45.72691168019851],[21.27687694476692,45.72686288416779],[21.2769531841838,45.72683093906944],[21.27703858107885,45.72683092881193],[21.27714532987178,45.72684156123197],[21.27728257445523,45.72683941541769],[21.27751740813356,45.72680745035433],[21.27784677989226,45.72674140759938],[21.27889589448738,45.72653474752228],[21.28022633309083,45.72627122818108],[21.2811438480992,45.72609117917627],[21.28205875651435,45.72594625561692],[21.2838620638355,45.72564110554278],[21.28538952284126,45.72539390688025],[21.28714898486341,45.7250902933032],[21.28965299744352,45.72466714335258],[21.29154442007116,45.72433706405499],[21.29273677112966,45.72411746720947],[21.29365327543287,45.72395128059035],[21.29383623624879,45.723908650422],[21.29398869492906,45.72385751186077],[21.29405881662163,45.72381704061286],[21.29411978903213,45.72377657176779],[21.29419296386088,45.72374248678698],[21.29430274843717,45.7237318115553],[21.29438204987339,45.72374669343397],[21.29448575053765,45.72376369766855],[21.29461078769112,45.72375940512716],[21.29478766137689,45.72373806547886],[21.29542194530915,45.72361865869394],[21.29696962560353,45.72334562780944],[21.29835446356314,45.72311474398091],[21.29945379866711,45.72292690507615],[21.29959101192521,45.7228927965361],[21.29966417359817,45.72284593380809],[21.29973733101031,45.72279268379233],[21.29981660854757,45.72277136780921],[21.29992030855952,45.72278836716077],[21.29998741257837,45.72280537817621],[21.30009110578925,45.72281173202995],[21.30019479487988,45.72281169857344],[21.3004478945453,45.72277542225375],[21.30078332780134,45.7227263437527],[21.30138710090869,45.72262394729467],[21.30329207387744,45.72230810053637],[21.30541452026622,45.72195291145796],[21.30701330748234,45.72168401690334],[21.30892435767775,45.7213590192529],[21.30965672458151,45.72122632121304],[21.30992809489525,45.72117511331799],[21.31005920023347,45.72114312375328],[21.3102055481301,45.72110474055991],[21.31028481407532,45.72107703008481],[21.31035492411134,45.72104080704057],[21.31040063557204,45.72100246489715],[21.31045856695119,45.72098966654566],[21.3105531023012,45.72098749838042],[21.31061715623705,45.7210023753542],[21.31071170265221,45.72101298149066],[21.31079404177575,45.72101294724781],[21.31101663726749,45.72098304727058],[21.31139168683501,45.7209211462341],[21.31266545579552,45.72070158462303],[21.3139883886796,45.72046492259634],[21.31484500990148,45.72031723559597],[21.31497611220869,45.7202873695385],[21.31507365768194,45.72024474411698],[21.31513766810702,45.72021277914372],[21.31520167450019,45.72017655600174],[21.3152687521528,45.72016375116636],[21.31533584368162,45.72016584975084],[21.31539988768813,45.72017007874958],[21.31553102130944,45.72017427711879],[21.31564690138109,45.72017209511174],[21.31583899771303,45.72014645826495],[21.31697933869184,45.71994792463006],[21.31714466346699,45.7199150403654],[21.31728796377617,45.71988729495674],[21.31752272635375,45.71983608636096],[21.31773613570468,45.71977850026836],[21.31795869526967,45.71972303847519],[21.31809284412042,45.71969316739466],[21.31825444053653,45.71966541203771],[21.31840690105346,45.71965043524358],[21.31880939836802,45.71961191739526],[21.31902894033836,45.71958839082571],[21.31960214344684,45.71947952686072],[21.32141247153136,45.71915555667168],[21.32337849597483,45.71880535913494],[21.32458339028571,45.71858958800236],[21.32515261678101,45.71849291852374],[21.32544584560651,45.71843494160688],[21.32574596748176,45.71836973276021],[21.32588232624009,45.71833113495389],[21.32596589724546,45.71829888323023],[21.32602352566958,45.71827067140811],[21.32608692458355,45.71824648214174],[21.3261560985332,45.71823034116567],[21.32625988209718,45.71822625837547],[21.32632621169952,45.71824433776323],[21.32648190328116,45.71824660544884],[21.32677204586734,45.71820453261849],[21.32852348046157,45.71788784278653],[21.33144970330073,45.7173771211621],[21.33386503861249,45.71695231125521],[21.33435457362713,45.71686273241031],[21.33464352146715,45.71678740111907],[21.33480511907734,45.71671894989238],[21.33496675508368,45.71670863799287],[21.33516269986104,45.71672909458908],[21.3353929035193,45.71670507995126],[21.33676305195211,45.71646923923771],[21.34076219602149,45.71578724809059],[21.34358939495522,45.71527492677279],[21.34614852333952,45.71479844218482],[21.34920316758841,45.71427654547628],[21.35245284757919,45.71368334592143],[21.35638912419694,45.71298066603061],[21.35953862094906,45.71242179257909],[21.36193172476941,45.71199337187974],[21.36401674058459,45.71163543847428],[21.36647668097913,45.71119817092581],[21.36795767814262,45.71092753805079],[21.36892200228947,45.71072884338555],[21.36927782116648,45.71065298289947],[21.36943774837865,45.71061686892588],[21.3695718687458,45.71062398833575],[21.36966475186214,45.71065274438381],[21.36979899246288,45.71075351046141],[21.36999525212146,45.71094788424508],[21.37020698863918,45.71114224805465],[21.37040735187244,45.71127899098841],[21.37063962341544,45.71139770283095],[21.37089764987618,45.71148758367279],[21.37123303250931,45.71156300756411],[21.37133111461347,45.71162057366828],[21.37139311781672,45.71169977366445],[21.37141904674073,45.71180420936125],[21.37132739266789,45.7127083234397],[21.3713844436179,45.71274339608637],[21.37347205069806,45.71283479635953],[21.37354167534633,45.71286566917178],[21.37356077785574,45.71295841283909],[21.37343625090821,45.71442934375466],[21.37338638962073,45.71445156861472],[21.37301961310447,45.71444255306915]]},"properties":{"line":"M24","dir":"0","mode":"bus"}},{"type":"Feature","geometry":{"type":"LineString","coordinates":[[21.37301484461925,45.71443993613433],[21.37139799317687,45.71437632372937],[21.37120180223728,45.71436006071411],[21.37114820938033,45.71433110316624],[21.37112414380272,45.71424814597431],[21.37129095260361,45.71267088535848],[21.37135326519735,45.71180142990928],[21.37133781073209,45.71171259217547],[21.37126413159159,45.71163582988116],[21.37117833819301,45.71159326111291],[21.37092120899825,45.71153674728776],[21.37073747849674,45.71147725954683],[21.37050061154805,45.71138368955617],[21.37027999823069,45.71127300484719],[21.37017770364923,45.71117635644485],[21.3698131247476,45.71083758410358],[21.3697149201526,45.71074377621016],[21.36958013159285,45.71068420327486],[21.36948221569316,45.71067297891852],[21.36931099197515,45.71069035638106],[21.36898907376577,45.71076494389888],[21.36871195518588,45.71082236824157],[21.36799576549817,45.71096311806967],[21.36728661107211,45.71109530838515],[21.36590530913871,45.71134978891159],[21.36394047553042,45.71169719849609],[21.36139385162908,45.71213992851226],[21.35942416113411,45.71248987489433],[21.35746733424818,45.71283474221552],[21.35470827705479,45.7133197431476],[21.35281121474515,45.71366728459148],[21.35024673552181,45.71412688239544],[21.34851844542246,45.71444562581681],[21.3457639870831,45.71489649863057],[21.34359104496854,45.71530979671811],[21.34075464490806,45.71582084071729],[21.33860732042397,45.716186011484],[21.33673473003478,45.71651331826304],[21.33549352790638,45.71673052766153],[21.33531823725955,45.71676209873422],[21.33519192265613,45.71680499185502],[21.33508602550944,45.71685639953095],[21.33499234768194,45.71690209466333],[21.33490676159846,45.71692499637212],[21.33480482002792,45.71693368227191],[21.33467835759151,45.71692531587487],[21.3345519195696,45.71692549259031],[21.33442552219929,45.71693990788007],[21.33421351342887,45.71696868127382],[21.33303944010167,45.71717820134261],[21.33076248250364,45.71756541852492],[21.32813509683777,45.71803030564609],[21.32643908169788,45.71835347033258],[21.32636985905658,45.71839627816971],[21.32630878604891,45.7184362274264],[21.32621912301282,45.71846197581585],[21.32614164209322,45.71846777384751],[21.32608901151107,45.71844270379849],[21.32604334022831,45.7183790332516],[21.32604831935558,45.71828349418546],[21.32605837963393,45.71820210644519],[21.32603291149236,45.71806412041632],[21.32523830651482,45.71677137609301],[21.32362343907795,45.71418925194305],[21.32239558318135,45.71224362834915],[21.32082879584578,45.70972354553093],[21.31929312200121,45.70728134082366],[21.31754083222061,45.70450404832395],[21.31597022762067,45.70202302572421],[21.3147082520907,45.70000911584021],[21.31414083825256,45.69911417502824],[21.3129756025996,45.69718608641386],[21.31279508406504,45.69700270303453],[21.31264986738969,45.69691719251712],[21.31257285078576,45.69690842528081],[21.31241831145826,45.69689863052619],[21.31216994242074,45.6968997734665],[21.31185039845588,45.69686746268764],[21.31162725202031,45.69681973822208],[21.31060557416021,45.69653566234457],[21.30877991342007,45.69600608524135],[21.30839770030617,45.69585898627709],[21.30779141490729,45.69558511710434],[21.30739434274302,45.69541391913332],[21.30685483196361,45.69517712811678],[21.3065886722176,45.69507393903981],[21.30638357604548,45.69500357066486],[21.30618689776522,45.69494682001179],[21.30615568785694,45.69489627611111],[21.30636139575827,45.69456217801956],[21.30688282494332,45.69378372987042],[21.30765298416991,45.69264987677538],[21.30786345992144,45.69232579620676],[21.3077390989567,45.69226549256583],[21.30527324028211,45.69141920742731],[21.30277939959966,45.69062046519996],[21.3027061749687,45.6906622002216],[21.30119677289356,45.69298108433434],[21.30104066219937,45.69329212263268],[21.30094155679263,45.69335614836632],[21.30081886438123,45.69340462557153],[21.30068553079085,45.69351646095462],[21.2991844249996,45.69557670934027],[21.2989764710245,45.69588980912149],[21.29838792543413,45.69678467541745],[21.29825459281765,45.69693005018958],[21.29810523112032,45.69702697965028],[21.29767841984324,45.69716123588751],[21.29605317998162,45.6975870065674],[21.29361127026897,45.69823348222266],[21.29214401373368,45.69861385745465],[21.29070732468277,45.69898768499602],[21.29020044952317,45.699140556309],[21.28994435181794,45.69924866939667],[21.28978430253787,45.69936049573981],[21.2896295988198,45.6995095892919],[21.28866935705685,45.70048987484794],[21.2867166857598,45.70251821811372],[21.28459354151067,45.70473407880374],[21.2825780072994,45.70687488739857],[21.28064161924793,45.70885668490681],[21.27893584413382,45.7106190122012],[21.27800604119081,45.71161788803938],[21.2792066363797,45.71343315148936],[21.28465158984155,45.72156759937766],[21.28663188005198,45.72439496696094],[21.28717304142478,45.72520107710404],[21.28715194865029,45.7252893853044],[21.28708855842574,45.7253997880272],[21.28697682179637,45.7254467564982],[21.28681660373859,45.72543481140409],[21.28652188435075,45.72534705072702],[21.2862963526176,45.72531399386915],[21.28573627338296,45.72541703226545],[21.28243713913466,45.7259348412495],[21.28017916408917,45.72634921617509],[21.2778455527521,45.726809711003],[21.27740695399792,45.72691756460245],[21.27722585731247,45.72698050111337],[21.27706068627791,45.72702968906725],[21.27680466376723,45.72704631167943],[21.27652505894118,45.72708898875753],[21.2753858937312,45.72735257432225],[21.27396586831836,45.7277069223439],[21.27192947457823,45.72832251161849],[21.26833172446354,45.72944787832866],[21.26715178471855,45.72976832015489],[21.26580720772633,45.73013620813572],[21.26552423421342,45.73018836253689],[21.26527328649873,45.73028896735755],[21.26491021762399,45.73039701660402],[21.26466461159378,45.73046780639494],[21.26431221494112,45.73059076249268],[21.26306982835861,45.73106877605943],[21.26214607534127,45.73149354355625],[21.26127746153019,45.73199909079705],[21.26039082733059,45.73247753724124],[21.26026266325036,45.73257069248938],[21.26019323849691,45.73263031336475],[21.26017720299959,45.73270112120334],[21.26019854115854,45.73277566046912],[21.26026258586456,45.73288001954541],[21.26027858495831,45.73295455821669],[21.26028923830098,45.73305518436416]]},"properties":{"line":"M24","dir":"1","mode":"bus"}},{"type":"Feature","geometry":{"type":"LineString","coordinates":[[21.22902397824869,45.75939066066437],[21.23004659874979,45.75932994567598],[21.23044919905738,45.75928194383732],[21.2311238844944,45.75902594549305],[21.23156601765675,45.75883474074143],[21.23194280122707,45.75866394186763],[21.23209904963342,45.7585276419619],[21.2322074301082,45.75834228310168],[21.23230330839199,45.75815665241872],[21.23234832895876,45.75798487216172],[21.23239413061087,45.7578504722369],[21.23249788349588,45.75775551853461],[21.23267978122536,45.75769350594846],[21.23287458130261,45.75767690455266],[21.2333512099222,45.7578122286933],[21.23472769960925,45.75830035235937],[21.23525470837046,45.75847700618792],[21.23743220268224,45.75924217941799],[21.23848814300137,45.75959462240646],[21.24094991775929,45.76043723109927],[21.24333262497302,45.76123944126564],[21.24481473519383,45.76173533257092],[21.24579150360771,45.76205074228836],[21.24669461756746,45.76229766571094],[21.2480222569466,45.76262955471068],[21.2498353175086,45.7630703702157],[21.25126516308974,45.76340441644002],[21.25179087623277,45.7635138482936],[21.25268297426568,45.76357765687277],[21.25388803487298,45.76363926481574],[21.25471495465587,45.76369024587171],[21.25519990767875,45.76370959616973],[21.25550565595946,45.76373400945391],[21.25587310219071,45.76380880150027],[21.25698756358549,45.7640598765522],[21.25823989311997,45.76433874088656],[21.25850555896886,45.76440241864869],[21.25883990219903,45.76450324550313],[21.25911018824455,45.76460715537925],[21.25934294412306,45.76469242167715],[21.26053485209674,45.76535124119157],[21.26093113445277,45.76557667097494],[21.26149599848832,45.76595891613679],[21.26252554447338,45.76671350201466],[21.2632681028833,45.76727380603138],[21.26452500980682,45.76818992743266],[21.26487866009584,45.76843385134978],[21.26506103431868,45.7685344980652],[21.26561326529577,45.76876929419095],[21.26628031243579,45.76901336055817],[21.26688039669799,45.76917782564282],[21.26842390230068,45.76949031671003],[21.2706833134751,45.77001133027309],[21.27226130881743,45.77036575387562],[21.27519873789179,45.77100166097387],[21.27651905827911,45.77121711216783],[21.27921300176286,45.77165245054221],[21.28240259186128,45.7721974742049],[21.28588364972477,45.77278105273038],[21.28972279892188,45.77337534342958],[21.29432231136433,45.77409558108935],[21.29826521045516,45.77473609573854],[21.29936273793899,45.77491448845682],[21.30326411874053,45.77558544598318],[21.30552041457564,45.77595956015115],[21.30564897911233,45.77596226826147],[21.3057639777123,45.77594806989148],[21.3058511252271,45.77591666419724],[21.30594779599032,45.7758854590679],[21.30604274162415,45.77589410695432],[21.30613711236377,45.77591603918325],[21.30622614668055,45.77595115544961],[21.30628574858567,45.77600559668181],[21.30638301312912,45.77607080343703],[21.30646238092582,45.77610904022464],[21.30667507687427,45.77615008454811],[21.30754563590746,45.77629805524955],[21.31016635569824,45.77672909368432],[21.31335388718887,45.77723891051253],[21.31749224994677,45.77789395028877],[21.32179191948456,45.77858565265931],[21.32490064984495,45.77909430934724],[21.32959648558796,45.77988852051104],[21.3329791752019,45.78045303837941],[21.33375676565853,45.78058250725997],[21.33406698479021,45.78061405705888],[21.33627841041022,45.78095582923183],[21.33687711807976,45.78105925145779],[21.33717869409116,45.78111030951046],[21.33811327455504,45.78129194824945],[21.33937446576536,45.78149327311981],[21.340494510554,45.78167183166451],[21.34267944560649,45.78202115509032],[21.34435603566146,45.78228666224571],[21.34470465744731,45.78233353778798],[21.34511079134159,45.78236508265424],[21.34547516508137,45.78237593558142],[21.34587352192386,45.78236766567572],[21.3461781843402,45.78233432408063],[21.34652977226028,45.78227551428997],[21.34689878185072,45.78217741726972],[21.34732141061666,45.78204408163567],[21.34787147759005,45.78181094835656],[21.34935810557551,45.78116101740838],[21.35129909596226,45.78027563377515],[21.35308930897314,45.7794698832231],[21.35421766765349,45.7789589057008],[21.35469025337497,45.77876379093215],[21.35502276109172,45.77863186953394],[21.35540302704059,45.7784910181471],[21.35631916225383,45.77816305054219],[21.35675176639655,45.77801666664061],[21.35712602868411,45.7779054250598],[21.35742690831047,45.77784884265059],[21.35771049643044,45.7778141211688],[21.35798574357837,45.77780327049652],[21.35832168897467,45.77781349494279],[21.35890628195907,45.77788170699438],[21.3597309627132,45.77800773275618],[21.36225432536581,45.77838017096503],[21.36317326338578,45.77849371509907],[21.36439090588038,45.77860465213971],[21.36651589813022,45.77877055136104],[21.36873870883962,45.77894833509756],[21.37133408274317,45.77915022811359],[21.37330244998115,45.77928966494453],[21.37556979063991,45.77945170449974],[21.37660638225134,45.77952741618579],[21.37780611037733,45.77961471366182],[21.3798383125295,45.77973551381465],[21.38071164998028,45.77977181846974],[21.38115587673938,45.77979348492461],[21.38168944867917,45.77983699227662],[21.38204677777317,45.77987048479439],[21.3828024676448,45.77992565997667],[21.38326097830289,45.77995741272017],[21.38361346927418,45.77997911736604],[21.38384042472415,45.78000088674089],[21.38406739191427,45.78003275781074],[21.38426322200853,45.78007137849665],[21.384586805095,45.78014865679486],[21.38501426176568,45.78028144084754],[21.38530813278318,45.78040123690356],[21.38580573022673,45.78065015260422],[21.38637823864668,45.78095458860439],[21.38730188319125,45.78146027231193],[21.38838939616552,45.78205293428464],[21.38936504972091,45.78257949964188],[21.38987961977629,45.78285701123423],[21.39057629537139,45.78323593591441],[21.391107779625,45.78351511589041],[21.3917255939942,45.78383835801117],[21.39226433946559,45.78412426211474],[21.39273545155927,45.78437821608837],[21.39304243425545,45.78453092675686],[21.39324293647222,45.78462004003043],[21.39335401568623,45.78463512576375],[21.39350609905744,45.78461819675383],[21.39361233914463,45.7846248668361],[21.39374276298696,45.78466351184058],[21.39383702462167,45.78474427058982],[21.39386609651155,45.78482338545935],[21.39385411780123,45.78489747440987],[21.39380349007042,45.78495643387132],[21.39372870364249,45.78500362232021],[21.39361525751164,45.78502726279103],[21.39353075645197,45.78502899778698],[21.39342207380661,45.78500044131951],[21.39332302362079,45.78495167480594],[21.39328675142385,45.78490623757612],[21.39325768885258,45.78483385729514],[21.39322623505585,45.78477999884042],[21.39318269486968,45.7847143620157],[21.39305945594941,45.78462856933266],[21.39253757278262,45.78431908786533],[21.39137882064448,45.78370523233584],[21.39027559604773,45.78312231887062],[21.38902391737805,45.78244657395071],[21.38764681169557,45.78168514555914],[21.38667546503266,45.78115921235181],[21.38558051036647,45.78057744196998],[21.38514055792205,45.78036630459182],[21.38485798220526,45.78026038322597],[21.3843629301187,45.780129317093],[21.38386010500513,45.78003865195826],[21.38311888513607,45.7799767397713],[21.38144516467874,45.7798861112435],[21.38108812246357,45.77987955581274],[21.38095539046192,45.77992508106186],[21.38088300358459,45.77996215787532],[21.38061787335274,45.78256196701361],[21.38030134510293,45.78484562175754],[21.38031246155741,45.78501900367601],[21.38045114218886,45.78522064163234],[21.38125424044086,45.78602585009386],[21.38240446136479,45.78719880140455],[21.38354011222031,45.78832780524021],[21.38360798521515,45.78846386479961],[21.38362857002083,45.78863102689223],[21.38365103483736,45.78875333539673],[21.38372132562804,45.78883172598054],[21.38403757709754,45.78896643310603],[21.38424436484872,45.78907967015761],[21.38440385712307,45.78922425803442],[21.38730036705821,45.792303164456],[21.38918240674658,45.794261298461],[21.39058409061811,45.79570485680281],[21.39124620934732,45.79637022394887],[21.39193759336989,45.79709593897288],[21.39329642904162,45.7984872639631],[21.39483631574301,45.80011443224011],[21.39644505555559,45.80179845481241],[21.39735527466715,45.80277100802481],[21.39772857067274,45.80315210455662],[21.39798329216692,45.8034010454808],[21.39821246152549,45.8035862348066],[21.39852632328491,45.80376952663741],[21.39887849168034,45.80398111739509],[21.3991038255725,45.80412329730623],[21.39921742997796,45.80423962420144],[21.39933220293284,45.8044077381918],[21.39943942844759,45.80467728054437],[21.39976617101555,45.8056354302707],[21.39991336112012,45.80592186914164],[21.40005751360451,45.80611745049954],[21.40025966037783,45.80627488536506],[21.40049113206496,45.8064053894051],[21.4008222520242,45.806581160047],[21.40106981755675,45.80673164900864],[21.40127711665644,45.80690098377869],[21.40145140071872,45.80706180856603],[21.4017973906087,45.80742267786704],[21.40359267451311,45.80927982753577],[21.40569839730876,45.81157653273445],[21.40733459738857,45.8133805193779],[21.40743582304916,45.81352411135003],[21.40759397491954,45.81382357669675],[21.40892337909023,45.81633349142749],[21.40994904828918,45.81832914129124],[21.41116196879128,45.82064232154836],[21.41231636953877,45.82286316453412],[21.41338545523956,45.82501334338071],[21.41413417005696,45.82651195549404],[21.41416696859613,45.826673825062],[21.41414770140047,45.82686671117118],[21.41401255608347,45.82726898571239],[21.41331651815062,45.82908880944014],[21.41269123215011,45.83069794798853],[21.41253649867953,45.83116401351522],[21.41243401912011,45.83159446894476],[21.41241832839829,45.83183713093763],[21.41245464726652,45.83205018669235],[21.4125626391153,45.83230400355719],[21.41279880155719,45.83273338696355],[21.41340066944571,45.83373470711758],[21.41351398265105,45.83399649281918],[21.41355079558549,45.834197762405],[21.41354699918516,45.83442574005329],[21.41349129374168,45.83481708456849],[21.41332654316316,45.83579747124828],[21.41331857124294,45.83598997633074],[21.41334025775207,45.83614769032475],[21.41343123783675,45.83626747760458],[21.41358489686326,45.83637279679707],[21.41378014341884,45.8364278359874],[21.41510199007453,45.83667042939703],[21.41827739532,45.83728421701075],[21.418432365856,45.83735809961197],[21.41847954599544,45.83744554818012],[21.41853228123192,45.83780834314761],[21.41853024996964,45.83813072072622],[21.41861025116557,45.8383800371851],[21.41872898751468,45.83867402079456],[21.41899268952555,45.83925991083925],[21.41944920329399,45.84029760368971],[21.41974330828405,45.84093290775505],[21.42006223347603,45.84158836172593],[21.42044618308148,45.84240759595626],[21.42088318267274,45.84335747079837],[21.42127370294024,45.84418727591071],[21.42150044322249,45.84468468524075],[21.42159350952905,45.84488339924172],[21.42163115684603,45.84501986283612],[21.42161348318124,45.84509929358842],[21.42153162961152,45.84514899814067],[21.42142476994438,45.84516025693016],[21.42133035558313,45.8451578554169],[21.42125908103511,45.84514550727548],[21.42119667408286,45.84511081586235],[21.42115742001751,45.84507362301471]]},"properties":{"line":"M27","dir":"0","mode":"bus"}},{"type":"Feature","geometry":{"type":"LineString","coordinates":[[21.42115926168051,45.84505811098856],[21.42113783794526,45.84496790115585],[21.42113770327613,45.84489114010351],[21.42115690309926,45.844815709296],[21.42122834214028,45.84476447434513],[21.42132682468964,45.84470109609126],[21.42139052114067,45.84464448087495],[21.42141173431031,45.8446148356424],[21.42141161349665,45.8445461546523],[21.42087219165184,45.84340913406208],[21.42034314663143,45.84228408628593],[21.41995266397578,45.84147076627165],[21.41956793647636,45.84063142713991],[21.41909341769917,45.83956522190672],[21.41851434842138,45.83822917322853],[21.41849849902217,45.83813687608441],[21.41849531404413,45.83780607814218],[21.41847956725851,45.83764333057613],[21.41844986815919,45.83747834597409],[21.41840843626188,45.83739336346553],[21.41833176952464,45.83734530255289],[21.41819594065183,45.83730148102814],[21.41673056117699,45.83700788100509],[21.41511067952847,45.83671080002348],[21.41377981009171,45.83646074379203],[21.4136158391098,45.83641830753147],[21.41350006634093,45.83636509768672],[21.41339913608144,45.8362926158014],[21.41333233485891,45.83619459605431],[21.41327785028179,45.83608586521478],[21.41327134809767,45.83590373217473],[21.4132931618836,45.83558047814606],[21.41345931317782,45.83468835131194],[21.41349336692641,45.83440862622781],[21.41349760453507,45.83423845156794],[21.4134809012715,45.83409916796237],[21.4134512475424,45.83398687840513],[21.41330879471921,45.83369633425458],[21.41304024991745,45.83322584983691],[21.41267546532402,45.83260697578383],[21.41244797391649,45.83217564526802],[21.41239112221862,45.8319885857309],[21.41237137285795,45.8318551114634],[21.41237482626079,45.83170396753597],[21.41240866957703,45.83149720528738],[21.41250109764944,45.83116441510251],[21.41265749000315,45.83071131794915],[21.41291679151375,45.83001127269312],[21.41324276357384,45.82919317182572],[21.41358364578945,45.82832112144971],[21.41388175685794,45.82755117131413],[21.4140689156405,45.8269649067124],[21.41410536763206,45.82683060569161],[21.41412112458232,45.82672132970696],[21.41412031744295,45.82660512730391],[21.41407783328825,45.82647805762454],[21.41381451946931,45.82591893144368],[21.41332435016934,45.82493791570721],[21.41280293148097,45.82391864272704],[21.41235569915202,45.82302459160258],[21.41199036449012,45.82230574569068],[21.4114901090821,45.8213366469849],[21.41079282009641,45.81999345562072],[21.41022794829793,45.81892982657145],[21.409725058486,45.81796207498008],[21.40910549572058,45.81676976950693],[21.40855388259229,45.81569390895442],[21.40807502553361,45.81480457555169],[21.40756043030386,45.81382727321364],[21.40740805529837,45.8135479361212],[21.40732611808405,45.81342494915597],[21.40717343090805,45.81324769577122],[21.4064490031086,45.81243944820583],[21.40577386174303,45.81171426239245],[21.40497935557701,45.81084243251003],[21.40428295926459,45.81007177235411],[21.40368273736615,45.80942171267904],[21.40305965136519,45.8087750387073],[21.40214688959061,45.8078265456102],[21.40154106433807,45.80719414444374],[21.40131686307937,45.80698216784509],[21.40119780347196,45.80687509929549],[21.40100962216028,45.80674213125851],[21.40081229389515,45.80662659085718],[21.40061480323985,45.80651496061888],[21.40040873479012,45.80640707027244],[21.40027411774097,45.80632569575977],[21.40008280966273,45.80620049083433],[21.39993678995923,45.80606641642747],[21.39987105899166,45.8059594072833],[21.39981645134891,45.80585498972859],[21.39967650099499,45.8055077221657],[21.3993811290788,45.80463179653774],[21.39930975432409,45.8044581340202],[21.39926044919535,45.80436124186042],[21.39918819924105,45.80426572252239],[21.39908840573381,45.80416780909133],[21.3989412539925,45.80406110890343],[21.39862089246979,45.80386675018007],[21.39827264485231,45.80366791092298],[21.39809944696032,45.80354808396581],[21.39791002714103,45.80337790201848],[21.3977102030437,45.80318793846859],[21.39704588202107,45.80247497166555],[21.39635996400429,45.80175011155509],[21.39591884882558,45.80128807210706],[21.39501598391844,45.80033379400898],[21.3943818990691,45.79966664653049],[21.3936383007157,45.79889488969579],[21.39274591318957,45.79796907525137],[21.39214165126535,45.79735278830486],[21.39150808318851,45.79668606386819],[21.39080129954716,45.79597391152318],[21.39012346801991,45.79527425987781],[21.38927400858624,45.79440877855575],[21.38858454899324,45.79369760429086],[21.3877027741279,45.79277886095758],[21.3868473438768,45.79188851614097],[21.38622089247381,45.79124094390951],[21.38543057156673,45.79038628101798],[21.3850248184282,45.78995529808279],[21.38451565487025,45.78940391943864],[21.38438373790691,45.78927011116588],[21.38421577641402,45.78912578297338],[21.38409418160742,45.78904545549057],[21.38392607643733,45.78897157722414],[21.38374395060901,45.78889741291456],[21.38366508782817,45.7888370948328],[21.38360016401816,45.78877901773593],[21.38358455007282,45.78868280476696],[21.38358576118551,45.78858693458425],[21.38357520054813,45.78848381047591],[21.38352923326821,45.78837523717365],[21.3833677870647,45.78820951347364],[21.38280714941635,45.78765794324354],[21.38187855313597,45.78671089746083],[21.38100208229969,45.78585240157528],[21.38043779674345,45.78528859606113],[21.3803367429952,45.78515541257395],[21.3802710745527,45.7850483924967],[21.38025554955238,45.784950223873],[21.38027495695614,45.78468837682099],[21.3804199307156,45.78370809266728],[21.38054485535673,45.78273732777217],[21.38067625730177,45.78154519975028],[21.38082168175883,45.78001870047334],[21.38081482744607,45.77992070856078],[21.38076360770792,45.7798707375224],[21.38069210571599,45.77983600883865],[21.38044339545887,45.77981136298823],[21.37968136058159,45.77978210868757],[21.37888922278433,45.77973461990213],[21.37768144238941,45.77966493553467],[21.37682275294942,45.77959845747333],[21.37598723037783,45.77951811220426],[21.37485368836644,45.77942643156175],[21.37307675796791,45.77930395408492],[21.37148379333657,45.77919860054056],[21.36951180027351,45.77905173185039],[21.3664955697027,45.77881790705417],[21.36412281593381,45.77862570955501],[21.3630698197609,45.77853037608856],[21.36109221137635,45.77823996387489],[21.3591259584877,45.77794223888771],[21.35865316779378,45.77787927836843],[21.35827299947931,45.77784688114039],[21.35794486046741,45.77784012428674],[21.35744962716401,45.777891324925],[21.35705943662323,45.77795697040138],[21.35650536310788,45.7781338674905],[21.3547253959478,45.77878491847649],[21.35357110096298,45.779289199565],[21.35183825934201,45.7800680888712],[21.34986102762106,45.78097702153039],[21.34862865486963,45.78152058309064],[21.34775628556797,45.78191112073124],[21.34720958738073,45.78212738991644],[21.34652933874263,45.78232415832241],[21.34607520153352,45.78239507960636],[21.34580996002136,45.78241301292514],[21.3453540187535,45.7824136102061],[21.34492304787312,45.78239129546938],[21.3446075812457,45.78236133192659],[21.34390203184757,45.78225634332436],[21.34289672902974,45.78208489534431],[21.34006162484624,45.78162110304176],[21.33791584470467,45.7812887060066],[21.3369985438443,45.78113788223389],[21.33560606051511,45.7809110191988],[21.33465332496077,45.78074905570784],[21.33376024036581,45.78061858608395],[21.33229465534365,45.78037486144881],[21.32922109129637,45.77985456714558],[21.32614650725669,45.77936516523145],[21.32355848811937,45.77895301391541],[21.32116583572946,45.77856915481722],[21.31852641153875,45.77814656259091],[21.3163378096603,45.77779470462806],[21.31330738990041,45.77729707351952],[21.31050756020067,45.77685695068386],[21.30801446626661,45.7764479716099],[21.30647555252495,45.77621743624192],[21.30633114439538,45.77622778253107],[21.30618107325424,45.7762580907862],[21.30609892768252,45.77629198464106],[21.30597816197978,45.77630776219965],[21.30587682127913,45.77630824504492],[21.30578479032209,45.77626704732472],[21.30572286597238,45.77622386638519],[21.30566570981126,45.77615723023131],[21.30560355918156,45.77611927895191],[21.30548164836706,45.77607483400687],[21.3052136334161,45.77602469338185],[21.3037421017551,45.77577643915829],[21.3016762877199,45.77542552341659],[21.2994818770093,45.77503624812833],[21.29718533391435,45.77465621994205],[21.29493989223695,45.77429525125562],[21.29270955702863,45.77395073060364],[21.29030851400385,45.77356462375013],[21.28925013352417,45.77339822220622],[21.28768365083843,45.77316345125438],[21.28674508208489,45.77299957977309],[21.28542934701006,45.77279627342221],[21.28324170672897,45.77243211909481],[21.28158894265993,45.77215355673933],[21.28024869608866,45.77192594415797],[21.27860596549069,45.77164755299034],[21.27699947702054,45.77138088957472],[21.27565948298695,45.77118520963017],[21.27519830107461,45.77109161751725],[21.27474075261369,45.77100071758374],[21.27418710890063,45.77087635554119],[21.27236362515989,45.77047534660151],[21.27155724976281,45.77029584132935],[21.26949374526532,45.76985237133123],[21.26841285176596,45.76962398856396],[21.26792193035515,45.76952449410793],[21.26728675971699,45.76937741295554],[21.26665675991818,45.76921710196416],[21.26606901032848,45.76901607004857],[21.26554089407631,45.76882416276158],[21.26519265521161,45.76868369228388],[21.26479995765521,45.76848421419673],[21.26419916666638,45.76806826802406],[21.2633764584754,45.76745213984091],[21.26283497717339,45.76705316309048],[21.26181470452614,45.76631035644727],[21.26146136312484,45.76606983165434],[21.26094554912757,45.76573897243492],[21.25997972632499,45.76517906817177],[21.2595261030592,45.76491709883708],[21.25929128661855,45.76479689454411],[21.25903057894198,45.7646682816122],[21.25883889753635,45.76459087970153],[21.25842053095653,45.76446411322186],[21.25788158464861,45.76434832014701],[21.25697156581628,45.76414031514514],[21.25564380626817,45.76384894159696],[21.2554201811672,45.76381534113916],[21.25402343303021,45.76372771115254],[21.25272140438802,45.76367351156543],[21.25210824699103,45.76363935107837],[21.25162328939239,45.76357655833637],[21.25098349549091,45.76346067032357],[21.24957189725541,45.76314233390664],[21.2481800651838,45.76279218888912],[21.24720355562322,45.76256172710663],[21.24607670491794,45.76229425171574],[21.24586093568993,45.76225294980302],[21.24501478528821,45.7619598507976],[21.24368794697353,45.76149498858409],[21.24275994104085,45.76118701524226],[21.24161617002791,45.76079119965473],[21.24078165779585,45.76049046807394],[21.23964154985759,45.76009756013601],[21.23793870386056,45.75952666298029],[21.23638142741303,45.75899284311382],[21.23475706623838,45.75842495546994],[21.23416253512606,45.75822623198106],[21.23389103955927,45.75817322864975],[21.23368607299529,45.75814260714181],[21.23328526573219,45.75816110802089],[21.23311872840658,45.75819413650142],[21.23302840553228,45.75822358468633],[21.23267169357283,45.7583990566307],[21.23210851159971,45.75866165196114],[21.23150206869908,45.75893933813936],[21.2309208364624,45.75918583181608],[21.23053321116937,45.7593372931713],[21.23036713586225,45.75935985842946],[21.22971934186207,45.75941645033645],[21.22912373905595,45.75946370364285],[21.22870217501569,45.75949992674937],[21.22854722539542,45.75952534865598],[21.22841066474727,45.759559022303],[21.22832599079606,45.7596069108961],[21.22823991481711,45.75968617728586],[21.22817058267393,45.75972654734787],[21.22806763564704,45.75976356904243],[21.22797733435938,45.7597694573153],[21.22787660707594,45.7597567972595],[21.22776522009372,45.7597308184675],[21.22769962652607,45.75968751400772],[21.22760498423007,45.75962263876055],[21.22757077665627,45.75954860851306],[21.22756802732327,45.75946623574271],[21.22758294755137,45.75940081938198],[21.22762503576956,45.75932337307097],[21.22770162478033,45.75927522640207],[21.22782013610754,45.75924605463378],[21.22792133327539,45.75923925182567],[21.2280373202164,45.75924279211051],[21.22818779909799,45.75928079707847],[21.22828149221739,45.75933252910044],[21.22832833002225,45.7593635604801],[21.22848124173742,45.75942222862414],[21.22869594538608,45.75942584987849],[21.2289896689435,45.7594019870261]]},"properties":{"line":"M27","dir":"1","mode":"bus"}},{"type":"Feature","geometry":{"type":"LineString","coordinates":[[21.26122523867477,45.76576017128195],[21.26177154178332,45.76613386283005],[21.26208686966347,45.7663552275402],[21.26211906153565,45.76636981003004],[21.26217562025214,45.76635695552687],[21.26341230049412,45.7654305522222],[21.26349457123479,45.76535957525918],[21.26352184153475,45.76529497929091],[21.26353149930739,45.76523795870408],[21.2635305552603,45.76518350316261],[21.26349028027533,45.76511205007176],[21.26279807122987,45.76407610247329],[21.26278678337539,45.76403906332165],[21.26279687044677,45.76400679516981],[21.26284615894465,45.76398409915038],[21.26295944316388,45.76396829055209],[21.26311530525104,45.763952122773],[21.26449113264475,45.76389100026599],[21.26713363904619,45.76382670221881],[21.26974345455573,45.76378229308025],[21.27181775336616,45.76374980922955],[21.27440535074727,45.7636955798914],[21.27479087820625,45.76368733927017],[21.27505015370932,45.76369997945456],[21.27533110964467,45.76373471451574],[21.27558740329157,45.7637795620319],[21.27570860631511,45.76381070963917],[21.2758325127026,45.76382203106984],[21.2774004537748,45.76378881695764],[21.27920594249361,45.76374859690273],[21.28164117643185,45.76369550909021],[21.28337175712455,45.7636657692491],[21.28545110152237,45.76362341651545],[21.28798243675118,45.76354372122491],[21.28904894330467,45.76351152997656],[21.29213669082908,45.76343226794494],[21.29397868238348,45.76339657246787],[21.29616059604355,45.76334476270965],[21.29942756772645,45.76326374186686],[21.30322694434697,45.76315499152616],[21.30357188576154,45.76313386275051],[21.30384440042639,45.76311321286536],[21.30402754282692,45.76311160294272],[21.30413276082115,45.76314197211877],[21.30425321208518,45.76318785438506],[21.30429120043506,45.76322142243874],[21.30435871322738,45.7632338680052],[21.30443701493192,45.76322274796537],[21.3044888707776,45.76319621330395],[21.30471887687271,45.76289167805274],[21.30504642470912,45.7624797590794],[21.30513859010975,45.76240853629812],[21.30528691247405,45.76234203485015],[21.30559571237685,45.76226108106184],[21.30587134611491,45.76220649684124],[21.30606625601798,45.7621674776619]]},"properties":{"line":"M29","dir":"0","mode":"bus"}},{"type":"Feature","geometry":{"type":"LineString","coordinates":[[21.30610133927181,45.76220598255685],[21.30601581037536,45.76221643318784],[21.30577801720259,45.76226216520765],[21.3054987044242,45.76231795961452],[21.3053627413083,45.76235794576161],[21.30521780448032,45.76241417299661],[21.30513558415763,45.76247954556644],[21.30506057551597,45.76255940071331],[21.30482246636635,45.76284433626835],[21.3045394425354,45.76322708826439],[21.30451932490492,45.76326767083408],[21.30451556801084,45.76331619062907],[21.30453488745872,45.76335965877643],[21.30455197802203,45.76340799527912],[21.30455273707135,45.76345001051607],[21.30449920461255,45.76350100582814],[21.30444639456077,45.76352732983528],[21.30438162292936,45.76353274809665],[21.30432130895346,45.76352842981079],[21.30426299013129,45.7635063154838],[21.30422766038213,45.76347430165242],[21.3042200981809,45.76344042745362],[21.30422388443503,45.76339352368995],[21.3042278751049,45.76335793170696],[21.30423206998615,45.76333365148427],[21.30423148616562,45.76330133216409],[21.30422169514332,45.76327232623537],[21.30420738815507,45.76324982489501],[21.30419299348929,45.76322247565488],[21.30416006779436,45.76319528930623],[21.30410728563341,45.76316666155947],[21.30403970216434,45.76314462857156],[21.30392834113579,45.76313591006488],[21.30369690805482,45.76314925742169],[21.30309520413323,45.76318525104364],[21.30254975775527,45.76319812083348],[21.30150649924197,45.76322828348859],[21.30037636422596,45.76326081382989],[21.29853701588874,45.76331408107436],[21.29684019737608,45.76335961012668],[21.29544103259746,45.76339120686058],[21.29407467957584,45.76342411718828],[21.29236494771393,45.76345650969153],[21.29101343476357,45.7634908707516],[21.28964986262228,45.76352208797596],[21.28828194114738,45.76355817520317],[21.28606613894534,45.76363048444211],[21.2843224933648,45.76366976748456],[21.28263251454032,45.7636988649086],[21.28054540115332,45.76374427719712],[21.27862228955517,45.76378016532135],[21.27651639764968,45.76383051375757],[21.27572087585428,45.76383569629903],[21.27561395211048,45.76381559891195],[21.27541388973157,45.76376882123876],[21.27525591982122,45.76374431075089],[21.27498896466544,45.7637142654888],[21.27474333864884,45.7637115131785],[21.27392141512593,45.76372660600962],[21.27242509937467,45.76375390125892],[21.27085659856935,45.76378502317233],[21.26945205391627,45.76380988339903],[21.26751173275469,45.76384249865303],[21.26559348317311,45.76388297550813],[21.26369163139664,45.76394361530603],[21.26301602179836,45.76398648692123],[21.26289570738628,45.76399558237868],[21.26281440826143,45.76398333807501],[21.26274890430787,45.76394671739136],[21.26270890916707,45.76391149784669],[21.26259031651261,45.7637524922701],[21.26215478119059,45.76311245935005],[21.26155493853574,45.76226775413912],[21.26117224179388,45.76169802304783],[21.26054297083316,45.76071675788882],[21.26020754843617,45.76022261962908],[21.2601419109696,45.76017791747547],[21.26006544588078,45.76017694401686],[21.26001702721969,45.76019028068749],[21.25936880574225,45.76041553286202],[21.25933442395237,45.76043683241286],[21.25928344848952,45.76045798840616],[21.25920883452961,45.76045572465326],[21.25909484433463,45.76033239243571],[21.25898879062483,45.76018876049062],[21.2588573845958,45.76001643726077],[21.25863384997834,45.75978707890604],[21.25846556319265,45.75963818892554],[21.25819691362908,45.75943522281386],[21.25789477786411,45.75921230387824],[21.25757482928226,45.75891727223839],[21.25703764283934,45.758414827347],[21.25632236351291,45.75777625325607],[21.25609150560436,45.75760186935855],[21.25591933596579,45.75746745963057],[21.25574561995408,45.75726293100109],[21.25558061337394,45.75709559395868],[21.25552702562468,45.75701551783139],[21.25550445196264,45.75698119616985],[21.25551203550919,45.75694278769291],[21.25553868717347,45.75689463343534],[21.25558761581474,45.75686354800975],[21.25563988524437,45.75686694518432],[21.25570085873277,45.75689711098381],[21.25577665774297,45.75699042191196],[21.25589227431489,45.75716200659903],[21.2559910762356,45.7573145593284],[21.25610050621789,45.75744593323555],[21.25621784963857,45.75755806832434],[21.25645809904031,45.7577861262946],[21.25692281203633,45.75822482580672],[21.25775259478331,45.75889792875185],[21.25804241669963,45.75913153356556],[21.25827635922504,45.75931170955036],[21.25839069927013,45.75940852998519],[21.25851351441706,45.7595187001408],[21.25860044507528,45.75961958531315],[21.25876970385373,45.75981776002535],[21.25910346234697,45.7602079960622],[21.25936848618291,45.76051732626858],[21.25964488043943,45.76092721415676],[21.26003178641889,45.76150990075464],[21.2602995497742,45.76189685326231],[21.26061547821029,45.76239599563998],[21.26076558695194,45.76265356285614],[21.26082771431929,45.76280152423837],[21.26085231522227,45.76295278025401],[21.26085523185814,45.76312147416476],[21.26082104948503,45.76368782057235],[21.26078224528658,45.76414576696082],[21.26076780037621,45.76449710013964],[21.26072771544607,45.76504002022918],[21.26070965798259,45.76526736666441],[21.26071624736303,45.76533058051899],[21.26073942393413,45.76539940665706],[21.26079266248858,45.76545839363472],[21.26094019389753,45.76556643611756],[21.26122186544891,45.76575884771646]]},"properties":{"line":"M29","dir":"1","mode":"bus"}},{"type":"Feature","geometry":{"type":"LineString","coordinates":[[21.2333031592946,45.75777882784749],[21.23665034073867,45.75897489787117],[21.24139060728758,45.76058212190047],[21.24565112213714,45.76201482642972],[21.24639359819571,45.76223525592741],[21.24849889571841,45.7627489701988],[21.25118677266906,45.76339480453756],[21.251766952396,45.7635075743859],[21.25239501171492,45.76356192963356],[21.25393039928138,45.76364305104853],[21.2551207303968,45.76370999299013],[21.25549528546254,45.76373657636388],[21.25591995593019,45.76382009038461],[21.25676929963002,45.76400797894049],[21.25837007364519,45.76436602730291],[21.25890839237146,45.76452882868579],[21.25931512035469,45.76468326908413],[21.26092611220971,45.76557315971151],[21.26200891332476,45.76632349940298],[21.26207865129624,45.76635776729782],[21.26214426644433,45.76637092909603],[21.26253710148042,45.76608102884427],[21.26334590214648,45.76548650765798],[21.26349146716451,45.76537378141961],[21.26355484794182,45.76528668818586],[21.26353576782535,45.76518362509538],[21.26284240579654,45.76415693565921],[21.26276301925478,45.76403721626479],[21.26283933659457,45.76396175226061],[21.2641639753367,45.76390841512884],[21.2671223755345,45.76383680086611],[21.26742061516525,45.76382436726589],[21.26933775497928,45.7637769799011],[21.27090552670811,45.76374984444682],[21.27220008538877,45.7637255492785],[21.2741577572057,45.76368814097179],[21.27469724327884,45.76366992950921],[21.27491459234236,45.76367800903554],[21.27521018906696,45.76370428051343],[21.27549419737809,45.76375481202037],[21.2756932188381,45.76379523665467],[21.27594824151358,45.76380735596807],[21.27721465887849,45.76377899135944],[21.2798653370399,45.76372220930353],[21.28148994642536,45.76369174609493],[21.28358546208403,45.76364907931564],[21.28568071385991,45.76359424413577],[21.28786708753979,45.76353127049929],[21.29155086393356,45.76345788742391],[21.29344036636298,45.76340092591107],[21.29599003158413,45.76335187692016],[21.29798222903026,45.76330336635657],[21.30050820228857,45.76324209279052],[21.3023717254626,45.7631809470071],[21.30368797058593,45.76313176300546],[21.30392559496804,45.76311956483354],[21.30408788496356,45.76312760475889],[21.30417193762036,45.76314779724466],[21.30424151753485,45.76319629742945],[21.30431108676293,45.76322660246],[21.30439802340653,45.7632225337921],[21.30445307514088,45.7632063442687],[21.30450230779024,45.76315174441461],[21.30501486561455,45.76251678176177],[21.30515171298354,45.76239323783325],[21.30532264568024,45.76232242792585],[21.30557472822717,45.76226574492034],[21.30598618069509,45.76218475218681]]},"properties":{"line":"M30","dir":"0","mode":"bus"}},{"type":"Feature","geometry":{"type":"LineString","coordinates":[[21.30608069126972,45.7622083581667],[21.30574639080895,45.76227153979607],[21.30548778271199,45.76232296177476],[21.3053174905374,45.76237435666502],[21.30520607555794,45.76242573371616],[21.30511359426774,45.7624917746557],[21.3049475961083,45.76268986414905],[21.30457134687489,45.76318758986478],[21.30452512507572,45.76325361684486],[21.30451884225406,45.7632961607079],[21.30453359361241,45.7633489671535],[21.30454834676799,45.76340470759956],[21.30453469753199,45.76345976003869],[21.30450107997089,45.76350524574961],[21.30444853004135,45.76353900126824],[21.30441700902971,45.76357421759363],[21.30438970502944,45.76362850321271],[21.30435612942241,45.76374440314655],[21.30433727868959,45.76386910068955],[21.3043352501187,45.76399332547825],[21.30441892468596,45.76467331232108],[21.30442494472788,45.76481817286677],[21.30442798960939,45.76494854828999],[21.30441321693747,45.76504953033321],[21.30436882069081,45.7652192384443],[21.30388323932399,45.76677904495487],[21.3036233820391,45.76763110959256],[21.30313716206008,45.76917732590265],[21.30260327557286,45.77085290444921],[21.30265897792651,45.77087508641797],[21.30277037170921,45.77090002754922],[21.30532438516567,45.771251681235],[21.30784209706815,45.77160907971856],[21.30787617003308,45.77162202908308],[21.30788858853181,45.77166954630043],[21.30787006936873,45.77176243463131],[21.30739717159875,45.77315437909099],[21.30729519702212,45.77349374290915],[21.30722105029858,45.77376809351271],[21.30716548537177,45.774044598705],[21.3070573650395,45.77446357895581],[21.30686863066731,45.77520660462185],[21.30678046045282,45.77554865386166],[21.30671528167956,45.77569963937272],[21.30664410754324,45.77578822384552],[21.30638406266714,45.7759503087655],[21.30632097919893,45.77598781868006],[21.30629426999392,45.77602325127445],[21.30629431485632,45.77609409996513],[21.30629168654647,45.77616494947975],[21.30625696715153,45.7762153000394],[21.30617680132613,45.77626193568227],[21.30608593559145,45.77629738790739],[21.30597367256886,45.7763142022174],[21.30585604559282,45.77630305144116],[21.30576780388949,45.77626019614332],[21.30570361854525,45.77621360459038],[21.30567151025179,45.77616513884945],[21.30560464836488,45.77611295471749],[21.30548433118962,45.77607383771174],[21.30533461710857,45.77604778045539],[21.30418645422793,45.77585235234786],[21.30215951116742,45.77550613247604],[21.30098535120005,45.77530691571201],[21.29957570456461,45.77505371167215],[21.29820961125407,45.77482284855074],[21.29614298596483,45.77448762599791],[21.2937672386937,45.77411143085345],[21.29153212642136,45.773759372242],[21.28930163737264,45.7734100149481],[21.28730246739973,45.77309485203755],[21.28635615974741,45.77294209421322],[21.28407185668841,45.77257499588632],[21.28150673658842,45.77214445538084],[21.27936283161337,45.77177689671545],[21.27706487601109,45.77139384412899],[21.27559760556188,45.77117443125137],[21.27512790386902,45.77108404422872],[21.27355618903292,45.77073356952302],[21.27183636523953,45.77035761390702],[21.26941134833033,45.76983578050705],[21.26792391481615,45.76952790095773],[21.26705591966677,45.76932379750675],[21.26648126589565,45.76916529690004],[21.26587481376199,45.76895687769877],[21.2652328815167,45.76869990464936],[21.26479188644491,45.76848546866999],[21.26417535587838,45.76805118119677],[21.26334310353026,45.76743279466611],[21.26234593237796,45.76668663540543],[21.2618480644744,45.76633677937379],[21.26120935899578,45.76590417297731],[21.26028643576338,45.76535051587529],[21.25968929534279,45.76501378034969],[21.25917956557579,45.76473199472466],[21.2588856021358,45.76460890995865],[21.25838046353581,45.76445616774215],[21.25661128180202,45.76405696351614],[21.25570760816772,45.76385729586788],[21.25543768776333,45.76381624144227],[21.25439271947088,45.76373964981576],[21.25374176389539,45.7637209110536],[21.25327673397752,45.76370592304075],[21.25257721005483,45.76366479758371],[21.25211753205972,45.76364048385376],[21.25155775602064,45.76357093355],[21.25114353226888,45.76349628409451],[21.25068922448599,45.76340484523545],[21.24975239200833,45.76318069755967],[21.24776959777397,45.76269584338689],[21.24640291625122,45.762378039657],[21.24587294439998,45.76224801615072],[21.24550152021353,45.76212860976536],[21.24485220815193,45.76189540676012],[21.24361121334524,45.76146625252313],[21.24211184404894,45.76096871480283],[21.24067373974955,45.76045054531553],[21.2388108985682,45.75981464146625],[21.23689919335695,45.75918365185946],[21.23580568603907,45.75878620208102],[21.23415559314659,45.75821975586176],[21.23390223212662,45.75817535833532],[21.23368045018405,45.75814545536905],[21.23345597620309,45.75814538211785],[21.23322881604768,45.75816581636149],[21.23306845079319,45.75820491664974],[21.23290007081884,45.75824028515695],[21.23278782325622,45.75825516331628],[21.23267825813696,45.75825512672142],[21.23257406058545,45.75822153184388],[21.23249658634571,45.7581879458477],[21.23244045995026,45.75813548460575],[21.23238706150222,45.7580664823498],[21.23236839795091,45.75800494954287],[21.23236309851498,45.75793969235556],[21.23237917616863,45.75787630681226],[21.23244336794045,45.75779429305548],[21.23250753509516,45.75774770359985],[21.23260911417247,45.75770112666199],[21.23269998859102,45.75767691931753],[21.23282292144032,45.75766577365362],[21.23293247756259,45.75767699670872]]},"properties":{"line":"M30","dir":"1","mode":"bus"}},{"type":"Feature","geometry":{"type":"LineString","coordinates":[[21.2333031592946,45.75777882784749],[21.23665034073867,45.75897489787117],[21.24139060728758,45.76058212190047],[21.24565112213714,45.76201482642972],[21.24639359819571,45.76223525592741],[21.24849889571841,45.7627489701988],[21.25118677266906,45.76339480453756],[21.251766952396,45.7635075743859],[21.25239501171492,45.76356192963356],[21.25393039928138,45.76364305104853],[21.2551207303968,45.76370999299013],[21.25549528546254,45.76373657636388],[21.25591995593019,45.76382009038461],[21.25676929963002,45.76400797894049],[21.25837007364519,45.76436602730291],[21.25890839237146,45.76452882868579],[21.25931512035469,45.76468326908413],[21.26058877559291,45.76535812579156],[21.26065751845699,45.76550330960804],[21.26068690688015,45.76601594322197],[21.26058225635934,45.76777194758535],[21.26054751114359,45.76862997696514],[21.26031674294658,45.77088531171175],[21.26028912807477,45.77161466199671],[21.26019746606979,45.77230087842242],[21.26014644138147,45.77248680120564],[21.26005598393214,45.77264681236275],[21.25921846488832,45.77354279967366],[21.2592651518755,45.77365927291643],[21.25965092019117,45.77387049861193],[21.26291972285652,45.77550763437455],[21.26563879710929,45.77689543734581],[21.2659067993405,45.77699596651875],[21.26619663117389,45.77705183270654],[21.26663190336592,45.77705565549573],[21.26705719051576,45.77700510111256],[21.26759833581831,45.77685325422703],[21.26862334266003,45.77651615629409],[21.26865618193987,45.77645971121543],[21.26861806268472,45.77637901004239],[21.26770122762612,45.77504837513216],[21.2675046582061,45.77471895676833],[21.2675232292244,45.77465270656091],[21.26764392069007,45.77463266737817],[21.26852612040321,45.7743500878035],[21.26996866794702,45.77387309169862],[21.27105499262971,45.77352651533845],[21.27120154233784,45.77350647224834],[21.27135383936029,45.77351448875228],[21.27147165424094,45.77353653512382],[21.27161245787582,45.77358463680453],[21.27186245781737,45.773700882691],[21.27240176840413,45.77400953524418],[21.2729276394051,45.77437430427566],[21.27344665434035,45.77480229860204],[21.27376851237054,45.77513499968111],[21.2742656345702,45.77577682034554],[21.27524412946535,45.77720165575061],[21.27534437818885,45.77736192681176],[21.27545934366388,45.77757237035814],[21.27552832565899,45.77772669620659],[21.27560304871709,45.77779884686809],[21.27567202095273,45.77782890812939],[21.27574961242922,45.77783491773566],[21.27592203290022,45.77779081656503],[21.27604560055936,45.77775673863084],[21.27611169670536,45.77775873998705],[21.27617779541615,45.7777867968492],[21.2762180329904,45.77784091032004],[21.27629276214946,45.77796116331245],[21.27637384716912,45.77814549268681],[21.27646869961146,45.77833388932937],[21.27683085140647,45.77888103782607],[21.27761903570434,45.77996490760575],[21.27844840583411,45.78110129727909],[21.27934146798596,45.78232612236247],[21.28012369373338,45.78339747636429],[21.28065084448093,45.78415185462223],[21.28167209740534,45.78558822285708],[21.28262963547709,45.78690493922079],[21.2836182329475,45.78826283032048],[21.28442519018962,45.78939149366775],[21.2853782296411,45.79071230294802],[21.28641669659939,45.79213988102294],[21.28730698948364,45.79337161573589],[21.28835606046287,45.79482235369998],[21.28945898038788,45.79633294419231],[21.29072669836829,45.79808226321195],[21.29092078287415,45.79833178029542],[21.29113646574871,45.79853417356434],[21.29184099934062,45.79908121455049],[21.29246785426189,45.79957343780704],[21.2924793691728,45.7996135209837],[21.29245638960109,45.79966363201614],[21.29197641729157,45.80001046020942],[21.29194192987811,45.80004053073537],[21.29167175259131,45.80021094405125],[21.29052260165248,45.8009325193615],[21.28978711413621,45.80141406015882],[21.28956291788579,45.80156642125541],[21.28929273175999,45.80175486660202],[21.28862133604723,45.80219095628985],[21.28724721247158,45.80304509652442],[21.28666387440111,45.8034357264399],[21.28581682844663,45.80400069517755],[21.28577083838841,45.80404479523938],[21.28575073051315,45.80411294319867],[21.28577375079431,45.80418709841841],[21.2859492263968,45.80453513446887],[21.2863901753857,45.8053655058972],[21.286912666025,45.80622040171581],[21.28718653082959,45.80666226000859],[21.28736941708501,45.80699627111777],[21.28773415476531,45.80760935052795],[21.28802591749371,45.80825568477858],[21.28826850581569,45.80867960775899],[21.28865106718638,45.80922597175922],[21.28879930393301,45.80941253287467],[21.28889969749666,45.80945916329034],[21.28903354008621,45.80947246968699],[21.28916736423721,45.809429134302],[21.28989375582885,45.80896588947693],[21.29078466814697,45.80836933989649],[21.2928537961779,45.80698291896918],[21.29493240488947,45.80563851244662],[21.29722971410525,45.80413452984924],[21.29851975601033,45.80327793877691],[21.30029241571148,45.80208971669906],[21.30216341214808,45.8008649692784],[21.30462106884315,45.79924501158179],[21.30588700785867,45.79840833458951],[21.30642459843662,45.79804572420124]]},"properties":{"line":"M35","dir":"0","mode":"bus"}},{"type":"Feature","geometry":{"type":"LineString","coordinates":[[21.30645073415485,45.79809668611543],[21.30573039653914,45.7985665561718],[21.30467074343941,45.79925496548343],[21.30461332233334,45.7992913895413],[21.30454543500112,45.79929140957109],[21.30449840570764,45.79924045345469],[21.3030407831111,45.79810861109155],[21.30194669288063,45.79730057880867],[21.30191535936063,45.79729694652332],[21.3017639742791,45.7973880047154],[21.30052679348063,45.79818564501799],[21.29881302550998,45.79930151269228],[21.29765106866505,45.80006353393042],[21.29682098549885,45.80058798728316],[21.29502655924225,45.80176025434895],[21.29457619426415,45.8020582890099],[21.29449264244607,45.8020728691369],[21.29440907232147,45.80204376074498],[21.29357845025326,45.80139588218695],[21.29223966985296,45.80038535724545],[21.29207773460997,45.80025899957418],[21.29196803483137,45.80017164274253],[21.29192624055613,45.80012796187059],[21.29190372221819,45.80007541453424],[21.29190723357735,45.80002866936026],[21.29196367722443,45.79997699404235],[21.29242231378085,45.79965461849664],[21.29243288718482,45.79962017321904],[21.29242934298145,45.79958081005893],[21.2918892576365,45.79915528622902],[21.29106256059756,45.79851618730851],[21.29090723480517,45.79835875881771],[21.29066715876648,45.79803896758893],[21.2897730819404,45.79682574605779],[21.28863321889266,45.79525942895904],[21.28754121010646,45.79376292530064],[21.28620255004078,45.7919207339154],[21.28530674972366,45.79066900438703],[21.28464327503962,45.78974281566796],[21.28373037994227,45.78848956242594],[21.28283261121721,45.78723951843627],[21.2818952211459,45.7859660086908],[21.28098803714776,45.78468677448624],[21.28028902821478,45.78370102590275],[21.27977443046631,45.78299279262989],[21.27915682664315,45.78214020247118],[21.27869459085109,45.78150302956918],[21.27802487501434,45.7805800386067],[21.27723745485128,45.77949999660419],[21.27667170388109,45.7787299020117],[21.27658512844469,45.7786029073469],[21.27646517284042,45.77842085567799],[21.2763346297053,45.7781871389721],[21.27625264785731,45.77801785411683],[21.27619972343151,45.77789730506795],[21.27617502589741,45.77784564124802],[21.2761291643354,45.77780627950912],[21.27606919533084,45.77779398096107],[21.27598806289229,45.77780136515139],[21.27579052639297,45.77786041913059],[21.2756988110628,45.77786780357939],[21.27560003832599,45.77785058582914],[21.27553653967608,45.77781860516288],[21.2754906774435,45.77776940207087],[21.27544220040082,45.77766840219813],[21.27535399812782,45.77749126838221],[21.27521993355436,45.77725508989907],[21.27463672591877,45.77639364810901],[21.27382216602042,45.77527350935766],[21.27359718487548,45.77501252716935],[21.27323385463439,45.77466810206343],[21.27279207488681,45.77433027821408],[21.27210071658172,45.77387760396734],[21.27165627575364,45.77364880414958],[21.27148255985552,45.77358224751449],[21.27129914302098,45.77354780469255],[21.27117216223441,45.77354534459398],[21.27105929040383,45.77355764577828],[21.2708370735604,45.77362899230625],[21.26882561237817,45.77428585533281],[21.26765588264943,45.77466250147091],[21.26758180774945,45.77468464143701],[21.26755768028914,45.77470960918979],[21.26755843845793,45.77477656395028],[21.26774721232036,45.77506292076212],[21.26855910779287,45.77624869888999],[21.2686857124835,45.77644580733235],[21.26866690219343,45.77650656201992],[21.26857797395204,45.77655248297435],[21.26796475634691,45.77675593158481],[21.2672749218287,45.77697201139975],[21.26702696501266,45.77704149755524],[21.26678884704465,45.77707336521912],[21.26638898338369,45.77707523893363],[21.26614079262767,45.77706757548152],[21.26589633448464,45.77703043359449],[21.26561093098766,45.77691982434543],[21.26477724153121,45.77649185717317],[21.26268541791821,45.77544014398269],[21.26072461619286,45.77447288906742],[21.25926810256515,45.77374952291912],[21.2590933652735,45.77364704129945],[21.25904257882659,45.77361071400756],[21.25902703844129,45.77354510646809],[21.25904293624298,45.77347316320078],[21.25911942114318,45.77339940947359],[21.2594462787949,45.77312241445955],[21.25978735076977,45.77277585901948],[21.25992690760833,45.7726199768656],[21.25999328232637,45.77249431633703],[21.26002486415808,45.7723572357721],[21.26010216997107,45.77198525175621],[21.2602399870537,45.77096552952702],[21.26032606486352,45.76963273740171],[21.26041824412149,45.76858511281539],[21.26050261208698,45.76731749879424],[21.26054057137917,45.76676675848879],[21.26055406062497,45.76623456651229],[21.26051269551887,45.7661235116099],[21.26048469101871,45.76596681818621],[21.26048545932683,45.76555609879644],[21.26040008585446,45.76541500430682],[21.25933256685909,45.76481058246083],[21.25916548842864,45.76472798350441],[21.2588330591546,45.76459075311642],[21.25835078999323,45.76445023774053],[21.25699759835161,45.76414628121988],[21.25576609036341,45.7638681510694],[21.25539619401541,45.76381256977462],[21.25412259075674,45.7637307226886],[21.25268731370878,45.76367170592331],[21.25212371328891,45.76364875032181],[21.25159462209168,45.76357679634886],[21.25075183302678,45.7634165849109],[21.24973019824099,45.76317553922524],[21.24825068479098,45.76281592449477],[21.24643686849174,45.76239075985595],[21.24587036136825,45.76225670583824],[21.24542560109102,45.76210634243343],[21.24488450019827,45.76191144156905],[21.24265610297892,45.7611530652434],[21.24172633984727,45.76083432346326],[21.24118687007864,45.76063376533575],[21.23980590644773,45.76015321797401],[21.23810662790469,45.75957782937759],[21.23622924213581,45.75894111492769],[21.23448401762672,45.75833169562728],[21.23424807697041,45.75824897448714],[21.23415815467292,45.75822429423526],[21.23389158382025,45.75817490546368],[21.23371493674824,45.75814795567746],[21.23352542468328,45.75814565277657],[21.23332626553942,45.75815903365821],[21.23322025860377,45.75817020391653],[21.23310460444844,45.75819705818957],[21.23289578650392,45.75824180972246],[21.23278335295473,45.75825521852084],[21.23268056636249,45.75825294312376],[21.23250794769423,45.75819863078289],[21.23243090848862,45.75812465068045],[21.2323827736252,45.75805740335356],[21.23236034476228,45.75797671843026],[21.23236682470262,45.75789604322461],[21.23241184023848,45.75782882725054],[21.23247933400927,45.75777058297447],[21.23259179647999,45.75771235373745],[21.23269781769016,45.75767877367539],[21.23282630785513,45.75766761137739],[21.23296762785065,45.75768334565173]]},"properties":{"line":"M35","dir":"1","mode":"bus"}},{"type":"Feature","geometry":{"type":"LineString","coordinates":[[21.21515098419812,45.74547086820828],[21.21495559357622,45.74526821719498],[21.21434879236216,45.74462047461438],[21.21348221514933,45.74373681637105],[21.21293994514991,45.74315863023616],[21.21266339639933,45.74283427424741],[21.2120124862091,45.74198037306016],[21.21150226210022,45.74134962909397],[21.21117367390539,45.74094097996127],[21.21083898405061,45.74049450951281],[21.21057996412391,45.74012432479518],[21.21019060186605,45.73959664064021],[21.21012620645913,45.7395104807599],[21.2100188656787,45.73940651231005],[21.20991509664018,45.73933441138124],[21.20980456348407,45.73929875976009],[21.20967857098861,45.73927747192089],[21.20959244533255,45.73922690502776],[21.20954137380354,45.7391471446867],[21.20944346140907,45.73910350945317],[21.2092952593115,45.73906749049231],[21.20866061232455,45.73897229169895],[21.20712084640157,45.73874469937294],[21.20493357232265,45.73842515723036],[21.20389920291714,45.73825599663054],[21.20255022358414,45.73797244559163],[21.20143292831055,45.73772779068656],[21.19990128068865,45.73739739090828],[21.1980179243554,45.73701241184248],[21.19671738673373,45.73673730965093],[21.19655133135532,45.73667827451781],[21.19634531677278,45.73655320909294],[21.19529329691478,45.7358703218503],[21.19420685558218,45.7351829155676],[21.19304668567919,45.73441459154264],[21.19176939894703,45.73360739648782],[21.19054370731986,45.732802885133],[21.18909813602095,45.73185682102861],[21.1878180531346,45.73101598141605],[21.18625207956527,45.72999176125314],[21.1849018783201,45.72910275684422],[21.18359769995132,45.72824722489835],[21.18278576757928,45.72770992049428],[21.1826502074491,45.72764318113794],[21.18193156599981,45.72740791576244],[21.18118215793605,45.72717938695419],[21.18056906491326,45.72703044933569],[21.18039631791098,45.72697389254856],[21.18024651262274,45.726890715842],[21.17924581702238,45.72624207627117],[21.17787717312148,45.72535020137662],[21.17630438810396,45.72433518205386],[21.1751178187845,45.72357203232324],[21.17400283662472,45.72283855256513],[21.17302987053888,45.72219773361091],[21.17180980332444,45.72137605264173],[21.1710658038915,45.72087884564364],[21.1699884865149,45.72013500922421],[21.16932538690186,45.71972550789088],[21.1691835491133,45.7196731628745],[21.16903249880666,45.7196495787343],[21.16892972289556,45.71963945323478],[21.16878319129784,45.71964677392669],[21.16861995501104,45.71967822123914],[21.1681874718826,45.71983829519995],[21.16660180976893,45.72040590459275],[21.16539776455054,45.72084247569066],[21.16500020806281,45.72101646862416],[21.16454164292849,45.72127231600191],[21.16403869653693,45.72166444557421],[21.1639998797365,45.72172470486219],[21.16402213505751,45.72177436867955],[21.16411330571565,45.72184190102259],[21.1643045230395,45.72193867707841],[21.16445522420803,45.72204807432758],[21.16454417352868,45.72214901204145],[21.1645682990946,45.72225107736158],[21.16456504531138,45.72235123569881],[21.16449389525769,45.72246210869375],[21.16437754127662,45.72254993439756],[21.16421223137282,45.72260524426298],[21.16405562677003,45.72261750168928],[21.16386030220101,45.72259706501661],[21.16363688603754,45.72251991318475],[21.16289308523971,45.72226351987543],[21.16241690778894,45.72212164277193],[21.161908413711,45.72201607474771],[21.16151675352607,45.72194660994587],[21.16110822139261,45.7218512193465],[21.16061760141892,45.72172150201394],[21.16030365199259,45.72162923330781],[21.15879175535712,45.72124075678617],[21.15677518418393,45.72069899600913],[21.15539669266883,45.72032593935304],[21.15400854049685,45.71993624673229],[21.15232511437462,45.71953714346307],[21.15034588179262,45.71911968546441],[21.14843653339926,45.71872053122732],[21.14674579476695,45.71838782217171],[21.14525292688515,45.71807901297589],[21.14393848552829,45.71778743530474],[21.1422960973202,45.71740204313236],[21.14038605721108,45.7170034916368],[21.13841515704585,45.71662597847266],[21.13706957667531,45.71636413759783],[21.13668872149617,45.71630870195988],[21.13602103682508,45.71623911966179],[21.13528580639604,45.71620166984441],[21.13344085719874,45.7161390442409],[21.13153551369038,45.71605487032821],[21.13129764030129,45.71603718485115],[21.13001897782313,45.71588267782756],[21.12784002386367,45.71561051453004],[21.12538422657672,45.71529091120411],[21.12458802889667,45.71516865644191],[21.12439856985458,45.7151194523633],[21.12308599700003,45.71467706102973],[21.12110708516429,45.71400129004477],[21.11914494155566,45.71334464607288],[21.11709300206628,45.71263152756825],[21.11609237065505,45.71226938552771],[21.11600559701644,45.71222795812758],[21.11596234020215,45.71216195872826],[21.11594329381376,45.71210508174768],[21.11592699520056,45.71202909138608],[21.11594373068662,45.71192155683804],[21.11609812704713,45.71125819041371],[21.11611070481572,45.71112927672932],[21.11610439106144,45.71104596699186],[21.11606663050286,45.71094174085617],[21.11599833545904,45.71084279943223],[21.11592013860831,45.71075355919349],[21.11580783033325,45.71066489759442],[21.11558819466098,45.7105324867855],[21.11533745099251,45.71038897306106],[21.1151888641424,45.71033667635532],[21.1149515866376,45.71028588340627],[21.11346782993562,45.7100498260155],[21.11086644133221,45.70965908526377],[21.10880273410252,45.70935318430634],[21.10680870994355,45.70905634161124],[21.10462081882601,45.70875013220999],[21.10243041853717,45.70843611923094],[21.10194266714869,45.70837332746729],[21.10166929271919,45.70836363346959],[21.10046289333216,45.70831721698092],[21.09822861933377,45.70826186975152],[21.09779077443559,45.7082489931491],[21.09755775799283,45.70822192751149],[21.09732400200225,45.70817342378371],[21.09699301229065,45.70807650335463],[21.09616002215814,45.70780688316987],[21.09532377019856,45.70749209962018],[21.09430330235737,45.70715618875849],[21.09267860186273,45.70663941972942],[21.09182784071091,45.70634803488954],[21.09151358852289,45.7062380713518],[21.09146755194794,45.70614882232734],[21.09150603073118,45.70601814744098],[21.0918949323548,45.70545650146185],[21.09287702007309,45.70395266568372],[21.09376521879311,45.70261725271217],[21.09379109255552,45.70250462657819],[21.09378114516655,45.70238844621403],[21.09366044833538,45.70216608706249],[21.09269433989489,45.70088971246778],[21.0918310224446,45.69983322121573],[21.09173274313973,45.69974345253533],[21.09158151938021,45.69967119210591],[21.09075661454753,45.69938583162192],[21.08996329032502,45.69915395100993],[21.0872217305476,45.69832517706794],[21.08316476085375,45.69710110355852],[21.08309850315552,45.69707727733361],[21.08310741026905,45.69698986771213],[21.08318582025042,45.69684727958094],[21.08326183760882,45.69680861354993],[21.08335173665403,45.69682788995042],[21.08339477915522,45.69686872452431],[21.08334410930214,45.69695267591143],[21.08334129043616,45.69704413913124],[21.08335545649313,45.6971103873125],[21.08746769085512,45.69836304352704],[21.09098228419046,45.6994261228235],[21.09154044008175,45.69960137405564],[21.09173385489759,45.69968954738417],[21.09189939575615,45.69983220623166],[21.09263940853241,45.70076304911479],[21.09375835981338,45.70220050615464],[21.09383037356498,45.70239137344722],[21.09384741097123,45.7025406777095],[21.09379280569998,45.70268287381447],[21.09265532422016,45.70438222062073],[21.09155800715091,45.70604048013331],[21.09151133675676,45.70611541515019],[21.09142636087822,45.70616787171069],[21.09127985335617,45.70615756928357],[21.09099321170649,45.70608078937417],[21.09079041257892,45.70603890301092],[21.09061596470912,45.70602752476641],[21.09049639587898,45.70603191310853],[21.09031035078205,45.70608031221633],[21.09015874161213,45.70613766770713],[21.08999262056379,45.70622625301053],[21.08951931443614,45.70655592653344],[21.08901574110919,45.706944940622],[21.0889493211713,45.70699848526517],[21.0889253040793,45.70709421982774],[21.08894238178605,45.70719403317753],[21.08901037850181,45.70728584424043],[21.08920938182782,45.70741597845743],[21.0894173101573,45.70750782984359],[21.0896422119044,45.70759701330065],[21.08989415656176,45.70767859353255],[21.09005426445654,45.7077152426511],[21.0901872921785,45.70771301461947],[21.09028637382561,45.70771612166111],[21.09033827465588,45.70773670210391],[21.09034283105892,45.70776999213294],[21.09033065987692,45.70781309560336],[21.09029420277735,45.70784468932629],[21.09023329610893,45.7078600093876],[21.09012381762765,45.70785230982987],[21.08993310547807,45.70776493801352],[21.08967327440709,45.70765250679404],[21.08941701839503,45.70754478163447],[21.08913273861998,45.70741607491568],[21.08898263207061,45.70731848801529],[21.08887011375637,45.70725125626668],[21.08876265749216,45.70720300508702],[21.08860428236635,45.70716275577713],[21.08840213706305,45.7071399217983],[21.08803463055433,45.70707218720946],[21.08768060335569,45.7069994589348],[21.08714609776354,45.70683917947507],[21.08548980454846,45.70636127364796],[21.08376061679442,45.7058455069435],[21.08277304394172,45.70553356500587],[21.08157366919974,45.70519129871148],[21.08066406384216,45.70491048315611],[21.08026774893785,45.70479792102559],[21.0800099831954,45.70474501549175],[21.07978039873867,45.70471785623659],[21.07952758859611,45.70471014975546],[21.07848021178763,45.70472759473772],[21.07722420827642,45.70472465926064],[21.07520909677045,45.7047271836602],[21.07496450913639,45.70471859518597],[21.07453710407255,45.70469471337841],[21.07361675496876,45.70462658252676],[21.07285402658623,45.70457727677977],[21.07267220599259,45.70458029884987],[21.07177922174854,45.70461418120664],[21.07050972794831,45.70466145076521],[21.07024421347113,45.70468491973492],[21.06993536758225,45.7047353210833],[21.06950843613154,45.70482581088226],[21.06816506022108,45.70512929182838],[21.06702336163827,45.70537698667401],[21.0650623843996,45.70577591231882],[21.06349793397513,45.70609729147476],[21.06131795154212,45.70658141213443],[21.05916358555909,45.70703530027734],[21.05758018777247,45.7074004992888],[21.05541283036454,45.70788889918046],[21.05238834540854,45.70856708015048],[21.04942697973789,45.70921937784733],[21.04675741988036,45.70981628340541],[21.04466001085522,45.71028402084855],[21.04442519872508,45.71030454308849],[21.04380777301488,45.71031463612716],[21.04105438727941,45.71031432028617],[21.03957409735977,45.71032416827413],[21.0378748347124,45.71033041510398],[21.03516139776153,45.71039127227171],[21.03293675963915,45.71043459071144],[21.03125164419737,45.71047387474364],[21.03016997601053,45.71048189657244],[21.02768050715916,45.71051987639121],[21.0239248563559,45.71058781577085],[21.02155104953325,45.71063332457018]]},"properties":{"line":"M36","dir":"0","mode":"bus"}},{"type":"Feature","geometry":{"type":"LineString","coordinates":[[21.021542802419,45.71064041581947],[21.02150668308415,45.71067571600069],[21.02149866514416,45.71080892690087],[21.02155177161404,45.71190234064158],[21.02158226518313,45.71282278823395],[21.02159769735357,45.7129699780376],[21.02164713395894,45.71302815524915],[21.02176369522588,45.7130410163879],[21.02212234428413,45.71303153674432],[21.02516145186321,45.71298609109109],[21.03014669581476,45.7129016376283],[21.03027798406605,45.71288107806906],[21.03034510130853,45.71283575744352],[21.03037479579796,45.71277629981618],[21.03036010422067,45.71154173338567],[21.03027316717058,45.71045005291252],[21.0303569661717,45.7104302634041],[21.03274222710651,45.71040996424094],[21.03740326583761,45.71030465360128],[21.04123513619962,45.71028641070888],[21.0439469086966,45.71028266575826],[21.04443768180315,45.71027832888266],[21.04470073199932,45.71025191175621],[21.04543906915014,45.71007396470307],[21.04881813148554,45.70931516265792],[21.05341990025148,45.70830335675173],[21.05800406083767,45.70727331152257],[21.06244749611272,45.70629706042358],[21.06599104587687,45.70555736466257],[21.06970775159165,45.70474395869621],[21.07006923903799,45.70466424698943],[21.07026367223469,45.70463890778564],[21.07069561825018,45.70461331620643],[21.07272701031527,45.70455013060504],[21.07304390127758,45.70455592818008],[21.07402924369617,45.70462066116872],[21.07470672702036,45.70467575493997],[21.07524065539645,45.70470005656641],[21.07713625967186,45.70469433939146],[21.07910998716274,45.70468728988412],[21.07965835815356,45.70467078417331],[21.07989662501681,45.70469261711247],[21.08014067187338,45.70472909751556],[21.08178914558592,45.7052213494908],[21.0839937930271,45.70588410210861],[21.08573725257015,45.70639315135247],[21.08749574624717,45.70690693965835],[21.08795900200968,45.70702451760826],[21.0882887326143,45.70709640948103],[21.08846282194955,45.70709349719343],[21.08855728399803,45.7070607837415],[21.08863405878602,45.70702315508737],[21.08873648438556,45.70697471314954],[21.0888145946685,45.70697600182235],[21.08887864523433,45.70700088963796],[21.08889873561297,45.70704468515425],[21.08891936035007,45.70710404763093],[21.08894503628729,45.70720226540924],[21.08900706404264,45.70727651086153],[21.08922382545072,45.70741825806962],[21.08943137603129,45.70750823944301],[21.08972173505467,45.70762798628592],[21.08990118414296,45.70768205500637],[21.09005457656472,45.70771492902293],[21.090178219566,45.70771285826034],[21.09027982236577,45.70771558688638],[21.09033455457876,45.70773903714119],[21.09033909384388,45.7077788343266],[21.09032430679295,45.70781009452437],[21.09028747949051,45.70784615426502],[21.0902309456195,45.70786260737178],[21.09011628096447,45.70784902155597],[21.09000341813963,45.70779553220207],[21.08976516406818,45.70769319349044],[21.08958813537225,45.70761862659115],[21.08940461450659,45.70753973781227],[21.08925317730187,45.70747138754105],[21.08913065322844,45.70741362893688],[21.0890171083349,45.70734021366508],[21.08888423785046,45.70725826101987],[21.08879704363703,45.70721320170809],[21.08874563476787,45.7071941255159],[21.08867776652673,45.70715760333899],[21.08864144941291,45.70711612275103],[21.08863660756067,45.70706746986918],[21.08868799531844,45.70699350899619],[21.08883509982465,45.70693566759736],[21.0890438616993,45.70682584485012],[21.08924280778535,45.70670732520384],[21.08960483011326,45.70644190258965],[21.08987116233404,45.70625358293964],[21.09006708659895,45.70613954256963],[21.09024211126707,45.70606350982909],[21.09040830931623,45.70600756119436],[21.09060418022874,45.70598434287046],[21.09073612849122,45.70599349606617],[21.09093367246907,45.70601898336526],[21.09111960085734,45.70607567750688],[21.09124770451178,45.70611118871368],[21.09138650265538,45.70614939199573],[21.09157767360887,45.70619605671045],[21.09166177457468,45.70624338095601],[21.09181260340658,45.70629401683602],[21.09231064843858,45.7064792741139],[21.09319970090503,45.70678113385593],[21.09432811404374,45.70712798466755],[21.09511627778411,45.70738821975005],[21.09603496066672,45.70772057331439],[21.09667226314667,45.70793640787785],[21.09721755554132,45.70811110337085],[21.09746373393599,45.70816677521645],[21.09774765250665,45.70821295151443],[21.09800204620266,45.70823082630357],[21.09873413451585,45.70824484241876],[21.10024732450558,45.70827918600807],[21.10184761060311,45.70833259659073],[21.10217845040515,45.70837698602922],[21.10297200487644,45.70848322953787],[21.10488816965759,45.7087543880048],[21.10718943122951,45.70908727767049],[21.10909263640331,45.70937409313302],[21.11136774172622,45.70970846582104],[21.1133716482503,45.71001077906634],[21.1142663027736,45.71014519955396],[21.11483086215151,45.7102330932364],[21.11513429104244,45.71029218697021],[21.11528205935237,45.71034506026347],[21.11544614325236,45.71041094795093],[21.11572126259653,45.71056799069405],[21.11594349940396,45.71072647550974],[21.11608854953263,45.71088350743833],[21.116157046258,45.7110285476388],[21.11616376227474,45.71113033272162],[21.11614108554865,45.71129907282621],[21.11597809052229,45.71199358398787],[21.11597761739014,45.71207112389589],[21.11602524219134,45.71216335391459],[21.11606807806727,45.71220914607542],[21.11615885798549,45.7122652005119],[21.11788616267587,45.71287615558249],[21.12072500631336,45.71384482232948],[21.12236555266612,45.71439950127181],[21.12402749267781,45.71496148254892],[21.12445383725785,45.71510488293049],[21.1246395975545,45.71515488160858],[21.12538898242122,45.71526394273852],[21.1272750760918,45.71551413106008],[21.12944725223,45.7157838491234],[21.13113678203868,45.71598954874194],[21.13138859468949,45.71602290071723],[21.13172864691335,45.71603923643671],[21.13303717952409,45.71609437366968],[21.13465805458111,45.71615300520496],[21.1359079475476,45.71620911410367],[21.13620505238423,45.71623255117788],[21.1366221371928,45.71627413301357],[21.13703659828023,45.71633126514845],[21.13819632448008,45.7165561917524],[21.14081239005737,45.71706117399576],[21.14268669656327,45.717460026141],[21.14395036751996,45.7177550584638],[21.14525953269927,45.71805546096031],[21.14673892857395,45.71834896211291],[21.14785592108116,45.71856888850461],[21.1492451153045,45.71885366743172],[21.15074811411512,45.7191665243391],[21.15288885661218,45.71963312443155],[21.15349756890882,45.71978380881272],[21.15435262579796,45.720006044843],[21.15552715880935,45.72032110480723],[21.15719363079811,45.72077095598368],[21.15811222730175,45.72102036774901],[21.15920775568906,45.72131150452529],[21.16037055303715,45.72161517906887],[21.160670567571,45.72166615051997],[21.16104323758425,45.72170620035807],[21.16134978987313,45.72176068875445],[21.16174925210506,45.72184014586098],[21.16208056168747,45.72190370001226],[21.1624163651774,45.72197761419373],[21.16267257745076,45.72204404978139],[21.16287448763072,45.72210035249177],[21.16301876613582,45.72214214989227],[21.16311112291676,45.72215162104825],[21.16321553256767,45.7221431608202],[21.1633068630242,45.72212385156956],[21.16344061489153,45.72204842397733],[21.16372168348069,45.72183309048459],[21.16424191742873,45.72142973247548],[21.16448634757793,45.72125490842733],[21.16470009374889,45.72110941523923],[21.16486174905256,45.72101577802553],[21.16504118341956,45.72092129096097],[21.16531937412535,45.72080347326168],[21.16567922124168,45.72066208067776],[21.16679151588323,45.72026756386603],[21.1678303875995,45.71989067482897],[21.16831895860382,45.71971800325653],[21.16860101925943,45.71962004720707],[21.16877090472982,45.7195794267266],[21.16891661009765,45.7195724560203],[21.16902791027233,45.71957937645582],[21.16915221117783,45.71959493102771],[21.16924218589941,45.7196265907274],[21.16940088931862,45.71971686337213],[21.17121198693317,45.72093909680833],[21.17258532389209,45.72185866835245],[21.1738457428207,45.72269782849964],[21.17522639990256,45.72360129605035],[21.17630597416155,45.7242937227407],[21.17755051597945,45.72510375335637],[21.17876707364691,45.72588094640016],[21.18015536182319,45.72679119282813],[21.18041107497503,45.72693070214324],[21.1805241434356,45.72698631686973],[21.18068715759593,45.72701890348321],[21.18092852662787,45.72706951841627],[21.18147062042836,45.72723058587451],[21.18211587934896,45.72743636296953],[21.18268518733785,45.72762386184144],[21.18280801201646,45.72768594826537],[21.18431278309026,45.72866756391144],[21.18578843809749,45.72964522702385],[21.18737172967365,45.73068052245576],[21.18910868761419,45.73182699561503],[21.1908943329529,45.73300169901754],[21.19256297792748,45.73407730782879],[21.1939786562888,45.7349820185287],[21.1946621866336,45.73542561637774],[21.19527610625644,45.73581352557255],[21.19627016171853,45.73644906573197],[21.19650690464515,45.7365863557148],[21.19665895421183,45.73666563402847],[21.19683549608757,45.73672011171178],[21.19830237765338,45.7370159377797],[21.20010260450925,45.73740588748075],[21.20189442276713,45.73779568936976],[21.20391355532389,45.73821168253617],[21.20427171974649,45.73828508155349],[21.20628565876694,45.73858484208576],[21.20765307924956,45.73878682030713],[21.20887538098861,45.73895964453423],[21.20929634919524,45.73901418925448],[21.20946194108828,45.73902896763897],[21.20958427630571,45.73898913310795],[21.20966725370426,45.73891455389485],[21.20978975056668,45.73887914679901],[21.20993346240461,45.73890317472002],[21.2099802964863,45.73896880019802],[21.21003060728663,45.73912962098996],[21.21011425002335,45.73927313116884],[21.2102391333236,45.73947692945515],[21.21051314860946,45.73985308233199],[21.21091742789937,45.74037979567831],[21.21146943315286,45.74109345810998],[21.21193836052687,45.74170181438211],[21.21247484130107,45.74239131432558],[21.21295791046467,45.74299428223779],[21.21353366906312,45.74361547599025],[21.21407537077261,45.74420156119742],[21.21458124155104,45.74473098346269],[21.21515351370438,45.74530870953267],[21.21562814727541,45.74579207649071],[21.21613726108902,45.74627997656083],[21.21618800941614,45.74636546658261],[21.21618133025693,45.74644311989933],[21.21613308540332,45.74651265359786],[21.21607085343704,45.74654699252763],[21.21599544524731,45.74656827484645],[21.21591296247533,45.74656974592584],[21.21580770528131,45.74655611626039],[21.21575508207136,45.74650610365885],[21.21572084487147,45.74643804103727],[21.2157001188372,45.74630549490621],[21.21566735181321,45.74619088562125],[21.21561677738968,45.74602342759993],[21.21555570235958,45.74591596881323],[21.21552471909735,45.74585006336237],[21.21541817729642,45.74571461661607],[21.21523745542076,45.74554726299559],[21.21514563008379,45.74546693492548]]},"properties":{"line":"M36","dir":"1","mode":"bus"}},{"type":"Feature","geometry":{"type":"LineString","coordinates":[[21.21510936337036,45.74541624015148],[21.21490124720306,45.74520082043248],[21.21471012440275,45.74498292119037],[21.21399786082553,45.74426782651315],[21.2131991630144,45.74344097743867],[21.21279354390798,45.74298831163819],[21.21252054952334,45.74264239782215],[21.21192815981931,45.74187660112911],[21.21157718139859,45.74143535432963],[21.21105394513199,45.74078324517863],[21.21078116209331,45.74042058915676],[21.21044194128032,45.73991398530787],[21.21014173323631,45.73952870431829],[21.21002083451024,45.73940885233099],[21.20991161967063,45.73933257467382],[21.20981018517191,45.73930259371719],[21.20967753401747,45.73927532793142],[21.20959561730315,45.73922901223284],[21.20955663731152,45.73915275174679],[21.20954887107127,45.73907922232657],[21.20958403714908,45.73898391792469],[21.20964650232199,45.73891585283409],[21.20971285392067,45.73887774431406],[21.20976751082015,45.73881784680053],[21.20978316252531,45.73873070693601],[21.20979110886707,45.7386345676636],[21.20972889550141,45.73821517549697],[21.20949546890536,45.73689015961319],[21.20923089012921,45.73547551948858],[21.20887413665895,45.73358003023994],[21.20881064211846,45.73332182329013],[21.20870939455687,45.73296233125866],[21.20857305743955,45.7325592572222],[21.20846785559965,45.73230052133749],[21.20833178624367,45.73203389131477],[21.20821099000322,45.7317615366338],[21.20806674066306,45.73157359507875],[21.20756861618178,45.73095315666193],[21.20672578057627,45.72991262917782],[21.20637151820196,45.72958330399279],[21.20612197090042,45.72935448184611],[21.20583342461049,45.72910386101232],[21.20536658026471,45.72867726376022],[21.20511316947232,45.72839942040762],[21.20478745034329,45.72798157755081],[21.20435084591826,45.72745858943799],[21.20389477097605,45.72688657208135],[21.20348187173897,45.72640394874103],[21.20328697268399,45.72622843658743],[21.20315441336611,45.72611129727677],[21.20303353322757,45.72603228647672],[21.20292435614677,45.7259532791217],[21.20282297423369,45.72588516693397],[21.20276451862764,45.72579255897738],[21.20269048885596,45.72565365106244],[21.2025853399948,45.72537584803372],[21.20250041614885,45.72522586511349],[21.20234062640539,45.72499706398865],[21.20181051052648,45.72437055083805],[21.20085209267442,45.72321544616041],[21.19984491072515,45.7220214043925],[21.19903527483259,45.72102897794454],[21.19882092159039,45.72076747104742],[21.19816040535061,45.71997049816058],[21.19730207255603,45.71892635098447],[21.19670963884941,45.71820275053374],[21.19612118940264,45.71750810455185],[21.19529674552458,45.71647841060474],[21.19454132032304,45.7155799228558],[21.19382309790505,45.71476424081494],[21.1932581269529,45.7140668688887],[21.19255782957729,45.71324739599783],[21.19206919604094,45.71266477711323],[21.19137209776538,45.71172994365219],[21.19049646636461,45.71067448180051],[21.18976056995072,45.70977883757926],[21.18896374160392,45.70880699511078],[21.18790808027147,45.70755348750873],[21.18701578387602,45.70652141424664],[21.18690757338347,45.70638725389623],[21.18681409777124,45.70629436491966],[21.1866615249733,45.70620832637128],[21.18643014194395,45.70614632265479],[21.1862725972264,45.70611186242139],[21.18613476845622,45.70605677832744],[21.18601664941315,45.705987947842],[21.1859428840169,45.70588131111122],[21.18592820649854,45.70577814038567],[21.18597249578624,45.70565617457692],[21.18601196308151,45.70557710169658],[21.18602683542903,45.70547050760581],[21.18600231140607,45.70536733418189],[21.18592860443187,45.70520224067911],[21.18567285773241,45.70487544138959],[21.18540969503016,45.70457915752844],[21.18509975541615,45.7043972937644],[21.18483614662491,45.70422540820408],[21.18466519435315,45.70407596931945],[21.18441239173413,45.70378957903779],[21.18405636053167,45.70335875706932],[21.18386531607884,45.70311061909674],[21.18380837751202,45.70301599795868],[21.1837977523316,45.70294629202188],[21.18386203094427,45.70282434619828],[21.18385854898087,45.70273970769261],[21.18382657120531,45.70263514096044],[21.18339878804763,45.70209416236063],[21.1827421121635,45.7013148239712],[21.18239068466452,45.70089238471218],[21.18218340471022,45.70063822881903],[21.18144817721967,45.69972932856847],[21.18045647968084,45.69853500618111],[21.18004342744423,45.69802585676508],[21.17933356308176,45.69717544184039],[21.17880251874083,45.69652523698343],[21.17816799898104,45.69578176510544],[21.17720726387485,45.69460881118831],[21.17646777136036,45.69369572101115],[21.17610398948612,45.69329498741688],[21.17526237692962,45.69227136196643],[21.1741400492809,45.69089567332879],[21.17293415583362,45.68945039526602],[21.17179243345169,45.68804076898022],[21.17027071186504,45.68620739521632],[21.16933583421079,45.68509341386073],[21.16904871362033,45.68472882330065],[21.1688517986813,45.68442541312324],[21.16869834634943,45.68413565860056],[21.16859180010511,45.68377118051318],[21.16851870865692,45.6833927058991],[21.16851258394094,45.68293951873804],[21.16855985339437,45.6825791653471],[21.16868750455154,45.68210270259083],[21.16892257987758,45.68127590235724],[21.16946042530462,45.67895393135062],[21.17001835935336,45.67656411181439],[21.17059271349998,45.67407503987737],[21.17084128139111,45.67310480959328],[21.17085137450887,45.67297382403699],[21.17085148303116,45.6728838274013],[21.17080864878132,45.67280280486091],[21.17074431975175,45.67274576867421],[21.17068430564407,45.67267073558411],[21.17065867689361,45.67256272379617],[21.17072279146446,45.67246356318883],[21.170795847826,45.67240360876377],[21.17090751703794,45.67236467636791],[21.17102344301755,45.67235574516131],[21.17117368173918,45.67237383301398],[21.17125089723048,45.67242487641629],[21.17132379441918,45.67249691640269],[21.17143102268057,45.67258097589848],[21.17160268804847,45.67263207423662],[21.17202334626238,45.67269231664107],[21.17224655512037,45.67272244466766],[21.17243109031978,45.67278254870529],[21.17256836922937,45.67286962416101],[21.17265411628483,45.67296866936882],[21.17269696701805,45.67303769113855],[21.17266684763029,45.67309467148925],[21.17245641382335,45.67315154801874],[21.17197541168221,45.67328926410057],[21.17185514466185,45.67333719231914],[21.17177353066525,45.67337314336326],[21.17169621334138,45.67340609703956],[21.17161463497908,45.6734120492388],[21.17155455502539,45.67339101502478],[21.17150738712326,45.67334298941857],[21.17148597857667,45.67329497885602],[21.17148604330039,45.6732409810611],[21.17151187442795,45.67318099859219],[21.1715548459597,45.67314802504539],[21.17162789132456,45.67309706977285],[21.17172669566943,45.67304612947893],[21.17179546896696,45.67297717238555],[21.17183849015751,45.67290220053702],[21.17183856878418,45.672836203324],[21.1718343399427,45.67278220310234],[21.17178286841039,45.67274317475056],[21.17170992396023,45.67271013362456],[21.1715983195964,45.6726950691046],[21.17149958756453,45.67268601176055],[21.17140513790699,45.67268595646916],[21.17129347952381,45.67271588978081],[21.17117749892383,45.67276981947705],[21.17109590328478,45.672790770637],[21.17100572107086,45.67281171668429],[21.17092845094644,45.67280567136977],[21.17083402978913,45.67278161657931],[21.17074820953633,45.67274556726274],[21.17068819566799,45.67267053468355],[21.17065827778632,45.67255952125935],[21.17072279509046,45.67246056331288],[21.1707958514475,45.67240060888736],[21.17091181438554,45.67236180651624],[21.17097201628852,45.67228084526341],[21.17102796826213,45.67216388295157],[21.17115725634321,45.67175297538103],[21.17126079788184,45.67133005194405],[21.17145925303696,45.67051777989045],[21.1717052333018,45.66944630912231],[21.17193585302308,45.66841042680343],[21.17217344440581,45.66715782404095],[21.17227666016573,45.66634050636327],[21.17235452983276,45.66583057002471],[21.17248877190874,45.66483964100555],[21.17262304040302,45.66382137714464],[21.17280196570448,45.66243553263555],[21.17297954397307,45.66107712242449],[21.17317019213097,45.65954572489382],[21.17336186313747,45.65809383258951],[21.17355661414415,45.65670858747472],[21.17368677414295,45.65549820240046],[21.17378205275433,45.65475683374359],[21.17385984521029,45.6542888966033],[21.17398221808003,45.65363993562082],[21.17416391066946,45.6523863085079],[21.17434127330007,45.65115930787413],[21.17452300097645,45.64986112220785],[21.17463775406606,45.6489582504521],[21.17485225049144,45.6474631873805],[21.17493421332698,45.6470852483388],[21.17498166495119,45.64686628361771],[21.17502909909539,45.64666231813751],[21.17513671414444,45.6463653892487],[21.17522279112598,45.64614044500038],[21.17533030976243,45.64591725712925],[21.1755409855085,45.64555138724055],[21.17574730859228,45.64523900894356],[21.17597939423602,45.64490914874877],[21.17623718028229,45.64461829946588],[21.17650781433134,45.64434701037865],[21.1771779480285,45.64367539568999],[21.17756608119229,45.64330975820581],[21.17776373046398,45.64306387302486],[21.17803457404706,45.64258703382586],[21.17898837694678,45.64081161252374],[21.17989565297417,45.63910166127918],[21.18000960272496,45.6389298151675],[21.18019434138815,45.63869591900708],[21.1804090498191,45.63852203535148],[21.18084268514399,45.63824026603251],[21.18187299692392,45.63766480042454],[21.18362920265161,45.63665904051602],[21.18410741681405,45.63638966402263],[21.18451955112076,45.6361258685688],[21.18487162448816,45.63585604250412],[21.18517650583874,45.63558319187134],[21.18571783937404,45.63508794861111],[21.18639199324247,45.63447028058248],[21.18680853006097,45.63406248119334],[21.18708166948141,45.63374223316302],[21.18733083279567,45.63337935907959],[21.1875801123388,45.63288748736467],[21.18822978235085,45.63149297395653],[21.18821700896771,45.6314301689681],[21.18813495930805,45.6313637450659],[21.18805032305528,45.63132064547353],[21.18789897184472,45.63127931070724],[21.18756803074601,45.63121277646072],[21.1859474440961,45.63093258992847],[21.18354275740604,45.63053698431592],[21.18142106917446,45.63017804946803],[21.1798238580983,45.62991478052408],[21.17852498712894,45.62969947268274],[21.17646011163855,45.62937490067536],[21.17427181801624,45.62901275078271],[21.17170428699151,45.6285909263288],[21.16940850034564,45.62819901831958],[21.1668918928846,45.62778075759928],[21.16472037326234,45.62741241738903],[21.16230573161441,45.62702014179179],[21.16026856275073,45.62670376039428],[21.15807370811289,45.62637837041592],[21.1559377637637,45.62605508774512],[21.15334605260482,45.62565997403014],[21.15037603292577,45.62520866139325],[21.14686751923093,45.62470730941184],[21.14433671989845,45.62429730871582],[21.14328712265462,45.62413526224384],[21.14324783057237,45.62415769092059],[21.14319780728797,45.62419508495535],[21.14314755572378,45.62436724710108],[21.14298596552148,45.62485881891177],[21.14240234451256,45.62658563418575],[21.14180086378374,45.62849262296359],[21.14118317120977,45.63035059205693],[21.14051906543979,45.63229093315973],[21.14044935257625,45.63230711614399],[21.13895155843973,45.63206624818705],[21.13755037907174,45.63180108203871],[21.13646501044077,45.63150369426248],[21.13640702931097,45.63145491479361],[21.13641879826732,45.63136965158947],[21.13699106358775,45.62961122063426],[21.13758790824631,45.62773754422268],[21.13792952247537,45.62676834819049],[21.13820192252601,45.62593557343999],[21.13818614431012,45.62590233213847],[21.13633899221885,45.62559427030937],[21.1340023626957,45.62520830932489],[21.13180957551157,45.62486138019741],[21.13014191319333,45.62458661123346],[21.12798340919178,45.62424488107235],[21.12502435735152,45.62374885139404],[21.12504161596682,45.62367925326958],[21.1256279860358,45.62193064542832],[21.12565101605229,45.62189390881709],[21.12569675683329,45.62188755747018],[21.12593448422477,45.62191657455895],[21.12751160491627,45.62217076627626],[21.12974534614622,45.62253430113681],[21.13246592094686,45.62297984181128],[21.13487163153309,45.62335836517304],[21.13881129247747,45.62398808819403],[21.14271514541428,45.62465764602412]]},"properties":{"line":"M37","dir":"0","mode":"bus"}},{"type":"Feature","geometry":{"type":"LineString","coordinates":[[21.14290671105709,45.62473675879785],[21.14000453931085,45.62424191435137],[21.13814366886352,45.62393002441653],[21.13463147058253,45.62336917536388],[21.13070721831577,45.62275172257921],[21.12576029113426,45.62194036376438],[21.12567339614095,45.6219874938723],[21.12512985464966,45.62368673007844],[21.12988309321502,45.62449397787842],[21.13431240436276,45.62521661852814],[21.13830950469942,45.62588515986329],[21.13826114796924,45.62595931291081],[21.13736894333321,45.62866332108087],[21.13650554408153,45.63139162708877],[21.13653434626275,45.63146584849392],[21.13797093050118,45.6318246051795],[21.14041064035217,45.63223143242201],[21.14048786732508,45.63219777314654],[21.14108906069391,45.63038385820831],[21.14232932035766,45.62658365761871],[21.14317543379072,45.62413937607421],[21.14332980338117,45.62410577922271],[21.14495932282507,45.62434994092211],[21.14911521010626,45.62498054591953],[21.15216413532274,45.62543479974353],[21.1557416247712,45.6259972949253],[21.1602931942893,45.62666743143628],[21.16386100018084,45.62722406034807],[21.16667661651723,45.62770016361181],[21.16974067203714,45.62822467843651],[21.17272863602031,45.62871923972607],[21.17613892529855,45.6292905938233],[21.17842496118442,45.62964934250813],[21.18123438555376,45.63011670322062],[21.18526593429015,45.63078980822927],[21.18781015435787,45.63123256069164],[21.18812786504071,45.6312617264818],[21.1882958277696,45.63132257085191],[21.18831312944413,45.63141170856411],[21.18750045269744,45.63312575740895],[21.18738433583445,45.63338904506258],[21.18725800751077,45.63356190523388],[21.18691766434755,45.63399313096927],[21.18647254191426,45.63443481778223],[21.18599355642869,45.63488471490204],[21.18555180058854,45.6352820609693],[21.18510177515292,45.63569758036497],[21.18473807875119,45.63600346826194],[21.18425920312468,45.63635018631998],[21.18380548528808,45.63661448805041],[21.18304479333175,45.63704543197151],[21.18201706221728,45.63762937518005],[21.18119806955597,45.63807884061321],[21.18071029788871,45.63836301126837],[21.18046414556607,45.6385254161674],[21.18025684618157,45.63869585302196],[21.18010008581962,45.63888332756168],[21.17987153630846,45.63924582970356],[21.17947063127433,45.6399796835866],[21.17876467778109,45.64132775770734],[21.17796312295711,45.64279849455984],[21.17777861688241,45.6431113255713],[21.17758151874916,45.64334878903046],[21.1771471733663,45.64375178225249],[21.17633284221819,45.64457977530083],[21.17605065060041,45.64489533677055],[21.17582932588082,45.64519508365121],[21.17546179297395,45.64576068912197],[21.17519910581737,45.6463219787144],[21.17503732979884,45.64685021622323],[21.17491831824819,45.64754520722842],[21.17463338695595,45.64969076956653],[21.17440585016228,45.65127205782244],[21.17415258110664,45.65315554844619],[21.17389066482068,45.65482840192394],[21.17364931684513,45.65658034369339],[21.17337321935782,45.65873833454502],[21.17307458928337,45.66099164083797],[21.17288598204684,45.66251064608394],[21.17255108407871,45.66505366124175],[21.17232029101135,45.66675756104333],[21.1722230993091,45.66740756692003],[21.1719075719527,45.66894861757863],[21.17161682827157,45.67022043011101],[21.17122189338042,45.67183806508965],[21.17115865876038,45.67222535614999],[21.17117641960685,45.67231290706296],[21.17121207696348,45.67240047153598],[21.17129697879864,45.67246931514667],[21.17141762560367,45.67256944906826],[21.17155624171567,45.67262270128448],[21.17178436491826,45.67266038879384],[21.1721869514465,45.67271696457349],[21.17230771528181,45.67274206568021],[21.17243738957114,45.67279218417187],[21.17255807319071,45.67287043316282],[21.17268314149093,45.67300808649155],[21.17270097957991,45.6730450846021],[21.17266064564466,45.67308882346908],[21.17237863441609,45.67317927743105],[21.17204292256128,45.67327594350302],[21.17189968143272,45.67331960519427],[21.17169821298767,45.67340386569717],[21.17161318392334,45.6734163073517],[21.17155059328188,45.67338499670843],[21.17150591397328,45.67334432051585],[21.17148810400282,45.67328803266552],[21.17149716328539,45.67321613338416],[21.17153751766418,45.67315988945389],[21.17164501817656,45.67308181148376],[21.17173007542898,45.67305061195246],[21.17182420567326,45.67293813418186],[21.17183770971127,45.67288499654093],[21.17182892938198,45.67277556812541],[21.17173952347107,45.67272547965592],[21.17168138856842,45.67270667804571],[21.17148903456853,45.67268464913244],[21.1713995519195,45.67268458178262],[21.17128316161474,45.67272513641574],[21.17119361593565,45.67276571126818],[21.17111298445782,45.67282817718475],[21.17102332679478,45.67294065778342],[21.17095138556539,45.67316882675905],[21.17066327211707,45.67430213886905],[21.17038349449884,45.67539824163076],[21.16994604234731,45.67729190305034],[21.16958848139191,45.67881014530176],[21.16917552794044,45.68054350537594],[21.16872357364545,45.68243980446935],[21.16867836534171,45.6827273943296],[21.16864650181179,45.68306695124532],[21.16865489294974,45.68341710895031],[21.16873484781684,45.68379171703341],[21.16885959129759,45.68414196559736],[21.1690156875955,45.68447782684537],[21.16925675796968,45.684846921898],[21.16951580167177,45.68517226299128],[21.17048951958155,45.68636769875253],[21.17176548481562,45.68789988876799],[21.17289633285725,45.68928123042118],[21.17372996148382,45.69028897042001],[21.17491623740501,45.6917217850015],[21.1760498826861,45.69308256945216],[21.17662558551039,45.6937647024028],[21.17766215848297,45.69503592619468],[21.1791860459308,45.69688307140466],[21.18056113862028,45.69855613426945],[21.18122289374308,45.69926490845533],[21.18165638369051,45.69978729807371],[21.18210722914516,45.7003469303419],[21.18273732487453,45.70114769017639],[21.18403005227278,45.7027332426035],[21.18497131713643,45.70387316299142],[21.18553303051286,45.70458514462451],[21.18592193487604,45.70502933094743],[21.18607944779151,45.70520536761915],[21.18620466872433,45.70530548857036],[21.18636128333136,45.70536186030585],[21.18658506595359,45.70540576835585],[21.18678198074678,45.70545591213234],[21.1868982863672,45.70552789012759],[21.18699214549107,45.7056498758176],[21.18700986381593,45.70579995161485],[21.18697832533005,45.70595937631708],[21.18696022527925,45.70611255685261],[21.18698611901563,45.70623900112393],[21.18706204783558,45.70637973346676],[21.18725424642087,45.70662370736247],[21.18871538261412,45.70841389478834],[21.19021463213929,45.71020144721925],[21.19146910394924,45.71166604654691],[21.19208322404126,45.71245444237464],[21.19278518038509,45.71330520879718],[21.19382992953686,45.71456785532573],[21.19479198142008,45.71575601911915],[21.19607162734281,45.71730941699787],[21.19700741830021,45.7184151765926],[21.19784986275707,45.71943388713276],[21.19869350196036,45.72046181849655],[21.19961058288804,45.72158462322913],[21.20017860619068,45.72225707585411],[21.20102420753022,45.72328458475062],[21.20163698899957,45.72401958093229],[21.20255139547793,45.725142870933],[21.20280643677177,45.7253712162659],[21.2029943935921,45.7255088655102],[21.20315997189637,45.72563399873764],[21.20325839043149,45.72574346822146],[21.20333439009701,45.72587797669437],[21.20341479863943,45.72608747978196],[21.20349525944021,45.72624383544161],[21.20368760755779,45.72647840348716],[21.20433750896018,45.72725338766858],[21.20454782428418,45.72743793986199],[21.20516540275622,45.72793219105752],[21.20551889096325,45.7282244786673],[21.20572922795739,45.72839339671653],[21.20590368288009,45.72862169916403],[21.20633193557052,45.72921786721016],[21.20704643916122,45.73016219343685],[21.20810014397504,45.73143537927836],[21.20836432208953,45.7318231886667],[21.20859694395734,45.73214217496103],[21.20873558263731,45.73237983663579],[21.20883382632184,45.73271377879299],[21.20898554485929,45.73336725192901],[21.2092312429862,45.73501642373615],[21.20956873255648,45.7368742864698],[21.20991179144037,45.73869026958989],[21.20997425640067,45.73897901364124],[21.2100368353114,45.73913535641162],[21.21014864366486,45.73934486764283],[21.21040813679606,45.73972013717924],[21.21146079154141,45.74108982986554],[21.21291798613946,45.7429433297998],[21.21428853191127,45.74443246658865],[21.21555274222652,45.7457161366486],[21.21606708342935,45.74618402486341]]},"properties":{"line":"M37","dir":"1","mode":"bus"}},{"type":"Feature","geometry":{"type":"LineString","coordinates":[[21.20454521390455,45.72766695857166],[21.20431896252142,45.72740219285987],[21.20409967444004,45.72714714221288],[21.20345573838712,45.72636672073553],[21.2032784004677,45.72620996440082],[21.20309045913366,45.72605208021536],[21.20289904583858,45.72593306386981],[21.20280855503722,45.7258504771941],[21.20273545277449,45.72570715758404],[21.20262753735053,45.72547881657803],[21.20255095014468,45.725303915948],[21.2024687487315,45.7251649097015],[21.20233996997822,45.72501187736793],[21.20199191935368,45.72458678395807],[21.20106386422325,45.72346142980469],[21.20010651646638,45.7223209698018],[21.19948037075942,45.72156768514962],[21.19845208760498,45.72032617362258],[21.19779993614606,45.71952805138802],[21.19711459098778,45.71870028430662],[21.1967623662212,45.71826383927594],[21.19613456598938,45.7175068236941],[21.19566482337174,45.71693352938221],[21.19487848129123,45.71598497512324],[21.19372880552374,45.71462741228689],[21.19296268457908,45.71371130184021],[21.19222408004816,45.71285911080398],[21.19124171026258,45.71159972598021],[21.19025477310407,45.7103882200013],[21.1889513985172,45.70881023056322],[21.1877639027824,45.70737380174155],[21.18687489262247,45.70634825215851],[21.18677563402665,45.70626433094053],[21.1866659231601,45.70620959699653],[21.18649351593998,45.70616580484084],[21.18630543442428,45.7061256598202],[21.18616437648731,45.70606727470617],[21.18606511440397,45.70601618900858],[21.1859763082791,45.70590672724069],[21.18594497441575,45.70578267472423],[21.18597111239863,45.70564768022206],[21.18601814513578,45.70554552386677],[21.186018157388,45.70543241851952],[21.18600522175647,45.70532060703128],[21.18589030362114,45.70514547116795],[21.18569702758835,45.70489371054561],[21.18534181717406,45.70444491534392],[21.18454124466028,45.70347739000495],[21.18335875956446,45.70204477045119],[21.18209734188269,45.70053161453699],[21.1813459673249,45.69960737829552],[21.18056525319146,45.69865940213028],[21.18025711903641,45.69828356495428],[21.17951279024716,45.69738791788296],[21.17901667165455,45.69680409075552],[21.17747259665366,45.69491264372711],[21.17676561227476,45.69405969510679],[21.17616693212898,45.69335774117885],[21.17504840504209,45.69201123889515],[21.17400339752195,45.6907353012152],[21.17287679290649,45.6893564084881],[21.17198930703006,45.68829819105288],[21.17095358035364,45.68703344721942],[21.1701654244909,45.68609729547703],[21.16908486075641,45.68481289317712],[21.16885180124389,45.68451693510455],[21.16870569830448,45.68422137629596],[21.16862222360013,45.68402433970421],[21.16856313907122,45.68362535361214],[21.16853012979027,45.6829929265431],[21.16855690180194,45.68264882164788],[21.16870355725654,45.68212803607482],[21.16890358586278,45.6813049986605],[21.16929694918264,45.67970685228526],[21.16967034780444,45.67805191298864],[21.17024916073143,45.67566741916606],[21.17075438037257,45.67350122327819],[21.17082682981344,45.67316484352851],[21.17083542553749,45.67304833985895],[21.17084830342069,45.67291391298141],[21.17085083565449,45.67285626502229],[21.17082722256561,45.67281291784312],[21.17077703151937,45.67275511803948],[21.17072388523346,45.67270144552491],[21.17070027794963,45.67264365071909],[21.17070030858432,45.67256522097098],[21.17072692191396,45.67248886020781],[21.17077420237395,45.67243520667178],[21.17089533212144,45.67236505550685],[21.17094556450661,45.67231553024882],[21.1710017074555,45.67225775026299],[21.17104014719849,45.67215043206403],[21.17121168994404,45.67155245838761],[21.17146975552057,45.67042246330701],[21.17164556340848,45.66969732441625],[21.17204517290313,45.66785767418116],[21.17218009746399,45.66709906069591],[21.17235305147953,45.66588696515102],[21.1725640137012,45.66426049759],[21.1727412311687,45.66284276073399],[21.17298332244878,45.66097528098743],[21.17319903986513,45.65930272953937],[21.17341174884402,45.65772179478163],[21.17359311175277,45.65635897125967],[21.17375140043555,45.65499520556112],[21.173903099745,45.65423040973749],[21.17402959168181,45.6533571132273],[21.17417717150517,45.65230278367583],[21.17434090767775,45.65118711472108],[21.17451798964824,45.64992021699457],[21.17471508163012,45.64844937621071],[21.17487528289271,45.64730396931238],[21.17491380010829,45.64710442240214],[21.17497696426627,45.64687801707586],[21.17504855049286,45.64661926782903],[21.1751411670253,45.64636052127898],[21.17524219071276,45.64611647757461],[21.17536435663336,45.64585314478442],[21.17549538097579,45.64562058183993],[21.17571846421254,45.64525936852318],[21.17592857097812,45.64498540034786],[21.17619410571042,45.64466873054519],[21.17648441215639,45.64435453672777],[21.17678886818186,45.64406013673866],[21.17739386694926,45.64347790727782],[21.17758149152526,45.64329236020614],[21.17770540047933,45.6431463928589],[21.17779391402876,45.64301526636129],[21.17794067612528,45.64275448759785],[21.17839035160269,45.64192813263102],[21.17925458629534,45.64030513335294],[21.17995665218553,45.63901058264344],[21.18004407705975,45.63887501687],[21.18018566662522,45.63871172987285],[21.18032017189024,45.63857565893016],[21.18049006481174,45.63843959136897],[21.18074843225971,45.63828126378505],[21.18145273841215,45.63788791937701],[21.18268432562191,45.63719922240224],[21.18346647099676,45.6367588589591],[21.18405220856338,45.63642527327906],[21.18432117466871,45.63625951539739],[21.18456890924129,45.63608633200657],[21.18477417708387,45.63592799033578],[21.18501483752912,45.63573006075627],[21.18531799047147,45.63545451230045],[21.18612135122749,45.6347097981116],[21.18678044448157,45.63408115550753],[21.18708125685078,45.63374466627248],[21.18725281681557,45.633510300632],[21.18741915472526,45.6332158682451],[21.18762088978745,45.63278534978956],[21.18838112428109,45.63117578535996],[21.18899345924135,45.62986602912719],[21.18950781627651,45.62876943748896],[21.18986884203474,45.6279982270304],[21.19002807341936,45.62768152256951],[21.19024391711821,45.6272831661397],[21.19068015361296,45.6265636256708],[21.19109412531646,45.62588086092422],[21.19120380924354,45.62569529041073],[21.19145358577392,45.62513441169804],[21.19163756726634,45.62470883723081],[21.19187107969613,45.62405626586845],[21.19198598145136,45.62373024950872],[21.19206381735678,45.62344570792811],[21.19212750152368,45.62312157754601],[21.1921876482059,45.62269105191193],[21.19225133295134,45.62192836554834],[21.19236100745537,45.62090758515514],[21.19238930991115,45.62073933373686],[21.19243176306105,45.62057355631204],[21.1925066622029,45.62037788370879],[21.19262694271363,45.62017499278651],[21.19277906126638,45.61996962705685],[21.19295240481358,45.61976920921332],[21.19312928447456,45.61960432426748],[21.19364223270135,45.61908719332541],[21.19493198618407,45.61777867794042],[21.195107196522,45.61757863342576],[21.19526991097935,45.61736336742464],[21.19536187683528,45.61718521704328],[21.19542554331861,45.61702191284239],[21.19547859500631,45.61681407153206],[21.19549980852321,45.61658396197224],[21.19549979965559,45.61639838974126],[21.19546086662756,45.61601730185154],[21.19532638986076,45.61488837432378],[21.19514946082448,45.61352778216084],[21.1951140722383,45.61319466472776],[21.19510698890348,45.61299424814099],[21.19511051862162,45.61282352249107],[21.19512465869907,45.61262310483228],[21.1951605893016,45.61240368022213],[21.19526667960364,45.61189150220476],[21.19540459394995,45.61121354466817],[21.19565410887241,45.60994037264194],[21.19586980618302,45.60891256860205],[21.1961699350548,45.60745057285165],[21.19633257967531,45.60669467393691],[21.19668198609239,45.60516735168414],[21.19688703940204,45.60418081512904],[21.1971420829073,45.60302434475526],[21.1973982103472,45.60185419562862],[21.19766209796387,45.60071219362582],[21.19780348702545,45.59998239853287],[21.1980222181744,45.59897188211051],[21.19833268696374,45.59761883313764],[21.19855536027815,45.59659110484942],[21.19878862174041,45.59545193323473],[21.19898715059941,45.59438267021115],[21.19908964260429,45.59393151542644],[21.19920274370725,45.59348861155547],[21.19933090158762,45.5929060028902],[21.1995429383372,45.59194070661515],[21.19962421720663,45.59156213491506],[21.19979030375441,45.59080123373771],[21.20007368314181,45.58945809775718],[21.20039198783741,45.58798137562519],[21.20051918950153,45.58741386048991],[21.2007761265029,45.58620927178926],[21.20108560207575,45.58475488889095],[21.20141416645188,45.58328387343517],[21.2016142804832,45.5823315876141],[21.20173085476347,45.58177238819381],[21.20200170234536,45.5805456509648],[21.2023026160564,45.57916051956732],[21.20254655471108,45.5780441256803],[21.20283623775981,45.57665361200091],[21.20310945372092,45.57536557750807],[21.20345474019609,45.57382447070686],[21.20372109882889,45.572556798405],[21.20377575376848,45.57233239813694],[21.20383830318644,45.57211100510472],[21.20388768814301,45.57195649045943],[21.20395683784727,45.5717950552896],[21.20406221938621,45.57160363637905],[21.20415113995138,45.57147559249514],[21.20429276325992,45.57130953759338],[21.20445745049251,45.57116192871752],[21.20480988891384,45.57088746162383],[21.2052776111704,45.5705567296966],[21.20561932312339,45.57030556238111],[21.20617266660069,45.56988117031995],[21.20704861030836,45.56919722075404],[21.20772617566136,45.56865986785547],[21.20824549422714,45.56824839431806],[21.20853265860172,45.56800328827472],[21.20873007439996,45.5678021797932],[21.20895440283431,45.56754765397679],[21.20916267655466,45.5672800090847],[21.20934661430669,45.56705691027989],[21.20952159306502,45.5668935076196],[21.20969657966091,45.56675838115456],[21.20988951914516,45.56662953522773],[21.21016772575239,45.56649439154779],[21.21059402412185,45.56633408784677],[21.21141071856065,45.56604580987246],[21.21221395370857,45.56575033599698],[21.2131595934781,45.56539514167261],[21.21387305759358,45.56512166331404],[21.21416103025034,45.5649861223328],[21.21438087746977,45.56485098072575],[21.2145917287823,45.56466557044849],[21.21477114300064,45.56442361205031],[21.21518822661223,45.56372917483734],[21.21586872479735,45.5626055356627],[21.21679564841158,45.56109516120394],[21.21776871197148,45.55948058470409],[21.21865999853576,45.55806312968086],[21.21938783608557,45.55696729326394],[21.22029531137632,45.55560631088114],[21.22076487061755,45.55480357060801],[21.22153876147045,45.55334838811329],[21.22157240161972,45.55327722367252],[21.22160042858201,45.55321594412853]]},"properties":{"line":"M38","dir":"0","mode":"bus"}},{"type":"Feature","geometry":{"type":"LineString","coordinates":[[21.2216428024331,45.55323563592859],[21.2216007708732,45.55333051855721],[21.22152229367466,45.55349050768826],[21.22136212194754,45.55378738023224],[21.22111109273816,45.55424693259063],[21.2207209328343,45.55496300602461],[21.22025914872611,45.55571487150348],[21.21988543521021,45.55632504339346],[21.21930184041658,45.5572022987341],[21.2187951415188,45.55794704057135],[21.21844309539575,45.55847893359325],[21.21819199433087,45.55888429308587],[21.21789811716556,45.55935730176905],[21.21744786503765,45.56011608316],[21.21711760122371,45.56062681736146],[21.21659601320074,45.56149771757209],[21.21626574731074,45.56204302520916],[21.21579693859297,45.56286197504964],[21.2154628586283,45.5634072807901],[21.21497756796163,45.56419532374271],[21.21479153132421,45.56448260815322],[21.21465042630842,45.56467343108861],[21.2144757353722,45.56483304550249],[21.21423266003764,45.56499001316677],[21.2139943547262,45.56510442414661],[21.21334861619064,45.56535987373089],[21.21219019409313,45.56579154229074],[21.21078717284305,45.56633966882009],[21.21011830009324,45.56659361956207],[21.20989798452869,45.5667000403802],[21.20968147360298,45.5668277378721],[21.20952195013779,45.56696074610926],[21.20937002869994,45.5671097114594],[21.20900246721349,45.56756328813265],[21.20871002130328,45.56788515377291],[21.20850550471464,45.56808700691468],[21.2082130315065,45.56832907970493],[21.20778238410329,45.56867567942156],[21.20705881560613,45.56923536566897],[21.20606092037026,45.57002240493733],[21.20477642724692,45.57096977727321],[21.20451810923308,45.57116928140247],[21.20432597637302,45.57133303681249],[21.20418923240842,45.57150593023087],[21.20407908412433,45.57168148078269],[21.20394995394438,45.5719394840361],[21.20383603264421,45.57225100431366],[21.20356777495189,45.57351121101071],[21.20326506391347,45.57490674014757],[21.20298032748972,45.57619956621075],[21.20264597330052,45.57773179973683],[21.20231185321706,45.57928226445691],[21.20194285248143,45.58099980269147],[21.20157381145292,45.58270267942314],[21.20119549628676,45.58451756182959],[21.20084609655661,45.58608812928633],[21.20074748895355,45.58669018256494],[21.20067534728727,45.58716361324369],[21.20058419329855,45.58756617607187],[21.20046642882928,45.58794652130199],[21.20034290075722,45.58843907250996],[21.20014482650441,45.58936929118408],[21.19986754235167,45.59063559625562],[21.19957308623639,45.59200397663731],[21.1993036722141,45.59329337546281],[21.19906546968461,45.59442676120506],[21.19879309861914,45.5956961077968],[21.19852313426967,45.59692446108549],[21.19820109308337,45.59836603753758],[21.1979254437627,45.59961069704662],[21.19762379575976,45.60104317417133],[21.19732561576231,45.6024034590029],[21.19698076024593,45.60394361436611],[21.19668433285851,45.60532816636214],[21.19639168551353,45.60660405889666],[21.19616603333893,45.60768629259023],[21.19591898046273,45.60887536119083],[21.19564510148915,45.61027464800512],[21.19540943081078,45.61141813786351],[21.19517375040189,45.61258360191958],[21.1951585591848,45.6129266956403],[21.19518519335983,45.61335224630636],[21.19526507585355,45.61404791268148],[21.19539060363912,45.61506670250905],[21.19554276378946,45.61627204388484],[21.19554658641749,45.61664200632671],[21.1955123754644,45.61687340086976],[21.19542113041448,45.6171677976467],[21.19528805211157,45.61740717388201],[21.1951113359972,45.61764915982112],[21.19459109368566,45.61820238682101],[21.19367725763504,45.61910645074867],[21.1928405660535,45.61996900411045],[21.19271507564766,45.62012858644326],[21.19257134605379,45.62036997444437],[21.19246486818137,45.6206173248929],[21.19241543099723,45.62086467567944],[21.19235458230504,45.62139927487564],[21.19224429250751,45.62264744644895],[21.19218287004757,45.62306560583693],[21.19211821683131,45.62342998218633],[21.19202694152516,45.62377574164223],[21.19191664973719,45.62409224578406],[21.1916368060391,45.62484634479957],[21.19120787978808,45.62577203072902],[21.19081685954879,45.62641001014038],[21.190281269831,45.62732804511741],[21.18971156768718,45.62842755589494],[21.18943668746181,45.6290239100159],[21.18904869118641,45.62988031986621],[21.18859221689336,45.63081486100664],[21.18792417909077,45.63228126301326],[21.18746415123712,45.63323910249584],[21.18723123727996,45.63361757556132],[21.18695353531621,45.63395800326828],[21.18643759040658,45.6344678044811],[21.1858593593975,45.63501035085012],[21.18478233008115,45.63596902896253],[21.18431696485456,45.63630979384728],[21.18380339583702,45.63662891859839],[21.18305649241951,45.63703646817935],[21.18181230779057,45.63774383479002],[21.18092290824621,45.63823464460166],[21.18050730593111,45.63849183791612],[21.18028663452906,45.63867533278206],[21.18007736133212,45.63891202273843],[21.17991372870212,45.63917265548165],[21.17951190605385,45.63992637416373],[21.17892200638084,45.6410246143882],[21.17819786947882,45.64239122844192],[21.17780459909128,45.64308877498754],[21.17769803884681,45.64323770409905],[21.1773137012495,45.64360469309523],[21.17644619300366,45.64447222362199],[21.17616325352098,45.64477426609467],[21.17592348403054,45.64508009650753],[21.17569391031404,45.64540560493315],[21.17542365776874,45.6458470734278],[21.1751815437267,45.64638505079012],[21.17500253478975,45.64700739105034],[21.17493009531705,45.6474939016042],[21.17471656811165,45.64896310473879],[21.17453614293659,45.65035932934625],[21.17426918060055,45.65227705644603],[21.17405138317746,45.65373262377422],[21.17385687223794,45.65509288117843],[21.17369699401107,45.65632464836273],[21.1734795741434,45.65785753260563],[21.17331546629637,45.65921943506369],[21.17301025227113,45.66145658726075],[21.17281275334028,45.66308697680041],[21.17263410062692,45.66443757992464],[21.17240441726859,45.66613203189656],[21.17214694497548,45.66782143213435],[21.17199443008924,45.66857034604748],[21.17178698571746,45.66950469459314],[21.17150587816542,45.67065256326651],[21.17120045682255,45.67197020316175],[21.17116989048646,45.67227903291503],[21.17121172087616,45.67238010882285],[21.17125736992774,45.67244926923176],[21.17131824633709,45.67251311309635],[21.17132583660388,45.67257162780056],[21.17131819756089,45.67264077851426],[21.17127249833369,45.67270194316946],[21.1712039599734,45.67276576332275],[21.17113923182412,45.67281894550464],[21.17108211620312,45.67287212905136],[21.17101870795014,45.67295301275769],[21.17097678698841,45.67308598911847],[21.17077478138673,45.67377481227758],[21.17040494225585,45.67533783781435],[21.17004015822495,45.67691898236792],[21.16965884275529,45.67851867213758],[21.16929962936076,45.68002480079238],[21.16886284138317,45.68184952269903],[21.16869121668306,45.6825851826547],[21.16866067979796,45.68277401425296],[21.16864914560204,45.68303732167278],[21.16864899042099,45.68340284913416],[21.16873257348724,45.68380448009955],[21.16882002032667,45.68407917814303],[21.16899499913281,45.68442763390804],[21.16914039044622,45.68468422803744],[21.16942508213655,45.68506416589169],[21.16994640673693,45.68569461562283],[21.17071895050657,45.68662030748609],[21.17136144533105,45.68740732571847],[21.17225658467198,45.68849505991804],[21.17304286822457,45.68945577804397],[21.1738841233329,45.6904525732737],[21.17458381953125,45.69130905059238],[21.1752153180492,45.69208951607225],[21.17586913928476,45.6928456305861],[21.17645150927489,45.69356085740612],[21.17695102651622,45.69417209599036],[21.17732787672809,45.69461631660327],[21.17796754325304,45.69540994722266],[21.17869172830445,45.69628350512707],[21.17929253063599,45.69699572793232],[21.17993710924656,45.69776227389642],[21.18062256780611,45.69857742272982],[21.18091191654063,45.69889395648669],[21.18119538088966,45.69922271953902],[21.18150757662011,45.69958180968842],[21.18176676605264,45.69991639215038],[21.18222744912829,45.70049358846649],[21.18278497651365,45.70118740943309],[21.18331736616199,45.70184497172325],[21.18384280850915,45.70250481837375],[21.18432038634429,45.70308509620533],[21.18494639176679,45.70385394165781],[21.18533479493651,45.7043194148487],[21.18558985646387,45.70462144665814],[21.18583356706235,45.70489274931818],[21.18603920006074,45.70512415482554],[21.18616867619314,45.7052491683004],[21.18626769054454,45.7053209860898],[21.18638758095497,45.70537034653675],[21.1865425220135,45.70539848806623],[21.18668506755159,45.70542879291432],[21.18685240098858,45.70549372453701],[21.18690507795427,45.70553700925426],[21.18697944208179,45.70563439770475],[21.18699802492443,45.70574476809673],[21.1869949156399,45.70585297342426],[21.18696701690044,45.70594170070164],[21.18695187348144,45.70603630058803],[21.18697355192924,45.70617913250371],[21.18701382881508,45.7062743551919],[21.18709128875195,45.70641719033003],[21.18720142645299,45.70656932470305],[21.18738114617575,45.70678357957507],[21.18752678168373,45.70696753580761],[21.18813980264266,45.70770126863486],[21.1885794950843,45.70824796775913],[21.1891106214615,45.70889032247045],[21.18959771094173,45.70947057570616],[21.18992000262457,45.70984281092656],[21.19056895551431,45.71058792384526],[21.1909811325479,45.71106104096445],[21.19144803004682,45.71163055590307],[21.19173005594521,45.71195733821757],[21.19220559767577,45.71254247546218],[21.19255156068787,45.71296150014824],[21.19287699144451,45.71335320333547],[21.19330945180333,45.71390597698045],[21.193720437928,45.71441782475161],[21.1941403246176,45.71493285152529],[21.19459081997634,45.71550057850366],[21.19504666970696,45.71605705684],[21.19546512664366,45.71656994026819],[21.19596700202962,45.71717107733249],[21.1964240231261,45.71770828767686],[21.19693860077389,45.7183272030716],[21.19721657628894,45.71866832988962],[21.19770057637409,45.71924688471569],[21.19810856925411,45.7197544377053],[21.19873323486555,45.72050512590647],[21.19935781139328,45.72127816537717],[21.19989782818709,45.72191144372391],[21.20045383157582,45.72259003815785],[21.20098940319355,45.72323814576801],[21.20119093282659,45.72347401908155],[21.20173985378778,45.72413470372089],[21.202161278901,45.72465013191489],[21.20258575250171,45.72514000128185],[21.20267256965748,45.72523521446498],[21.20283315741775,45.72539191612117],[21.20301298702267,45.72554987948438],[21.20315870791952,45.72565590749965],[21.20326722844873,45.72575761077704],[21.20330443944179,45.72581171017309],[21.20340380420439,45.72603495703805],[21.2034441295349,45.72616047154429],[21.20350304993894,45.72625785102776],[21.2035650685152,45.72634440984376],[21.20371972239384,45.72651290974073],[21.20394298175462,45.72677474573402],[21.20429095880187,45.72717747872516],[21.20440258613329,45.72728783688558],[21.20451421320592,45.72739386689776],[21.20472492927173,45.72758132422465],[21.20500089138114,45.7278041985573],[21.20522528824975,45.72798662548019],[21.2054423381181,45.72815972945176],[21.20559737227332,45.72827224545688],[21.20572140516515,45.72838260091284],[21.20586405364828,45.72854922134459],[21.20607895934932,45.72878997468188]]},"properties":{"line":"M38","dir":"1","mode":"bus"}},{"type":"Feature","geometry":{"type":"LineString","coordinates":[[21.20458523277588,45.72780285924658],[21.20396618512128,45.72700030963958],[21.20335643873464,45.72629932167346],[21.20319581213464,45.72616809558574],[21.20303307833585,45.72604298957864],[21.20288484018861,45.72596078497853],[21.20278579625533,45.72590695386359],[21.20274954877562,45.72585305259365],[21.20270397834467,45.72575123033128],[21.20263169385537,45.72554765555711],[21.2025319443694,45.7253086458603],[21.20246775057722,45.72520108643964],[21.20237225088621,45.72508326117473],[21.20176496188124,45.72434286072959],[21.20085652272664,45.72323984786327],[21.20004345144742,45.72228083222408],[21.1993333084876,45.72143160036051],[21.19850816353619,45.72043175403328],[21.19776985631222,45.71953440957414],[21.19707330637689,45.71867496748407],[21.19642075589104,45.71788998631597],[21.19589406815641,45.71724904837949],[21.19532630148062,45.71655785159884],[21.19446878189844,45.71553303780776],[21.19370731098679,45.71464485717815],[21.19283250212698,45.71363002478263],[21.19203718922303,45.71265064631848],[21.19110420978254,45.71145494703853],[21.19035503521242,45.71053916553965],[21.18958930823647,45.70960720882839],[21.18893772207133,45.70881879863578],[21.18810362523839,45.70781419603273],[21.18737239977535,45.70694464394193],[21.18678483114748,45.70628333719205],[21.18667629953662,45.70622429200346],[21.18656549650701,45.70619156553985],[21.18638872637987,45.70615236188325],[21.18629680952802,45.70612948042052],[21.18620428920885,45.70610167045395],[21.18611695100475,45.70606400243631],[21.18601754707604,45.70600990241387],[21.18596569169521,45.70594418814432],[21.18593741359498,45.70587846503078],[21.18593043962017,45.7058127496318],[21.18593028387141,45.70575193525589],[21.18595113950917,45.7056762595352],[21.18597188117733,45.70559395418368],[21.18599497409387,45.70552802356382],[21.18600182119504,45.70546057578683],[21.18598509510103,45.70539479031948],[21.18596124873687,45.70530435611994],[21.18587243871491,45.7051809900067],[21.18548928984956,45.70465854421391],[21.1849125652698,45.70395168067991],[21.1840888443808,45.7029513187051],[21.18339506964634,45.70211729771644],[21.18229155844669,45.70078926929741],[21.18115859088699,45.6994187234692],[21.18025253293445,45.69831122665524],[21.18019252541318,45.69823049199441],[21.17951279024716,45.69738791788296],[21.17901667165455,45.69680409075552],[21.17747259665366,45.69491264372711],[21.17676561227476,45.69405969510679],[21.17616693212898,45.69335774117885],[21.17504840504209,45.69201123889515],[21.17400339752195,45.6907353012152],[21.17287679290649,45.6893564084881],[21.17198930703006,45.68829819105288],[21.17095358035364,45.68703344721942],[21.1701654244909,45.68609729547703],[21.16908486075641,45.68481289317712],[21.16885180124389,45.68451693510455],[21.16870569830448,45.68422137629596],[21.16862222360013,45.68402433970421],[21.16855961546663,45.68388203475333],[21.16847088260106,45.6837689121047],[21.16822548915114,45.68362656721089],[21.16800624531239,45.68340031096466],[21.16773481325888,45.68309377375659],[21.16735697502474,45.68262354630759],[21.16676900739578,45.68191206250922],[21.1660752980613,45.68108056807721],[21.16552355134363,45.68039754073471],[21.16492580645568,45.67968560354284],[21.16441478740338,45.67905632922678],[21.16360288992993,45.67807813766444],[21.16298788353866,45.67733817436302],[21.16231542276513,45.67651791507396],[21.16159380926656,45.67561788825672],[21.16066948686712,45.67447122201907],[21.16019472647068,45.67389568169219],[21.15957669226989,45.67311728244489],[21.15842150038328,45.67172125402222],[21.15800556556255,45.67120579117307],[21.15721039848783,45.67024269977448],[21.15681257225203,45.66974620926123],[21.15575400737624,45.66848564153668],[21.15470711879917,45.66724766816583],[21.15425054786785,45.66671320929478],[21.15332719118911,45.66560329106505],[21.15226906221449,45.66433355851485],[21.15166239796649,45.66359704446334],[21.15118331065815,45.66300882192163],[21.15064616349204,45.66237245427542],[21.15014000372254,45.66172098703417],[21.14963495087492,45.66103909566959],[21.14929151456557,45.66057737718237],[21.1485162042303,45.65950554899896],[21.14816376293411,45.65901220680695],[21.14761502266037,45.65825167092148],[21.14714510118979,45.65762549598911],[21.14608222845373,45.65619822555243],[21.14560783126931,45.65555307128503],[21.14466087278037,45.65428823604126],[21.1436482161769,45.65296917390968],[21.14283094736701,45.65186829112354],[21.14203614242189,45.65077969093474],[21.14166120783174,45.65027683407614],[21.14087236833256,45.64919869634289],[21.1404929480998,45.6486800257417],[21.13987365862095,45.64781826767257],[21.13972007594696,45.64762534255918],[21.13957550592437,45.64746719811878],[21.13943541381622,45.64735647851239],[21.13924559260153,45.6472267657637],[21.13849976521734,45.6468248925763],[21.1373652228129,45.64619726927274],[21.13683642624324,45.6458745332172],[21.13649742939433,45.64569415709202],[21.13628248966977,45.64559085982262],[21.13597959019657,45.64549586370886],[21.13567862485474,45.64543841557969],[21.13484464161699,45.64532373594271],[21.13303012179821,45.64510215714651],[21.13253422054905,45.645042794168],[21.13222993176266,45.64499141120536],[21.13196597917575,45.64493053697098],[21.13138006930076,45.64474110543409],[21.13015198286289,45.64428734060856],[21.12874933279764,45.64370737584645],[21.12783026821362,45.64328482730698],[21.12516150429376,45.64211045218816],[21.12417012769843,45.64169614818914],[21.12150646038275,45.6405738607482],[21.1192944867167,45.63964871184617],[21.11636133950077,45.63841213234126],[21.11329743967995,45.63712488846295],[21.11171950413992,45.63645002838719],[21.11017644028553,45.63581457198162],[21.10818591946464,45.6350146217485],[21.10604641667129,45.63416394510227],[21.10474160014546,45.63360455037863],[21.10449953344721,45.63346252327154],[21.10434192464878,45.63335996088875],[21.10420681734817,45.63328105568461],[21.10408292353429,45.6332376190363],[21.10393646612381,45.63320992458741],[21.10370545156271,45.63320580372024],[21.10351953875406,45.63318595763359],[21.10337874052548,45.63314250652121],[21.10323795440578,45.63309117493951],[21.10303527424804,45.63298463345805],[21.10256179830851,45.632722705686],[21.1014922624304,45.63209145772836],[21.0999116691827,45.63107448788093],[21.0993994816708,45.6307470480662],[21.09730652713881,45.6294267165406],[21.09539829075463,45.62820867933897],[21.09326891173647,45.6268597033062],[21.09146511781087,45.62572701723831],[21.0901656023528,45.62491951363152],[21.08814222685,45.62362244191407],[21.08628256963074,45.6224563178121],[21.08468359589271,45.62146520458828],[21.08295461960956,45.62034999741935],[21.08081557070936,45.61900623336875],[21.07964329603434,45.61826124900339],[21.07761337342063,45.61698943382216],[21.07683454013962,45.61649276038959],[21.07419860090585,45.61498371118975],[21.07210583967624,45.61379690963257],[21.06907859267033,45.61209580334536],[21.06617783653298,45.61047460261904],[21.06267347557856,45.6085180390748],[21.05955862643172,45.60678781101312],[21.05387967678091,45.60364324998994],[21.05368241906091,45.60352742343824],[21.05358019071708,45.60346669232692],[21.05358038211546,45.60338955668871],[21.05361206084514,45.60331796906141],[21.05382510208127,45.60315293701775],[21.05537135806451,45.60204734862599],[21.0555289771429,45.60193816330219],[21.05552915270592,45.60186653745549],[21.05547424377364,45.60177831653903],[21.0548922805594,45.60145805458599],[21.05353156684004,45.60078972931906],[21.05224937098195,45.60022064983819],[21.05066391557759,45.59952917386952],[21.05043586904765,45.59940216600021],[21.04922527358667,45.59856867135364],[21.04633022053778,45.59657444549748],[21.04397438558207,45.59487999253772],[21.04184380364013,45.59337167084464],[21.03972617900071,45.59186256806192],[21.03884602176132,45.5912387752391],[21.03638150410892,45.58947301269722],[21.03495927397116,45.58845174490665],[21.03435685217244,45.58800322298615],[21.03403486800255,45.5877162727958],[21.03356342461005,45.58738503550364],[21.03286410772753,45.58689920365875],[21.03195257267341,45.58629184829149],[21.02995095428252,45.58497740197215],[21.02788258594241,45.58358363170034],[21.02540512050825,45.58192312556874],[21.02359887808906,45.5807523601344],[21.02320603537634,45.5804983285264],[21.02282892122849,45.58024982708211],[21.02242640668681,45.57995493189059],[21.02208084720518,45.57968995186164],[21.02120873454775,45.57914318675111],[21.02010113733137,45.57838117397348],[21.0178313051882,45.5768354056236],[21.01659198452679,45.57600752724353],[21.0143792413317,45.57452735326576],[21.01217855731755,45.57301553056272],[21.0092712900424,45.57107259801814],[21.0067416166739,45.56933861758255],[21.0050767488126,45.56822842704559],[21.00179453794969,45.56600856229832],[20.9992069941774,45.56421367724143],[20.99901083585699,45.56404254107813],[20.99882271869065,45.56382182940567],[20.99866625169792,45.56355158190382],[20.99816119566175,45.56255153818667],[20.99745832433489,45.56100210116218],[20.99654953284505,45.55903508918495],[20.99574613620569,45.55732940395836],[20.99505710420138,45.55584856690238],[20.99416096448806,45.55393066963332],[20.99340080441406,45.55237046078279],[20.99318982307718,45.55196188475305],[20.99308047457744,45.55173579612915],[20.99297946515663,45.55137748857809],[20.99284003830815,45.55076015506343],[20.9927077746507,45.55034118156037],[20.9926845239174,45.55024196482236],[20.99257462917362,45.55017014493922],[20.99239386529471,45.55011472963354],[20.98821822037038,45.54930969395075],[20.9853720158385,45.54876457990078],[20.98026409506751,45.54772250674292],[20.97981580480028,45.5476775919976],[20.97932022263528,45.54765462565125],[20.97842477911011,45.54766949439725],[20.97769311894851,45.54766260816651],[20.97734702944719,45.54763991588919],[20.97696953136996,45.5476006336101],[20.97524766251028,45.54729431709658],[20.97269925183402,45.54686217932777],[20.9721961953073,45.54674550473784],[20.97174038586179,45.54661789914925],[20.96906073137931,45.54581374523242],[20.96433295628929,45.54437270716333],[20.95981229513641,45.54302087083228],[20.95566391903626,45.54178929806434],[20.95185743541333,45.54065360742497],[20.95137833324526,45.54047628160868],[20.95100938606109,45.54029367641113],[20.95071116654118,45.5401277482684],[20.95042641016022,45.53990481306673],[20.95012877214518,45.53960665565415],[20.9498785000511,45.53927002861696],[20.94958155464813,45.53881208401715],[20.94847683804189,45.53709085722325],[20.94822261782362,45.5366718433701],[20.94763387317944,45.53564428321543],[20.94735525974116,45.53525677098182],[20.94700232624036,45.53484149695695],[20.94608354412293,45.53380584052786],[20.9454191711858,45.53303635698118],[20.94515646272454,45.53278746962754],[20.94493461797429,45.53261951699005],[20.9447455720972,45.53248828754166],[20.94435909352631,45.53226800846899],[20.94171919113404,45.5308474055796],[20.93967490064937,45.52967350913185],[20.93882071420152,45.52916053314674],[20.93842572322054,45.52900951148827],[20.93783308109932,45.52881762348602],[20.93553630294801,45.52813681383405],[20.93282489754487,45.5273891897106],[20.92928727149619,45.52643334328054],[20.92690860802941,45.52571694054097],[20.92329373187174,45.52461002074465],[20.91957348328252,45.52350204992621],[20.91526248361483,45.52219776182065],[20.91355701900022,45.52168423812326],[20.91211897126896,45.52122972552659],[20.90936116324622,45.52040317793033],[20.9058926283689,45.51937186201201],[20.90248143833428,45.51834449718666],[20.90061698275284,45.51780837065917],[20.89786536008126,45.51700045700585],[20.89681862572871,45.51669234525048],[20.89664057606777,45.51662044138144],[20.89647536533868,45.51653070946706],[20.89635490247989,45.51641430210726],[20.89588615034408,45.51588172435235],[20.89391307007377,45.51364008500234],[20.89233361141539,45.511801837721],[20.8910626948756,45.51035484273462],[20.89087074451889,45.51019130295782],[20.89068029326051,45.51006131065343],[20.89048320693934,45.50998041707216],[20.88808068162124,45.50887559726704],[20.88518169595437,45.50752297098038],[20.88241314677506,45.5062557047569],[20.88076055181376,45.50549992336727],[20.87995342999003,45.50513603508513],[20.87971204749294,45.50500588218906],[20.87944567110705,45.50484311463175],[20.87899509771883,45.5045248505178],[20.87827776694581,45.50405849532007],[20.87647810796545,45.50291510469993],[20.87366153446636,45.50112598158406],[20.86980463723595,45.49870947443942],[20.8673897491354,45.497163717916],[20.8671383391326,45.49702205790089],[20.86706855205984,45.49697274208821],[20.86704335595758,45.49692355322047],[20.86704371789048,45.49686104162935],[20.86706961192682,45.4967896724101],[20.86714027752301,45.49668717436983],[20.86794644003867,45.49607773493852],[20.87066592240939,45.49395158204413],[20.87149970753619,45.49330327355126],[20.87183225819962,45.49307201749449],[20.87310433460359,45.49228523293753],[20.87364228654576,45.49192382919931],[20.87398121447298,45.49168811962073],[20.87418620415993,45.49148329188599],[20.87466703065239,45.49093540785048],[20.87581953740087,45.48955515439535],[20.87704304988004,45.48809476744877],[20.87830485264837,45.4865519221945],[20.87944436061246,45.48520832665062],[20.87962586593022,45.48499112877381],[20.87968653065791,45.48488946955832],[20.87971708808107,45.48479826161041],[20.87970272935106,45.48467884078958],[20.87963815314758,45.48458386114261],[20.87942911493234,45.48434942411591],[20.87910539678223,45.48402550694329],[20.87887129619902,45.48379663671356],[20.87876693322655,45.48365239069174],[20.8786974526711,45.48353917414025],[20.87859849105912,45.48332471978021],[20.87852959719498,45.48310683653993],[20.87848591990614,45.48285742139695],[20.87848873751435,45.48235344073008],[20.87850084138705,45.48197992265844],[20.87854274871418,45.48164998558317],[20.87869171804485,45.48098025802955],[20.87878373990274,45.48064343525969],[20.8789579373835,45.48016915451151],[20.87919185353197,45.47953075840987],[20.8795478190942,45.47855621781573],[20.87961414853302,45.4783351558211],[20.8796452690618,45.47814212569784],[20.87966138671243,45.47794554315574],[20.87965473655311,45.47734159869756],[20.87965774638307,45.47680095757049],[20.87967883189407,45.47661141092172],[20.87974545259061,45.47633771977714],[20.88014767637415,45.4752128210659],[20.88035181377667,45.47460933875124],[20.88042789635017,45.47443398715654],[20.88053406027948,45.4742516950754],[20.88065489405383,45.47413264422382],[20.8808360076571,45.47397864540948],[20.88110247512979,45.47378274395066],[20.88136385681414,45.47360087209116],[20.88149468371607,45.47348535749383],[20.8816520698795,45.47333755525643],[20.88173290115181,45.47320786122344],[20.88219574962796,45.47205705613311]]},"properties":{"line":"M39","dir":"0","mode":"bus"}},{"type":"Feature","geometry":{"type":"LineString","coordinates":[[20.88228722627704,45.47205382728519],[20.88175205103601,45.47327260599303],[20.8816408653189,45.47339990404527],[20.88138834632576,45.47362165252065],[20.8809499511067,45.47393244654211],[20.88073479056899,45.4741022985342],[20.88059389229674,45.47425213175033],[20.88048581036174,45.47442745668031],[20.88033144381082,45.47477657855784],[20.87996432688955,45.47587068245747],[20.87973724849375,45.47656263508181],[20.87970702684778,45.47681098767683],[20.87971219251322,45.47736276190204],[20.87971315553356,45.47792995195481],[20.87968286856417,45.47818985989313],[20.87965274205736,45.47842088097218],[20.87952680469026,45.478779429907],[20.8792301358591,45.47952392587885],[20.87882768796351,45.48063176831175],[20.87866762380467,45.48125819651503],[20.87855390271964,45.48187431020936],[20.87852719513601,45.48222955844753],[20.8785278504648,45.48284950062713],[20.87857194463318,45.4830691702152],[20.87864869842248,45.48334324479972],[20.87882000376653,45.48365570451168],[20.87900010170656,45.48386972148354],[20.87928690694987,45.48415938680186],[20.87958506726303,45.48445247699334],[20.87972438430875,45.48459151990905],[20.87976489556314,45.48471584846926],[20.87976425226856,45.48483139816629],[20.87971004493064,45.48494680136137],[20.87945696700089,45.48525809841437],[20.87875593911939,45.48609586335322],[20.8777265134009,45.48732660116201],[20.87670448827569,45.4885658836708],[20.87633948456083,45.48898952827775],[20.87558024123876,45.4899227414909],[20.87521934186146,45.49034639361541],[20.87472951203618,45.49093114403793],[20.87444328252113,45.49126544659702],[20.87417453969963,45.49155560502845],[20.8739095310584,45.49178019151123],[20.87328480856461,45.4922146562953],[20.8724374440641,45.49274908127949],[20.87179905303148,45.4931436163724],[20.87151355457151,45.4933450298944],[20.87113272574729,45.49364150582203],[20.87050869935773,45.49414041811104],[20.86892493083562,45.49537790653983],[20.86716533379976,45.49673769318648],[20.86712358642551,45.49683001553876],[20.86713129309421,45.49692247881609],[20.86719681364214,45.49699488507239],[20.8691571010743,45.49824496812384],[20.87118865094247,45.49952102722668],[20.87375979734843,45.5011493240345],[20.87695049705136,45.50314664086131],[20.87937644555068,45.50471221170645],[20.87972083304223,45.50493450607066],[20.87995249069329,45.50506878658343],[20.88110524530871,45.50560514754997],[20.88330487643805,45.50660864820999],[20.88590886076796,45.50782843461921],[20.88813168023793,45.50885331439712],[20.89062488496682,45.51000152178552],[20.89084270049763,45.5101099278665],[20.891020585101,45.51025996942057],[20.89140119783494,45.51067727793541],[20.89235339217458,45.51176157225411],[20.8937981871284,45.51343039231438],[20.89539619682573,45.51524855991022],[20.89641189689837,45.51639836673515],[20.89658985160139,45.51654144209208],[20.89678792036462,45.51663587194096],[20.89708023503734,45.51674445912672],[20.89856722617359,45.51717962519379],[20.90168105816088,45.51808901116404],[20.90498452788623,45.51907165669904],[20.9084789534808,45.52011138628055],[20.91104430351152,45.52086415421311],[20.91351161009842,45.52163500011502],[20.91529754623304,45.52218205624412],[20.91707983211816,45.52270100809979],[20.91964376081175,45.52348485877869],[20.92202462615291,45.52419244073649],[20.92494257181488,45.52508806579986],[20.92728905767554,45.52579499982869],[20.92875663460202,45.52623668260727],[20.9301327578517,45.5266334820301],[20.93208159384074,45.52715970358557],[20.93420350513102,45.52773683785027],[20.93528766615054,45.5280329254245],[20.93663144757587,45.52842552603615],[20.93784164045157,45.52878100708363],[20.93828791061239,45.52891418051076],[20.9385803563452,45.52902614031206],[20.93886780824478,45.52914504562236],[20.93929366552108,45.52940339551153],[20.94186828442162,45.53087268341245],[20.94431389778634,45.53218726289874],[20.94491684313167,45.53253840807019],[20.94514450456596,45.53270934215694],[20.94542637541948,45.53297431027802],[20.94596923251047,45.53359567756858],[20.94681911969043,45.53455755163051],[20.94733118567266,45.53516241852156],[20.94759289630683,45.53550038304225],[20.94786410336188,45.53593924201958],[20.94823007997166,45.53657919871038],[20.94886374952315,45.53758979147265],[20.94970149777688,45.53891687959386],[20.95004388319731,45.53939326755501],[20.95024633705154,45.5396615331475],[20.95052334611466,45.53991604383856],[20.95077579758989,45.54010789157399],[20.95125230343159,45.5403780622402],[20.9517629853496,45.5405739290124],[20.95246233152733,45.54078410494652],[20.95398873937593,45.54125220611272],[20.95636125594252,45.54194928900122],[20.9593549211306,45.54283772981339],[20.96196998729665,45.54362782076653],[20.96449375331736,45.54438655280247],[20.96726279298504,45.545227880086],[20.96947003890882,45.54588499866158],[20.97172712328652,45.54656744584644],[20.97242322944485,45.54676029656336],[20.97298899266491,45.54687617239487],[20.97461705175115,45.54715408831491],[20.9765148129404,45.54748210299768],[20.97716012995201,45.54758071676805],[20.97755235435335,45.54762319681544],[20.97807886136094,45.54762070907019],[20.9788375147665,45.54760968120209],[20.97928452981578,45.54761051628299],[20.97965202347188,45.54762511508093],[20.97993504195735,45.54764999073316],[20.98025279014535,45.54768536548124],[20.98057544106579,45.54773814054658],[20.98236868501323,45.54810366068039],[20.98626445676802,45.5488876276312],[20.98974306300486,45.54956855705824],[20.99251049349045,45.5500961869439],[20.99268414279832,45.55015214530098],[20.99276821177167,45.55025664418],[20.99288082205572,45.55071599038649],[20.99317618345892,45.55176051395863],[20.99339805460676,45.55222700772383],[20.99404676384754,45.55356519249512],[20.99495225326605,45.55549341287774],[20.99580806184998,45.55731322305976],[20.99663716227636,45.55910458361387],[20.99752270949315,45.5610016967177],[20.99818462361671,45.56245426764905],[20.99870564470054,45.56348112199827],[20.99884395031892,45.56371440886502],[20.99900215475621,45.56394077328488],[20.99919901659494,45.5641344105925],[20.99967477771165,45.56448305359533],[21.00043809750096,45.56501305955553],[21.00120900079538,45.56554083564205],[21.00282504834049,45.56662531100439],[21.00515138339196,45.56821491934077],[21.00743934887345,45.56975549382027],[21.00964414413244,45.5712512153485],[21.01206069816774,45.57288006904148],[21.0145917631284,45.57458899985968],[21.01713842593741,45.57631129539845],[21.01867515841002,45.57732692098031],[21.02090447144644,45.5788506978151],[21.02209437310005,45.57965951969949],[21.02296714375349,45.58028692946127],[21.02339626543872,45.58056763325236],[21.02392706931587,45.58088843079383],[21.02449117604936,45.58124141010745],[21.02549805648966,45.58191422168596],[21.02754341272434,45.58328586447153],[21.02972179769705,45.5847466422482],[21.03162764217073,45.58602930201182],[21.03376281240554,45.58745392258261],[21.03411183335073,45.58770072030821],[21.03450849570269,45.58804563072873],[21.03504916492781,45.5884429178657],[21.03554087444147,45.58880196175592],[21.03627011837267,45.58931428805081],[21.03743243344884,45.59014649471833],[21.03891335196911,45.59121144516873],[21.04002233661243,45.59199902251661],[21.04137931874479,45.59296468996823],[21.04276170074868,45.59395950923076],[21.04426648065778,45.59503262077375],[21.04592793676061,45.59621942444024],[21.04767199283247,45.59744708485155],[21.04912794166924,45.59843631586759],[21.05057290913405,45.59941551467551],[21.0507714954469,45.59952359247232],[21.0515525111831,45.59987147662877],[21.05421567416603,45.60104703874948],[21.05524811562299,45.60158217399751],[21.05549731793968,45.60172264127117],[21.05558163137987,45.60180622334841],[21.05561129101915,45.60187582641801],[21.05560614915963,45.60194538777877],[21.05551147479067,45.60203223364516],[21.05376441179632,45.60328469218332],[21.05370461218437,45.60334027377467],[21.05368951528796,45.60341330162293],[21.05372414496095,45.60348291155552],[21.05399721433842,45.60363629212205],[21.05582523208463,45.60465148451438],[21.05822020544149,45.60599375236772],[21.05989291205369,45.60692452419986],[21.06213793712923,45.6081695552263],[21.06371697161753,45.60903325456839],[21.0654401126678,45.60999237729868],[21.06693661028375,45.61084137444963],[21.06875044334672,45.61184537426806],[21.07084656332928,45.61302790211307],[21.07366571870311,45.61461422519951],[21.07653596600866,45.61624670439609],[21.07707219663472,45.61657690669323],[21.07796118333839,45.61715521796788],[21.07937381274636,45.6180484724279],[21.08142251714759,45.61933646235149],[21.08411239827239,45.62103631186673],[21.08611910055119,45.62230975932574],[21.08834022311442,45.62368893250758],[21.09030908598718,45.62494765160588],[21.0926935237448,45.62643526949937],[21.09440286775288,45.62752785099019],[21.0966288813348,45.62894593498508],[21.09868753293697,45.63023966659816],[21.10013470145737,45.63113929503693],[21.10173966757698,45.63217291138321],[21.10222172214868,45.6324585232388],[21.10294733087914,45.63287303005665],[21.10336667245842,45.63309298580481],[21.10355064925496,45.63314182711949],[21.10370980964274,45.6331558649877],[21.10393861838176,45.63316647864408],[21.10409281048866,45.63317703390328],[21.10420218338524,45.63321885969695],[21.10435625597581,45.63330593931316],[21.10458485463317,45.63345220973182],[21.10493779938058,45.6336413525319],[21.10537029490136,45.63382603954219],[21.10615079396583,45.63415708551648],[21.10707122373154,45.63451244515662],[21.10817988369749,45.63496546726574],[21.11000150250231,45.63570758926581],[21.11215419127401,45.63658969110229],[21.11402831922114,45.63739408182278],[21.11657832912963,45.63846539983887],[21.11949654366449,45.63968533362271],[21.1220076665947,45.64073856641994],[21.12421943668508,45.6416713617954],[21.12665606106415,45.6427106097076],[21.12902342849853,45.64375787480438],[21.13088143204319,45.64452063158625],[21.13123952368537,45.64465300531672],[21.13174683737173,45.64483067904574],[21.13245918145955,45.64498394863424],[21.13325514277457,45.64509915464021],[21.13472118250266,45.64528056120874],[21.13532811867024,45.64536435154105],[21.13581347192633,45.64542360265495],[21.13608706227469,45.64548634927921],[21.13634571309893,45.64556300145529],[21.13660928843876,45.64569183124516],[21.13691759104494,45.6458763367832],[21.13749442886937,45.64621750118724],[21.13812389845546,45.64656976544371],[21.13873558622156,45.64690050473509],[21.13916825214056,45.64713376360535],[21.13939627709789,45.64726355646295],[21.13959019059331,45.64740973885999],[21.13977910370547,45.64758374602435],[21.14012693806326,45.64808479717566],[21.14138934209935,45.64982588864593],[21.14251049108612,45.65133853549278],[21.1440042181246,45.6533225801896],[21.14491160294024,45.65454154714325],[21.14610552224894,45.65612763798431],[21.14755993841043,45.65811082212351],[21.14855036558936,45.65946672743603],[21.14922628754888,45.6604096281709],[21.15020300940845,45.66172154410293],[21.15093111579915,45.66261844479417],[21.15171015297208,45.66357478670069],[21.15294739733638,45.66508140805804],[21.15395791452545,45.66627377902168],[21.15512991108259,45.66765371866925],[21.15635538881217,45.66911750947181],[21.15770382895701,45.67074821220333],[21.15899613581324,45.67232736459145],[21.1600777700138,45.67365627296761],[21.16095679519089,45.67474481405587],[21.16184071031263,45.67584763163284],[21.16247524237514,45.67662106269965],[21.16307941478946,45.67735921677237],[21.16384778331764,45.6782808819137],[21.16478916723244,45.67944230806405],[21.16589663372659,45.68077353100095],[21.16711558826384,45.68224382131092],[21.16774654970376,45.68299039115552],[21.16784111090227,45.68307389278759],[21.16796059001096,45.68310522428546],[21.16821947975284,45.68313310765903],[21.1684484863375,45.68318533274041],[21.16855301639021,45.68324796600267],[21.16862267207655,45.68336276765802],[21.16868231706668,45.68360278934389],[21.16877117338218,45.68394608040892],[21.1689203911081,45.68430090666348],[21.16912437979276,45.68465922436534],[21.16943252618666,45.6850733461764],[21.17077365928206,45.68669676786519],[21.1721051600795,45.68831557355968],[21.17319822705523,45.68963691336403],[21.17401452838252,45.69061964297516],[21.17505888804106,45.69190015929006],[21.17594207129928,45.69293054255682],[21.17688025582369,45.69408009659561],[21.17809727285265,45.6955628756715],[21.17887953877676,45.69651139686072],[21.17974727388725,45.69753944801045],[21.18046598402143,45.69839995318777],[21.18082484771745,45.6988006312774],[21.1814522198492,45.69951376542445],[21.1820609361497,45.70024996770922],[21.18285060778083,45.7013163600696],[21.183901281023,45.70260283407711],[21.18465948458703,45.70349684480907],[21.18538776364915,45.70438152154156],[21.18607966400792,45.70517538015831],[21.18624060931742,45.70527957244821],[21.18636260451798,45.7053258038836],[21.18660646358192,45.70537571887463],[21.18678395495924,45.70545667789948],[21.18695055031413,45.705595673225],[21.18700085695906,45.70574258087525],[21.18697907087718,45.70593275256169],[21.1869796486567,45.70611841394975],[21.18703563859329,45.70631172750929],[21.18718588558356,45.70653584229392],[21.18759738043685,45.70705352928744],[21.18882590792657,45.70854349815786],[21.19055735627141,45.71061117530602],[21.1911611118973,45.71129103575714],[21.19213311455438,45.71245941137521],[21.19351911898121,45.71416769806347],[21.19514884302083,45.71617859945104],[21.19582177455874,45.71697820194848],[21.19720303877789,45.71864232963415],[21.19796514677931,45.71958489247626],[21.19949633152675,45.72145587428792],[21.20098419526476,45.72321537636476],[21.20274353013415,45.7253361316268],[21.20303239534624,45.72555612794094],[21.20318237641742,45.72566805087678],[21.20326580356609,45.72576074422712],[21.20335502243395,45.72592691983771],[21.20344444009598,45.72615111540523],[21.20360045456465,45.72640614555664],[21.20412656148753,45.72706698627425],[21.2045045332733,45.72741447446356],[21.2050379250658,45.72783906415883],[21.20576750547652,45.72840595283489],[21.20605131200376,45.72875746127191]]},"properties":{"line":"M39","dir":"1","mode":"bus"}},{"type":"Feature","geometry":{"type":"LineString","coordinates":[[21.23298998762876,45.75770180748516],[21.23308344487386,45.7577293819383],[21.23316612739309,45.75779206532448],[21.23320568391247,45.75787732277698],[21.23322368001249,45.75798515194835],[21.23318775430701,45.75806038702878],[21.23311588949469,45.75815318001123],[21.23291026718046,45.75826821974808],[21.23272056472304,45.75837390131074],[21.23234572527697,45.75853706889383],[21.23209871976925,45.75866626748056],[21.2317132799288,45.7588391964068],[21.2312507448776,45.75903518460241],[21.23078874780115,45.75922396173905],[21.23056849017119,45.75930850534893],[21.23041981178099,45.759343096469],[21.22999579325924,45.75939307926772],[21.22902993434421,45.75946556754601],[21.22856185829713,45.75951170638596],[21.22842419019515,45.7595386103383],[21.22831956839139,45.7596039318196],[21.22825900226004,45.75967693415942],[21.22816539203511,45.75973072887702],[21.22803323151716,45.75977300026223],[21.22792860326182,45.75979990165914],[21.22783499112248,45.75984601234283],[21.2277799281964,45.75989980439545],[21.22770284314038,45.76000354440151],[21.22719373200543,45.76090477895722],[21.22658183663976,45.76201098581855],[21.22586694744575,45.76322297930565],[21.22571941489408,45.76352026464283],[21.2256436768715,45.76378452863446],[21.22556796050657,45.76425696275081],[21.22541652878007,45.76544615004558],[21.22535596788055,45.76583041864594],[21.22530295980123,45.76616338889944],[21.22523478582864,45.76634837453136],[21.22508327742806,45.7666443546255],[21.22410791226376,45.76840938667845],[21.22324666700321,45.77001768071572],[21.22301179942219,45.77059906619649],[21.22248439547621,45.77225608991125],[21.22194673706058,45.77376223497652],[21.22122095818363,45.77595005119337],[21.22069765468,45.77776287099967],[21.22008128063585,45.78000406159261],[21.21966445045006,45.78173900697484],[21.21942950787615,45.78264831592657],[21.21908085980833,45.78362607581339],[21.21860586404975,45.78479823629736],[21.21816497698241,45.78589190517747],[21.21812707349142,45.7860663159344],[21.21812706716894,45.78619844599434],[21.21821800946028,45.78635171845504],[21.21827863870578,45.78643628281425],[21.21837716407627,45.78651556263952],[21.21840747701636,45.78660012660711],[21.21838473367252,45.78673225695528],[21.21827862035062,45.78682738979326],[21.21813461233709,45.78688023993787],[21.21796786819326,45.78689609304082],[21.21778596613532,45.78689608991067],[21.21764195791256,45.78693308408054],[21.21750552494727,45.78702293101561],[21.21733119107875,45.78716034478242],[21.21709621586011,45.7873611812302],[21.21687609477341,45.78752175513249],[21.21531139191443,45.78853650013217],[21.21390907907742,45.7894560646284],[21.21159205898429,45.7909900621761],[21.21129871768468,45.7911966880495],[21.21119258202192,45.79130766851755],[21.21107127333137,45.79149264050145],[21.21104093561932,45.79159834200988],[21.21108640275524,45.79166705314419],[21.21115460127369,45.79178333305547],[21.21115457933037,45.79191017813142],[21.21110907877642,45.79203173455255],[21.21092714566273,45.79211628381647],[21.21071490636365,45.79212155215367],[21.21057088935547,45.79211097003068],[21.2104041312646,45.7921056710303],[21.21022220375562,45.79214793785287],[21.20978823039057,45.79226953159657],[21.20940920666849,45.79241219621083],[21.20909839752131,45.79256543709879],[21.20877241558514,45.79276624317427],[21.2082644792321,45.7930938764835],[21.20785508403512,45.79338452388926],[21.20744803146004,45.79370705241612],[21.20716750279488,45.79397127949262],[21.20681869912383,45.79443105121221],[21.20531473225627,45.79661896368077],[21.20364061082316,45.79908853773021],[21.20247148049212,45.80074036164128],[21.20177370118554,45.80163346316554],[21.20090312043871,45.80270642548656],[21.20037224559271,45.80319785684031],[21.19973631361785,45.8036751170628],[21.19850773198632,45.80461037564938],[21.19740134153962,45.80543413892164],[21.19715861522581,45.80569835047138],[21.1969613741724,45.80596785715257],[21.19677925955697,45.80631664637854],[21.19650606269488,45.80691545213097],[21.19605071484492,45.80787726942476],[21.19547349095847,45.80891615086762],[21.19486833103819,45.80999438609461],[21.19482276066969,45.81015821717075],[21.19484545108786,45.81027978175637],[21.19500463242942,45.81038552097635],[21.1951334868948,45.8104859681843],[21.19523200256165,45.81060754960214],[21.19530774451353,45.81078726366794],[21.19531524222433,45.81097224868717],[21.19526206882523,45.81119620408974],[21.19509516399055,45.81139171988378],[21.19492071157024,45.81150795623022],[21.19467802973643,45.81159246612803],[21.19442019642725,45.81164526114064],[21.19421546335644,45.81165050052198],[21.19407138566086,45.81166632388326],[21.19395003511523,45.81172443404583],[21.1938665871945,45.81180369384862],[21.19361749747063,45.81216514811198],[21.19290411314609,45.81338058457195],[21.19142854831689,45.81597680286994],[21.19015685748507,45.81817934153851],[21.18902213858799,45.82020968754534],[21.18803463007095,45.8219008015818],[21.18762131568889,45.82270647773462],[21.18743908059084,45.82307110325698],[21.18737070320417,45.82327192109354],[21.18734778234785,45.82355203035331],[21.18731750519738,45.82368812962312],[21.18728550379132,45.82375811722692],[21.18722611763345,45.8238121885005],[21.18709368977889,45.8238503301427],[21.18696582729179,45.82388847298236],[21.18688361585155,45.8239361741017],[21.18681965553297,45.82400297059606],[21.18667796735222,45.82425110003039],[21.18620720518535,45.82504002140917],[21.18547776627142,45.8262872353619],[21.18459460229186,45.82778410707732],[21.18352591359762,45.82956654967509],[21.18278489471404,45.83080161485918],[21.18187525687207,45.83236983415559],[21.1811484257743,45.83357030839272],[21.18058088435474,45.83450278240286],[21.18003977996363,45.83538650691554],[21.17937122819428,45.83652414538983],[21.17856935764127,45.8378495867947],[21.17757128585908,45.83953524290422],[21.17643691276679,45.84137939387762],[21.17527109879956,45.84333123658313],[21.17435678782699,45.84485658850445],[21.17382980503588,45.84568673654047],[21.17342531595348,45.8462613108301],[21.17306640799081,45.84675266790205],[21.17286473826085,45.84704189630363],[21.1724600770593,45.84779087175374],[21.17192998282795,45.84882442629955],[21.17161647677595,45.84941885790846],[21.1710088942344,45.85039335292738],[21.16997744960195,45.85202857243905],[21.16925178119847,45.85317485122613],[21.16878043159857,45.85388270852658],[21.16790298822661,45.85496836988488],[21.16788014433332,45.85505159817885],[21.1679142119106,45.85513485228252],[21.16811898059031,45.85525385744531],[21.16868218170611,45.85549193605475],[21.16902480404817,45.85565342755469],[21.16909302088499,45.85573669583991],[21.16911571598882,45.8558120162937],[21.16903583104225,45.85603791138072],[21.16867647444441,45.85690976547034],[21.16857379057308,45.85716736128464],[21.16842534748502,45.85766672616509],[21.1681683800135,45.85858108334191],[21.16807681086917,45.85911614460943],[21.16801365006598,45.85970564127373],[21.16788751005593,45.86068478554908],[21.16771392414864,45.8616579374712],[21.16744866172445,45.86271915407706],[21.16708218900035,45.86413617797753],[21.16670821175394,45.86547784481044],[21.16633814782216,45.86683348870635],[21.1657408585177,45.86886064059254],[21.16510437422968,45.87108957078462],[21.1643898343033,45.87347505021669],[21.16368819801165,45.87589696136906],[21.16311059270775,45.87789257366838],[21.16260322946123,45.87957735694932],[21.16252516022595,45.87984470452333],[21.16250551022772,45.88003761999426],[21.16250534487637,45.88020085563606],[21.16255379341433,45.88036334223077],[21.16263629650443,45.88050553832535],[21.16277708274524,45.88070530270966],[21.16299563979442,45.8809281200064],[21.16317045482103,45.88113466961125],[21.1632966622315,45.88133104137239],[21.16345196186625,45.88160783570796],[21.16369446763346,45.8821867281319],[21.1641816640103,45.88349948809257],[21.16444779715827,45.8841039747256],[21.16475826608522,45.88481151208521],[21.16488917528392,45.88518362005688],[21.16495204302983,45.88552549803137],[21.16497612792032,45.88575228065746],[21.16504530538737,45.88659417104742],[21.16506429734056,45.8876794201296],[21.16501171863561,45.88935428804636],[21.16494063346348,45.891290756238],[21.16485108610075,45.89384178339373],[21.16482254142619,45.89561852425988],[21.16479510742876,45.89628307266617],[21.16484171120308,45.89652529578508],[21.16488838536511,45.89669765371411],[21.16490163456561,45.89683273418295],[21.1648278387598,45.89701515842611],[21.16477409218471,45.89722007077176],[21.16477363709561,45.89767186803296],[21.16470488431911,45.89949553806014],[21.16464269110632,45.90144528025007],[21.16460847085792,45.90220007677173],[21.1645670529518,45.90274978380764],[21.16442236210781,45.90420303216085],[21.16438376661505,45.90488040695317],[21.16436185354911,45.90571877594746],[21.16431106395284,45.90750931412716],[21.16426149861642,45.90999880131771],[21.16426100393732,45.91049254750631],[21.16423198651848,45.91068336725236],[21.16411947799877,45.91139995727895],[21.16406572291519,45.9114452479532],[21.16394073169941,45.91149670017666],[21.16349642133535,45.91157697144532],[21.16207180886272,45.9118212558641],[21.16173857130683,45.91188225885009],[21.16106737667822,45.91208475082075],[21.16013000343891,45.91234126118066],[21.15893581812849,45.9126142949912],[21.15763693266996,45.91290206738731],[21.1559902876019,45.91329623690041],[21.15592090123019,45.91327366087889],[21.15508342877597,45.91195591396558]]},"properties":{"line":"M41","dir":"0","mode":"bus"}},{"type":"Feature","geometry":{"type":"LineString","coordinates":[[21.1550809822539,45.91195251431321],[21.15508106545787,45.91188198282456],[21.15515083181546,45.91182030734257],[21.15553107618103,45.91173676640652],[21.15864264833963,45.91109929475838],[21.16057551255705,45.91069476176765],[21.16080019150475,45.91065399831805],[21.16107265277304,45.91062769066535],[21.16285298296157,45.91063301033333],[21.16404123022595,45.91063800547415],[21.16416797534811,45.91060721041221],[21.16421237863158,45.91055433361047],[21.1642328394507,45.90911726360343],[21.16425332978499,45.90764944034325],[21.16429943970441,45.90590473828099],[21.16431415483187,45.90480524490165],[21.16435282496624,45.90415284777293],[21.164536738758,45.90251978972254],[21.16461968024248,45.90046469661967],[21.16467196162251,45.898863199147],[21.16471781183177,45.89735521096198],[21.1647306486343,45.89718770497488],[21.16478784213058,45.897002587268],[21.16481964152062,45.89687476399597],[21.16484509339658,45.89676016210669],[21.16480725762597,45.89659263092805],[21.16474413203671,45.89637244404319],[21.16473180000939,45.89603741412508],[21.164777381143,45.89480313164543],[21.16482374171874,45.8939191799448],[21.16484652689648,45.89269479696965],[21.16486569788738,45.89197909357013],[21.16489438500194,45.8909771498227],[21.16494205435015,45.89010467482732],[21.16497542493615,45.88903208088723],[21.16500911906647,45.88762724418355],[21.16501427205736,45.88708462257618],[21.16498718685576,45.886487289521],[21.16495993425934,45.88605697021499],[21.16491876537422,45.88570369677321],[21.16487295517167,45.88537932353863],[21.16482703318653,45.885167348852],[21.16472118893233,45.88490396235446],[21.16439902843909,45.88413272434985],[21.16404466411903,45.88328070168736],[21.1638237706116,45.88274749901361],[21.16355695959412,45.88200859410402],[21.1633544517294,45.88154926269843],[21.16318807787457,45.88125953678791],[21.16302686841613,45.88101860189601],[21.16287018371098,45.88086437659985],[21.16272733898647,45.8807101579929],[21.16262599557527,45.88057201691719],[21.16251083692465,45.88041138886474],[21.16244642191868,45.88025078606836],[21.16243275018741,45.88009020872479],[21.16246062612567,45.87990080758367],[21.1625208856556,45.87962144643184],[21.1627800729854,45.8787902861677],[21.16316890129362,45.87748366367116],[21.16362254069675,45.87593087472726],[21.16401134922108,45.87460570706048],[21.16440499479844,45.87325383026235],[21.16490165086315,45.87161559040296],[21.16530891382993,45.87022478302599],[21.16582543196635,45.86837994588126],[21.16639203259076,45.86643980365783],[21.16676228901279,45.86508704916096],[21.16722936957241,45.86339363897466],[21.16761908506323,45.86182560959954],[21.16770139935138,45.86141502189046],[21.16783378721695,45.86062240578571],[21.16796241262713,45.85958325008349],[21.16802386781251,45.85905319363097],[21.1680898864843,45.85873665316757],[21.16822141616101,45.85818884192155],[21.16844787651872,45.8573631494777],[21.16862577808092,45.85686013868503],[21.16901412194345,45.85592674611883],[21.16904975337108,45.85581721082696],[21.16904440448766,45.85573598236655],[21.16892830477318,45.85565037518876],[21.16815481232686,45.8553232977951],[21.1679630436332,45.85521688336905],[21.16788180731569,45.85515167901244],[21.16782993926943,45.85505001353545],[21.16784217892958,45.85495259346017],[21.16822981467891,45.85447455413088],[21.16884073670906,45.85370188170802],[21.16966258678453,45.85241795545934],[21.17050663624831,45.85108889456653],[21.17118338636438,45.85001604539821],[21.1716990443862,45.84912965848677],[21.17206390986461,45.8484340962948],[21.17227900906638,45.84801291769047],[21.1724737910382,45.84763785882215],[21.17262978006735,45.84730964131553],[21.17281942969693,45.84698822638603],[21.17320766732126,45.84646279813756],[21.17365908305429,45.84583499994579],[21.17419756507117,45.84501255090845],[21.17439669173978,45.84471463411298],[21.17486012808696,45.84395942153389],[21.17579532441826,45.84239298931211],[21.17659281325684,45.84102942381075],[21.17739620902709,45.83972975081112],[21.17820627278726,45.83834207917077],[21.17880281815651,45.83736028216961],[21.17935676115052,45.83645683172865],[21.18005636458161,45.83526693335684],[21.18073788296466,45.83415177346217],[21.18113638679573,45.83348549090827],[21.18151073774253,45.83283213957474],[21.18193408366787,45.83211034877831],[21.18302435510839,45.83030369396121],[21.1843047602355,45.82817339315294],[21.18529863294815,45.82647358457647],[21.1860665784239,45.82513939965604],[21.18676534685394,45.82399447816124],[21.1868624050663,45.82385053300814],[21.18699283118545,45.8237636910318],[21.18709426939592,45.82369689230963],[21.18716677632452,45.82364007600832],[21.18721044568209,45.82357647406803],[21.18722546559447,45.82347254967997],[21.18722656702977,45.82332802034628],[21.18727559146124,45.82316717646178],[21.18731978459579,45.82300967307694],[21.18741569285845,45.82283603167902],[21.1878970202905,45.82197678186374],[21.18858078000856,45.82076586020642],[21.18957226578934,45.81900438931403],[21.19044424023095,45.81752919233206],[21.19093077452227,45.81663780731019],[21.1919003289861,45.8149505786084],[21.19304537705119,45.812955700732],[21.19365145920487,45.81183723518459],[21.19368307650915,45.81167663519104],[21.19366307417995,45.8115873130309],[21.19359686858371,45.81151572176421],[21.19344893314329,45.81140106387253],[21.1933469273423,45.81131866491041],[21.19327059459726,45.811225621849],[21.19322499897866,45.8111326605168],[21.19319483060648,45.81102902792773],[21.19318538866905,45.81088260096074],[21.19321168601013,45.81075754890511],[21.19325845673996,45.81063626773386],[21.1933411647562,45.81050079907008],[21.19345963365095,45.81038327907905],[21.19360868214891,45.81029440626306],[21.19379863389946,45.8102199247955],[21.19402430790229,45.81017053306693],[21.19421905033199,45.81015676645092],[21.19435230030011,45.81014640740085],[21.19451128163247,45.81011469140721],[21.19464486395773,45.81004362927285],[21.19474796368569,45.80992606570696],[21.19489436172166,45.80967348547109],[21.19524067625647,45.80910665075127],[21.19582040383667,45.80808133037985],[21.19599229935439,45.8077888826662],[21.19609606740376,45.80754634514208],[21.19625131142822,45.80725752358705],[21.19640176162264,45.8069079860344],[21.19654512670944,45.80658293261012],[21.19663329097427,45.80638320279574],[21.19671617760231,45.80621202502233],[21.19680930858298,45.80604087407825],[21.19690234249565,45.80588757643931],[21.19699531810271,45.80574499066758],[21.19712936862795,45.80558465880136],[21.19724269754956,45.80546712122288],[21.19741768710858,45.80531403741229],[21.19770575367512,45.80508983347843],[21.19838121099299,45.8045739311805],[21.19930753737168,45.80388579962752],[21.2000489270364,45.80332939671453],[21.20029586038039,45.80313007573955],[21.20052744596236,45.80292714284454],[21.20075912696563,45.80270635460376],[21.20100588498918,45.80246092269922],[21.20150091377428,45.80184089284579],[21.20195958585862,45.80123306818956],[21.20250079121475,45.8005478659819],[21.20324197186012,45.79947755812821],[21.20393712189976,45.79844860640965],[21.2046676705319,45.7974024382813],[21.20517860879858,45.79666196789614],[21.20551417706609,45.79615577504548],[21.20634614593337,45.79497303998725],[21.20670024092592,45.79446472439514],[21.20686546761595,45.79420805078556],[21.20704596340215,45.79396926899216],[21.20719021736564,45.79380538020671],[21.20733951740999,45.79365578678726],[21.20749900333298,45.79351693095126],[21.20764813463337,45.79339947292022],[21.20785385076639,45.79326106573788],[21.2082444195869,45.79300138819567],[21.20890491258096,45.79257740804482],[21.20973833170503,45.79203656635327],[21.21040634335636,45.7915990417902],[21.21098474067189,45.79123519625705],[21.21153456670889,45.7908723543611],[21.21203286906009,45.79057008123529],[21.21277519060182,45.79008334605808],[21.21365271214414,45.78951029549531],[21.21492518747196,45.78866105655108],[21.21600899937862,45.78796413902126],[21.21652791150455,45.78762619227612],[21.21683705874492,45.78743826105908],[21.2171146186273,45.78723183937028],[21.21730491083445,45.78706805147962],[21.21745418385154,45.78691487468094],[21.217536690495,45.78680081212233],[21.21756777476821,45.78672947280614],[21.21756319535868,45.7866223382221],[21.21756882119855,45.78652237004115],[21.21762040575805,45.78644750977162],[21.21774381834537,45.78635270580617],[21.2178613543632,45.78626290188936],[21.21796301039128,45.78611956671744],[21.21813466207549,45.78570612574726],[21.2185110247103,45.7847262040332],[21.2189035192459,45.78374728622568],[21.21915446192249,45.78310843979381],[21.21931857758408,45.78265368719154],[21.21947026308901,45.78219233422167],[21.21955331968353,45.7817308122322],[21.21967770723443,45.78107599485576],[21.21979723397903,45.78058563386339],[21.21992425498746,45.78021149487335],[21.22007972147415,45.7796583424613],[21.22038869171876,45.77841046443943],[21.2206991023449,45.77741635383561],[21.22103201517688,45.77620193182652],[21.22129528641883,45.77521221395562],[21.22144965804809,45.77459937163496],[21.22161728208452,45.77417183893497],[21.22182099568573,45.77379225264378],[21.22218632577665,45.77274471268725],[21.22262619398914,45.77142445834334],[21.22309540795478,45.77012570444885],[21.223273268616,45.769696072231],[21.22341188739548,45.76941486724679],[21.22359884121976,45.76915348472004],[21.22390669946368,45.76861587096576],[21.22456485727755,45.76739015895607],[21.22512144419045,45.76636115793884],[21.22517866580325,45.76621489414336],[21.22521577749641,45.76605450509214],[21.22531098579136,45.76512010780228],[21.2253671181795,45.76437209378085],[21.22544987650723,45.76390789000456],[21.22549103440999,45.76374469604261],[21.22561734171019,45.76350005813049],[21.22579641649295,45.76319360570069],[21.22620227365501,45.76249384439133],[21.22676845440953,45.76142360086708],[21.22741747938544,45.76025343992231],[21.22764574085574,45.75985930352122],[21.22767441290767,45.75977209477247],[21.22766252591362,45.75972702069102],[21.22762251458791,45.75965654168616],[21.22758644281944,45.75960577964147],[21.22755853785734,45.75953532921972],[21.22755897633197,45.7594452381524],[21.22760778420999,45.75936652292446],[21.22766051772545,45.75931033996867],[21.22778990926129,45.75925715336665],[21.22795550931287,45.75922657503526],[21.22808858031039,45.7592465967378],[21.22820540068436,45.75928910311687],[21.22826162246823,45.75934554350281],[21.22833409515044,45.75937949892824],[21.22842268241117,45.75941912312809],[21.22852753428775,45.75943344711703],[21.22876975432838,45.75941430946357],[21.2299723891586,45.75932684451585],[21.23036323581016,45.75929367982269],[21.2305005730991,45.75926584765009],[21.23081183660691,45.75915396066873],[21.23146289605791,45.75887112606149],[21.23190221393412,45.75867006861043],[21.23204138706906,45.75854327556237],[21.23215093174757,45.75841965428937],[21.23222410483941,45.75830720975586],[21.23229347115912,45.75814689495271],[21.23232255916059,45.75797219130456],[21.23243095969715,45.75778654665556],[21.23261838755515,45.75769240308941],[21.23281016198273,45.75766675750574],[21.23300633060293,45.75769982579855]]},"properties":{"line":"M41","dir":"1","mode":"bus"}},{"type":"Feature","geometry":{"type":"LineString","coordinates":[[21.25342432556853,45.74786579338002],[21.25378219373577,45.74707092490153],[21.25417994097158,45.74605692964409],[21.25436548256946,45.74559520313345],[21.25440297456826,45.74556565444993],[21.25448597467615,45.74555802340256],[21.25453786315275,45.74556930920367],[21.25457713916393,45.74559543823743],[21.25457585649174,45.74565108160159],[21.25410245612899,45.74689164463413],[21.25373754345307,45.74781673677004],[21.25322708256565,45.7490663889683],[21.25292943936535,45.74979724707435],[21.25280013977396,45.75008264552836],[21.25255918229405,45.75048053151541],[21.25226152710575,45.75099676120094],[21.25203016730829,45.75131740319829],[21.25170606923993,45.75161534097887],[21.25097434699935,45.75220725931305],[21.25059283230867,45.75251978688753],[21.25041519540168,45.75272735608417],[21.25019465010514,45.75311019631791],[21.24986196085071,45.75372441599161],[21.24943439323884,45.75452376406477],[21.24927783892125,45.75489375059602],[21.24922767273076,45.75494028021842],[21.24901222060359,45.754969962201],[21.24832253466527,45.75488726247445],[21.24585089456798,45.75463030894622],[21.24404365348235,45.75443219767082],[21.2424680437601,45.75427093301604],[21.24129789110109,45.75416133985685],[21.24049856544513,45.75406450526133],[21.24035330867214,45.7541099521053],[21.24030041757827,45.75414146223404],[21.24028605369543,45.75423120813594],[21.24033243593846,45.75434733158289],[21.24086309709088,45.75527384693861],[21.24136454214915,45.75600646697009],[21.24141152598807,45.75609690844906],[21.24141057900232,45.75613757075521],[21.24131821013579,45.75615150825233],[21.24057574134898,45.75601892775056],[21.2402468297201,45.7559745227017],[21.23985762932189,45.75595512073908],[21.2395213219564,45.75590420781628],[21.23861666421108,45.75577405417281],[21.23752319805899,45.75570382646803],[21.2364132521707,45.7556478643405],[21.23517295302495,45.75563917524256],[21.23448575843977,45.75568279248501],[21.23412627349352,45.75570857652627],[21.23391799719142,45.75572842759927],[21.2338409566133,45.75574831291323],[21.23380099899822,45.75577816073842],[21.23378383066485,45.75586214253911],[21.23380369246475,45.75606319357685],[21.23383486000029,45.75646131246755],[21.2338318191671,45.75680965952479],[21.2338402830983,45.75698425514712],[21.23387160608072,45.75709573439836],[21.23395428579076,45.75720324613111],[21.23410255804332,45.7573625296767],[21.23414245814772,45.75744216256341],[21.23414813669795,45.75749391867997],[21.23411955407914,45.75758986436233],[21.23397398474351,45.75770925958046],[21.23314035790046,45.75817127386431],[21.23231348318344,45.75857059188251],[21.23194533923655,45.75873570599582],[21.23122204754011,45.75905309971342],[21.23080253770295,45.75922416677406],[21.2305656730116,45.75931566378536],[21.23037448871239,45.75935541928694],[21.23012339730013,45.75937923256241],[21.22916571485814,45.75945308556202],[21.22870348602228,45.75948479324704],[21.22852657303655,45.75951260655832],[21.22841819754557,45.75954239480087],[21.22833828026354,45.75958815268842],[21.22827832595714,45.75964785063612],[21.2281926930401,45.75970754056037],[21.22810707396252,45.75974533436553],[21.22800719269134,45.75977715198123],[21.22790731771443,45.7597990167786],[21.22785023492014,45.75982885717829],[21.22778172244968,45.75988457125092],[21.22769344937555,45.7600157393286],[21.22734780769528,45.76063270314045],[21.22660215126196,45.76194751889423],[21.22609056697772,45.76285108365076],[21.22586828023355,45.76324944343787],[21.22577684740428,45.76343254437154],[21.22570465474689,45.76361783679268],[21.22562463645628,45.76379895029878],[21.2255646199697,45.76393826896356],[21.22552457673445,45.76407759443211],[21.22551307117409,45.76421095796618],[21.22547300871584,45.7643779234877],[21.22545550496199,45.76479908036661],[21.22537683652507,45.76563066119385],[21.22534886348272,45.76603425951031],[21.22530005297838,45.76622827381161],[21.2252444531553,45.76636183749474],[21.22501432208418,45.76677917779408],[21.22429624810188,45.76809806616712],[21.22347012530943,45.76963776236659],[21.22317279738945,45.7702413089882],[21.22289561990218,45.77096155264925],[21.22257577728849,45.77190186247887],[21.22199638981447,45.77357881051124],[21.22158298303412,45.77472852048637],[21.22112639027056,45.77617835507078],[21.22071041390237,45.77771747017925],[21.22011101634762,45.77992294795818],[21.2198703740726,45.78099349475796],[21.21970097687213,45.78159185148176],[21.21945702375388,45.78257101843554],[21.21903470291338,45.78372034414987],[21.21855419916939,45.78492010215756],[21.21814849026476,45.78593078630248],[21.21810925604337,45.78609090332125],[21.21814179619982,45.78624731013857],[21.21822184429687,45.78636002874774],[21.21833214466794,45.78646358709767],[21.21836726441763,45.78654947187396],[21.21838013639218,45.78664859111014],[21.21832905902035,45.78672994656143],[21.21822565235158,45.78681694485645],[21.21810287828488,45.7868649318484],[21.21800579405027,45.78688137879467],[21.21788607338933,45.78688756303274],[21.21777013978423,45.78689632786885],[21.21770292085597,45.78690731240104],[21.21760299120729,45.78694989307777],[21.21751046993725,45.78701591432176],[21.21738877262674,45.78712917014405],[21.21723703654828,45.78723744490765],[21.21688898375379,45.7874984022599],[21.21630376051806,45.78788693370042],[21.21546997277749,45.78843784624432],[21.2150476208701,45.78871278752306],[21.2146621891083,45.78895609914689],[21.21386315684374,45.78947830936843],[21.21311098187917,45.78996679999825],[21.21247001365177,45.79038448132786],[21.21163369557954,45.79093823632253],[21.21137678002629,45.79112323989076],[21.21128410510993,45.79120261281371],[21.21121808417569,45.79130274207736],[21.21109377380171,45.79151604477044],[21.21104244274219,45.791595088016],[21.21103967286924,45.79165539616656],[21.21109725621343,45.79172832881856],[21.21114753745528,45.79181442548041],[21.21115608670145,45.79187726474905],[21.21113485233754,45.79195781895717],[21.21107976228217,45.79203689208134],[21.21098285390401,45.79208746626714],[21.210896920461,45.79211960499298],[21.21073922846696,45.79213134664761],[21.210603615782,45.7921140797301],[21.21047197663068,45.79210988668331],[21.21036314716348,45.79212123849813],[21.21008039268181,45.79218901959613],[21.2096913795356,45.79230744753803],[21.20946330153827,45.79238265526432],[21.2092625860489,45.79247235714488],[21.20901289865991,45.79260540025841],[21.2083545079533,45.79303263982655],[21.20780775714595,45.79340604756242],[21.20759244749886,45.79357288918402],[21.20738841252539,45.7937396413199],[21.20721470300244,45.7939218796852],[21.20708294947817,45.79407988646539],[21.20675197355814,45.79453072673822],[21.20607406602543,45.79551789852989],[21.20536375688902,45.79654759981588],[21.20480893049247,45.79736503725618],[21.20398440807417,45.79856993351333],[21.20344638239936,45.79935510973787],[21.2027726181366,45.80031869234459],[21.20220157531935,45.80110034668749],[21.20158163090506,45.80188367833496],[21.20113840814097,45.80243612287524],[21.20090581982828,45.80270006969837],[21.20070224133448,45.8028982599498],[21.20052007565406,45.80305876688897],[21.2002640331788,45.8032678535849],[21.19979221291288,45.80363105473552],[21.19929470261003,45.80400311631007],[21.19870352894848,45.80444501408272],[21.19823530036322,45.80478682099194],[21.19768317652319,45.80519627569241],[21.19747906968748,45.8053630100388],[21.19728279931428,45.80555531222009],[21.19713128198638,45.80571901143164],[21.19700244820731,45.8058903960262],[21.19688745516179,45.80606728375586],[21.19675668022267,45.80635139111994],[21.19645124932296,45.80699672161412],[21.19616041078207,45.80766212485641],[21.19603254177988,45.80789378720297],[21.19578728701376,45.80833526455003],[21.19559309188041,45.80865132257454],[21.1952174943417,45.80932492100695],[21.19496900559942,45.80979229224965],[21.19487458612354,45.81000009971492],[21.19483495920246,45.81010787581964],[21.19482473545197,45.8101734838224],[21.19484835071064,45.81023882692196],[21.19488299229206,45.8102883569723],[21.19496680836486,45.81035584980457],[21.19508864627281,45.81044925606363],[21.19519569857605,45.81055850499571],[21.19526934399905,45.81069484509531],[21.19530521190321,45.81082037782195],[21.19533947713722,45.81089540933259],[21.19538608362689,45.81097185218165],[21.1954681908917,45.81103898066483],[21.19556620983153,45.81108791197627],[21.19573217199973,45.81112953371031],[21.19603497877652,45.81121602615809],[21.1964549854844,45.81133472153717],[21.19685893908067,45.81146257824449],[21.19720117864314,45.81158188241049],[21.19764201530742,45.81174332979833],[21.19799106633779,45.81188290995874],[21.19846991342338,45.81205648867978],[21.1989065387415,45.81219989539836],[21.19932357880474,45.81233441941502],[21.19981385252722,45.81247856243829],[21.20071916249029,45.81274252177301],[21.201914993189,45.8130851739735],[21.20314302056117,45.81343070592563],[21.20423098697681,45.81374958831843],[21.20460879133724,45.81386181202145],[21.20486304433222,45.81395016321608],[21.20505614524504,45.81403467385181],[21.20530108165592,45.81414794654576],[21.20560512847398,45.81430819147722],[21.20610269964197,45.81460108372399],[21.20718818777866,45.8152478202598],[21.20783427576439,45.81563277099502],[21.20818776440499,45.81584231656317],[21.2085573951853,45.81603802242045],[21.20890038492311,45.8162002069913],[21.20934101152685,45.81638646449221],[21.20973546576872,45.81653522984539],[21.21022106391741,45.8166962767656],[21.21095362626945,45.81694941990317],[21.21170141990662,45.81723207730426],[21.21243954720977,45.8175338657294],[21.21292605433679,45.81774911217196],[21.21350601767013,45.81802663442718],[21.2140289180091,45.81828689312347],[21.21447043685322,45.81852508339892],[21.21517475438771,45.81892863776221],[21.21573087588952,45.81923593771998],[21.21649834424909,45.81967714928403],[21.2170161242833,45.81997173787244],[21.21744054961879,45.8201980352614],[21.21770867377433,45.8203382048516],[21.21793380620543,45.82042676081963],[21.21822506881526,45.82053767472362],[21.2184365645548,45.82058567551521],[21.2185925877363,45.82061153106289],[21.21872894025517,45.82062399011103],[21.21886171519617,45.82061614606447],[21.21895850105736,45.82058825942693],[21.21906184399411,45.8205648381572],[21.21916231985538,45.82056403063005],[21.2192502055445,45.82058591503888],[21.21929297689644,45.82062397562169],[21.21932244242548,45.82070445043405],[21.21930369159663,45.82077394919462],[21.21925699018185,45.82083812488401],[21.21922597830179,45.82088830483639],[21.21923508602193,45.82095757957105],[21.21928765037598,45.82100708744559],[21.21937699511217,45.82108268320873],[21.21951295527867,45.82117075159358],[21.21969174665254,45.82126990642225],[21.21998289618948,45.82141845382623],[21.22037936879445,45.82160918909618],[21.22075969249002,45.82179359566695],[21.22134174289805,45.82207468439968],[21.22190512444473,45.82236676352813],[21.2223118171986,45.82255781249817],[21.22285100323182,45.82281895951056],[21.22341652470312,45.82309102729533],[21.22407973398189,45.8234046489178],[21.22438048185406,45.82353710409951],[21.22458847096731,45.82361543994379],[21.22487564537634,45.82372056996091],[21.22546752030405,45.82392179351562],[21.22574142321458,45.82401788369562],[21.22597588846997,45.82410972063995],[21.22617732328316,45.82418810760192],[21.22632867999327,45.82426196441163],[21.22641522695061,45.82433670828278],[21.22650234661379,45.82444574078114],[21.22655998216732,45.82455729856758],[21.22677389623382,45.82500562696412],[21.22722158002514,45.82598496267881],[21.22754811863392,45.82668995243206],[21.22810771665549,45.82791681743119],[21.22845038600761,45.82868902834136],[21.22881145171538,45.82948840288185],[21.22904565961394,45.83001552877126],[21.22918162929491,45.83029791486616],[21.2294576358565,45.83090949488327],[21.2297245140268,45.83145910755074],[21.22965227844706,45.83153804452835],[21.22911416285967,45.83167920541721],[21.22728394560344,45.83204538031987],[21.22722461854656,45.8320919710644],[21.2273594700795,45.83239049685938],[21.22834092510908,45.83450106471758],[21.22838053986582,45.83453827802458],[21.22845308226702,45.83455050570497],[21.2292388186221,45.83437685597707],[21.23014327906423,45.83417895943608]]},"properties":{"line":"M42","dir":"0","mode":"bus"}},{"type":"Feature","geometry":{"type":"LineString","coordinates":[[21.23016178536316,45.83417416357497],[21.23078570348331,45.83402976817475],[21.23083465052525,45.83399670897792],[21.22921598491328,45.83044380003713],[21.22881668525228,45.82957468117156],[21.22835783885609,45.82859509678034],[21.22784326244882,45.82742427802073],[21.22740820872286,45.82648507631741],[21.22669415912899,45.82490808938728],[21.22660871957507,45.82472388066203],[21.22650557517207,45.82453705198012],[21.22638744744186,45.82437447303391],[21.22627432981032,45.82428155736599],[21.22610369194662,45.82419983124191],[21.22521713710232,45.82386653147224],[21.2243939437504,45.82357339327222],[21.22392511401962,45.8233734319179],[21.22216790184795,45.82252677202701],[21.2210056644348,45.82196025005615],[21.22058501770137,45.82175247148498],[21.21999547128041,45.82146231672172],[21.2197395198908,45.82133837320155],[21.21947724958611,45.82121534657349],[21.21933524777326,45.82115034667218],[21.21920170716893,45.82107525698514],[21.21914045587993,45.82102363752107],[21.21907596403604,45.82094999664456],[21.21901745581506,45.8208903377409],[21.21897944212296,45.8208525614107],[21.21891845646699,45.82081697400363],[21.21881731149142,45.82078772214301],[21.21861030859893,45.82072612273802],[21.21823275670231,45.82061729111054],[21.21797591078289,45.82052782771118],[21.21766614589511,45.82039853474151],[21.21720025274753,45.82013536851304],[21.21690286329245,45.81996666054817],[21.21608998261198,45.81950437734829],[21.21479223318094,45.81876834199159],[21.2141281891585,45.81839724580739],[21.21360820604771,45.81812764831334],[21.21294942068964,45.81781319910875],[21.21226683958432,45.81750725988842],[21.21140674926827,45.8171548238371],[21.21089327880073,45.81698097737806],[21.21017148321939,45.81672536881231],[21.20953599457028,45.81650503059594],[21.20902024583832,45.81630454235975],[21.20858392562063,45.8160930170487],[21.20814732397381,45.81586415321269],[21.20732839346956,45.81537824447037],[21.20626662897701,45.81474785638579],[21.20572896933109,45.81442268990283],[21.20529724897161,45.81418683945999],[21.20497152314252,45.81404377475555],[21.20467112246487,45.81392824957484],[21.20407105401533,45.81374226897459],[21.20332638982466,45.81352711727881],[21.20141197846005,45.81297700310014],[21.19999268924945,45.8125859299321],[21.19918347311727,45.81234641466182],[21.19867829038099,45.81221362175638],[21.19830229115455,45.81212705758728],[21.19775118017648,45.81202197388849],[21.1972216320829,45.81192666404254],[21.19664550772828,45.81181928237869],[21.19628413565088,45.81175497427791],[21.19599301316248,45.81168432110339],[21.19554816201974,45.81153114843397],[21.19536872363181,45.81146541453219],[21.19526130943257,45.81144138952806],[21.1951541358091,45.811432282452],[21.19506511842056,45.81144292651549],[21.19492327566508,45.81149625755565],[21.19475309619576,45.81156224349273],[21.19456131344986,45.81161596495364],[21.19431574326681,45.81165270023821],[21.19413726724285,45.8116466366865],[21.19396552501139,45.81161565352234],[21.19378985539538,45.81156232070031],[21.19364981708363,45.81150622226298],[21.19351655279493,45.81142769047517],[21.19341543276332,45.81135139386634],[21.19332088678571,45.81124023219446],[21.19323646579659,45.81109300232584],[21.19320905529197,45.81094152930482],[21.19322469001461,45.8108046397259],[21.19325868017561,45.81069993344153],[21.19332826177893,45.81058984242109],[21.19340874362847,45.81049223317673],[21.19353900387632,45.81038428798507],[21.19365206874173,45.81031626387358],[21.19385430922935,45.81024754226898],[21.19403202039467,45.81020636544595],[21.1942458020221,45.81018977292686],[21.19438118893374,45.81017876679585],[21.19447709813851,45.8101531493401],[21.19455517214553,45.81012767138566],[21.19466745671999,45.81001134696134],[21.19487666899216,45.80971130844108],[21.19509612147155,45.80938484648428],[21.19534680198358,45.80892439951741],[21.19558997515849,45.80849657520573],[21.19593090733224,45.80790832104683],[21.19606966767082,45.80765198559008],[21.19616453114656,45.80744268543479],[21.19642900430071,45.80685313670043],[21.1966101968457,45.80645950502056],[21.19668881333448,45.80628462780043],[21.19677067943516,45.80610033184321],[21.19686202761268,45.80595020171484],[21.19697113398954,45.80579370637226],[21.1971112922442,45.8056245156944],[21.19729226617994,45.80543049409669],[21.19757850160955,45.80518233651246],[21.19805947239935,45.8048268116667],[21.19899356908569,45.80413307294371],[21.20007597916512,45.80332189269673],[21.20030340507956,45.80314400273263],[21.20055891871603,45.80293032082318],[21.20074360320869,45.80275454992098],[21.20091469090406,45.80256643470374],[21.20121282414995,45.8022279034581],[21.20145773428926,45.80191157960199],[21.20192281790603,45.80133111409346],[21.20259564148119,45.80042114300291],[21.20345292911669,45.79919406771486],[21.20426322273523,45.79802686553736],[21.20474389869099,45.7972871437852],[21.20525109029179,45.79658243615418],[21.20587754396676,45.7956500443448],[21.20658955913748,45.7946270921165],[21.2068472827983,45.79425516891456],[21.20703495956696,45.79399220607694],[21.20713564567963,45.7938700083827],[21.20730247559901,45.79369748065093],[21.20754037015269,45.79350259824818],[21.20789782074853,45.7932476212321],[21.20894751427699,45.7925631866667],[21.20966804960761,45.79207772588926],[21.21064422976648,45.79144116016071],[21.21150527180932,45.79089067381516],[21.21235792225405,45.79034534751059],[21.21417921632211,45.78916949973623],[21.21555359483325,45.78827955716672],[21.21676351973222,45.78746959813468],[21.21706363666686,45.7872617440355],[21.21726186680379,45.78710139886557],[21.21737676299635,45.78698658486975],[21.2174962259951,45.78686177118686],[21.21753862420041,45.78678755266679],[21.21756240057028,45.78671782946299],[21.21756730397892,45.78663739341344],[21.21756622742731,45.78657221555943],[21.21756529442416,45.78651572806803],[21.21758932188772,45.78646121297683],[21.2176538158353,45.78640419987418],[21.21775555294694,45.78633819594672],[21.21782968052409,45.78629848835134],[21.21787240109751,45.78624382286458],[21.21793571023706,45.7861151134945],[21.218170401804,45.78554668717462],[21.21860044517292,45.78452043856522],[21.21905326564821,45.78338247456882],[21.21934237554919,45.78252391306346],[21.21956920146498,45.78166361493135],[21.21969095548073,45.78110242148315],[21.21982004319002,45.78051874751028],[21.21996089207633,45.78007072770827],[21.22008439398091,45.77961547242079],[21.22042409477886,45.77839914249864],[21.2206573712791,45.77749309122003],[21.22091933080655,45.77655643133856],[21.22108063573388,45.77603435219534],[21.22126002320496,45.77523190385356],[21.22141530399617,45.77464538822403],[21.22151552501168,45.77436619969325],[21.22172121023744,45.77398823034159],[21.22180728293989,45.77383375698111],[21.22188884237314,45.77363956827128],[21.22216520751894,45.77287665323115],[21.22263472343171,45.77145863662756],[21.22275545754218,45.77107130740465],[21.22288281383396,45.77061870668192],[21.22298955075746,45.77031679531729],[21.22318855249804,45.76985102070987],[21.22334927115561,45.76955136097511],[21.22346731984429,45.76935672061694],[21.22361409757656,45.76914587561513],[21.22400725375229,45.76845727277731],[21.22466590493497,45.76723574018574],[21.22511749303452,45.7664393150228],[21.22518057278287,45.76629365571027],[21.22522766005599,45.7661131826222],[21.22525476828527,45.76588986391367],[21.22529340137028,45.76520175273785],[21.22537652743653,45.76464358863913],[21.22541469929554,45.76439061389315],[21.2254326689142,45.76408135569213],[21.22545345747929,45.76394141420327],[21.22554233359426,45.76366181193831],[21.22569540711299,45.76336758633155],[21.22612874888322,45.76265455815186],[21.22693024689336,45.76121201324617],[21.22746710204408,45.76027085755574],[21.22763726333396,45.75991905901925],[21.22767018867903,45.75984273689599],[21.2276718932186,45.75978206530041],[21.22765726636625,45.75971963079154],[21.22762633992754,45.75965732868622],[21.22759017002582,45.75960644247033],[21.22757036317946,45.75955921443272],[21.2275531148414,45.75950248776105],[21.22756067752011,45.75942213233099],[21.22759223293854,45.75935932278486],[21.22764567919908,45.75930581308061],[21.22770759145217,45.75927119005175],[21.22778592982058,45.75924401571057],[21.22785896146397,45.75922446662496],[21.22793771109333,45.75922193105215],[21.2280383200427,45.75922679987701],[21.228120197712,45.75924888094757],[21.22817775261802,45.75927874192547],[21.22825460872199,45.75932550596973],[21.22830129754493,45.75935545526509],[21.22834795466716,45.75938350922129],[21.22842724292274,45.75941319335577],[21.22849806501561,45.75942399073806],[21.2285632639465,45.75942346046284],[21.22922692837678,45.75937444810117],[21.23014382666259,45.7593214897503],[21.23034185323771,45.75930281654593],[21.23054483743264,45.75925566923223],[21.23100832660892,45.7590718134318],[21.23160176386412,45.75882159508635],[21.23182086271662,45.75871365622071],[21.23194704755933,45.75862353550772],[21.23205412089911,45.75852788392729],[21.23213942983315,45.75843051427655],[21.23222432545516,45.75830850560158],[21.2322794342278,45.75819242657679],[21.23232573480254,45.75804517778259],[21.23235930109676,45.75794064841978],[21.23240667243751,45.75784927513094],[21.23247337720916,45.75777669938823],[21.23257824021148,45.7577113941329],[21.23269725807782,45.75768009302124],[21.2328384215216,45.75767325305587],[21.23300470175714,45.75770601428957],[21.23328050296125,45.75778906011773],[21.23378664812108,45.75795741804226],[21.23511168313626,45.75843373231066],[21.23614221458856,45.75880408071274],[21.23733797941266,45.75918559738791],[21.23743069541667,45.75920568765902],[21.23755818361709,45.75919326795272],[21.2376554375886,45.75916024507246],[21.23771446726953,45.75911616255468],[21.23774626686343,45.75906851244639],[21.23779087972621,45.75881414101764],[21.23789044340523,45.75816314710848],[21.23799225649467,45.7574344191478],[21.23805364150814,45.75696649033305],[21.23825411338444,45.75582648744688],[21.2382915609051,45.75564535788684],[21.23835897235301,45.75560363236927],[21.23864679078823,45.75560690287716],[21.24004245157482,45.7558236206346],[21.24079115846654,45.75600594488648],[21.24118805942392,45.75607997823121],[21.24124966424087,45.75604977383704],[21.24125092348991,45.75599570790312],[21.24031539843199,45.75450602133387],[21.24014148587837,45.75417122316472],[21.24011391649224,45.7540546857501],[21.24012711749891,45.75397559151475],[21.24018108878215,45.75393394057353],[21.24027613811036,45.75391652898854],[21.24038192609417,45.75392565388254],[21.24050962245807,45.75396936629129],[21.24073572226495,45.75401419483827],[21.2429182189036,45.75425817235937],[21.24564702983286,45.75454790795287],[21.24891240332806,45.75488341530286],[21.24907417365332,45.75487391878504],[21.24919669348074,45.7548145460757],[21.24931824009447,45.75463365514602],[21.25018434130175,45.75303540351373],[21.25049490574079,45.75252224839478],[21.25065886798817,45.7523074946868],[21.2509372831736,45.75205440720509],[21.25167839172379,45.75143671862995],[21.25183416573714,45.75129427771019],[21.25214345362328,45.75085134945078],[21.25256870722301,45.75014029461851],[21.25295685587517,45.74930341754185],[21.25327581460362,45.74844060061695],[21.25348903339228,45.74788275391362]]},"properties":{"line":"M42","dir":"1","mode":"bus"}},{"type":"Feature","geometry":{"type":"LineString","coordinates":[[21.23292529784783,45.75769446232023],[21.23305040408602,45.75773820812157],[21.23313234166402,45.75780785490448],[21.23318440784634,45.75789561921519],[21.23319160144974,45.75798751892828],[21.23318492981815,45.75807994696718],[21.23315242812625,45.75815266989764],[21.23304357889445,45.7582128576389],[21.23289390975099,45.75828233017272],[21.23276236469742,45.75833565256277],[21.23263280226282,45.75839933542412],[21.23239924318876,45.75852466371654],[21.23211753203769,45.7586566774476],[21.2318522045326,45.75877593860777],[21.23137164740887,45.7589882956734],[21.23090776611953,45.75917535920173],[21.2306620973206,45.75927931446779],[21.23046848444367,45.75933762582412],[21.2303621603979,45.75935622842606],[21.23003070682064,45.75938582914441],[21.22899687989793,45.75945915014248],[21.22860792916093,45.7595027713511],[21.22849429361104,45.75951679905051],[21.22837618337103,45.75956253006142],[21.22832009039942,45.75960104937137],[21.22825473257419,45.75965447506859],[21.22819574018894,45.75970038159984],[21.22812632878194,45.75973698120494],[21.2280205710094,45.75976283675021],[21.22790290113399,45.75976974042809],[21.22781220643476,45.75976591497279],[21.22771287722371,45.7597405874796],[21.22764764528246,45.75970668541462],[21.22759861122534,45.7596576132189],[21.22756867429381,45.75958598371311],[21.2275570148756,45.75952578680941],[21.22753842266594,45.75946585374613],[21.22751674210924,45.7594108894888],[21.22747520845568,45.75936880877784],[21.2274049981594,45.75931569118833],[21.22724979190481,45.75924155140823],[21.22668460179942,45.75893317165288],[21.22637038371415,45.75877761582781],[21.22603364680431,45.75860607897752],[21.22576598542069,45.75847314922939],[21.22554433254586,45.75835059694395],[21.22511791727684,45.75805109799063],[21.22496887150584,45.75792335756429],[21.22490654280096,45.75788206682925],[21.22483917096285,45.75786522401646],[21.2247729328013,45.75786289175018],[21.2246810423056,45.75788821670616],[21.2241095152821,45.75806761469064],[21.22309699599159,45.75838020340604],[21.22136971403876,45.75893621886595],[21.2202883347063,45.7593102875714],[21.21935108156768,45.75968547606551],[21.21788098183249,45.7603064841424],[21.21662960110995,45.76080030531914],[21.21520356278622,45.76133094435456],[21.21372224689729,45.76190865165032],[21.21128946635423,45.76285791545844],[21.21062624469946,45.76308665645524],[21.20948908085143,45.76339656833146],[21.20671660983659,45.76413567850278],[21.20266853997497,45.76520825271539],[21.20121142097609,45.76558961020788],[21.20036188767051,45.76579880260312],[21.19911121576015,45.76608137065339],[21.19778303738141,45.76636297350675],[21.19626923471294,45.76666030025788],[21.19572550073111,45.76676462608696],[21.1956509172819,45.76678927308944],[21.19554279048262,45.76682974034231],[21.19546708065274,45.76683987637564],[21.19539755391216,45.76684007660477],[21.19530919086843,45.7668215836357],[21.19526495979127,45.7667892960818],[21.19521576032447,45.76673779166575],[21.19516403242349,45.76669851056234],[21.19510227912018,45.76666445914378],[21.19503012505385,45.76663080048189],[21.19495160019434,45.76660465903348],[21.1948382182826,45.76657740824674],[21.19469672552565,45.76654636769754],[21.19313417267334,45.7662172692739],[21.19129518726827,45.76582443570777],[21.18972498623137,45.76549411354856],[21.18863136868895,45.7652625789188],[21.18682325321894,45.76485775470199],[21.18515317555284,45.76448940317049],[21.18448139059574,45.76435275398854],[21.18377791638008,45.76424827284945],[21.18318266243726,45.76414941290638],[21.18261968197917,45.7640293006097],[21.18198796154445,45.76390027763328],[21.18161665058902,45.76381966067101],[21.18100604313553,45.76370196423651],[21.17926683157449,45.76337871005433],[21.17746660882343,45.76302923340648],[21.17642292053511,45.76282659291342],[21.17553427937595,45.76265020968355],[21.17483713409741,45.76249207548679],[21.17400325511742,45.7622733385032],[21.17314123491684,45.76205104955045],[21.17220341235281,45.7618080020404],[21.17076947535477,45.76146954228792],[21.17029845778679,45.76137119305702],[21.16902206850248,45.76114017894064],[21.168046877558,45.76098273732882],[21.16678040035194,45.76077152752578],[21.16617556198216,45.76068264488593],[21.16585360977341,45.76066804196367],[21.16563409298249,45.76066172299652],[21.16546057438078,45.76066580582175],[21.16521556063727,45.7606895485076],[21.16449270013177,45.76077244551295],[21.16330166823512,45.76089956876051],[21.16184085263047,45.76102709148851],[21.16094249599282,45.76109956285386],[21.1585160122593,45.76129717660216],[21.1559601911363,45.76148745080062],[21.15366439662505,45.7616824943226],[21.15147990585477,45.76184179892412],[21.14921635754166,45.7620153167137],[21.14669263490861,45.76220418251352],[21.14477031603261,45.76235114168382],[21.14388383015647,45.76242303509925],[21.14286575928542,45.76252166031739],[21.1419233275665,45.76259077467195],[21.1410411424437,45.76264793264827],[21.1406068943697,45.76266412632868],[21.14003195792495,45.76269284040185],[21.13952283741562,45.76267301406246],[21.13872826482503,45.76260561414825],[21.13772328005505,45.76251209339583],[21.13698109302474,45.76244515464909],[21.13496644833019,45.76228007719691],[21.1328174668589,45.76211192117558],[21.13124169959163,45.76198407622029],[21.12901740306426,45.76181090607632],[21.12655361896888,45.76160827046876],[21.12437838524188,45.76145039158654],[21.12284415598468,45.76131050866653],[21.12119979654453,45.76116497870603],[21.11857143219844,45.76092867387739],[21.1164712193789,45.76074947426915],[21.1148262210636,45.76060858872119],[21.11276493341457,45.76043222393869],[21.1099852452811,45.76020855992354],[21.10773069035227,45.76002437062331],[21.10606548129601,45.75988699814352],[21.10591000449277,45.75985394218016],[21.10579594474337,45.75981692874343],[21.10568716444186,45.75975789098991],[21.10563513835069,45.75971373204023],[21.10558127446162,45.75964538668169],[21.10554729204398,45.7595641788288],[21.10551622503809,45.75947558671308],[21.10547818259108,45.75928046288261],[21.10542639999171,45.75901073074079],[21.10540460622544,45.75886116024491],[21.10537675639456,45.75876914416907],[21.10534185626181,45.75867584359655],[21.10529618876291,45.75857809036225],[21.10521475241017,45.75846710735212],[21.1050436856078,45.75827454897163],[21.10447640821451,45.75765855863751],[21.10361719047095,45.75672963748425],[21.10298415027831,45.7560644194834],[21.10242540429408,45.75547042858517],[21.10181405208511,45.75483089008094],[21.10164724606271,45.75463421336602],[21.10149810329828,45.75445539330217],[21.10134547315957,45.75423061874531],[21.10111621317193,45.75386636997442],[21.10093993513159,45.75361750516866],[21.10079862690237,45.75340443930789],[21.10068963887029,45.75325081439145],[21.10057592116696,45.75312646897816],[21.10046312154713,45.75301421648326],[21.10034869116334,45.75292627813726],[21.10024782666643,45.75286581647671],[21.10005876962673,45.75275638075488],[21.09988213057976,45.75267316539359],[21.09971682668333,45.75261378550297],[21.09952159273877,45.75256036132839],[21.09922425624529,45.75251070851992],[21.09884257723133,45.75247387063672],[21.09819257458487,45.7524348138287],[21.09732469909949,45.7524037953951],[21.09673600810588,45.75242795317995],[21.09460080798021,45.75252857757106],[21.0941919762484,45.75253538565306],[21.09382271617614,45.75252475313747],[21.09321828184807,45.75248398656359],[21.0919939889425,45.75240301332219],[21.09025149004686,45.75229126461945],[21.08862485830746,45.75216992341258],[21.08830140423024,45.75215030967186],[21.08808594535174,45.75215097062927],[21.08783053787615,45.75217493115179],[21.08752806574821,45.75222002763467],[21.08680623191955,45.7523509039343],[21.0851352031966,45.75265981792926],[21.08319025263262,45.753010315789],[21.08120739504981,45.75337438743764],[21.07866828480971,45.75385585869573],[21.07659275495886,45.75425537291765],[21.07471683275545,45.75458874682784],[21.0739780117884,45.7547203583586],[21.07229357290832,45.75502941009218],[21.07047171712615,45.75533460735288],[21.06781524180509,45.75576519031709],[21.0660545273401,45.75608972898784],[21.06436603470443,45.75647483334014],[21.06371438344288,45.7565901227497],[21.06324522817538,45.75663668880416],[21.06220645909255,45.75670084169622],[21.05930258345744,45.75687567628883],[21.05518481857105,45.7571535780363],[21.05233083508545,45.75734532951113],[21.05036392355135,45.75748571294392],[21.04771367131976,45.75765752295936],[21.04506806642929,45.75783889693491],[21.04259837272675,45.75800073969841],[21.04081484723889,45.75813725158647],[21.03962777401473,45.75821312891119],[21.03761215341758,45.75835506485126],[21.03554134854091,45.75848917689666],[21.03281587050557,45.75868296568982],[21.03048067143384,45.758797129075],[21.02796349320706,45.75892119790915],[21.02547785869604,45.75903100629089],[21.02324273820571,45.75916759118517],[21.02066288908724,45.75933179208642],[21.01966145235386,45.75940073264723],[21.01947548766461,45.75941726578467],[21.01931528316646,45.75946551557716],[21.01918502118452,45.75953880055462],[21.01912082834248,45.75961948687193],[21.01910251904189,45.75975075133535],[21.01911996224371,45.76023660939647],[21.01916860063462,45.76114156073513],[21.01921586416589,45.76177653287206],[21.01928272703172,45.76273765118446],[21.01937112571331,45.76386229722001],[21.01949330684017,45.76531494420955],[21.01951727512185,45.76569976333086],[21.01955218835715,45.76591725564004],[21.01962213933422,45.76622816514474],[21.0196576349862,45.76645346664357],[21.01972897147873,45.76734876952001],[21.01977725507501,45.76774581046089],[21.01979513406772,45.76804881148744],[21.01978512822049,45.76822875175916],[21.01973880923097,45.76836103202177],[21.01967800086808,45.76848730743497],[21.01953920665152,45.76863486715148],[21.01934987281159,45.76879518296396],[21.01905044193384,45.76898560750782],[21.01813092707185,45.76947227654647],[21.01670640108947,45.77020625877989],[21.01472617762967,45.77123667605273],[21.01373198832676,45.77173742990131],[21.01344459157299,45.77190128206425],[21.01322673422575,45.77205608860007],[21.0130826015367,45.772195168277],[21.01298715790744,45.77229657169064],[21.01286819918671,45.77233352468843],[21.0127468198556,45.7723379147948],[21.0125854306052,45.77230783638638],[21.01235947946824,45.77222785202157],[21.01162537658887,45.77185606024564],[21.01004346359903,45.77111740294506],[21.00850300886072,45.7704057904484],[21.006863687927,45.76958153443886],[21.00517590385506,45.76875962716171],[21.00348318544488,45.76794542108509],[21.00176884830028,45.767094077244],[20.99996128076345,45.76622505944943],[20.99862230275514,45.76555786434344],[20.99722713748564,45.76488151964309],[20.9952930478168,45.76394441684594],[20.99342990091773,45.76303097157039],[20.9914952589456,45.76208809182188],[20.98963643339672,45.76119171586363],[20.98867125007423,45.76068592896995],[20.98662813928756,45.75967729952112],[20.98606803749399,45.75939985647507],[20.98568777250571,45.75925680401784],[20.9852620366336,45.75913170854582],[20.98438501220498,45.7589183472199],[20.98191290986708,45.7582683839629],[20.97981190323517,45.75772133623317],[20.97786271207076,45.75721664470769],[20.97560870162459,45.75662023889048],[20.97531829863625,45.75653670789567],[20.9751104157524,45.75644621167303],[20.9749632067181,45.75635354022403],[20.97478391881971,45.75620651423475],[20.97469007915553,45.75607601486702],[20.97463525541153,45.75596697158636],[20.97462075786471,45.7558336280666],[20.97465721394704,45.75550256026322],[20.97496018999279,45.75396076734523],[20.97512620670323,45.75288257202877],[20.97540058119883,45.75143435024376],[20.97550613145091,45.75080445102442],[20.97576977871889,45.74926898781237],[20.97566948897984,45.74922203675761],[20.97349949517952,45.74910071976408],[20.96932666541318,45.74892373597995],[20.96689806104913,45.74879560016026]]},"properties":{"line":"M43","dir":"0","mode":"bus"}},{"type":"Feature","geometry":{"type":"LineString","coordinates":[[20.96690402248196,45.74876103565921],[20.97296513635765,45.74903230936691],[20.97572625570805,45.7491772217596],[20.97584937759991,45.74922402727694],[20.97532755833618,45.75254766791331],[20.97474884974227,45.75553296993517],[20.97477646752293,45.75608301342243],[20.97507469513875,45.75634817580123],[20.97558589484616,45.75656573407879],[20.97860126370982,45.75735905340823],[20.98148075102927,45.75810877944625],[20.98480365726148,45.75897468411801],[20.98545703947935,45.75913271478922],[20.98575956951717,45.75923679829338],[20.9860583495599,45.7593515269906],[20.98702895828295,45.75981274273867],[20.98958604884381,45.76108813100459],[20.99242953609591,45.76249281519503],[20.99476273459223,45.76365098351201],[20.9976336337443,45.76502910241794],[21.00002492025285,45.76618408949937],[21.00289597627271,45.76757561050476],[21.00539305754923,45.76880345318495],[21.00829664467248,45.7702450606383],[21.01102957069111,45.77152448745639],[21.01221801097572,45.772091770495],[21.01251334909915,45.77221419511687],[21.01263580384835,45.77222791770919],[21.01273871449316,45.77221209599564],[21.01325531610679,45.77192720585812],[21.0149931642154,45.77103546081192],[21.01702382908826,45.7699999906984],[21.01878062333316,45.76907145450825],[21.01927367118348,45.76878892034573],[21.01948057809471,45.76862877945879],[21.01961921813326,45.76847547261994],[21.0196985004617,45.7682807029608],[21.01973583634287,45.76802639455351],[21.01962969795319,45.76685268272585],[21.01959014364702,45.7664893842916],[21.01952002754987,45.76605143234494],[21.01946950667737,45.76570871866053],[21.01941405541331,45.76504780435197],[21.01927688804684,45.76337316649021],[21.01907931343883,45.76071886454555],[21.0190423049654,45.75988570523505],[21.0190312980457,45.7597378195245],[21.01905899277422,45.75960597676047],[21.01915688482454,45.7594933972718],[21.01933153215814,45.75940420442949],[21.01954156010739,45.75937042641337],[21.02164954262411,45.75921987860309],[21.02547649291413,45.75898491103535],[21.02894042450526,45.75883360205103],[21.03197147056728,45.7586885981021],[21.03282649715711,45.75863987788641],[21.03478513305468,45.75849888159891],[21.03770000542238,45.75830561352423],[21.04098222959317,45.75809016722946],[21.04330358827752,45.7579205441793],[21.04584393562443,45.75775379787343],[21.04850760539142,45.75756941014784],[21.05236021996762,45.75729795715724],[21.0548789781617,45.75712307425032],[21.05828914505638,45.75691553677379],[21.06169188509886,45.75669944708386],[21.06325325473144,45.75660276934561],[21.06370572187664,45.7565513084624],[21.06437147608586,45.75642661118989],[21.06588597507182,45.75608763629712],[21.06653891953388,45.75595903297199],[21.06801160386992,45.75569278833131],[21.07074230552923,45.75524372881064],[21.07578840576047,45.75435689528591],[21.07906729197138,45.7537492043366],[21.08353851179139,45.75291622578079],[21.08768661143528,45.75214644098529],[21.08798482980005,45.75212237111558],[21.0882341685867,45.75211318575247],[21.08866205757293,45.75213231593231],[21.09047145065801,45.75225318446521],[21.09302032942264,45.75242526459507],[21.09395548037284,45.75249544865816],[21.09451190365223,45.75249673024269],[21.09596332416449,45.75243009129732],[21.09716472204408,45.75235957378159],[21.09769752675168,45.75237915772605],[21.09881990901391,45.75242494574007],[21.09926993942635,45.75247555418193],[21.09970172370958,45.75256428262387],[21.10006824275631,45.75269903571847],[21.10032978689275,45.75285075043058],[21.10053556235295,45.75300888650213],[21.10079454492673,45.75329154100965],[21.10166096232544,45.75457671727278],[21.10216862372899,45.75512779048141],[21.10312683837198,45.75613915651844],[21.10488816641372,45.75801104866289],[21.10534098332673,45.75854233611132],[21.10543954078624,45.75876985479907],[21.1055293579576,45.75921141599019],[21.10557821987701,45.75949605318569],[21.10567838596504,45.75966244915265],[21.10581199128364,45.75977526969228],[21.10597379312083,45.75984779318555],[21.10644007585504,45.75989596916757],[21.10983691153427,45.76017589405146],[21.11393100854191,45.76049966954369],[21.11843597627802,45.76088871632307],[21.12318162964292,45.76129606055959],[21.12717385673273,45.76162681614231],[21.13345119172396,45.76212476157479],[21.13884052589212,45.76257958281943],[21.13955191965016,45.76263592699578],[21.14012190505803,45.76264957030301],[21.14133659564015,45.76259119165219],[21.14338071188662,45.76242334950965],[21.14512368512332,45.76228850478158],[21.14794305913525,45.7620829071407],[21.15044687385561,45.76187594622244],[21.15343509346553,45.761655175942],[21.15697884285538,45.76136991522847],[21.15905756381846,45.76120920829249],[21.16300778945891,45.76089545061038],[21.1652114540705,45.76065579768025],[21.16551558306265,45.76062694352188],[21.16579088862204,45.76062970205037],[21.16604125885125,45.76063339536788],[21.16635292372222,45.76066095899012],[21.16746131441515,45.76084618275003],[21.16941439546907,45.76117415665184],[21.17068303454484,45.76141004228032],[21.17169816383603,45.76164250732695],[21.17344426489066,45.76206979556],[21.17449802213206,45.76235902562958],[21.17504035164166,45.76250002708525],[21.17655332572452,45.76282262685765],[21.17944700987883,45.76337705543776],[21.18182291313581,45.76382286641797],[21.1834094307086,45.76412516300584],[21.18463597888057,45.76433726751684],[21.18667730752993,45.76477941870468],[21.18929642991194,45.76533909978265],[21.18966898136115,45.76538611628018],[21.19003597492557,45.76544206537595],[21.19077334226781,45.76559745316301],[21.1930919889619,45.76607980018402],[21.19527623397338,45.76654064109422],[21.19537099921611,45.76653825178563],[21.19548274540719,45.76654110409645],[21.195562801806,45.76657108578883],[21.1956100738326,45.76661409318912],[21.19566672520005,45.76664731634438],[21.19574286491515,45.76667037333126],[21.19582073234195,45.76667214738997],[21.19599149106401,45.76665155279167],[21.19720701041179,45.76641939175681],[21.19953701819257,45.76592867289759],[21.20056024929363,45.76569572849385],[21.20134643359004,45.76550568698242],[21.20258639422968,45.76517060633967],[21.20442683635063,45.76468496800148],[21.20690841761697,45.76402054324569],[21.20944667878727,45.76334909954417],[21.21057288794898,45.7630350436375],[21.21104440325177,45.76287959621084],[21.21306305150602,45.76208433235064],[21.2155568624804,45.76110293277272],[21.21786676630981,45.76018862356372],[21.21928987507598,45.75961715027292],[21.22101917416609,45.7589532154735],[21.22180283268534,45.75870724282277],[21.22424041175741,45.75794710637052],[21.22473732776184,45.75780621574448],[21.22493316598916,45.75778894091666],[21.22506236087922,45.75782005914159],[21.22515742473223,45.75789505841944],[21.22536516963038,45.75809024554988],[21.22562100359455,45.75829998162357],[21.22594995283428,45.75848400720425],[21.22691460952309,45.75897827036028],[21.22736834319422,45.75919685359858],[21.22753732184205,45.75926588139171],[21.22761099331763,45.75927787844051],[21.22773405393113,45.75926262378779],[21.22781953706718,45.75923188422128],[21.22792798413117,45.75922352856384],[21.22807181124275,45.75924131291502],[21.22814663669848,45.75926806622126],[21.22823453759107,45.75930700800505],[21.22829255247736,45.75935131589899],[21.22835260001738,45.75938286024208],[21.22842187732827,45.7594161677214],[21.22851400877894,45.7594316904949],[21.22869481012474,45.75941846617158],[21.23003444379755,45.75932306842752],[21.23033198009383,45.75929482295057],[21.23049602339405,45.75926109014044],[21.23063237762012,45.75922206838374],[21.23098205084198,45.7590818913295],[21.23175255249734,45.75873957024719],[21.23192323553096,45.75863580851934],[21.23202760916464,45.75853668664384],[21.23213483930119,45.75843534142894],[21.23222687829044,45.75830046591898],[21.23227400648756,45.75820563893441],[21.23230602699871,45.75811138746232],[21.23233672756826,45.75800027147722],[21.23235578515179,45.7579340004739],[21.23239582814982,45.75786481565519],[21.23243383946918,45.75780839434072],[21.23252640244548,45.75775200909352],[21.23262264672115,45.75770394091961],[21.23273597817483,45.75768059390268],[21.23283568721873,45.75767679499992],[21.23293100325847,45.75769430696807]]},"properties":{"line":"M43","dir":"1","mode":"bus"}},{"type":"Feature","geometry":{"type":"LineString","coordinates":[[21.23388694826667,45.75644720472382],[21.23386000455488,45.75673426808019],[21.23385191225837,45.75688727745225],[21.23385561224896,45.75700798610987],[21.23386728809569,45.75707774199173],[21.2339274419638,45.75715688133594],[21.23409004848239,45.75732785937847],[21.23415239209021,45.75740277952331],[21.23416990654923,45.7574797362679],[21.23413831720087,45.7575643304377],[21.23408660663824,45.75764288734135],[21.23398386316189,45.75772620845338],[21.23376590916536,45.7578445926616],[21.23358747541679,45.75793933276595],[21.23341341972936,45.75802563519078],[21.2332886764268,45.75809862684631],[21.23322815497067,45.75814012343978],[21.23310587750694,45.75819612235081],[21.2329499041258,45.75826542451587],[21.23271446354399,45.75836834364396],[21.23247774303248,45.75846913271864],[21.2322731797053,45.75857608173499],[21.23189554536055,45.75875139881189],[21.23130861239936,45.75902411066211],[21.23063966517592,45.75928649621854],[21.23043891670515,45.75934227664547],[21.23018744798635,45.75937604919018],[21.22968733353873,45.75941480156187],[21.22857343346927,45.75951364863543],[21.2284363901732,45.75954020216724],[21.22833636897745,45.7595920586759],[21.22825948679255,45.75965972959389],[21.22816423424067,45.75972433636375],[21.22805934853313,45.7597570509737],[21.22794665548036,45.75978590154069],[21.22782432543938,45.75975466094425],[21.22770179991222,45.75971170016744],[21.22760427740944,45.75965681467786],[21.22756066660734,45.7595604656048],[21.22752994846376,45.75948159427015],[21.22749503075456,45.75940275707078],[21.22739706915241,45.75932150152002],[21.22644794232508,45.75882517758334],[21.22586657067366,45.75852151934905],[21.2255359271993,45.75833958482413],[21.22529391602518,45.75818330454199],[21.2250429575651,45.75797786853653],[21.22493230597478,45.75789085294473],[21.2248522216974,45.75787391923021],[21.22469703277481,45.75788689772816],[21.22416234056536,45.75806412006167],[21.22313395822966,45.75837426956388],[21.22128638464379,45.75896697119454],[21.22036755799075,45.75928637924146],[21.21959121804214,45.7595827433666],[21.21859020864899,45.76000218797915],[21.2185239814778,45.76006132861123],[21.21853480211473,45.76020776132256],[21.21877109959613,45.76078130001605],[21.21895881228736,45.76121055783845],[21.21918683094142,45.7615369281474],[21.21957842806665,45.76198442168365],[21.21995837816939,45.76235352346823],[21.2204077809746,45.76270531573653],[21.22144474557532,45.76331587193523],[21.22232878388248,45.76369808404817],[21.22312208910112,45.76391438682459],[21.22427809594359,45.7641725730051],[21.22459689893659,45.76423226805792],[21.22472792690263,45.76427143591941],[21.22478919847405,45.76433740471572],[21.22483353312344,45.76444024130219],[21.22483086974278,45.76453816348984],[21.22477248853791,45.7646184843437],[21.22447412041984,45.76489229031549],[21.22289343556653,45.76645236822768],[21.22155347329559,45.76774451926574],[21.21983214600293,45.76942245365739],[21.2186640768266,45.77053338729369],[21.21700737512518,45.77215342786147],[21.2159324735356,45.77315960354994],[21.21411484823497,45.77494312583547],[21.21272714209407,45.77624929269346],[21.21171934508207,45.77716484844231],[21.21115751081074,45.77764631350187],[21.21102521923273,45.7777966641125],[21.21099995029457,45.77787030439386],[21.2110273947766,45.77794724737102],[21.2110497855435,45.77803891850172],[21.21104036775161,45.77811612068341],[21.21097297007143,45.7781900573398],[21.21074753664825,45.77826143125967],[21.21041151434182,45.77833358189218],[21.21030661637175,45.77836370399902],[21.21020193023496,45.77840851717681],[21.21005064328417,45.77850875499267],[21.20986834126609,45.77864961564806],[21.20947524013828,45.77896739502199],[21.2089959900334,45.7793343994379],[21.20806714160375,45.78001247218244],[21.20747056055517,45.78048592476298],[21.2067586108719,45.78102651064821],[21.20603206274202,45.78159618489239],[21.20538984890814,45.78209532302004],[21.20487995805083,45.78248957380264],[21.2042851720964,45.78294056779563],[21.20349403098346,45.78354751446282],[21.20287573334697,45.78403009608802],[21.20229554419966,45.78446789683352],[21.20180488057381,45.78483812569372],[21.20124769566594,45.78525712929901],[21.20066785859482,45.78569871727769],[21.19962737034528,45.78648003992784],[21.1987145146057,45.78715812492672],[21.19798332489517,45.78770931945755],[21.19708131701756,45.78838743864756],[21.19645286384318,45.78886871185893],[21.19563013428054,45.78947977834401],[21.19482515481885,45.7900748775017],[21.19347314728052,45.79107542529955],[21.19210543287749,45.79209888857849],[21.19130622733467,45.79268734461228],[21.1900237646274,45.7936229236339],[21.18888952060743,45.79443633553019],[21.18783915580094,45.79516957166776],[21.18690137640306,45.79584095121616],[21.18574458277422,45.79663992220242],[21.18477387356738,45.79730126273553],[21.18403721220017,45.79785191106996],[21.18340939922437,45.79829104435873],[21.18306728066183,45.79847877523932],[21.18275747793661,45.79862966211623],[21.18244719427145,45.79874621657521],[21.1820318854228,45.79886577129205],[21.1814896572203,45.79895372008796],[21.18101745178049,45.79899582921814],[21.1804561568465,45.79900649299914],[21.17978282077396,45.79898815429818],[21.1787344732923,45.79895631207076],[21.17794288723312,45.7989341820421],[21.17659105831977,45.79891809968402],[21.17580181811426,45.79889593452436],[21.17514146342562,45.79886603530088],[21.17416707266209,45.7988267899573],[21.17293213827946,45.79873663396253],[21.17202103606664,45.79868092434504],[21.17167626177562,45.79867865112661],[21.17142034681246,45.79869180640793],[21.17114469877021,45.79872798132539],[21.17078786194814,45.79880361256936],[21.17040526109071,45.79891603946376],[21.16949595172972,45.79921414915933],[21.16850141906665,45.79955039072433],[21.16784473103414,45.79978236648101],[21.1673252620242,45.79997123107344],[21.16641303852102,45.80033070964227],[21.1656748423877,45.80061257949652],[21.16465427460576,45.80100344797362],[21.16423268340822,45.80114815907999],[21.16370777709487,45.80131639463767],[21.16299786572676,45.80150649654442],[21.16215981056337,45.80169057420105],[21.16125638692941,45.80187194662525],[21.15999903600109,45.80212973181722],[21.15845287779802,45.80244110233469],[21.1572620961479,45.80267848842259],[21.15662356544461,45.80280856996882],[21.15499256425604,45.80312368170665],[21.15310622081653,45.80349599682096],[21.15159917471738,45.80380075693985],[21.14961785769475,45.80419991330756],[21.14787733513601,45.80454337221285],[21.14600251502749,45.80492899907988],[21.1452392759109,45.80508566478741],[21.14407383201135,45.8053518363492],[21.14347132161274,45.8054793242739],[21.14180825914946,45.80582764944855],[21.14063145386784,45.80607325542261],[21.13957400593902,45.80628654370577],[21.13924340512239,45.80636648614231],[21.13896205368083,45.80644611289387],[21.13871043171099,45.80653928326713],[21.1384180741354,45.80665500447643],[21.1380914139964,45.8067852768419],[21.13791488871929,45.80684591918824],[21.13779660582345,45.80688380673718],[21.13757465404969,45.80694152207075],[21.1373793514689,45.80697859491743],[21.13699824205285,45.80703050123],[21.13636280030581,45.80709767661046],[21.1359023456602,45.80715008252601],[21.13553326759543,45.80718655358836],[21.13527909410744,45.80721376229814],[21.13499088143811,45.80725824749246],[21.13434289864836,45.80735502926091],[21.13352459968679,45.80747623738224],[21.1321740946869,45.80767939552905],[21.13109703498595,45.807841940949],[21.13002325222704,45.80801080107568],[21.12882052529871,45.80819935593658],[21.12714130080562,45.80844490375771],[21.12608069914088,45.80860371488532],[21.12484499946822,45.80877896943308],[21.12421950924582,45.80886136865205],[21.12297766077304,45.80902780261329],[21.12131818278538,45.80924821655029],[21.11996928999861,45.80942515220132],[21.11939846128629,45.8095091407835],[21.11874868590445,45.80960701367356],[21.11792315480045,45.80974180164213],[21.11586654163897,45.81007945026661],[21.11495519572719,45.81023917222674],[21.11452338557545,45.81030294162207],[21.11428944309455,45.81034954317235],[21.1139836206702,45.81041539018678],[21.11376471745555,45.81048069976883],[21.11351705303415,45.8105630176366],[21.11331147664286,45.81062624847256],[21.11304723241067,45.81073391340885],[21.11273033800751,45.81087893054433],[21.11234848409522,45.81104286177769],[21.11124807696237,45.81153264030637],[21.11016596095045,45.81201409020751],[21.10990774151723,45.81214352784311],[21.10978032103479,45.81222102140693],[21.10970137076914,45.81230094424951],[21.10964056303537,45.81236231529817],[21.10956016652629,45.81241251076982],[21.10945034412019,45.81244255423066],[21.10932087591408,45.81245690386284],[21.10921412304523,45.81247337321309],[21.10908167030792,45.81250807365188],[21.10894927432618,45.81254729194629],[21.10856810168127,45.81272325703347],[21.10686634042901,45.81348552278715],[21.10639314596632,45.81373798741951],[21.10594729891121,45.81394825358026],[21.10547961710099,45.81417658781542],[21.10472541848445,45.81450885461585],[21.10393923436744,45.81484417779734],[21.10308138643165,45.81520738264873],[21.1024601555946,45.81550581933918],[21.10074424025027,45.81631949985294],[21.09960556563427,45.81684749944169],[21.09859997694006,45.8173022973862],[21.0978057710558,45.81767629169278],[21.09708540783942,45.81799067472432],[21.09603710737185,45.81844753696875],[21.09512298786994,45.81885275486403],[21.09367301459715,45.8195204151571],[21.09190555754073,45.82029203994087],[21.09111131109854,45.82063713762595],[21.08889210317346,45.82164700484716],[21.08730283485784,45.82236937076645],[21.08598098991201,45.82298804327416],[21.08491214694063,45.82347363380052],[21.08367568499039,45.82401491231582],[21.08326247171049,45.82420183895599],[21.08257329142268,45.82450192105408],[21.08229894442815,45.8246188423672],[21.08187345117464,45.82478132819236],[21.08134618949241,45.8249637955597],[21.08014916110528,45.82536468879088],[21.07851299595849,45.82588761479133],[21.07752461056977,45.82622362519726],[21.07576804516001,45.82680577118328],[21.07451896640534,45.82721382856919],[21.07299901686873,45.82769248409673],[21.07182535979894,45.82807140585037],[21.07112585954717,45.8283086345796],[21.07003851051622,45.8286651408859],[21.06889533744501,45.82900997848787],[21.06823057334827,45.82923032267045],[21.06707677268481,45.82961107489533],[21.06503343110318,45.83026764913728],[21.06363271001868,45.83073045226432],[21.06255943746199,45.83108507427084],[21.06126254266004,45.83151783959123],[21.06046029248381,45.83178121354561],[21.05907937094889,45.83223176074772],[21.05716452575368,45.83287370342718],[21.05694241924084,45.8328970995749],[21.05657315170161,45.83283279088256],[21.05420620222973,45.83254516339963],[21.04992803663025,45.83206196449696],[21.04881070867527,45.83195755929114],[21.04874758520398,45.83199332902694],[21.04869739658592,45.83210098483904],[21.04831502434889,45.83396727875286],[21.04839219093385,45.83399421825975],[21.05100184298185,45.83448772478576],[21.05138359919079,45.83453246112658],[21.05169710291078,45.8345426063543],[21.05185125961959,45.83456952794256],[21.05193176299036,45.83463259360355],[21.05208661202606,45.83471906028644],[21.05238978434888,45.83482057100569],[21.05399490423707,45.83516087761382],[21.05658620075771,45.83572389074444]]},"properties":{"line":"M44","dir":"0","mode":"bus"}},{"type":"Feature","geometry":{"type":"LineString","coordinates":[[21.05658919112986,45.83572509500291],[21.05686183728974,45.83577913909908],[21.05778441756942,45.83589518921736],[21.05923358181982,45.83606888307305],[21.06028628430628,45.83619125026362],[21.06182133510096,45.83636438134552],[21.06318173333102,45.83651367135182],[21.06401366517564,45.83662464507042],[21.065458697348,45.83680081499796],[21.06669106428244,45.83693135110597],[21.06783209680706,45.83704652447236],[21.0685928403346,45.83712683118842],[21.06893485596999,45.83713542568095],[21.06973212249596,45.8370937650876],[21.0707188222552,45.83700865680251],[21.07175747815191,45.83693909450242],[21.07415576845345,45.83672400984159],[21.07698060799107,45.83646931255723],[21.07908626269057,45.83628228976611],[21.080020068561,45.83622387489445],[21.08062745975258,45.83618854557922],[21.0811563653817,45.83617012844055],[21.08238747929787,45.83619463818069],[21.08415668257397,45.83621594290528],[21.08662651928126,45.83624365061596],[21.08854909035125,45.83627457614793],[21.09063427246834,45.83634683089023],[21.09144761290542,45.83637902820257],[21.09166072294202,45.83640951517911],[21.09318766817052,45.83693500086686],[21.09392767663487,45.83717935856767],[21.09725862656912,45.83829323626109],[21.09762701591437,45.8384012074163],[21.09895581573419,45.8388560735842],[21.10017825856725,45.8392652867041],[21.10035482318182,45.83931159540862],[21.10049466170592,45.83931684760713],[21.10061252162944,45.83926567395901],[21.10079682981647,45.83910174544293],[21.10153117596736,45.83827707381997],[21.10281446981628,45.83684207564627],[21.10306194597767,45.83655370565203],[21.10313782601922,45.83647246283918],[21.10330502729638,45.83629457075343],[21.10529759565247,45.83403277474246],[21.10615060016158,45.83303795444293],[21.10652430257891,45.8325486881464],[21.10660586624851,45.83238939049555],[21.10672288157778,45.83202872992581],[21.10739264007294,45.82943935047862],[21.10780717861547,45.82790786824615],[21.10799586855145,45.82720799281699],[21.10835822117573,45.82582368828613],[21.10864008567246,45.82476421639678],[21.10896389304525,45.82350958978557],[21.10932077295957,45.82211503655219],[21.10973464610785,45.82054334279922],[21.10978552979719,45.82035919285844],[21.1098272181184,45.82013805074803],[21.10984042005719,45.81986283087092],[21.10979182947567,45.81865794063917],[21.10973450931309,45.8172026200296],[21.10965723906549,45.81548809755726],[21.10954843778656,45.81347798547117],[21.10950540752043,45.81271270306991],[21.10948726127145,45.81259655820975],[21.10943918686699,45.81253560659908],[21.10939516650986,45.81249943987095],[21.10934231915758,45.81245421791975],[21.1092894335589,45.81240595978646],[21.10925817479209,45.81234542309922],[21.10925759974393,45.81229988027292],[21.10927437203483,45.81224815800359],[21.10932622233335,45.81221443900144],[21.10943470055893,45.8121803721731],[21.10951307025498,45.81217685455366],[21.10967401240611,45.81215764739174],[21.109873660088,45.81209872847535],[21.11063260487589,45.81176312704011],[21.11251720899487,45.81093066058056],[21.11325370897559,45.81061422383704],[21.1135398869856,45.8105092186198],[21.11379160387326,45.81043478952825],[21.11407809113835,45.81035407175749],[21.11442139948742,45.81028818363147],[21.11493546172112,45.81019391562685],[21.11738443240352,45.80978932504122],[21.12075897607624,45.80928780418297],[21.12432444757023,45.80881448517408],[21.1287160776767,45.80817953067387],[21.13272175338988,45.80755537968349],[21.13525655326123,45.80717327474299],[21.13611855066458,45.80709142350987],[21.13683057832318,45.80700839618714],[21.13736758635762,45.80693520208683],[21.13772320271438,45.80686316366202],[21.13804094672644,45.80676520284093],[21.13840836924759,45.80662317476435],[21.13873184239348,45.80648593243253],[21.13904314967943,45.8063749294255],[21.13928622794784,45.80630796668341],[21.14009718049879,45.80613707383425],[21.14264701548249,45.80562001954483],[21.14567440022208,45.80495533453665],[21.14902667754767,45.80428122465876],[21.15212139663481,45.8036446588516],[21.15522331700215,45.80304467814604],[21.15905421176479,45.80228361739591],[21.16248521537982,45.80158657208738],[21.16297543949828,45.80146520731075],[21.16343665064504,45.80134442703377],[21.16396010776419,45.80120143032245],[21.16458262506903,45.80098364614123],[21.16513033022638,45.80078379475238],[21.16614272590163,45.80038962721377],[21.1668147089449,45.80013226079868],[21.16726261680004,45.79995486704055],[21.16809660611282,45.79965280934044],[21.1687191509673,45.79943936113833],[21.16947857322344,45.79917266808366],[21.17019226002992,45.79894495025631],[21.17059083585254,45.79882019732485],[21.17087118560665,45.79873983696405],[21.17117685060856,45.79868110892679],[21.17153278764641,45.79863948573396],[21.17183303922163,45.79864183877337],[21.17345764597126,45.79872690338652],[21.17521112236652,45.79881979666438],[21.17596220347475,45.79885835525937],[21.17681837129133,45.79888748509423],[21.17815071612525,45.79889595347602],[21.17932225866737,45.7989360209686],[21.18034214750485,45.79896401526367],[21.1810495465163,45.79895104984968],[21.18149290725822,45.79890008486907],[21.18199206889413,45.79881385619096],[21.18253391594391,45.79864884659901],[21.18283859903725,45.79852032613071],[21.18331031656661,45.79825985502585],[21.18409824875307,45.79772866645985],[21.18481048508004,45.79722673285423],[21.18564571797915,45.79666257388742],[21.18708625897482,45.79565544590787],[21.18749946110798,45.7953509102289],[21.18768146498257,45.79520669679026],[21.18778501851876,45.79509234587654],[21.18785671860973,45.79495621647926],[21.18787074143123,45.79483147845059],[21.1879064627881,45.79475424966292],[21.18798414014785,45.79466940254206],[21.18815134734967,45.79459494187312],[21.188350664963,45.79456058711568],[21.18855013733171,45.79453722873539],[21.1887644036436,45.79444411540884],[21.18901985370962,45.79428839823541],[21.19072468144462,45.79306596726911],[21.19314705441893,45.7912718667115],[21.19520695399886,45.78975521302054],[21.1974590064344,45.78805748878993],[21.19917809940064,45.78677260874384],[21.20070624600811,45.78560588034743],[21.20226857863076,45.78444441955993],[21.20383292568364,45.78324047951957],[21.2047227397065,45.78253436769018],[21.20546588031092,45.78193528687807],[21.20598120165903,45.78156867054816],[21.20692756377057,45.78084718516532],[21.20827044129515,45.77980332877725],[21.2095425367583,45.77883556638088],[21.20998614714084,45.77845020970692],[21.21006372773697,45.77834859373269],[21.21007978941945,45.77824434678494],[21.21007438205416,45.7781739410008],[21.21007345409991,45.7781096293054],[21.21009013449929,45.77804825672528],[21.21014198733661,45.77798969990447],[21.21024670929098,45.77794302283645],[21.21045672779902,45.77788948034314],[21.21060562562943,45.77786086905144],[21.21074999980318,45.77782310099195],[21.21086785099961,45.77777326790009],[21.21109340049974,45.77757872575732],[21.21184217424877,45.77696409442115],[21.21308710551218,45.77580802816788],[21.21457238102337,45.77437235241446],[21.21566520977044,45.77331389666172],[21.21670237736213,45.77230977769453],[21.21778505730443,45.77127555213283],[21.21901924962528,45.77008219732925],[21.22025452955116,45.76887544851216],[21.22094052127553,45.76823981042561],[21.22233963619759,45.76687687846125],[21.22335889222141,45.76589870264089],[21.22459026705003,45.76468375026787],[21.22470185731112,45.76456716853068],[21.22474911188438,45.7644963869407],[21.22475233215129,45.76441673183854],[21.22472898783983,45.76432195279443],[21.22470143372406,45.76423945492652],[21.22467817973664,45.76415080076009],[21.2246594056758,45.7640682400486],[21.22467145091552,45.76399158454704],[21.22470992560308,45.7639208655079],[21.22478790926297,45.76384986388665],[21.2249534658596,45.7637629217441],[21.22516753619088,45.76369094593924],[21.22529864851825,45.76365019121008],[21.22542976071369,45.76360943632852],[21.22552140880591,45.76357202654415],[21.22559518241169,45.76351330502351],[21.22563831635022,45.76346092841625],[21.22579166094856,45.76319742943286],[21.22619466594609,45.76253910651087],[21.22657764811976,45.76182689788735],[21.22731479403665,45.76054501515937],[21.22759742042031,45.7600337835654],[21.22764810952974,45.75989865755983],[21.22767319194097,45.75983066266169],[21.22765964640613,45.75976291926972],[21.22763675614063,45.75969961975652],[21.22760448906484,45.75963857591758],[21.2275719640475,45.75956002663224],[21.22755845106519,45.75949447131793],[21.22756382105586,45.75943315725277],[21.22760964191307,45.75934966863326],[21.22770266988965,45.75927678307022],[21.22782440929161,45.75923651745636],[21.22795594489464,45.75922244227047],[21.22807221809494,45.75923692605442],[21.22816989858586,45.75926686224638],[21.22824898678665,45.75931225090006],[21.22830608772131,45.75935560909932],[21.22836613174426,45.75938581555049],[21.22842291026067,45.75940729176952],[21.22849217025939,45.75942430136012],[21.22859564076893,45.75942136926998],[21.22939310978037,45.75935655155584],[21.23027103749948,45.75930362906391],[21.23040247565935,45.75928298677606],[21.23050872571423,45.75925596045607],[21.23070231028058,45.75919547843404],[21.23141197868099,45.75890653324938],[21.23183472324392,45.75870520016442],[21.23195610112539,45.75864086073925],[21.23202108950571,45.75858130478639],[21.23210744868631,45.75848220306973],[21.23218420415855,45.75837003995733],[21.2322299851431,45.75828436121385],[21.23227913644191,45.758176422991],[21.23232145551847,45.75806888581138],[21.23233980878272,45.7579834104757],[21.23233872312094,45.75773642900674],[21.23231751836897,45.75742805616965],[21.23227307065204,45.75703263931809],[21.23220181540212,45.75642589266027],[21.23219306164128,45.75633206036039],[21.23219764344836,45.75615223726268],[21.23221766773716,45.7559396973073],[21.23225517429264,45.75574961279777],[21.23234733485095,45.755677458402],[21.23251700405937,45.75565494895551],[21.23314188566341,45.75558949296335],[21.23339469464738,45.75557414734691],[21.23349993587911,45.7555888047656],[21.23358229387823,45.75561724585555],[21.23367346060661,45.75568274701564],[21.23373731337589,45.75577188784113],[21.23379850723837,45.75593336663532],[21.23384745099121,45.75620675278767],[21.23388956760681,45.75644453391376]]},"properties":{"line":"M44","dir":"1","mode":"bus"}},{"type":"Feature","geometry":{"type":"LineString","coordinates":[[21.23171274445306,45.75885769469334],[21.23109518861325,45.75911937202002],[21.23077245520783,45.75925237866702],[21.23061007071792,45.75931534601259],[21.23049477169942,45.75935008805006],[21.23035775601938,45.75937185842215],[21.23002096634254,45.75940575014165],[21.22928640889461,45.75945582239764],[21.22858287994705,45.75951852527533],[21.22844503901606,45.75955252461645],[21.22834906789305,45.75959840662541],[21.22827445830093,45.75966250271006],[21.22819769755886,45.75972127443662],[21.22810470185784,45.75976024924388],[21.22800537164475,45.75978150359015],[21.22793144084818,45.75979833853335],[21.22786431613512,45.75982590452684],[21.22779887013694,45.75986578437308],[21.22774942263856,45.75992895598358],[21.22734866722854,45.76064313103245],[21.22686342502882,45.76148258906472],[21.2263603643128,45.76235711033958],[21.22583934842868,45.76330158236895],[21.22565789433811,45.76375431271323],[21.22552060264132,45.76431427379132],[21.2254319772864,45.76562601085276],[21.22534953873334,45.76607663355497],[21.22522692032529,45.76641003855173],[21.22477382346466,45.76720740294251],[21.22413701338779,45.76838083638093],[21.22346433623853,45.76963057185383],[21.22315571273961,45.77025862809734],[21.22282766467518,45.77114671778587],[21.22248870052423,45.77214122617568],[21.22189698348508,45.77385227686259],[21.22131557275882,45.77560283520867],[21.22082284396589,45.77729477053258],[21.22025665131207,45.77932477419822],[21.22000236344155,45.78037820705453],[21.21968533730531,45.78164707998832],[21.21951787890434,45.78231845181233],[21.21927084539591,45.78310030070287],[21.21897905554589,45.78388749021173],[21.21841833998825,45.78526785662179],[21.21813533337354,45.785951136991],[21.21812540318491,45.78609779037643],[21.21814288368726,45.78624921421463],[21.21820908190596,45.78633648735674],[21.21830796428697,45.78643257219692],[21.21836391802317,45.7865263210138],[21.21836933191992,45.78663822291697],[21.21831776242733,45.78676032746493],[21.21823097911161,45.78682692074111],[21.2180501622144,45.78687532073705],[21.21787138473809,45.78689359207969],[21.21774999906054,45.78689563513493],[21.21762698069031,45.78692178104376],[21.21752810456153,45.78699120921613],[21.21730292956087,45.78718308545677],[21.21699198685062,45.78742648998301],[21.21648358073294,45.78777209818509],[21.2151764483645,45.78862484864857],[21.21323200322341,45.78988961995034],[21.21264871798898,45.79025862367067],[21.2120292324647,45.79067036880681],[21.21159137366295,45.79094969280934],[21.21135581571906,45.79110865206163],[21.21124774145642,45.79118707483483],[21.21117792358871,45.7913023129017],[21.21110544601827,45.79143094153626],[21.21105959474471,45.79151621718904],[21.21103324666573,45.79158132043479],[21.21104047588571,45.79163638091667],[21.21107864323407,45.79169994515255],[21.2111190563807,45.79176207193464],[21.21114279829482,45.7918257904681],[21.21115506226796,45.79188846562339],[21.21113061458846,45.79193576579723],[21.2110691829745,45.79202727272314],[21.21098815700848,45.79208561363917],[21.21093431484619,45.79212093356785],[21.21088357277339,45.792164487854],[21.21083875871451,45.7922163727644],[21.21081773463201,45.79228908763253],[21.21079673133049,45.79236598436577],[21.21076678564954,45.79242834913942],[21.21070704883578,45.79247198515762],[21.21062043827454,45.79250727700553],[21.21046813297387,45.79254454718235],[21.21035166798062,45.79257144888555],[21.21018442601329,45.79261285388711],[21.21007689543129,45.79264601138998],[21.20998128434042,45.79268750787525],[21.20991252573485,45.79273527401413],[21.2098887195827,45.79277259898329],[21.20994253011038,45.79283071685255],[21.20997540512878,45.79287841415839],[21.20997220918477,45.79292837428695],[21.20994483723387,45.79297865494967],[21.20991182560394,45.79300992823249],[21.20980722615825,45.79305144593723],[21.20973558198054,45.79305552452428],[21.2096550282959,45.79304708974314],[21.20959838214911,45.79302412620903],[21.20956264614661,45.79299079304266],[21.20952708248435,45.79293658404855],[21.20952440780881,45.79289278320951],[21.20953988555648,45.79283435362856],[21.20956954123401,45.79280539404135],[21.20964383961098,45.79276614564393],[21.20972748848047,45.79273711978756],[21.20986191491518,45.79268319603892],[21.20998141608837,45.79263756894391],[21.21011284137157,45.79259611540012],[21.21026517406035,45.79255053017977],[21.21038163501813,45.79252362686854],[21.21049215665555,45.79248839000936],[21.21064450824194,45.79243448036962],[21.2106923228398,45.79240540080585],[21.21072230386544,45.79235342168401],[21.21072241089421,45.79231180705855],[21.21071066299939,45.79224104435897],[21.2106631141682,45.79216814571912],[21.21061249991717,45.79212229404561],[21.21055587750815,45.79209100595895],[21.21050226491356,45.79204931680509],[21.21046058023673,45.79200551090787],[21.21042190032586,45.79194920527841],[21.2104101419817,45.79189937415332],[21.21040145109119,45.79184141932539],[21.21043750258966,45.79177108544679],[21.21048237924771,45.7917236018292],[21.21051824932174,45.79168433111252],[21.2105987823015,45.79164104034022],[21.21070008632352,45.79161630478244],[21.21076572000528,45.79160563281592],[21.2108998725741,45.79160767006044],[21.21100410612867,45.7916326217664],[21.21111126831111,45.79166823198648],[21.21120683222374,45.79170130203839],[21.21130269214166,45.79172500003851],[21.21145213438402,45.79174046791415],[21.21243378587603,45.79170394275748],[21.2126566333848,45.79173846559951],[21.21293320107157,45.79181099372293],[21.21319496821907,45.79191020941273],[21.21342339465847,45.79199020838029],[21.21361459936624,45.79210823454945],[21.21456692533021,45.79297132455132],[21.21517389730863,45.79351712703637],[21.21520189881874,45.79355126478773],[21.21519512792623,45.79358727651854],[21.21496947950706,45.79372176171892],[21.21355095753042,45.79458731636326],[21.21307228353802,45.7948765174278],[21.21198411752666,45.79558334670638],[21.20992232723482,45.79686158384867],[21.20889146091574,45.79748380927687],[21.20800894801188,45.79805962642135],[21.20794525259078,45.79810405833959],[21.20795334787211,45.79816355058003],[21.208597995962,45.79894628947324],[21.20923375049484,45.7996816904615],[21.20934796040814,45.79978698641585],[21.20983633513334,45.80045880072802],[21.21058201907262,45.80145237573368],[21.21066158693632,45.80144230873434],[21.21186246094257,45.80100387905665],[21.21192705584794,45.80103562114648],[21.21197320114204,45.80107098531832],[21.21329849057907,45.80276118895403],[21.21424555941655,45.80394337326409],[21.21465399012834,45.80441449389609],[21.21533603624682,45.80527456240088],[21.21587383575447,45.80593528799205],[21.21666544197247,45.80698315020578],[21.21673753133451,45.80699398426812],[21.21682921596669,45.80698431186686],[21.21934985436866,45.80605622976676],[21.2194608470321,45.80603026926034],[21.21953699150441,45.80607084716052],[21.2200699989798,45.80680330608747],[21.22134073150355,45.80854343319689],[21.22184973728133,45.80915395264761],[21.22223271871814,45.80968264092191],[21.22269791833243,45.8102521078198],[21.22388110987199,45.81180910137714],[21.22390901884638,45.81184914286567],[21.22397789829447,45.8118540039554],[21.22639578559608,45.81111180825184],[21.22763329722439,45.8107369373903],[21.22783474061864,45.81070086858858],[21.22957113491035,45.81007494626314],[21.23164038847455,45.80932384545024],[21.23374312941935,45.80855847616518],[21.23471398125492,45.80820487364003],[21.23659483915432,45.80754199857075],[21.2379393967376,45.8070338947846],[21.23793040522404,45.80698112321096],[21.2357136464783,45.80403605416925],[21.23574327222579,45.80396890051598],[21.23678521917739,45.80358758427764],[21.23675833360896,45.80352110712546],[21.2359403953418,45.80244038928381],[21.23479987981198,45.80093433459738],[21.23469066516744,45.80082516064105],[21.23449596830976,45.80073569105541],[21.23434781280697,45.80070022376166],[21.23424708095542,45.80070566859069],[21.23291106855567,45.80116915583895],[21.23005584911463,45.802203779193],[21.22793698117184,45.80297645757872],[21.22789287201977,45.80297938277891],[21.22783801291857,45.80295571618325],[21.22653334197049,45.80118985908733],[21.22558378644045,45.79996127716308],[21.22552657175878,45.79997251693624],[21.22442738614949,45.80036497013154],[21.22436509115242,45.80035854983585],[21.22430184691907,45.80027338123687],[21.22304095411231,45.79858611392827],[21.2221528310722,45.79738360433533],[21.22214922878089,45.79734412722975],[21.22222698849288,45.79730732578079],[21.22492875468719,45.79631131060518],[21.22633886467117,45.79577162977035],[21.2278401332321,45.79521818112105],[21.22916553457202,45.79472646887938],[21.22952873637089,45.79464218058069],[21.22977781585813,45.79457601152968],[21.23078775034305,45.79420244656129],[21.23311995338916,45.79332007644695],[21.23478498695128,45.79274705522674],[21.23483924500541,45.79273232699051],[21.23489496697271,45.79278367201516],[21.23556728181697,45.79369704410773],[21.2367147190951,45.79531679971574],[21.23738368537407,45.79619291725069],[21.23816647312845,45.79723780981496],[21.23877313840706,45.79802177265961],[21.23937914653256,45.79886692823032],[21.23968562042303,45.79930177622619],[21.24019670560288,45.79997462716875],[21.24047684939243,45.80029736581524],[21.24058755460359,45.80041037613202],[21.24073802283242,45.80055490277636],[21.24257458289136,45.80194959023365],[21.2444287175333,45.803339342529],[21.2456427712149,45.8042639469036],[21.24575593107854,45.80427849436788],[21.24593897388965,45.80417959210801],[21.24730608003282,45.80329115336092],[21.24733212212571,45.80321243732388],[21.24727954346674,45.80314562033298],[21.24678423576119,45.80278363190553]]},"properties":{"line":"M45","dir":"0","mode":"bus"}},{"type":"Feature","geometry":{"type":"LineString","coordinates":[[21.24676960966048,45.80277571349293],[21.24625342384227,45.8023761176738],[21.24620690450912,45.80235795734712],[21.24615954808774,45.8023522501094],[21.24604818260498,45.80241101421789],[21.2445529452147,45.80334811980117],[21.24446083369645,45.80338671179759],[21.24441403427237,45.80337270179979],[21.24317568408262,45.80244194134944],[21.2410966295392,45.80085546702965],[21.24073763451571,45.80059093972172],[21.24051147584593,45.80040465063013],[21.23997126143391,45.79974213495868],[21.23919376355789,45.79866431019245],[21.23847651171949,45.79770730472595],[21.23744702762346,45.79635587597455],[21.23653861076692,45.79514859518418],[21.23555008385757,45.79373643388806],[21.23486196534158,45.79280800438677],[21.23479843537939,45.79277680017374],[21.23399725650924,45.79306671353454],[21.23207871328739,45.79374848971577],[21.23082130509121,45.7942397526081],[21.22961047164986,45.7946521209293],[21.22925163660316,45.79475267034515],[21.2287632835068,45.79491553186915],[21.22706916200312,45.79553606625767],[21.22508505282117,45.79628374186161],[21.2237680949655,45.79677531485711],[21.22289225446579,45.79710847063165],[21.22221804371489,45.79736138808685],[21.22222090860633,45.79740724499536],[21.22347063530767,45.79910102467331],[21.22440931627223,45.80030234131303],[21.22444476069163,45.80030766616545],[21.2255621480904,45.79993251539724],[21.22565145955224,45.79993544925487],[21.22660473102784,45.8011940253778],[21.22783538554237,45.80287542699579],[21.22788533005736,45.80293114935219],[21.22798795746299,45.80291371716889],[21.22978052940899,45.80226115419097],[21.23215750586384,45.80140308075907],[21.23426011728285,45.80066911501169],[21.2343499902245,45.80066374007024],[21.23449149166343,45.80068917833682],[21.2347232226286,45.80079245655519],[21.23483503022966,45.80090428519916],[21.23625426249093,45.80276004828132],[21.23683035453357,45.80354320915784],[21.23684514093113,45.80358945553647],[21.23677004979886,45.80364107889703],[21.2358273043852,45.80399294087827],[21.23577063460809,45.80403684705554],[21.23587537697745,45.80416508465787],[21.23733282047802,45.80609408362921],[21.23799947421223,45.80701754025116],[21.23797173917333,45.80707487488474],[21.23644159653879,45.80764048524136],[21.23508637878319,45.80811373724379],[21.23354845992783,45.80866837184175],[21.2313428925921,45.80947520610369],[21.2293202831632,45.81021082719771],[21.22782695314208,45.81073947528736],[21.22757801710627,45.81080202797692],[21.22726132671374,45.81089563808852],[21.22637163655044,45.81116596769395],[21.22403056013248,45.81188230957246],[21.22394038547266,45.81189182788953],[21.22388167260899,45.81187741817767],[21.22314198348587,45.81090041419063],[21.22260553112418,45.81022466586029],[21.22214067666897,45.80968519477815],[21.22159346150046,45.80895163939046],[21.22091765409552,45.80804625737184],[21.22032620373145,45.80726131717739],[21.21949541298236,45.80612226421779],[21.21944946019262,45.80609579058542],[21.21930317121687,45.80614090012229],[21.21820261265876,45.80652902873992],[21.21681824708257,45.80702013518145],[21.21674055148394,45.80702173748527],[21.21666909221278,45.8070193848093],[21.21654399019679,45.80692790051702],[21.21580589232954,45.80593008980211],[21.21483275512787,45.80472013400612],[21.21430990051002,45.80411212755921],[21.21396233347563,45.80369296456738],[21.21306248230737,45.80258005167886],[21.21229315616949,45.80159350116383],[21.21193180338188,45.80110756309581],[21.21186799535036,45.80108049721732],[21.21170497607898,45.80110840395206],[21.21069603022614,45.80146619709895],[21.21058456487073,45.80148332878034],[21.21050913076791,45.80145171880481],[21.20983107722885,45.80053904661223],[21.20928620292609,45.79978400351326],[21.20902978393144,45.79951760434396],[21.20831581191115,45.79869537585321],[21.20803272664446,45.79838232702414],[21.20794547619076,45.79826136322401],[21.20787113910443,45.79812577999216],[21.2078983371157,45.79807675428616],[21.20833484128335,45.7977999419014],[21.20967557388735,45.79694865602551],[21.21178616915888,45.79565486246495],[21.21362387472392,45.79448749974492],[21.215076845921,45.79357638478582],[21.21509184708471,45.79353111634177],[21.21446900509585,45.79294896037355],[21.21369948783607,45.79224228009971],[21.21342639528001,45.79204606716078],[21.21315334717752,45.79193721996131],[21.21280632733649,45.79186337524086],[21.21250041721634,45.79179920527266],[21.21224498968525,45.79178246200542],[21.21185331836766,45.79182196193691],[21.21140440644552,45.79189803939676],[21.21125209697874,45.79193330937675],[21.21116452736782,45.79199615742461],[21.21106335446684,45.79208260564508],[21.21097635392639,45.79214145017694],[21.21091137450492,45.79220227058451],[21.21087439949771,45.79226707738794],[21.21082875157249,45.7923496128564],[21.21079723506523,45.79241059428364],[21.21074307207475,45.79246374010859],[21.21067218229031,45.79249520446073],[21.21051941999402,45.79253444274358],[21.21028135161395,45.7925865657191],[21.21012037388654,45.79263161456328],[21.20997912183415,45.79268850079153],[21.20991692000916,45.79273170651273],[21.20990290396265,45.79277295611236],[21.20992838280541,45.79281226587005],[21.20996797286396,45.79286137468993],[21.20997359756702,45.79291242858915],[21.20996178691535,45.79295983369424],[21.2099021247717,45.79300911263185],[21.2098484034376,45.79303660462449],[21.20978061180847,45.7930542349796],[21.20971287086749,45.79305808413493],[21.20965364394153,45.79304619833749],[21.20958880753384,45.79301856860411],[21.20954939332063,45.79298309724997],[21.20953541877093,45.79295354500545],[21.20951867211549,45.79291807762281],[21.2095219682244,45.79287273446889],[21.20953912975511,45.79284517968983],[21.20957006829322,45.79280396608494],[21.209603628047,45.79278048163376],[21.20967419243965,45.79274516862118],[21.20976177706167,45.79270395919049],[21.20984932931166,45.7926784926802],[21.2099538445509,45.79264321155169],[21.21010635328102,45.79259814691386],[21.21022214032915,45.79256680979081],[21.21038313291402,45.79251585672794],[21.21056503559202,45.79246973108773],[21.21066545744983,45.79243062966502],[21.21070713238475,45.79239827382382],[21.21072683145562,45.79235053206241],[21.21072451247168,45.79230106048537],[21.21071239934852,45.79225668363489],[21.21069786148356,45.79220376919493],[21.21067346470888,45.79217813150626],[21.21063440248469,45.7921456486409],[21.2105855221871,45.79212340112265],[21.21053479395243,45.7921032933828],[21.21043809380348,45.79203353902827],[21.21038761174658,45.79198611064144],[21.21036375953981,45.79189795793873],[21.21036372050396,45.79181059082342],[21.21042462220126,45.79170443281943],[21.21053202325274,45.79161644984691],[21.21067429864486,45.79154209822443],[21.21091403760896,45.79135031334706],[21.21112770888835,45.79119095030071],[21.2114671986471,45.79093588963606],[21.21212822739767,45.79051444721307],[21.21293955708117,45.78998788220159],[21.213866073298,45.78939303833049],[21.2153521374714,45.78840563493651],[21.2169457267609,45.78734628613205],[21.21720316374953,45.78715710138039],[21.21737569285843,45.78698805330212],[21.21748532126085,45.78686685630983],[21.2175396887915,45.7867688009595],[21.21754188776872,45.78664822641868],[21.21757384992856,45.7865286318635],[21.21762198335741,45.78643453114672],[21.21770953638991,45.78637501023136],[21.21780416620639,45.78629908122051],[21.21786223693688,45.78623442914284],[21.2179627688408,45.78607132859645],[21.21832432875357,45.78521723582509],[21.21900868743142,45.78347969825251],[21.21931772655231,45.78261554846652],[21.21958872322941,45.78164929930788],[21.21981117055377,45.78065400174058],[21.21998034459962,45.78000519786336],[21.22045522491193,45.77830883867776],[21.22083530743519,45.77692284908854],[21.22122760880826,45.77531955597747],[21.22143618122008,45.77461693057697],[21.22160820900146,45.77418992679253],[21.22182273488268,45.7737518388967],[21.22217199299591,45.77282073203132],[21.22268960779989,45.77123809121829],[21.22307292997069,45.77015554791853],[21.22326446749097,45.76970422296148],[21.2234855347126,45.76934539267121],[21.22394696443222,45.7685340458679],[21.22495458023333,45.76668462479911],[21.2251346718407,45.76638626605098],[21.22521240360403,45.76611840762078],[21.22524757789439,45.76577426573273],[21.22529944984624,45.76500632612407],[21.2253730575602,45.76444642088454],[21.22542405598996,45.76404455678425],[21.22547321560118,45.76384648229136],[21.22554841865483,45.76361598172209],[21.22569838781148,45.76333801550359],[21.22632225128688,45.76222401127585],[21.22758773880026,45.75997315558975],[21.22763555194862,45.7598832015676],[21.22764255662794,45.75977942594563],[21.22761442265795,45.75966617500283],[21.22755429811948,45.75958515470685],[21.22754772203388,45.75950589398884],[21.22757145537811,45.75941930852417],[21.22762381694497,45.75935030466655],[21.22770536703829,45.75929058032508],[21.22784641489023,45.75923281092853],[21.22796569087324,45.75923256958913],[21.22815412305508,45.75926788231005],[21.22827458630791,45.75933840401461],[21.22836075165539,45.7593869975794],[21.22852454465751,45.7594339806212],[21.22867300955734,45.75944301772905],[21.23001697026557,45.75932074279644],[21.23036753778812,45.75928441398365],[21.23064059770022,45.75921433531037],[21.23132117662126,45.758937143098],[21.23189409391507,45.75866473359458],[21.23205403157488,45.75850357439073],[21.23218561942612,45.75832068318397],[21.23228857775008,45.75812021105326],[21.23234842080833,45.75796689394657],[21.23238516492284,45.75786409498588],[21.23245620742392,45.75778322251239],[21.23260403498562,45.75771319001039],[21.23273744468492,45.75768012588771],[21.23290914385371,45.75769824030787],[21.23304374651848,45.75773593822141],[21.23312256453154,45.75780508725168],[21.23319347464757,45.75790309803715],[21.23319298932941,45.75799876641968],[21.23317465507176,45.75809384916655],[21.23312853096638,45.75815889885483],[21.23296740461622,45.75824929659723],[21.23236929915382,45.75854168501178],[21.23173436813976,45.75884950334118]]},"properties":{"line":"M45","dir":"1","mode":"bus"}},{"type":"Feature","geometry":{"type":"LineString","coordinates":[[21.2046106157771,45.72777340375519],[21.2039665319708,45.7269822575253],[21.20354158683104,45.72646880779228],[21.20337999590382,45.72631744706693],[21.20323449830953,45.72619251149393],[21.20308236763823,45.72607450508757],[21.20295997986643,45.7259935060752],[21.2028276951551,45.72588938364923],[21.20277149572919,45.72583155116269],[21.20273189295677,45.7257483043533],[21.2026857154437,45.72563500205437],[21.20256727824245,45.72535060626833],[21.20252107987985,45.72525117380413],[21.20246492217093,45.7251679142917],[21.20240544969725,45.72508696361432],[21.20193510904782,45.72451220350385],[21.20118436199444,45.72360975817523],[21.20080100984473,45.72315407621858],[21.20002650231764,45.72221888582614],[21.19929212697962,45.72132686930244],[21.19850088854077,45.720377095822],[21.19763133097869,45.71932708156881],[21.19695948228585,45.71850013420602],[21.1962305643799,45.71761574189031],[21.19538691456491,45.716593039562],[21.19450589426378,45.71554000281388],[21.19371621856325,45.71462196281348],[21.1928107209729,45.71352101391468],[21.19184598337265,45.71235745047531],[21.19108906839536,45.71139875104252],[21.18998432221115,45.7100703789966],[21.18919501546592,45.70910073171964],[21.18817709254974,45.70787473165077],[21.18729682330473,45.70682041546468],[21.18697859711147,45.70645665891743],[21.18688882283933,45.7063471210985],[21.18682217420578,45.70628827820932],[21.18676130400085,45.70624362926853],[21.18666849440496,45.70620503177574],[21.1865785608369,45.70618062553407],[21.18644220131133,45.70614806856889],[21.18632905455265,45.70611958670281],[21.18624783217125,45.70609316115133],[21.18617530986109,45.70607079741539],[21.18609410643445,45.70603423682078],[21.18604195915931,45.70598148722013],[21.18598455210087,45.70590489765826],[21.18595277401492,45.7058258172151],[21.18595291977653,45.70574879317714],[21.18597047290397,45.70567583910285],[21.18599382330767,45.70560694427858],[21.18600847375149,45.7055339874991],[21.18601734218665,45.70544886364844],[21.18601456987915,45.70537994464145],[21.18599148013883,45.70531100683285],[21.18594810749115,45.70522380761263],[21.185670756599,45.70484300083636],[21.18541016151016,45.70451236507807],[21.18469655947311,45.7036652957573],[21.18407321835609,45.7029044997678],[21.18382417466166,45.70261238162143],[21.18341757417622,45.7021306725626],[21.18301220760084,45.70163571090989],[21.18241306304555,45.7009131780495],[21.18209458522967,45.70051761498628],[21.18103674063505,45.69922339826366],[21.18033416848397,45.69838120671736],[21.17943894516182,45.6972985543791],[21.17889778200775,45.69666013534819],[21.1783081437292,45.69594567187094],[21.17757794775932,45.69504743726075],[21.17681575134775,45.69412825649533],[21.17626707358171,45.69347935926485],[21.1754270436243,45.69249965527328],[21.17478239806398,45.69168905665555],[21.17416802373437,45.69092017667143],[21.17369053309277,45.69034671461949],[21.17302792579795,45.6895498596505],[21.17250471030608,45.68890757412203],[21.17175830949405,45.68801745684807],[21.1709597112646,45.68704979258482],[21.17011986160902,45.68605152765408],[21.16942455215329,45.68520213175375],[21.16917281413497,45.68488990002194],[21.16905131327094,45.68472558590198],[21.16889553947001,45.68447955376293],[21.16875685086589,45.68421590093216],[21.16866445151615,45.68401310593472],[21.16858353558328,45.68376192021236],[21.16854332231555,45.68357742402682],[21.16852339186633,45.6834051111865],[21.1685036261393,45.68315780052345],[21.1685158061242,45.68290941707216],[21.16854535464831,45.68266621401174],[21.16860103515052,45.68241411483671],[21.1686653806309,45.68217905670931],[21.16882621924365,45.6816026430873],[21.16907788815626,45.68061778558152],[21.16934365352627,45.67944593890353],[21.16963943262378,45.67818058411267],[21.16989852100719,45.67710068396551],[21.17022431748559,45.67571846713342],[21.17055021804111,45.67434141685249],[21.17076946054462,45.67340385681344],[21.17081052013807,45.67319733551243],[21.17083398942638,45.67307574304539],[21.17085391627673,45.67294090844554],[21.17085624438677,45.67288683246661],[21.17083647710336,45.67282500771998],[21.17078132373751,45.6727662358124],[21.17072835160399,45.67272137204788],[21.17069529715094,45.67266880381039],[21.17067110423023,45.67260851942781],[21.17067567708019,45.67253899485203],[21.1707156157505,45.67247568803924],[21.17076878810224,45.67242784618652],[21.17081749455595,45.67240008585289],[21.17087103153356,45.67236563522484],[21.17096239809192,45.67235543691956],[21.17106845756165,45.67236378471445],[21.17118330793068,45.67239479030911],[21.17126867027062,45.67243605947886],[21.17131571369204,45.67248346517337],[21.17136862819226,45.67254117179636],[21.17144809318003,45.67258449355429],[21.17152464710691,45.67261134049925],[21.17169842559233,45.67264446628],[21.17205486278862,45.6726921956619],[21.17221097561249,45.67271912530062],[21.17234350699236,45.67275014806661],[21.17244066173631,45.67278936967685],[21.17251423488311,45.67283268458197],[21.17258778632693,45.67288629426965],[21.17264657410157,45.67295430131927],[21.17265825977328,45.6730016696933],[21.17264340380313,45.67305930524768],[21.17259909466091,45.67311073325347],[21.17249294990031,45.67314150708842],[21.17238387161385,45.67316610087994],[21.17193566585482,45.67331387780559],[21.17184128069765,45.67335701723911],[21.17174984202915,45.67340015971605],[21.17169383812726,45.6734083368942],[21.17161721655443,45.67341237442418],[21.17156126132998,45.67339790290235],[21.17152009251054,45.67335873926522],[21.17148780355573,45.67330105426816],[21.17148788332373,45.67326399291718],[21.17149978506528,45.67321047234131],[21.17153524651068,45.67316315341223],[21.17159721423065,45.67312203919557],[21.171670977187,45.67307681941944],[21.17176244625768,45.67301926439804],[21.17180086278062,45.67296783060279],[21.17182747510552,45.67292462029449],[21.17184236278415,45.67285257223511],[21.17184536240273,45.67282786784146],[21.17183073980475,45.67277637849304],[21.17178956686617,45.67273927404754],[21.17170418610603,45.67270624115521],[21.17160993466642,45.67268761161746],[21.17149797267336,45.67268337612187],[21.17138891737853,45.67269767422044],[21.17129455064858,45.67273257728615],[21.1712355519448,45.67276339960347],[21.17115004700553,45.67278801708494],[21.17108224830395,45.67280029940233],[21.17102626268785,45.67280024037064],[21.17090546940709,45.67279187706518],[21.17084069289919,45.67276916006939],[21.17075826347239,45.67273407059143],[21.17070826017535,45.6726928384497],[21.17068480320952,45.67263928056788],[21.17067315944876,45.67257338138667],[21.17068212412167,45.67251573986431],[21.17073825657585,45.67244785341033],[21.17080021533587,45.67241085759181],[21.17084153889599,45.6723779578169],[21.17092157088448,45.67233066625778],[21.17095482214431,45.67229207384107],[21.17099250907043,45.67224730571299],[21.17102139783721,45.67218089680854],[21.17106146904842,45.67205578571773],[21.17121746138494,45.67149466434569],[21.17141550234681,45.67065226930067],[21.1715902612761,45.66992123277879],[21.17168845748871,45.66949797821409],[21.17183710209199,45.66886121906124],[21.17197112481201,45.66822671613189],[21.17202927557856,45.66791621149134],[21.17212991888142,45.66738003940577],[21.17222904257114,45.66675050787138],[21.17231661412653,45.66612117820814],[21.17241834591558,45.66536683205607],[21.17247232931753,45.66493474353483],[21.17256238661315,45.66428169709844],[21.17264110470062,45.66365356684558],[21.17273560246483,45.66291755322517],[21.17282097212406,45.66227877645829],[21.17290191957274,45.66163915750018],[21.17296936849075,45.66110897262947],[21.17310642756882,45.66004497226023],[21.17319629029726,45.65936814439823],[21.17324510023663,45.65897704228908],[21.17337768555193,45.65796634403094],[21.1734777069978,45.65721129347965],[21.17357126181695,45.65652145356268],[21.17364153219645,45.65598421055096],[21.1736652639795,45.65570362202376],[21.17368769636122,45.65544858732626],[21.17372977242083,45.65510715898121],[21.17378901576318,45.65469968348307],[21.17384809590159,45.654369257478],[21.17393891267481,45.65398506372956],[21.17401263768197,45.65349331202365],[21.17404558184742,45.65325573585822],[21.1741123561052,45.65278448650467],[21.17419586762622,45.65217339291654],[21.17425146522109,45.65180217444897],[21.17430716320765,45.65138264458426],[21.17432561347827,45.65123975367662],[21.17429921034601,45.65121087966346],[21.17423512299864,45.6511945147828],[21.17410684987901,45.65120864484972],[21.17325851294925,45.65129334118474],[21.17295124901479,45.6513273713263],[21.17121505896332,45.6515114622557],[21.1686434941138,45.65175609421938],[21.16698047250862,45.65193169212157],[21.16458865759057,45.65215694987091],[21.16263942401353,45.65235290011286],[21.16149745769212,45.65246467091897],[21.15849098188233,45.65275687558718],[21.15844275537858,45.65273340393994],[21.15842454885955,45.65269243977945],[21.1583520585455,45.65238784262715],[21.15807005184355,45.65090795950378],[21.15780590151198,45.64962086465571],[21.15771051958358,45.64905693148961],[21.15769597540275,45.64901597162095],[21.15766311619981,45.64898010817033],[21.15761189906921,45.64896725355778],[21.15713590343848,45.64901787366518],[21.15416116784726,45.64929582121016],[21.15321369141691,45.64939447708353]]},"properties":{"line":"M46","dir":"0","mode":"bus"}},{"type":"Feature","geometry":{"type":"LineString","coordinates":[[21.15319513407171,45.64940177421957],[21.15315241102747,45.64945011739648],[21.15318404947277,45.64957672686476],[21.1535430967703,45.65082054226519],[21.15375998456105,45.65141452108261],[21.15399161889428,45.65250554675163],[21.15411815966419,45.65302456712608],[21.15415524700159,45.65310278805435],[21.15421910958313,45.65312147810441],[21.15505008176506,45.65305546477356],[21.15847678193064,45.65272818821237],[21.16203345004802,45.65238234315197],[21.16478936433781,45.65211132540058],[21.16741827924328,45.65185874356095],[21.17019899836097,45.65157371253704],[21.17318570561319,45.65126041700032],[21.17411110043104,45.65116085977356],[21.17423499820202,45.65115464064575],[21.17429885731532,45.65117704219706],[21.17438928930941,45.65122552965773],[21.1743891252153,45.65130370553965],[21.17423227410112,45.65245013213663],[21.1740104364106,45.65410599092658],[21.17377804690081,45.65570806383798],[21.17354544761583,45.65740187258744],[21.17329104160883,45.65932590891935],[21.17306880929308,45.66114052577863],[21.17281973478596,45.66304685679128],[21.17256266980836,45.6650289251173],[21.17228128666209,45.66708090820588],[21.17217964175061,45.66768258651486],[21.17191610627253,45.6688475183179],[21.1715818297772,45.67035684220631],[21.17119487334081,45.67206258707571],[21.1711528037264,45.67227140085431],[21.17116021079887,45.67234543435706],[21.17119794320046,45.67239306201881],[21.1712617506763,45.67243368274126],[21.17134632472217,45.67252080075779],[21.17141024254828,45.67256075627298],[21.17146898398413,45.67259466262925],[21.17155195618565,45.67262255072626],[21.17173699143896,45.67264933710553],[21.1719946649851,45.67268345168924],[21.17221082321502,45.67271752241639],[21.17232838849609,45.67274786371684],[21.17239156740993,45.67276919034864],[21.17245897209013,45.67279706155616],[21.17257641622548,45.67288421305266],[21.17263511272516,45.67293987614579],[21.17265748238155,45.67299550144381],[21.17264697708744,45.67305471875453],[21.17259322260859,45.67311509975714],[21.17242014377568,45.67315843390289],[21.17222107845635,45.67321987168879],[21.17203066747945,45.67327890072509],[21.17194064501381,45.67331144243659],[21.17183329278134,45.67335847077366],[21.17175018175788,45.67339464582108],[21.17169826262009,45.67340547001739],[21.17162041634942,45.67340659708541],[21.17157199588366,45.67339929379622],[21.17152018073635,45.67336176848183],[21.17149090063223,45.67330250951947],[21.1714996955805,45.67323482940817],[21.17151013972183,45.67320462195114],[21.17153964340968,45.67315992965192],[21.17162626322564,45.67310079249106],[21.17171459711641,45.67304890950433],[21.17176829761683,45.67301391245421],[21.17182034343493,45.67294386030096],[21.17183608580835,45.67286289146436],[21.17184316599041,45.67278795720632],[21.17179483428993,45.67273955711379],[21.17170150356448,45.67270198842058],[21.17159947700952,45.67268616778681],[21.17150779571211,45.67268607150508],[21.17137976181416,45.67269802428915],[21.17131917065283,45.67271971779647],[21.17123258234173,45.67276434991692],[21.17118575231889,45.67278168532913],[21.17112511236371,45.67282920987698],[21.17107582870636,45.67287410263317],[21.17102120066951,45.67295576307848],[21.17096034333957,45.67310375036691],[21.170826834455,45.67360328492746],[21.17039594386272,45.67537805284066],[21.17002474394415,45.676976599663],[21.1696209838178,45.67867140387293],[21.16919745339459,45.68045782392858],[21.16874948982159,45.68228318517208],[21.16868633608533,45.68259226471356],[21.16864925895339,45.68288343088611],[21.16864332213467,45.68321439205675],[21.16866872489283,45.68349810660818],[21.16873574614056,45.68379836253415],[21.16883397048997,45.6841112499506],[21.1689998582987,45.68443148466108],[21.16914502150264,45.6847093259713],[21.16946687268089,45.68513156172863],[21.17082048455316,45.68675143592858],[21.17173226808064,45.68785547694206],[21.17297762538238,45.68936267258668],[21.17454547753391,45.69127805584049],[21.17568848698783,45.69263742645472],[21.17697325609196,45.69419054433884],[21.17862712259904,45.69621609385658],[21.17970801289699,45.6975107686426],[21.18047683613862,45.69844008084267],[21.18073141688888,45.69873128821482],[21.1811738791626,45.69921070345337],[21.18160510445266,45.69971302694538],[21.18219392960408,45.70044780130396],[21.18327214051131,45.70182567810247],[21.18421194211165,45.7029517310603],[21.18504374310887,45.7039629945975],[21.18584076982506,45.70491898960446],[21.18599897885881,45.70510930947194],[21.18609971983316,45.7052121984855],[21.18621309490597,45.70530628812263],[21.18630133063233,45.70535042507335],[21.18646526857172,45.70539463168185],[21.18663304797589,45.70542615042303],[21.18678549861018,45.70547045780474],[21.18688584041413,45.70552770774077],[21.18695637586661,45.7056083132136],[21.18700827572883,45.70570708828657],[21.18701182084451,45.70580062300827],[21.18697816229261,45.70589412380377],[21.18695570371441,45.70596685008687],[21.18694071019009,45.70602659273248],[21.1869438258514,45.70611780763601],[21.1869733598018,45.70623994507702],[21.18702896103664,45.70634911597444],[21.18712547239271,45.7064661186774],[21.18764354636005,45.70712203938065],[21.18849945801652,45.70814530848784],[21.18966653323293,45.70956050455055],[21.1906320949603,45.71066618025209],[21.19121555277345,45.71134253520866],[21.19190234775955,45.71217013423046],[21.19273664109952,45.71319081674707],[21.19385199312176,45.71457925154931],[21.19455030870068,45.71545414793717],[21.19562723061325,45.71677163734149],[21.19690435934894,45.7182991686872],[21.19806183116889,45.71969044483762],[21.19926280903031,45.72115522741882],[21.20004598652796,45.7221035156559],[21.20106971435571,45.72334393822219],[21.20202878345621,45.72447675650835],[21.20264140364742,45.72520034673853],[21.20286213636987,45.72540745256846],[21.20304274440889,45.72557243889722],[21.2031983328232,45.72567427320647],[21.2032836053526,45.72576202353812],[21.20334365741574,45.72591288739572],[21.20340870097726,45.72608479972192],[21.20349604124713,45.72623220653326],[21.20368658595994,45.72647085399222],[21.20435169676341,45.72725209428201],[21.20446711391181,45.72734337431253],[21.2046955341916,45.72754645085845],[21.20531279137087,45.72802392051187],[21.20556874413999,45.7282135122605],[21.20575946427781,45.72842878764197],[21.20596010237013,45.72864990241172]]},"properties":{"line":"M46","dir":"1","mode":"bus"}},{"type":"Feature","geometry":{"type":"LineString","coordinates":[[21.23297287405542,45.75770114288024],[21.2330668069353,45.75775638587188],[21.23313191505,45.75782341094613],[21.23316337985226,45.75789886895056],[21.23317328362123,45.75800455507099],[21.23316869121551,45.75808509379742],[21.23313999266563,45.75814385326897],[21.23304402868079,45.75822765762446],[21.23282301856517,45.7583118351129],[21.2325252266443,45.75845986764035],[21.23224664789232,45.75859948599287],[21.23188362492675,45.75876813606826],[21.23146104858207,45.75893301539365],[21.23093317211671,45.75915125316154],[21.23051261439732,45.75931740287284],[21.23029307297692,45.75934893205278],[21.22984975603788,45.75937762374804],[21.22896494001481,45.75944140816298],[21.22853935300492,45.75946382266393],[21.22847672456263,45.75949202423323],[21.22839629515605,45.75956399369166],[21.22832481468245,45.75963282713499],[21.22821300905606,45.7596954624824],[21.2280634947264,45.75975492062987],[21.22794269081504,45.75980194349404],[21.22785321345158,45.75983955263595],[21.22778615411596,45.7598865074105],[21.22771913504786,45.75994908545309],[21.22760770075715,45.76015545441065],[21.22725320467828,45.76078547831091],[21.22704808914444,45.76113882508977],[21.22657773654577,45.76196981731091],[21.22606534687294,45.76282144189274],[21.2258125638098,45.76336272258262],[21.22564787017327,45.76376601087898],[21.22554172415088,45.76429363930867],[21.22550693733211,45.76469676195938],[21.22545262591375,45.7652444529609],[21.22539823043743,45.7657580746427],[21.22533322902887,45.76608672891317],[21.22523631797915,45.76640640838104],[21.22495666659324,45.7669163171209],[21.22432689869501,45.76803072659366],[21.22390593444229,45.76878066038954],[21.22324910240281,45.77003190176584],[21.22311597430597,45.77037880731856],[21.22290566885192,45.7709790849906],[21.22263067035068,45.77178410867174],[21.2223687932454,45.77250640565786],[21.222171501277,45.77312898647848],[21.22189542646545,45.77391529775942],[21.22163023054265,45.77461267688076],[21.22149723446248,45.77502290359284],[21.2211634510796,45.77616807363492],[21.22105197146804,45.77653914036344],[21.22089021085732,45.77705324163973],[21.22073597133858,45.77761666852381],[21.2205130185855,45.77842570620209],[21.22037589762537,45.77892337503292],[21.22021262232208,45.77955472342251],[21.22001736016883,45.78034277537753],[21.21992283331758,45.78077234147565],[21.21987251397243,45.78104126650125],[21.21979588525118,45.78132223398649],[21.21972246091084,45.78160135701705],[21.21960261317316,45.78207739339499],[21.21953221223349,45.78232929209237],[21.21943206083957,45.78261307178792],[21.21933203363837,45.78294842621008],[21.21917829415228,45.78339121870044],[21.21905132912897,45.78371019640592],[21.21890062994074,45.78402574077028],[21.21872470389179,45.78449812574511],[21.21856428704564,45.78488747234786],[21.21837223688037,45.78537327899043],[21.21813877276098,45.78592520540594],[21.2181257196537,45.7860868879685],[21.21814951919784,45.78619704218319],[21.21820023020179,45.7863141975979],[21.21826767648953,45.78640085727611],[21.21832164722653,45.78647581139057],[21.21836218800542,45.78655781452885],[21.21837584558757,45.78664453822194],[21.21832879477078,45.78672551096358],[21.21826508557247,45.78679357091174],[21.21814418545121,45.78684528833057],[21.21800978660778,45.78687592291809],[21.21791565554118,45.78687603397037],[21.21782489191462,45.78687848529194],[21.21768711350542,45.78690209072322],[21.21756284979322,45.78695381183505],[21.21745211776941,45.7870406817169],[21.21729029147992,45.78718490993408],[21.21713929037043,45.78730230216262],[21.21694465124657,45.78744787739773],[21.21664990157675,45.7876448108507],[21.2164854454036,45.78775987342215],[21.21607258796914,45.788034638427],[21.21586447230759,45.78817085119766],[21.21534652004699,45.78850006744544],[21.21486651780904,45.78881944798865],[21.21423639379898,45.78923870177672],[21.21366927255406,45.78959462816315],[21.21273155657981,45.79021526792516],[21.21206727249857,45.79066852108793],[21.21153797767548,45.79099124098037],[21.21131641614052,45.79113683586229],[21.21123593131405,45.79122600938373],[21.21114550530433,45.79137849021403],[21.21106854299451,45.79153798912515],[21.21104857470197,45.79162709519733],[21.21107562775363,45.79169504992181],[21.21114030456016,45.79178783625451],[21.21115387352119,45.79186052559539],[21.21112108207895,45.79197000245696],[21.21104691989816,45.79205072556261],[21.21093965662683,45.7921065256386],[21.21084059218196,45.79213543642266],[21.21071116272833,45.79213174094654],[21.21060648060724,45.79211265766636],[21.21051009446925,45.79210892510706],[21.21041096335795,45.7921090355569],[21.21027334203109,45.79213814629187],[21.21008344154186,45.79218251738906],[21.20982942900723,45.79226304435894],[21.20962856182141,45.7923285468441],[21.20947110714379,45.79238405603268],[21.20932255859265,45.79244950014735],[21.20920152844637,45.79250723380319],[21.20896568417855,45.79265060067057],[21.20862432546819,45.79286903550748],[21.20839884368161,45.79301136352458],[21.20802320175351,45.79325024818097],[21.20776591219943,45.79342877457402],[21.20760371882571,45.79355183162879],[21.20748828155187,45.79364987773717],[21.20733999173247,45.79378251055782],[21.20721086282099,45.79391513104157],[21.20702137702533,45.79414957752717],[21.20675652023857,45.79453077877766],[21.20644059673699,45.7949844094146],[21.20601423329062,45.79561241191454],[21.20581450485879,45.79590517305925],[21.20554400611794,45.79629867033422],[21.20530344646379,45.7966517314551],[21.20504733423119,45.79701566681279],[21.20467656437699,45.79755313150734],[21.20442434905836,45.79792248941874],[21.2040989404918,45.79839939769828],[21.20369395051331,45.79899039463712],[21.20330895347516,45.79955024000142],[21.20288541658548,45.800165995874],[21.20253610891553,45.8006521470488],[21.20220493754974,45.80109965612149],[21.20187672447021,45.8015258292195],[21.20154282183125,45.80194139900407],[21.20138959269777,45.80214239535157],[21.20122262585076,45.80234339404405],[21.20105952133736,45.80253081935687],[21.20088863480382,45.80272096677148],[21.20071770024421,45.80288940358165],[21.20053869497958,45.80304848392393],[21.20024722499835,45.80328760517208],[21.19975848806671,45.80366438326719],[21.1991041792004,45.80415083170715],[21.19890436537591,45.80429899215251],[21.19859811204837,45.80451581895668],[21.19823248140265,45.80478933456768],[21.19782492691655,45.80510603699502],[21.19763480171076,45.80525173648566],[21.19750318340726,45.80535653297976],[21.19733505788767,45.80551616111878],[21.19718889620347,45.80567202627959],[21.19707566022784,45.80581254216738],[21.1969660955377,45.80595816029841],[21.19686201398109,45.80614744978514],[21.1966796746611,45.80652289053391],[21.19645121736624,45.80701327785015],[21.19627987300095,45.80739636723619],[21.19602702719761,45.80789569106636],[21.19583729497158,45.80824305792535],[21.19558277841653,45.80870436002848],[21.19534706952346,45.8091186075881],[21.19501495801092,45.80969192443098],[21.19483554003785,45.81007902563178],[21.1948064412185,45.81017861225059],[21.19483222090445,45.81025006475954],[21.19495327262553,45.81034695182862],[21.19511098380489,45.8104616722952],[21.19522482776313,45.81061562539219],[21.19529844502,45.8107993527378],[21.19532437480086,45.81094483552161],[21.19529536896047,45.81109037260042],[21.19524073120132,45.81123848817713],[21.19510549839874,45.81137467161586],[21.19494823024206,45.81148204269147],[21.19473598871017,45.81157159824596],[21.19453098879357,45.81162030205816],[21.19427227452902,45.81165373883684],[21.19408795066167,45.81167153338373],[21.19396719266357,45.81172270600746],[21.19384291388356,45.81184535975768],[21.19373331424074,45.81198331620342],[21.19352517474432,45.81229751165002],[21.19323601845025,45.81279997075175],[21.19298055025482,45.81325971833116],[21.1927474795529,45.81366047563996],[21.19254844170685,45.81401620268208],[21.19227890482262,45.81446356022212],[21.19210743573591,45.81477856782749],[21.19172341106283,45.81544637320723],[21.19124005700879,45.8162959181054],[21.19086069374932,45.81697158590697],[21.19047281287576,45.81764178563806],[21.19012148477971,45.8182503986466],[21.18970124581596,45.81898984170678],[21.18936914674642,45.81956848877656],[21.18922411236075,45.81982570894368],[21.18880473269842,45.82056950041924],[21.188427050196,45.82120375894079],[21.18829799364482,45.82146973085774],[21.18805175974091,45.82190865128717],[21.1877369994288,45.82246250947079],[21.18756417017996,45.82275998003752],[21.18745640991177,45.82299485711541],[21.18737917596729,45.82317963036196],[21.1873596276086,45.82331921857437],[21.18733797015841,45.82354700121052],[21.18734329957991,45.82372991874459],[21.18731940414519,45.82376705241402],[21.18722626290724,45.8237968269144],[21.18711447160333,45.82382105161261],[21.1870159834678,45.82383969740095],[21.18693755604131,45.8238713485656],[21.1868577768497,45.82392708866301],[21.18678072231664,45.82401622696295],[21.18653809110348,45.82441976321029],[21.1862577059022,45.82489113658012],[21.18596215526398,45.82540856688279],[21.18567268910236,45.82588890741725],[21.18538333162794,45.82638564287349],[21.18510320439453,45.82685940577872],[21.18478071234562,45.82739839293608],[21.18454225299829,45.8278013402125],[21.1843062054541,45.82820800740046],[21.18398154487948,45.82875222936125],[21.18368196228179,45.82927126440136],[21.18339223991777,45.82975618976893],[21.18291502107651,45.83056490296863],[21.18263009800021,45.83103072660209],[21.18233014235469,45.83154285814986],[21.18226333037259,45.831659659482],[21.18192504911256,45.83227142795148],[21.18159009461654,45.83285808714061],[21.18126447887627,45.8333906796641],[21.18088730886057,45.83404584656247],[21.18059550313767,45.83447896888178],[21.18031271285675,45.83494993362817],[21.17997768935335,45.83549002303676],[21.17965495187403,45.83603985060549],[21.17931385569671,45.83659630472599],[21.17920026602866,45.83680186886109],[21.17898113225151,45.83716473587888],[21.17868946473038,45.83764364195364],[21.17837176107766,45.83817836575552],[21.17808554891768,45.83866673192229],[21.17782739436459,45.83910060105723],[21.17753652670077,45.83957040797863],[21.17734852379954,45.83989821921024],[21.1770433973735,45.84040354491553],[21.17683668416435,45.84076425696168],[21.17674391684792,45.84091673007309],[21.17641962537726,45.8414667790221],[21.17599953510823,45.8421598284283],[21.17559719852602,45.84283391900982],[21.17520300671975,45.84348692381312],[21.17484227289454,45.84409074874077],[21.17439895763026,45.84482626728673],[21.17401399201715,45.84541708316879],[21.17370904765935,45.84586883198283],[21.17335807913414,45.84636372640124],[21.1730751647554,45.84675022853439],[21.17291614396223,45.8469942756297],[21.17272164226764,45.84733294579907],[21.1724954197884,45.84775111683597],[21.17221010480145,45.84830009973015],[21.17212604895499,45.84846231699704],[21.1719385614016,45.84883678426912],[21.17176292181521,45.84915509589133],[21.17163847736376,45.8493761820229],[21.17142409626687,45.84974027235022],[21.17122319594122,45.85006387243253],[21.1709870925255,45.850440953974],[21.17075935253077,45.85080864570314],[21.17034821169624,45.8514640708239],[21.16999296343757,45.85202035692486],[21.1695562055628,45.85272881357409],[21.16913884579927,45.85340191811743],[21.16887073283822,45.85376537741589],[21.16835427825218,45.85440996474695],[21.16796080413469,45.85489579307086],[21.16790718579227,45.85497901566969],[21.16789236417855,45.85504973211746],[21.16791933176427,45.85511209926392],[21.16803292413059,45.8551972773517],[21.16866037787009,45.85547339327843],[21.16896221113885,45.85559990047771],[21.16906981470941,45.855672604442],[21.1691147088959,45.85574119645791],[21.16912974768227,45.85581189055284],[21.16910303887335,45.85591796906827],[21.16899180062731,45.85614908099392],[21.16882820660714,45.85655743817314],[21.16866750529357,45.85690716230419],[21.16858562468104,45.85711726392283],[21.16848765323866,45.857485420951],[21.16833026489482,45.85805114110223],[21.16820853071524,45.85850245866358],[21.16813930490749,45.85880323906068],[21.16809494300666,45.85908401372495],[21.16807731194605,45.85927118870517],[21.1680184011618,45.85980051490823],[21.16796947783959,45.86025208298035],[21.16791038926278,45.86066683954932],[21.16782446624659,45.86110961983449],[21.16775345796864,45.86154267402983],[21.16767048885772,45.86196578174],[21.16758428990654,45.86235402357833],[21.16746123542405,45.86282400498013],[21.16736920796474,45.86318591935984],[21.16726351926337,45.86353656304397],[21.16717138564869,45.86382985137575],[21.16706735719646,45.86422502862953],[21.16697822358319,45.86452871226376],[21.16688913268591,45.8648584524959],[21.16676301161011,45.86528264042651],[21.16668577619742,45.86555720125609],[21.16655799196095,45.86600280652305],[21.1664647660428,45.86632812971113],[21.16640107333094,45.86656056446727],[21.16628818612779,45.86696528658945],[21.166198535711,45.8672890757605],[21.16608050626187,45.86766919573147],[21.16598848736151,45.86799627452172],[21.16587523061201,45.86839795163277],[21.16575959999607,45.86877681666826],[21.16567137427356,45.86910675991757],[21.1655816940191,45.86941568399195],[21.16549750594653,45.86970765893401],[21.16541252896857,45.86999015283272],[21.16529658162239,45.87040667569574],[21.16516051435931,45.87087375864778],[21.16507544776024,45.87117779786549],[21.16497393255542,45.8715079580987],[21.16488520639664,45.87182889981847],[21.16478133006079,45.87216815849151],[21.16467514086154,45.87254242517078],[21.16453573163799,45.87297471515267],[21.16439518743953,45.87343887038456],[21.16416394906968,45.87423765894863],[21.163903132297,45.87515466122013],[21.16366436071981,45.87596130650599],[21.16338675448381,45.87695217112369],[21.16321787036962,45.87746497046406],[21.16298194583131,45.87827588491059],[21.16272257374746,45.87916068587506],[21.16250868787647,45.87989193328931],[21.1624923841209,45.88006475856376],[21.16250918922909,45.88024148404601],[21.16255075889154,45.88037970569399],[21.16262956457246,45.88051790154055],[21.16284095470582,45.88078502288644],[21.16305226778833,45.88100089080645],[21.16316832810289,45.8811505807799],[21.16330797897881,45.88134402761926],[21.16344062598605,45.88161822249384],[21.16356869111311,45.8819404485553],[21.16374945493401,45.88239347919566],[21.16399499992691,45.8830664939568],[21.16413279303087,45.88339735597147],[21.16426818381372,45.88373734139542],[21.16444372440106,45.88410546407015],[21.16460468410211,45.88447588703718],[21.16477658167922,45.88486932568893],[21.16484246892269,45.88504693266707],[21.16489013440317,45.88522962898255],[21.16495991742818,45.88557536630014],[21.16498956325416,45.8859001999191],[21.16504690497739,45.8865247905548],[21.16506942505264,45.88696096035626],[21.16506298267095,45.88753631790296],[21.16506031099027,45.88819605676278],[21.16503229961785,45.88898021965763],[21.16501824941243,45.8893427164953],[21.16496524637867,45.89048702594813],[21.16491613959515,45.89180369912454],[21.16488855797984,45.89288162418914],[21.16486080132538,45.89384130557764],[21.16482213789952,45.8948238558404],[21.16479818335847,45.895891162848],[21.1647877704617,45.89624794779487],[21.16479159201945,45.89636722769609],[21.16482460540652,45.89649917663305],[21.16487229153253,45.89668724696271],[21.16488701241768,45.89677860169703],[21.16486893537562,45.89688520771466],[21.16482530513269,45.89697406677498],[21.16478535475167,45.89708576491283],[21.16476372412876,45.89725306290453],[21.16476773908852,45.89750431494691],[21.16474688894319,45.89820396249142],[21.1647150835886,45.89889407658061],[21.16469102003391,45.8998905804452],[21.16468079282164,45.90037506729074],[21.16465635910743,45.90111864485903],[21.16464951018597,45.90142320194543],[21.16460321085966,45.90217907624238],[21.16457821449085,45.90254059986395],[21.16454960444166,45.90292892463742],[21.16448866340095,45.90364979035174],[21.16440024707278,45.90436368169883],[21.16437916627028,45.90491055059093],[21.1643438350623,45.90569124382846],[21.16431557896314,45.906320264367],[21.16430927861498,45.90699912775895],[21.16429565882592,45.90774088920305],[21.16429606828589,45.90802002120446],[21.16426905519982,45.90885113169272],[21.16425598516734,45.90956382581912],[21.16425735404989,45.91049937484004],[21.16424742236082,45.9106069761217],[21.16420175559483,45.91064454106206],[21.16410525332642,45.91066785992146],[21.16398646182184,45.91068344438788],[21.16345252084081,45.91067677866959],[21.16239418340792,45.91066459950177],[21.16137835725467,45.9106523814155],[21.16102391376453,45.91065778972361],[21.16075292203653,45.91069414089656],[21.1603475191853,45.91076933235936],[21.15932654356168,45.91099087192568],[21.15828900877793,45.91120815582977],[21.15683367728359,45.91151431622976],[21.15555141393154,45.91177187581077],[21.15456666947638,45.9119668190076],[21.15323489815136,45.91225127051074],[21.15239802239185,45.91243265597231],[21.15171652051637,45.91256639806056],[21.1510578316085,45.91266402144234],[21.15049329682114,45.91276340982677],[21.14990944044323,45.91283667456468],[21.14943810751001,45.91284389220623],[21.14884414651972,45.9128129831814],[21.1481902409858,45.91274043578633],[21.14786407881667,45.91269519789086],[21.14766172122816,45.91269270507188],[21.14751185281758,45.91271364716462],[21.14742199551914,45.91278148495915],[21.14737338278947,45.91287015721279],[21.14736225519847,45.91296923728783],[21.14739615287707,45.91311782904621],[21.14753143275355,45.91344005988819],[21.14768163291502,45.91370330317537],[21.14774551033939,45.91384892278704],[21.14777623403002,45.91399541913292],[21.14776431669636,45.91410224354343],[21.14771928678201,45.9142111813749],[21.14765617192664,45.91430127936935],[21.14754790710336,45.91439768664785],[21.14736740926576,45.91451089095386],[21.14691788671322,45.91474982993618],[21.14629846153599,45.91505984781239],[21.14573830765359,45.9153095967306],[21.14533057617185,45.91547845305966],[21.14496989579455,45.91561970095521],[21.14445010648765,45.91579803594399],[21.14387769414774,45.91599349315184],[21.14354021791824,45.91610901178989],[21.14334135967447,45.91618880627624],[21.14319071382913,45.91625389558249],[21.14303104675753,45.91633996067996],[21.14288346980097,45.91645747610404],[21.1425174321547,45.91675200211264],[21.14210349558566,45.91711870941306],[21.14166380379642,45.917560205924],[21.14138355106348,45.91784230384918],[21.14095146094851,45.91825673733276],[21.14064440152618,45.91854673328065],[21.14017336291459,45.9189851016039],[21.1397229624026,45.91940011855363],[21.13946659293926,45.91963252558603],[21.13881866761253,45.92023719693906],[21.1385803425281,45.92046900671136],[21.13822477760526,45.92080052529911],[21.13758905278373,45.92141495860254],[21.13689903502794,45.92207499424902],[21.13625450333692,45.92269429118846],[21.13570004219616,45.92322850627552],[21.13513150778275,45.92377860569488],[21.13488018113028,45.92401885435006],[21.1344424013704,45.9244570462775],[21.13381982259967,45.92505477270694],[21.13322489245719,45.92563189430217],[21.13255152889177,45.92626772138746],[21.13206069201898,45.92674667077275],[21.13173132033408,45.92707230477411],[21.13145880186437,45.92733013848921],[21.13127813491177,45.92747569463847],[21.13106555248964,45.92761140149625],[21.13073104675439,45.92781619162299],[21.13013314121543,45.92818842503249],[21.12933160087491,45.928670001179],[21.12838115727527,45.92925182223446],[21.12794805157449,45.9295213669065],[21.12703308360885,45.93008669831453],[21.12574141312312,45.9308827791813],[21.1245239223498,45.93164287457007],[21.12327017164958,45.9324357387362],[21.12184491309477,45.93333126625571],[21.12107740232609,45.93380998694758],[21.12029484051206,45.93429564403662],[21.11960658955657,45.93472978234368],[21.1191142000831,45.93503107623634],[21.11866934126689,45.93531381461327],[21.11799689858471,45.93573936282119],[21.11743983324742,45.9360951143312],[21.11664475835865,45.93660694864482],[21.11604727853285,45.93698679864652],[21.11572558150678,45.93719421809988],[21.11521181344798,45.93751928170884],[21.11445893407618,45.93800220493946],[21.11402032036446,45.93827829129962],[21.11375503105718,45.9384456155484],[21.11317498498898,45.93881857783602],[21.11247751916313,45.93925427688895],[21.11172734662684,45.93972732710135],[21.1110243839938,45.94017189572612],[21.11035913215228,45.9405999169256],[21.10969359080313,45.94101321732159],[21.10921084562248,45.9413311553085],[21.10865353712683,45.94167969164528],[21.10793996193268,45.94213052002284],[21.1077216268,45.94228049667131],[21.10726338856882,45.94256765617384],[21.10678348128809,45.94287679002022],[21.10647421492033,45.94308905942897],[21.10629136611687,45.94323078892914],[21.10609296674902,45.94337924787046],[21.10583469614857,45.94363708085481],[21.10539141877998,45.94407346402228],[21.10520800848203,45.94425137471964],[21.10469095449749,45.94475727668551],[21.1042540197983,45.94521432476172],[21.1040477419966,45.94549614929355],[21.1039102057841,45.94572005847761],[21.10367776128869,45.94612320059715],[21.10343363493562,45.94652740397869],[21.10320448186165,45.94691054448091],[21.10310068017248,45.94709292038637],[21.10285786754206,45.94751428900247],[21.10252939743988,45.94807348775393],[21.10223299007313,45.94857339059446],[21.10180278688416,45.94928548476225],[21.10148930995534,45.9498151492038],[21.10108783993923,45.95048661955786],[21.1007869349572,45.95100297837277],[21.10049623573998,45.95148859577793],[21.10023179857036,45.95192593722101],[21.10013576518248,45.95210489536301],[21.09995188285012,45.95245329610245],[21.09975981085888,45.95281121300399],[21.09953902003244,45.95323005282893],[21.09918924141467,45.95386158180333],[21.09887366890969,45.95444947318903],[21.09856754007724,45.95503316803785],[21.09838183713848,45.9553894134168],[21.09833039269581,45.9555158737363],[21.09829954370705,45.95565903300901],[21.09822758756332,45.95607310451664],[21.09813854175626,45.95675180851957],[21.09804139545022,45.95742061770792],[21.09793945407425,45.95815974946238],[21.09778528902913,45.95921482564676],[21.09776172565018,45.95937330299318],[21.09771370781445,45.95949737639658],[21.09764509823849,45.9596286104768],[21.09758677967543,45.9597407562765],[21.09740544121684,45.96000343910008],[21.09719958055201,45.96028023012785],[21.09698342363156,45.9605626568712],[21.09653706766985,45.96115268388507],[21.09598177453869,45.96190322973956],[21.09561875577538,45.9623999733766],[21.09538307328784,45.962775502386],[21.09522524793819,45.96307137286997],[21.09514976712481,45.96322408037338],[21.09487469240695,45.96377738743141],[21.09454540391221,45.96447595154176],[21.0942512361507,45.96507582596679],[21.0939603058933,45.96570004868017],[21.09368678792221,45.96627333659351],[21.09339326764293,45.96687684118863],[21.0931099524482,45.96743467898727],[21.09267125974907,45.96836804420087],[21.09201437014091,45.96986698276277],[21.09520970470303,45.97050994812673],[21.09591099902185,45.96907896942913],[21.09399679433675,45.968683017076],[21.09264090776211,45.96840716668843],[21.09261857069805,45.96835660829157],[21.0930619035036,45.96742634108165],[21.09334642879109,45.96685973767674],[21.09363418825485,45.96626463332371],[21.09391155673731,45.96568598817651],[21.09420951082621,45.9650623035395],[21.09449716291382,45.96446623600098],[21.09483111429948,45.96376309229962],[21.09509670360125,45.96321805985214],[21.09517398455833,45.96305478022447],[21.09530980214928,45.96280171520196],[21.09515563749698,45.96272672547354],[21.09475257100008,45.96254728734493],[21.09454830152121,45.96243211997949],[21.09430519107164,45.9622523719752],[21.0940777736967,45.96199790851159],[21.09371066162686,45.96154800989738],[21.09332220779412,45.96106128092408],[21.09297100494368,45.96064745363483],[21.09257898140986,45.96017547985373],[21.09235157687782,45.95991565352216],[21.09182330322732,45.95925613357782],[21.09129364094428,45.9586147230409],[21.09114667273879,45.95842896877225],[21.09075741623656,45.95801913524895],[21.09005357231204,45.95727732371351],[21.08990925957384,45.95712106917027],[21.08976282188851,45.95702731947721],[21.08962409402585,45.95696035698487],[21.0894391281835,45.95690946934633],[21.08877590304907,45.95677020607852],[21.08713080515298,45.95643431333616],[21.08543369545645,45.95608713314495],[21.08353576260557,45.95570350282388],[21.08186826725405,45.95535674095704],[21.08031619995841,45.9550400814683],[21.07873918226835,45.9547048461129],[21.07717871574093,45.95437136374479],[21.07610871472982,45.95415511615203],[21.0743235804802,45.95379067661099],[21.07294468493264,45.95349779734364],[21.07158823576545,45.95320357709422],[21.07000093259544,45.95286581211245],[21.06851233480637,45.95255812255553],[21.06738004456578,45.95231265182073],[21.06661275062516,45.95214208925245],[21.06590791345513,45.95197995958641],[21.06499236598961,45.95175689773628],[21.06430532058318,45.95158411706156],[21.06356002124178,45.95137351841781],[21.0629372801838,45.9511818805403],[21.06171263264686,45.9507928426664],[21.06052818405023,45.9504325121022],[21.05940548940433,45.95008445562311],[21.05844146836207,45.9497952359635],[21.05715871283136,45.94939729276953],[21.05591433524602,45.94901423724632],[21.05480184411273,45.94867288762379],[21.05377270645192,45.94835969647724],[21.05274190160937,45.9480528195099],[21.05203049462863,45.94784324116065],[21.05183257514167,45.94778501827049],[21.05168091358817,45.94771558216584],[21.05157716210195,45.94763783164794],[21.05147342912137,45.94752677137136],[21.05141360012289,45.94743237774496],[21.05135828162457,45.94735332428186],[21.05128646366535,45.94728391031103],[21.05119467433511,45.94723392097004],[21.05101905571335,45.94717558056168],[21.05070570559689,45.9470945161572],[21.05035447045856,45.94698060983639],[21.05013412946505,45.94689810493017],[21.04985721935005,45.94674822196087],[21.04934636899563,45.9464447226439],[21.04815747684448,45.9457664878002],[21.04748238347572,45.94540660168407],[21.04719819627061,45.94524231581658],[21.04699230290336,45.94515899224872],[21.04658047950683,45.94504895931052],[21.04483460767019,45.94469282280652],[21.04401714566078,45.94452417968119],[21.04288354814159,45.9442882076985],[21.04110777416664,45.94394695099388],[21.03940933995155,45.94361379181612],[21.03887935036774,45.94350926847147],[21.03763472093668,45.94326669972373],[21.03604333195303,45.94295717454532],[21.03562483870405,45.94287995905655],[21.03558126193394,45.94284548655052],[21.03557089335732,45.94278024649866],[21.0356754153859,45.94244202877692],[21.03578685852197,45.94213915899088],[21.03586000629024,45.94192173569164],[21.03592741950261,45.94174782015761],[21.03599622258206,45.94168699973027],[21.03608688657967,45.94164357348458],[21.03622441033881,45.94161972468093],[21.03643066583879,45.94161980825349],[21.03659628430675,45.94163291394202],[21.03696521109323,45.94167869797569],[21.03734016947658,45.94174186829542],[21.03784546649102,45.94182030041847],[21.038438428172,45.94191597544669],[21.03965112624208,45.94213148967359],[21.04025587721135,45.94222578508307],[21.04190088729424,45.94255816589195],[21.04203308205174,45.94257351963443],[21.04209186395792,45.94252246105889],[21.04245223556308,45.9415266302132],[21.042937619147,45.9401988390443],[21.04344387682756,45.93880463219281],[21.04405269640156,45.93704559753544],[21.04465773429454,45.93524432840069],[21.04529169518169,45.93339547740247],[21.045615190528,45.93250780349994],[21.04610258202148,45.93134211773184],[21.04660514791982,45.93014346804667],[21.04691244432588,45.92935089899011],[21.04724086948207,45.92855073318594],[21.04735018126322,45.92825780142575],[21.04758502666852,45.92751177703061],[21.047689164099,45.92714289639808],[21.04775683961207,45.92693675829215],[21.04784009063993,45.92678848956032],[21.04799616749581,45.9265570494084],[21.0482978728317,45.92621713178131],[21.04876992357799,45.92569289587232],[21.04929005241014,45.92519749676457],[21.0499600770555,45.92459142222034],[21.05075670774682,45.92391066627371],[21.05231202144265,45.92274994819535],[21.05344551753749,45.92196382927795],[21.05478042509856,45.92102948355558],[21.05623915510929,45.91998674071058],[21.05767291196699,45.91897922378148],[21.05890276411715,45.91808955755738],[21.06054523068898,45.91694607730831],[21.06081559701642,45.91674355862443],[21.06173965500541,45.91607746605776],[21.06184954370237,45.91600117813498],[21.06192784712989,45.91592377976677],[21.0620185157502,45.91582058088753],[21.06209681976696,45.91573458187126],[21.06218336293255,45.91566291727792],[21.06226578191361,45.91561705363443],[21.06235643834217,45.91559985851361],[21.0625295094035,45.91556833439867],[21.06265313264748,45.91553680694847],[21.06274791455082,45.9154794761232],[21.06283857752389,45.91540781080028],[21.06292100339646,45.9153017427374],[21.0629704594852,45.91523294135433],[21.0630528813505,45.91515840790817],[21.06317702113135,45.91505064882071],[21.06364680669081,45.91471238863824],[21.0645629875258,45.91406958915636],[21.06574574067936,45.91322125474505],[21.06643049402678,45.91274539136796],[21.06740346808624,45.91206951903374],[21.06840673435175,45.91137010541824],[21.06958206585845,45.91052374529973],[21.07064920388945,45.90977263413144],[21.07104450782282,45.90949716688648],[21.07132879589722,45.9093509561778],[21.07190973145136,45.90911586736045],[21.0726513510425,45.90882343147094],[21.07394013888547,45.90828858981047],[21.07493673010967,45.90789017997167],[21.07613671524099,45.90741876530389],[21.07724495169536,45.90697433645497],[21.07855226752093,45.90643230959442],[21.07902919522938,45.90622748255533],[21.07936728809934,45.90608995687346],[21.07950340565253,45.90605022370361],[21.07960440183079,45.90605327048106],[21.07970540302088,45.90608381668191],[21.07981080384107,45.90616019494643],[21.08039936468255,45.90693318198131],[21.08089570287732,45.90756562747139],[21.08098354499412,45.90764200773502],[21.08105820162134,45.9076633895238],[21.08116710661606,45.90765894205187],[21.08125931768204,45.90763448859791],[21.08138224316802,45.90749697773786],[21.0818124208666,45.90676055677671],[21.08227732621891,45.90592135145756],[21.08286208620133,45.9048250649558],[21.08400786895037,45.90270540324045]]},"properties":{"line":"M47","dir":"0","mode":"bus"}},{"type":"Feature","geometry":{"type":"LineString","coordinates":[[21.08403034131236,45.90273027477569],[21.08298019148128,45.9047308566495],[21.08156039118585,45.90733483595908],[21.08134735821843,45.9076174250025],[21.08123186806608,45.90770686586149],[21.08109812031759,45.90771432116588],[21.08098700357478,45.90768854077819],[21.08085025340135,45.90759733432032],[21.07985775156921,45.90631782142825],[21.07976031827241,45.90620921797262],[21.0796865343954,45.90613965694318],[21.07961426666923,45.90611994242925],[21.07953590286481,45.90609616186379],[21.07944348588726,45.90611414603273],[21.0786763969347,45.90642049552503],[21.0764583961588,45.90732582366086],[21.07463802933356,45.90805431300016],[21.07202759756575,45.90910248319489],[21.07154409687768,45.90930904479078],[21.07130234468046,45.90941232505196],[21.07109641130531,45.90951508024524],[21.07089148197617,45.90965106649519],[21.07043536541748,45.90997358564076],[21.06899531758528,45.91099336172294],[21.06735362426589,45.91215778905581],[21.06532069360311,45.91356852652168],[21.06325722090256,45.91505054040331],[21.06308962172976,45.91518724987468],[21.062991123949,45.91528842304188],[21.0629227291471,45.91539746884782],[21.06281203909822,45.9154905083271],[21.06270669384018,45.91556269128633],[21.06258815615697,45.9155935091733],[21.06241625742282,45.91563757184246],[21.062315381208,45.91565982067544],[21.06219187251251,45.91572395663753],[21.06208790087133,45.91584183241872],[21.06200693636951,45.91593028283525],[21.06182012329402,45.91607430037344],[21.06148691338378,45.91631603372785],[21.05945350565922,45.917743880148],[21.0576229033735,45.91904403147579],[21.05627571784211,45.92000087054172],[21.0548195477064,45.92104352799349],[21.05306600549578,45.9222797408172],[21.05129496759259,45.92356614005144],[21.05057697506222,45.92412924695813],[21.04976278585475,45.92482435178039],[21.04916942795595,45.92536070987662],[21.04869842043549,45.92583146045259],[21.0482186307515,45.92637032703826],[21.04797101191329,45.92668143061555],[21.04784330291623,45.92690308068212],[21.04765114537831,45.92747103549131],[21.04721768529007,45.92872498172596],[21.04651672462546,45.93046338807945],[21.04582886167521,45.93209773551827],[21.04563431292812,45.9325867640567],[21.04530048557186,45.93351371965439],[21.04491631772919,45.93465792861139],[21.04433409040008,45.93638012196505],[21.0437157073151,45.93820266956854],[21.04301280061182,45.94015200589935],[21.04225143491175,45.94223490039641],[21.04212681307966,45.94258256171063],[21.04207203287916,45.94271042409568],[21.04157612685917,45.94400611643065],[21.04640273503385,45.94497593149032],[21.04674411691755,45.94502571428715],[21.0472647131467,45.94521218606427],[21.04988361380979,45.94667402596788],[21.0502659327906,45.94689979535791],[21.05081380533681,45.94708914565304],[21.05130808648005,45.94722493694842],[21.05143947445119,45.94738796820074],[21.05164331015313,45.94759393343824],[21.05182146329179,45.94773429747843],[21.05237223410842,45.94790775384057],[21.05556374334117,45.94888175788809],[21.0581018784757,45.94966123376526],[21.06155649776543,45.95071170438798],[21.06412577320134,45.95150737262681],[21.06541346310662,45.95183197093051],[21.06778572162956,45.95236524420737],[21.0691895475924,45.95264948123167],[21.07267154039785,45.95340643429726],[21.0744426232354,45.95378823564361],[21.07914010166421,45.95474917983595],[21.0833151223768,45.95562846752188],[21.08804903102594,45.95659776022664],[21.0893278751428,45.95684521948586],[21.08965126854113,45.9569219836139],[21.0898582002899,45.95702622339353],[21.09004228839498,45.95719089047581],[21.09110799301577,45.95832111313646],[21.09267416675931,45.96023746079832],[21.09411947193025,45.96195738084588],[21.09441350454211,45.96227320214821],[21.09471620411745,45.96247902416345],[21.09508574159795,45.96264951693252],[21.09528335390974,45.96273882232577],[21.09537645696191,45.9627526098626],[21.09574007881252,45.96217573295606],[21.09616099357055,45.96160721153793],[21.09702322266695,45.96045571029071],[21.09748716939459,45.95980062825906],[21.09760685872947,45.95961033788921],[21.0977016650005,45.95942739905665],[21.09775298733674,45.95913688706881],[21.09818824288383,45.95613632249025],[21.09823646897809,45.95574541833459],[21.09826175090092,45.95558794947479],[21.09831255765299,45.955444064556],[21.0983739393162,45.95531747677708],[21.09853307557189,45.95501547515182],[21.09922193687787,45.95374150304951],[21.10011143544627,45.95206102801726],[21.100249668625,45.95182158496021],[21.10113047076044,45.95034066533146],[21.10204751749705,45.94879281634098],[21.10273640916842,45.94762627440974],[21.10329971432294,45.94668229449493],[21.10392224557523,45.945633206246],[21.10409449603207,45.94535834107914],[21.10422972469605,45.94518526559363],[21.10454075623268,45.94485247113094],[21.10529703653764,45.94410878330474],[21.10594065546404,45.94349173656142],[21.10619199345182,45.94324770020817],[21.10659504987919,45.94296938068538],[21.10762383064689,45.94230816540378],[21.10933984518191,45.9412068955107],[21.11118743844997,45.94003135197343],[21.11251187931929,45.93919459160688],[21.11442814142045,45.93797969330673],[21.11714030742659,45.93625746043399],[21.1202362145088,45.93429609778731],[21.12260737665462,45.93280408791259],[21.12476594883923,45.93145590941804],[21.12705670927306,45.93003901464868],[21.12953659051917,45.92850599434364],[21.13067114351656,45.92782080913521],[21.13110428502492,45.92754892430554],[21.13132521523962,45.9273919686713],[21.13154516022497,45.92720360803664],[21.13205462369502,45.92670192650066],[21.1328973983801,45.92588969013737],[21.13455790400963,45.92430805143741],[21.13491677148921,45.92394745013174],[21.13581334081045,45.92307782856755],[21.13694056686631,45.92199471934109],[21.13792400505839,45.92106228646184],[21.13885397190532,45.92017201360491],[21.14011905394123,45.91900318068758],[21.14157035219516,45.91760820255741],[21.14225828452141,45.91693168596816],[21.14260358963427,45.91664385262045],[21.14291810231165,45.91638972963862],[21.14306717171301,45.91628686945083],[21.14327902694723,45.91618667628807],[21.14372368439429,45.9160192105518],[21.14504295926164,45.91555580572105],[21.14571060550432,45.91528448546001],[21.14623655300617,45.91504373956109],[21.14711482358847,45.91461198791207],[21.14742138345152,45.91442533575145],[21.14760440167656,45.91429510402575],[21.14768827606519,45.91417747142813],[21.14772828538635,45.91405774051462],[21.1477152438387,45.9138972694153],[21.14754466541276,45.91353975770536],[21.1474345353374,45.91333090980427],[21.14737993622759,45.91324123381751],[21.14733637258663,45.91312278302645],[21.14730509853087,45.91301522474051],[21.14730080618543,45.91287955128482],[21.1473460215759,45.91279852328693],[21.14741944476475,45.91272814390509],[21.14752912260744,45.91267106004813],[21.14770413920359,45.91266560878001],[21.14795494445942,45.91266453634185],[21.14829505554881,45.91271749860767],[21.14874668706865,45.91277152048712],[21.14916958732944,45.91279827908254],[21.1495469447674,45.91281465696054],[21.14989697941602,45.9128037479239],[21.15047210228423,45.91273397987877],[21.15110985059168,45.91263000417879],[21.15184523152371,45.9125186340857],[21.15301782090868,45.91227294360293],[21.15403399858868,45.91204955770276],[21.15595850568938,45.91166097770603],[21.15822952518058,45.91118124796942],[21.16023311175082,45.91075987211161],[21.1606310717116,45.91067843639041],[21.16090857545696,45.91064091126221],[21.16113911992208,45.91062904206987],[21.16238965015363,45.91064020299136],[21.1640335081698,45.91064250008656],[21.16413255364804,45.91062711752345],[21.1641794234247,45.91059869065209],[21.16421002141654,45.91055943454275],[21.1642146214349,45.9099554563239],[21.16423543842192,45.90857622203291],[21.16426462469018,45.90749567439979],[21.16427333749324,45.90639736790448],[21.16433222939148,45.90495677208138],[21.16435578808278,45.90444799179166],[21.16442272082888,45.90380149897188],[21.16454826267152,45.90233818299814],[21.16457610315506,45.90171427964901],[21.1646180564687,45.9009091110786],[21.1646510072551,45.89994676984126],[21.16467677763318,45.89888429251424],[21.16472344976931,45.89772851462047],[21.16473422779488,45.8973182624585],[21.16472618084526,45.89719095775082],[21.16475093479666,45.89709361771298],[21.16480274210823,45.89697092718969],[21.16484005047718,45.89689278415694],[21.16484181778698,45.89682350163916],[21.16484641377403,45.89671816250885],[21.16480185303491,45.89656926041817],[21.16476954645394,45.89643017897768],[21.16475672504663,45.89627801644692],[21.16477298626202,45.89579020961837],[21.16479419938546,45.89458519626222],[21.16485034587893,45.89322779118111],[21.16487622349524,45.89216888693802],[21.16487613505511,45.8921661181065],[21.16490577315165,45.89097576483978],[21.16495925701178,45.88965521549147],[21.1650180847376,45.88850662457413],[21.16501439414692,45.88673656651335],[21.16500587807495,45.88646996134674],[21.16492348352933,45.88575929342512],[21.16489727237868,45.88547799828169],[21.16484476259544,45.88520456066592],[21.1646784913293,45.8847334294812],[21.16431893727207,45.88394198936853],[21.16418234520799,45.88365233811648],[21.1640603674978,45.88332180132829],[21.16391345189464,45.88296528058397],[21.16361320234142,45.88216102653054],[21.1634308738864,45.88171015356678],[21.16323908051302,45.88131144056817],[21.16303986336043,45.88105412225034],[21.16287069755828,45.88086559383544],[21.1626477080242,45.8806114119578],[21.16254676723437,45.88045482885152],[21.16247403126393,45.88029528169855],[21.16244628209968,45.88017382197211],[21.16244964483827,45.88002971978554],[21.16247616472212,45.87986309802886],[21.16253671362112,45.87964054605626],[21.16283203599873,45.87866957016162],[21.16340861288892,45.87672422880892],[21.1639979972187,45.87471997502191],[21.16455883367186,45.87277145893834],[21.16497419982467,45.87134391328316],[21.16556547399468,45.86934375694877],[21.16611008996538,45.86745085603673],[21.16653085231436,45.86592994221022],[21.16677719893262,45.86506643121182],[21.167137730154,45.8637756324414],[21.16744857091547,45.86267301898216],[21.16767032809775,45.86164434905935],[21.16777092536686,45.86105827609851],[21.16784299861697,45.8606998008173],[21.16797620873207,45.8596306507885],[21.1680467637224,45.85910044567614],[21.16809511622794,45.85877002876215],[21.16824852932329,45.85809448991999],[21.16840221376624,45.85755191523634],[21.16854526806047,45.8570501416103],[21.16865683059634,45.85680740292642],[21.16902284127844,45.855973549961],[21.16905976173673,45.85588433033418],[21.16906823318368,45.85577616077858],[21.16903465704343,45.85572127768103],[21.16893234977695,45.85565262979696],[21.16818201039204,45.85532353767337],[21.16796838681997,45.85523543476896],[21.16789903254767,45.85518110646927],[21.16784522620089,45.8551154561254],[21.16784310131035,45.85504900415043],[21.16787595892088,45.85495707777248],[21.16812382759107,45.8546235780649],[21.1689532615281,45.85357128078135],[21.16918124193104,45.85323808685159],[21.16941049396691,45.85288179163393],[21.16991041978665,45.85209837244518],[21.17033870330948,45.85139939395288],[21.17076202802592,45.85070857451699],[21.17122123359263,45.8499822985661],[21.17155374863082,45.84943693775269],[21.17178344636359,45.84903029473578],[21.17193710713336,45.84873703423014],[21.17208219562324,45.84842451491867],[21.17228398004785,45.84801969535759],[21.17251417207407,45.84759870087956],[21.17269449602628,45.84726901141052],[21.17279587213531,45.84708183001754],[21.1729321345222,45.84686640300957],[21.1730445244552,45.84672622081768],[21.17322344180046,45.84647688875848],[21.17342161052213,45.84620786493492],[21.17362701719403,45.84591656550108],[21.17377519791732,45.8457009515282],[21.17408056149744,45.84525416002038],[21.17427667892328,45.84492145110745],[21.17446591150069,45.84462209038598],[21.17476981172425,45.84409884353431],[21.1751215055159,45.84353378301025],[21.17531770031673,45.84320384005718],[21.17542390548151,45.84302568767001],[21.17562415918223,45.84269845271333],[21.17588444865549,45.84225947140192],[21.17620162223427,45.84173010768444],[21.17646958415436,45.84128269537248],[21.17664527025137,45.84100215883827],[21.17685256913275,45.84064710929427],[21.17697705454461,45.84043740128006],[21.17718406758834,45.84010201182687],[21.17751186605525,45.83953731508743],[21.1777148424459,45.83921514689605],[21.17809586635907,45.83857482303229],[21.17827331172776,45.83828118009809],[21.17845901951429,45.83798592895882],[21.17874115037499,45.83748565557039],[21.17890367242025,45.83722271623699],[21.17914625826933,45.83682119384589],[21.17940658054859,45.83638497457044],[21.17965623723793,45.8359697251912],[21.17982986895441,45.83568168145004],[21.18006722697729,45.83527352209798],[21.18028234255064,45.83491557213824],[21.18049400447092,45.83458002153684],[21.1807014329668,45.83423050258246],[21.18101502215547,45.83364693384696],[21.18139391505177,45.83303138513067],[21.18199536405879,45.83201008525067],[21.18237665781749,45.83136141338521],[21.18278985570296,45.83068083780886],[21.18313841716629,45.83009310887012],[21.18345069442079,45.82958505564872],[21.18420506945827,45.8283137633465],[21.18510313060376,45.82678780291415],[21.18562132439849,45.82590016051822],[21.18635347270635,45.82464860903527],[21.18680063283875,45.82393866015881],[21.18688961510577,45.82382760025964],[21.18702116914287,45.82374490108006],[21.18712507060506,45.82366586083658],[21.18718333558688,45.82360688904726],[21.18721774116673,45.82352571344423],[21.18722220349342,45.82337727355117],[21.18724558672803,45.82324143818047],[21.18729822897477,45.82304867334504],[21.18740544313056,45.82278573339912],[21.18774362405748,45.82222243036696],[21.18836576610262,45.82115428027966],[21.18859749378928,45.82073456317313],[21.18921953445162,45.81964686624067],[21.19002934823197,45.81825063373669],[21.19088886810086,45.81674509323168],[21.19216698680635,45.81452419509084],[21.19301069751505,45.81299905717949],[21.19360325604917,45.81195082898887],[21.19368517687275,45.81176569021844],[21.19370359211988,45.81168153651498],[21.19370091495814,45.81159894197096],[21.19367601974268,45.81151669727992],[21.19362267173802,45.81147105426393],[21.19350158221887,45.81139290670071],[21.19340287830587,45.8113195713128],[21.19332630894006,45.81124330472874],[21.19324881967541,45.81113864606768],[21.19323373877009,45.81103114549328],[21.19321424289044,45.81088683853328],[21.19325029143201,45.81074165696653],[21.19331596337014,45.81059600882207],[21.19342312020273,45.81047294882086],[21.19354600859725,45.81037804722141],[21.1937099635735,45.81029282826093],[21.19385624023243,45.81023371138253],[21.19405494344603,45.8101918452844],[21.1943024541235,45.81016986896353],[21.19446075985579,45.81013896793236],[21.19457421185706,45.81009586142429],[21.1946809207049,45.81000438311347],[21.19485095863343,45.80976412345053],[21.19513977748791,45.80930248649304],[21.19589960016429,45.80793418785538],[21.19647459512755,45.80678086665541],[21.19676732305137,45.806119576023],[21.19685847987518,45.80596061186167],[21.19695746055903,45.80581443606404],[21.19707125133963,45.80566802625674],[21.19719328507408,45.80554731009273],[21.19732205320108,45.80540582801581],[21.19742632761233,45.80530863308077],[21.1976247587417,45.8051587069966],[21.19866240479548,45.80437276769433],[21.20029039344663,45.80313644047896],[21.20056464444674,45.80291259935661],[21.20068494754638,45.8028147909295],[21.2008927174688,45.80259716641837],[21.20110326395051,45.80235109152218],[21.20132752596058,45.80207122811704],[21.20166606060274,45.80166043577199],[21.20204072332948,45.80116537995826],[21.20261628835088,45.800412538221],[21.20308951066706,45.79973516707846],[21.20349533499094,45.79911670958099],[21.20451357046984,45.79765196684533],[21.20528944749123,45.79651060107508],[21.2055515028154,45.79614320230742],[21.2059947861794,45.79549670307331],[21.20646507438602,45.79481265402044],[21.20691293289759,45.79417835585926],[21.20701884886,45.79401914833343],[21.20716136141393,45.79384644755402],[21.20734434085217,45.7936653564589],[21.20757148874998,45.79347581590716],[21.20788658612006,45.79324797022731],[21.20842349129482,45.79290372999373],[21.20890587978174,45.79259133971],[21.2094719263405,45.79221900171867],[21.21069927858588,45.79141967730473],[21.21187857049902,45.79066692600252],[21.21295700866567,45.78998156005762],[21.21437709639002,45.78905283154472],[21.21554372692014,45.78829205795129],[21.21669972387716,45.78752009886639],[21.21703423316647,45.78728906304999],[21.21735141335592,45.78702789406116],[21.21749632129901,45.78686968975827],[21.21756354868962,45.78677730875638],[21.21757027488996,45.78669034753828],[21.2175769396242,45.78660257023381],[21.21758729601779,45.78652891342429],[21.21762021516653,45.78646157746279],[21.21768541896028,45.78640486114096],[21.21778907197839,45.78635198491828],[21.21785797901814,45.78631079842817],[21.21791280276508,45.78622975045312],[21.21798741187985,45.7860704407636],[21.21808984701486,45.78578597289033],[21.21862983658076,45.78449821785469],[21.21913167575498,45.78316725568762],[21.21939261988926,45.78244460839644],[21.219549292705,45.78186753395714],[21.2197441503528,45.7808742166433],[21.21979986281001,45.78062612690438],[21.21989450530541,45.78029946819047],[21.22014652874295,45.77941618853815],[21.22037481964315,45.77850490175008],[21.22059600030725,45.77772635822435],[21.22094889315892,45.77643240656276],[21.22114651417341,45.77564116291871],[21.22133766395811,45.77484587309923],[21.22147888622781,45.77445560120524],[21.22167394327008,45.77407611315763],[21.22178606208636,45.77388664933228],[21.22188478172162,45.77368463778578],[21.22214165906376,45.77295229013825],[21.22247485320556,45.77194857155891],[21.22275999378067,45.77099173631242],[21.22312968518822,45.7700659343275],[21.22326489329562,45.76971189905775],[21.22333163269613,45.76957269004705],[21.22345557368986,45.76936136466806],[21.22364230637224,45.76911785505646],[21.22380769301582,45.76880787643382],[21.22406998279122,45.76833822477364],[21.22489735329261,45.76682511901028],[21.22510737657467,45.76645183625443],[21.22516396739332,45.7663284425978],[21.22521538682748,45.76614500204172],[21.22524061979143,45.7659419377966],[21.22537295311707,45.76466679942287],[21.22542511290863,45.76411842647292],[21.22547773928433,45.76387483706043],[21.22554400808378,45.76365775266913],[21.22566411541644,45.76343403271785],[21.2260654988901,45.76273053573029],[21.22682001309004,45.76142973272334],[21.22752154602378,45.76014926180799],[21.22764545067964,45.75993793118622],[21.22768488970846,45.75983213325405],[21.22768174618288,45.75973685828763],[21.22764322238455,45.7596459645566],[21.22759744803572,45.75958378488464],[21.22757631769046,45.75952311595394],[21.22757374015246,45.75944499049945],[21.22759084695825,45.75938370750657],[21.22764587642336,45.75931228293044],[21.22773729174079,45.7592669650925],[21.22787551480445,45.7592323343965],[21.22800394473142,45.75923217801829],[21.22811083939652,45.75924189998679],[21.22821340365471,45.75928600862629],[21.22828109108827,45.75934974258267],[21.22832325437343,45.75938528889636],[21.22840892861167,45.75941441660215],[21.22850483610668,45.75942240822503],[21.22851302976291,45.75942227657429],[21.22878323309304,45.75941221522142],[21.22950283504457,45.75935679888522],[21.23036931421804,45.75928567137988],[21.23054136048398,45.75924959600081],[21.23083286861799,45.75914004866338],[21.23177535088174,45.75873189054046],[21.23192540001414,45.75864177549029],[21.23202095093382,45.75855635049798],[21.23210556814303,45.75847979568853],[21.23219452054458,45.75836015993699],[21.23223290403071,45.75828137502266],[21.2322765606599,45.75819678566751],[21.23230910347622,45.75810665569773],[21.23232563746472,45.75802822251406],[21.23235303298999,45.75794770791863],[21.23238639497123,45.75788234930867],[21.23243055541489,45.75781300375536],[21.23248360253373,45.75776448668608],[21.23256141892508,45.75772129027517],[21.23265581126594,45.75768354633169],[21.23276734679297,45.75766840438411],[21.23288186570299,45.75766084030219]]},"properties":{"line":"M47","dir":"1","mode":"bus"}},{"type":"Feature","geometry":{"type":"LineString","coordinates":[[21.25370468374176,45.74792127227592],[21.25312769414962,45.74932920820817],[21.25289012834273,45.74993610310622],[21.25266209454882,45.75036020614662],[21.25240491078922,45.75080467697914],[21.25232718903379,45.75085898646207],[21.25201652581841,45.75136129283401],[21.25129762987993,45.75194375117608],[21.2506832164695,45.75248984489133],[21.2504086709064,45.75274469650953],[21.24978029405087,45.75386465564216],[21.24924540758895,45.75493601183435],[21.24910169471864,45.75499966800193],[21.24394562727165,45.75446729591734],[21.24053875802066,45.75409099777816],[21.24042125633122,45.75409089844671],[21.2403035844278,45.75419100217513],[21.24031634501322,45.75436409118024],[21.24057666948318,45.7548288875569],[21.24130578429825,45.75601370367497],[21.2413187010686,45.7560956976466],[21.2412141752992,45.75614115710642],[21.24032658016998,45.75601288622293],[21.23972605882254,45.75597594340557],[21.23860558950815,45.75580192210096],[21.23642537920755,45.75572716389404],[21.23403993737848,45.75572506197599],[21.23380486369752,45.75576128844885],[21.23373938333381,45.75587054088452],[21.23377028814548,45.75601100050501],[21.23381917658716,45.75641462479039],[21.23384386063269,45.75697268603513],[21.23387311738227,45.75710156944102],[21.23395097616691,45.75721008538054],[21.2341212495807,45.75738301775295],[21.23415534122632,45.75747119675451],[21.23414567386707,45.75755260654877],[21.23406795168868,45.75764796174593],[21.23307055413894,45.75818069784956],[21.23237957777592,45.75852538049187],[21.23178071865572,45.75881032157665],[21.23101073288326,45.75915042340796],[21.23052370306457,45.75932509527718],[21.23033940242945,45.7593618923876],[21.23006951962901,45.75939412173167],[21.22898951562957,45.75946792184979],[21.22864721925181,45.75950016868121],[21.22852665250623,45.75951753836016],[21.2284093779244,45.75956063585571],[21.22830653540974,45.7596180834978],[21.22823970956024,45.75969346429083],[21.2281522896867,45.75973655279334],[21.22799286041823,45.75978683864353],[21.22792085718148,45.75980480200834],[21.22785401004064,45.75984429592814],[21.2277768872806,45.75990532469195],[21.22770492232916,45.7599914727018],[21.22693424736658,45.76137344010435],[21.2259904000438,45.76302886944895],[21.22577304241248,45.76342225599245],[21.22567544403936,45.76368784313784],[21.22559333911186,45.76407185334547],[21.22539863436694,45.76555118586499],[21.2253477785004,45.7659816349152],[21.22531186717433,45.76617184365777],[21.22522452997174,45.76639795250286],[21.22490587627417,45.76698657880069],[21.22396311398351,45.76869678869646],[21.22325961575938,45.77005843252618],[21.2230258303312,45.77060763047634],[21.22248754456176,45.7721753966351],[21.22179886881415,45.77414869159989],[21.22115219169027,45.77616865595504],[21.22046493374271,45.77862969757909],[21.22005417528437,45.78017148680313],[21.21971508564392,45.78166887899996],[21.21946827022492,45.78253129768441],[21.21900767617222,45.78377808587068],[21.21856121891947,45.78495066853138],[21.21815013463888,45.78591660018838],[21.21812476496381,45.78603773271378],[21.21812481033098,45.78615247331091],[21.21816499209912,45.78627840036856],[21.21822923216698,45.78635115029466],[21.21830551426634,45.78642949497497],[21.21837778898059,45.78652183314464],[21.21838584677636,45.78660019105028],[21.21836982299288,45.78667295656858],[21.21833774733935,45.78674852377952],[21.2182575071522,45.786810107546],[21.21816120492156,45.78684930593116],[21.21807292020633,45.78686611426186],[21.21798062107301,45.78688012475436],[21.21786022585879,45.7868857448417],[21.21775990007509,45.78689975672043],[21.21767964047992,45.78691376473671],[21.21760741591913,45.78695015967873],[21.21751513024141,45.78700055116568],[21.21739613412027,45.78710482330873],[21.21702494506248,45.78739807726311],[21.21632074014353,45.78788938769736],[21.21528257242515,45.78856342374877],[21.21460016350842,45.78901283697379],[21.21263553371057,45.79028383067237],[21.21145301914153,45.79105935319679],[21.21130980384662,45.79116594037988],[21.21121546941464,45.79125681156228],[21.21110319739726,45.79148240666667],[21.21105829837402,45.79161086816788],[21.21109427093892,45.79170798847316],[21.21114372199877,45.79179884087515],[21.21114823792017,45.79188343312668],[21.21114376297611,45.7919523613566],[21.21108087836124,45.79203696280501],[21.21095974091578,45.792095399743],[21.2108519053551,45.79211421201343],[21.21078001494648,45.79212675346896],[21.21061825155464,45.79211737493069],[21.21045199721328,45.79211739589561],[21.21035314485336,45.79212367436623],[21.21019139163145,45.79215502497906],[21.20993978290445,45.792236515248],[21.2097081424463,45.79230348682853],[21.2094879852773,45.79237870609108],[21.20925435539798,45.79248839012342],[21.20902971188713,45.79260120579075],[21.20877362599455,45.79277041975401],[21.20808173061207,45.79321539127537],[21.20762531182826,45.7935307391709],[21.20737821317226,45.7937469452781],[21.20715807527084,45.7939756811282],[21.2068166506226,45.79443627772492],[21.20595640077301,45.79571530593245],[21.2048593093713,45.79728924246105],[21.20350493522167,45.79925542594172],[21.20231794509218,45.80098256723725],[21.20132706985734,45.80219828214013],[21.20091206530044,45.80268892574635],[21.20054087216795,45.80305400601357],[21.20004764922434,45.80344400787876],[21.19885620433168,45.80434366036234],[21.19793741926509,45.80502092213093],[21.19755845467898,45.80532284981099],[21.19729377733148,45.80555348889004],[21.19711932945853,45.80575477366541],[21.19692595097398,45.80603585279267],[21.19670939415365,45.80646357722253],[21.19627676897183,45.80741767123246],[21.19545948579022,45.80891722123773],[21.19489545260482,45.80995279042347],[21.19485227638996,45.81019468522305],[21.19488235389331,45.81029532568775],[21.19500267154872,45.81038758031633],[21.19517111641233,45.8105259618786],[21.19524932224124,45.81064337601192],[21.19528541586257,45.81078594996395],[21.1953034611885,45.81094949065383],[21.19528541065741,45.81108367787369],[21.19523126383131,45.81120528508286],[21.19513500381953,45.81133108551709],[21.19503272787809,45.81142753245287],[21.19488833906706,45.81150301237999],[21.19471386905898,45.81157010518031],[21.19449728603835,45.81161623053952],[21.19429875160123,45.81164138899917],[21.19416037912002,45.8116497742604],[21.19405810238454,45.81168332021131],[21.19394980806933,45.81173363978273],[21.19383070821826,45.81183831597108],[21.19367427775784,45.81204798107809],[21.19344564033502,45.8124421540921],[21.19318074392162,45.81290820384082],[21.19257631801743,45.81394457788122],[21.1914911807604,45.81584126203794],[21.19068625270252,45.8172698731071],[21.18989685257555,45.81865082908252],[21.18912902190806,45.81998151504019],[21.18831984399812,45.82143135880766],[21.18783430703221,45.82232430013804],[21.18753679513473,45.82290331244872],[21.18740490141345,45.82320113484743],[21.18737654820688,45.8233722095719],[21.18736706246546,45.82364527426608],[21.18741413246945,45.82456036605975],[21.18743761350956,45.82537140270482],[21.18748005419794,45.8256872405709],[21.18757443074164,45.82598992345622],[21.1876924082895,45.82636983590763],[21.18795668208566,45.82715615189773],[21.18840973790774,45.8285644249051],[21.18882497865131,45.82986581626933],[21.18918110926347,45.83085712762457],[21.1893746192058,45.83148880905466],[21.18979433562932,45.83274414726289],[21.19035579467561,45.83452953520946],[21.19090476555808,45.83622772959928],[21.19112796472228,45.83683882213268],[21.19158591680062,45.83801992560191],[21.19198544826643,45.8390667194129],[21.19246997065765,45.84030083855254],[21.19302543198842,45.84183739486679],[21.19330868340499,45.84257944809031],[21.19344090252384,45.84288212438279],[21.19359673704593,45.84317164192416],[21.193790355047,45.8434611607728],[21.19419031635951,45.84402723155369],[21.19493322628279,45.8450889729364],[21.19537964892782,45.8457780409067],[21.19605896773896,45.84687018446277],[21.19726049921835,45.84873538199502],[21.19818156814213,45.85015723421043],[21.19914023739291,45.85160209534075],[21.20007474952301,45.85296000185452],[21.20069220645927,45.85387806132479],[21.2008764509462,45.85416427748158],[21.2010040102393,45.85440772730925],[21.20117882817317,45.85486831267834],[21.20146539920516,45.85572216736342],[21.20184529690348,45.85703746894293],[21.20248758801679,45.85927802694089],[21.2026246431962,45.85977216107492],[21.20266246694445,45.86003206294617],[21.20273340908156,45.86069333545826],[21.20280916127126,45.86204736982041],[21.20291204630617,45.86388880029026],[21.20302092658238,45.86561938708383],[21.20307303374982,45.86670090058174],[21.20312042684779,45.86784651949153],[21.20317280598402,45.86947574532484],[21.20320610061437,45.8711764791277],[21.20322519652185,45.87268354078931],[21.20325848595102,45.87431878864772],[21.20329656851788,45.87645458497391],[21.20332038972047,45.87792617639703],[21.20336314691096,45.87963874493172],[21.20337280138788,45.88116975681542],[21.2034156644917,45.88364850567637],[21.20344422779275,45.88519817181035],[21.20346789598485,45.88547123491132],[21.2035246522764,45.88577061645829],[21.20362395310894,45.8861321997851],[21.20383674174009,45.88685268484095],[21.2043161670555,45.88839349727325],[21.20474842079406,45.88982870459026],[21.20525476396903,45.8914694688074],[21.20567095439284,45.89281820970477],[21.205727719112,45.89305179127995],[21.20574666366976,45.89325576718492],[21.2057419678871,45.89345202400552],[21.20564281646299,45.89410015093312],[21.20535120762737,45.89589486380616],[21.20495922434919,45.89820090752227],[21.20459556263231,45.90043597742625],[21.20422710520195,45.90241219606659],[21.20378971522433,45.90472388766501],[21.20343858065255,45.90669358025597],[21.20302653615321,45.90883818833571],[21.20264435630081,45.91084706385534],[21.20246008659075,45.91204401035219],[21.20225216052617,45.91320041265644],[21.20205837482322,45.91400793297765],[21.20164684562197,45.91563331043413],[21.2012050177287,45.91741245647293],[21.20090670514422,45.9185539997692],[21.20044912803816,45.92038390230618],[21.20003408769782,45.92203475044094],[21.19975486384077,45.92310335206943],[21.19950898137768,45.92396203738879],[21.19893551276394,45.92588240702219],[21.19847301530597,45.92756261220937],[21.19843518753379,45.92783896853874],[21.19843519581359,45.92804952583056],[21.19849669934456,45.92833711232797],[21.19860549845654,45.9285838554751],[21.19885620535238,45.92898851377892],[21.19903148356453,45.92926125436512],[21.19930277978925,45.92970555906122],[21.19947781115475,45.92997031606335],[21.19960471584827,45.93024116167011],[21.19965723425515,45.93048162017801],[21.19967475473955,45.93075855420208],[21.19967477133248,45.93099897042774],[21.19965290670245,45.93118156604028],[21.19950416305791,45.93156293366322],[21.19922854408603,45.93218985066634],[21.19877386337157,45.93339139020804],[21.19822520418343,45.93479364250383],[21.19780138078319,45.93590476508954],[21.19730687915137,45.93710763183065],[21.19712369044614,45.93760196396921],[21.19704022474673,45.93790879766775],[21.19697265772977,45.93823221767538],[21.19693291902912,45.93883408823066],[21.19690909414909,45.94036967077164],[21.19693693211045,45.94113991361382],[21.19698464987029,45.94209819874662],[21.19704430392542,45.94354519653496],[21.19705625618651,45.94495886931941],[21.19707218400897,45.94634696161734],[21.1970920829738,45.94746567182443],[21.19708415604281,45.94872033616991],[21.19707623687703,45.95040051635707],[21.19708024874922,45.95228493305678],[21.19707630257655,45.9538405576339],[21.1970763436661,45.95599181350839],[21.19707637828757,45.95780430753016],[21.19711218680742,45.95891947777647],[21.19712412740905,45.95949765873022],[21.19715197059994,45.95990953273508],[21.1971877644637,45.9601942510714],[21.19723548600969,45.96038222046246],[21.19732297322614,45.96058953970143],[21.19747010966795,45.96082726592037],[21.19776722674615,45.96122287498309],[21.19892146635402,45.96270779012237],[21.20145901145159,45.96596060591953],[21.20154998453218,45.96598432746907],[21.20164940757446,45.96596977348753],[21.20362211272497,45.96526402546856],[21.20583906700988,45.96443966789118],[21.20744188998347,45.96384571594491],[21.20779769410373,45.96373292246747],[21.20799129895391,45.96369652864399],[21.20821106875636,45.96366376887192],[21.2084034284478,45.96365647616663],[21.20890054708697,45.96369279312285],[21.20956227127406,45.96378365232678],[21.21236596203595,45.96414701629343],[21.21705017541293,45.9647209480134],[21.22062743273973,45.96517539767059],[21.2228818208227,45.96540961554313],[21.22583575700125,45.96572988298424],[21.22804907057542,45.96595843595743],[21.22826364202261,45.96599474932432],[21.22851510119949,45.96605854440242],[21.23031553900244,45.9665454230414],[21.23384212661731,45.96749855546575],[21.23681024691138,45.96829608933849],[21.23939167592005,45.96898739420782],[21.24204682247867,45.96971365094164],[21.24383292852159,45.97018940707441],[21.24476222320934,45.97044324195064],[21.24508676218275,45.97052676157536],[21.24532230697838,45.97057758301316],[21.24546361675018,45.97058843431893],[21.24562584705587,45.97058472723652],[21.2458979253818,45.97052277551358],[21.24734201332325,45.97016568364761],[21.24949753080989,45.96961546433896],[21.2526752264111,45.96881454955637],[21.25543991804335,45.96813489909664],[21.25859585255965,45.96735650934265],[21.26137875265907,45.96664670051101],[21.26326354580934,45.96615651072974],[21.26550853417057,45.96556274140497],[21.26566547503248,45.96552627277184],[21.2658590648186,45.96550433064805],[21.26622012206299,45.96549319711889],[21.2667863453045,45.96553286112974],[21.26888273766207,45.9656624900893],[21.2711406132883,45.96579925106364],[21.27353958240875,45.96595405873316],[21.27533350570962,45.96605831351015],[21.27740813442014,45.96622053807306],[21.280409588399,45.96643660599279],[21.28173997354643,45.96652479825373],[21.28267676132076,45.96658592792671],[21.28438290050875,45.96670829396577],[21.2860385542676,45.96682339993873],[21.28725170157459,45.96691701017541],[21.28859673629281,45.96700322946541],[21.29013145579318,45.96711501694273],[21.2910787315934,45.96717243255832],[21.29251917283608,45.96727478519489],[21.29335130592434,45.96732136630809],[21.29419916692998,45.96737883997378],[21.29459126316114,45.96739609912535],[21.29482154768763,45.96741408722606],[21.29500476154338,45.96744666468048],[21.29523510547373,45.96749738751103],[21.29586343065263,45.96769689293272],[21.29687555239351,45.96804217354066],[21.29871249353641,45.96864085398785],[21.29942169490396,45.9688791781938],[21.29974796463256,45.96897689273577],[21.29999484243176,45.96903486222232],[21.30041361303052,45.96911105176923],[21.3012863915983,45.96925114397067],[21.30287805268163,45.96947367975508],[21.30433165947676,45.96969890672394],[21.30691034106085,45.97008848240262],[21.30809118484596,45.97026172677904],[21.30836887409873,45.97029514563796],[21.30852760816318,45.97034093179218],[21.30866874071681,45.97039898618828],[21.30879231538786,45.97049074840176],[21.31000642913888,45.97158603377537],[21.31051726848878,45.97207331945856],[21.31068061312923,45.97221404505663],[21.311015941253,45.97240972919919],[21.31305897588511,45.97356127186746],[21.31461016857523,45.97441991130012],[21.31621883132504,45.975303759267],[21.31748342606258,45.97601073973794],[21.31854013763527,45.97658996999835],[21.31926556277465,45.97697676401269],[21.31935540454889,45.97701466825308],[21.31942489093501,45.97702819605403],[21.31950078817996,45.97700863555812]]},"properties":{"line":"M48","dir":"0","mode":"bus"}},{"type":"Feature","geometry":{"type":"LineString","coordinates":[[21.31959966477229,45.97699918441494],[21.31948362330922,45.97708556017367],[21.31938913782544,45.97708566204245],[21.31924726378594,45.977020152562],[21.31754811069014,45.97608080703011],[21.31659162701042,45.97556016317559],[21.31502820489583,45.97469284447981],[21.313292978126,45.97373572770713],[21.31057671389478,45.97219643418426],[21.31037484581455,45.97202154296861],[21.30932832744105,45.97103764313681],[21.30865430804055,45.97044618876217],[21.3084966880613,45.97036608904938],[21.30816590250112,45.97030439711297],[21.30743087798195,45.97019567184795],[21.30541020955079,45.96989118809462],[21.30313591405886,45.96955288579277],[21.30040189534188,45.96913954046943],[21.29997029244272,45.96906749441079],[21.29959223666545,45.9689766383597],[21.29889377570063,45.96875109477857],[21.29771739213759,45.96835816039792],[21.29555313828214,45.96763532963923],[21.29513751582816,45.96751400372408],[21.29485925855778,45.96745952389829],[21.29448658328634,45.96743430707113],[21.29359427410154,45.96738399260019],[21.29140052274019,45.96722897597282],[21.29002504605542,45.96713428604579],[21.28886282353248,45.96705497720163],[21.28689350067915,45.96692522776787],[21.28587520897978,45.96685306295042],[21.28363124103468,45.96668892159175],[21.28240300519905,45.9665986488484],[21.28094293609549,45.96650489780949],[21.27970946426619,45.96641824676229],[21.2770897681256,45.96623773183028],[21.27462614119398,45.96605774681454],[21.27296064878615,45.96596038096371],[21.27080205906054,45.96582120516895],[21.26794184011307,45.96562969189212],[21.26617980230396,45.96553245565286],[21.26592264354461,45.96553261135908],[21.26570225800607,45.96556192763205],[21.26543993641984,45.96563139568566],[21.26473130521416,45.96581057360412],[21.26338295982636,45.96616521547633],[21.26126312044955,45.96671727227275],[21.25879703314034,45.96734904256592],[21.25593582129475,45.96804219057843],[21.2539777925172,45.96853678340032],[21.25179023996602,45.96907238408009],[21.24955764243964,45.96964616574508],[21.24701637536439,45.97028894376794],[21.24560075694155,45.97062243123101],[21.24541705797387,45.97062615838535],[21.24530158117413,45.97061891225811],[21.24459049596811,45.97043317193652],[21.2420539264437,45.96974988627466],[21.23963301457869,45.96909567926858],[21.23827097677457,45.96873047964502],[21.23596532938122,45.96811239865688],[21.23465180415607,45.96776529823702],[21.23225572484087,45.96710729681681],[21.22921585788749,45.96628481842621],[21.22824683925048,45.96603589172755],[21.22789518681613,45.96598856603262],[21.22619992501197,45.96581391398696],[21.223416011575,45.96550610415494],[21.22065842761314,45.96520960881143],[21.21833480594722,45.96492289248113],[21.21530209176326,45.96453567703693],[21.21265258132989,45.96421029477445],[21.21081320266523,45.96399242251606],[21.20924881374758,45.96377445124443],[21.20882626650936,45.96372829542382],[21.20848443049762,45.96369532982212],[21.20832802664188,45.9636968584529],[21.20811439028557,45.96371668096933],[21.20774409587786,45.96379592043243],[21.20559584434436,45.96456503943016],[21.2035188782818,45.96533714172724],[21.2015771303874,45.96602394610963],[21.20151540877506,45.96602724916573],[21.20143469396631,45.96601075245599],[21.20133023149329,45.96590515392666],[21.20037107596933,45.96464785423543],[21.19937817826278,45.96335164168057],[21.19876503100095,45.96257031722754],[21.19754843951178,45.96102484874208],[21.19736173994324,45.96078062782384],[21.19721457174944,45.96068162668387],[21.1971101304968,45.96063542630871],[21.19692973223429,45.96056282548565],[21.19680630253547,45.96055292583286],[21.19663540069323,45.96060902794791],[21.19569437276179,45.960985238362],[21.1954237746221,45.96107103901849],[21.19521963923476,45.96107433757523],[21.19460723303138,45.96099512854148],[21.19316007234921,45.96079709406388],[21.19124203571906,45.96053302073666],[21.18978550079365,45.9603349440814],[21.18942477318757,45.96029959858667],[21.18908772271006,45.96025667682003],[21.18854179174177,45.96021043971097],[21.18705495284638,45.95999912420573],[21.18486458085746,45.95970446127036],[21.18233349428281,45.95935767115206],[21.18053473884271,45.95910646461883],[21.17913911728669,45.95890165336976],[21.17665361919517,45.95856810358305],[21.17420789133465,45.95823140487586],[21.17253575675148,45.95800480910319],[21.170305807424,45.9577101247858],[21.16791617978388,45.95737274992539],[21.16591576774033,45.95710018450438],[21.16419745658524,45.95686389817133],[21.16201405031872,45.9565419402122],[21.15992919822751,45.9562781885299],[21.1591892800812,45.9561560288633],[21.15858585294516,45.9559959911199],[21.15777720321358,45.95574454146776],[21.1566631768833,45.95539954304162],[21.15592841524774,45.95518235594538],[21.15399914784863,45.95459251244701],[21.15293605090809,45.95426088557067],[21.15155723089788,45.95389271353849],[21.14973910953378,45.95346790452917],[21.14668908932998,45.95276405376487],[21.14361410225315,45.95202832357437],[21.14352430277916,45.95202828223896],[21.14344644900996,45.95205738230642],[21.14341046213822,45.95212812448116],[21.1424806973575,45.95402152367241],[21.14249263471935,45.95405898971027],[21.14264823298009,45.9541214961786],[21.14532976784587,45.95475121910567],[21.14552130440298,45.95480125180415],[21.14558116628865,45.95480960309195],[21.14563504883993,45.95480962699274],[21.14569495966009,45.95476386810299],[21.14657080254937,45.95280382080266],[21.14660244274615,45.95274780689398],[21.14663946043271,45.95273145171397],[21.14669328285907,45.95273147492602],[21.14750045236154,45.95291657962921],[21.14976726065975,45.95344607331408],[21.15196969820393,45.95397218526625],[21.15232425367062,45.95406727404325],[21.15320205625619,45.95430849601014],[21.15453002865236,45.95472699473593],[21.15648150817788,45.95531424461625],[21.15819294072874,45.95584792183629],[21.15906060622329,45.95608977585751],[21.15932969237371,45.95615067017435],[21.16017063177328,45.95628658693252],[21.16119134683014,45.9564072729865],[21.16200202955089,45.95651743960003],[21.16306433416963,45.95667062218458],[21.16401630117403,45.95680654071366],[21.16514526667102,45.95696503068609],[21.1665629649622,45.9571595756509],[21.1677750072481,45.95732125480459],[21.1692871907193,45.95753982247562],[21.17099845289748,45.9577787624413],[21.17235536234512,45.95795043511517],[21.1746155625259,45.95826525968273],[21.17714464184569,45.95860398649921],[21.17812803770092,45.95874167522121],[21.17902289163369,45.95885875152005],[21.17949874049038,45.95891978569707],[21.18029266795118,45.95903683572324],[21.18155318350903,45.95922644160426],[21.18287013126492,45.95940539285807],[21.18432971175189,45.95959966907742],[21.18562522845665,45.95977677641876],[21.18712563856902,45.95996868302083],[21.18802080392178,45.96010288577039],[21.18855908587853,45.96016606923825],[21.18915456623705,45.96022691594531],[21.18970103457218,45.96029232450892],[21.19063631063901,45.96041632870071],[21.19183716192592,45.96058476849342],[21.19356244994241,45.96082722848391],[21.19515580702031,45.96102711560386],[21.1953610347467,45.96102945652796],[21.19559654272133,45.96097800636293],[21.19593298295586,45.96084703895561],[21.19672279022149,45.96053364550039],[21.19682372075346,45.96051259648951],[21.19691792319534,45.9605149347667],[21.19702221957762,45.96055469271644],[21.19711642336343,45.96060146693895],[21.19717698277089,45.96062017647025],[21.19722744852483,45.96061315991506],[21.19725772748451,45.96058977229136],[21.19724763322166,45.96054299753149],[21.19719380018847,45.96041670597871],[21.19712650907765,45.96023428494814],[21.19710295436015,45.95997702404056],[21.19706930509826,45.95945782370389],[21.1970423788783,45.95878120451046],[21.19703227617545,45.95820500213893],[21.19702553765875,45.95754631102123],[21.19702552704284,45.95690261522126],[21.19703224199367,45.95606652491167],[21.19703559040918,45.95503369163087],[21.19703663950681,45.95376013641607],[21.19705008258234,45.95299017662209],[21.19703661191669,45.95206952983261],[21.19704668988801,45.95123128110772],[21.19702985849024,45.95043943938505],[21.19701639057349,45.94962713449615],[21.19700292396199,45.94888314881435],[21.19699062570696,45.94805551564262],[21.1970185159823,45.94736413518006],[21.19702780181865,45.94645513487285],[21.19701015468863,45.94570942735289],[21.19701014199382,45.94488397580174],[21.19699892102615,45.94380430662383],[21.19695782017551,45.94248081631827],[21.19688684140472,45.94097026123033],[21.19686814968947,45.93950549041303],[21.19687560789384,45.93874197769611],[21.1969129434821,45.93828452378831],[21.19696148804511,45.93804560007636],[21.19702123565811,45.93778330258455],[21.19711534322465,45.93747275243512],[21.19732819085139,45.93692997822477],[21.19765305172124,45.93610377448543],[21.19810401512104,45.93490413013294],[21.1984101846093,45.93413281821996],[21.19882942199399,45.93304442287733],[21.19919737323255,45.9321147778172],[21.19951883318265,45.93128914600731],[21.19955989893143,45.93116708608633],[21.19958229399481,45.93102165356694],[21.19960842257425,45.93087102650983],[21.1996121400947,45.93066258288804],[21.19957479001424,45.93046521319036],[21.19952250493665,45.9302626497209],[21.19943288242084,45.93006268384654],[21.19922750225287,45.92970466649793],[21.19895491544382,45.92924760369974],[21.19872340693698,45.92888767398245],[21.19855537787559,45.92860877787868],[21.19842468945349,45.92837505239392],[21.19837988000076,45.9282400101317],[21.19835000563926,45.92811275836723],[21.19833879970717,45.92798438045322],[21.19834252663294,45.9278155766926],[21.19836118884342,45.92766754829714],[21.19839851860252,45.92750913133622],[21.19863369851479,45.92667218036149],[21.19901818295819,45.92528381757936],[21.19933287421988,45.9242418779071],[21.19967095774957,45.92309306639702],[21.19983892011638,45.9225532831143],[21.19997701447279,45.92200012067531],[21.2002246597484,45.92104438249916],[21.20053729707131,45.91983694373344],[21.20073508408846,45.91902927594953],[21.20107093748215,45.91767413102746],[21.20142812757811,45.91631275800146],[21.20176021733677,45.91498234436014],[21.20200899285761,45.91399803739338],[21.20206643636856,45.91377168162821],[21.20211420122193,45.91370383032253],[21.20222752762947,45.91367349814857],[21.20315595423352,45.91360672679546],[21.20417156389847,45.91352174477009],[21.20508848760751,45.91346405879403],[21.2078799764563,45.91324848793435],[21.21002884910157,45.91308448567246],[21.21224058261045,45.91291508110406],[21.21386855330816,45.9127935368992],[21.21453255094407,45.91274378239114],[21.21480714544809,45.9127194768537],[21.21503379055967,45.91268608065452],[21.21521248315528,45.91263449619796],[21.21537808572105,45.91254348935029],[21.21618862569694,45.91197927560202],[21.21771688660071,45.9108455243036],[21.21800022109526,45.91062080256029],[21.2182660031493,45.91039027276197],[21.21850127238559,45.91015671541969],[21.21870169765128,45.9099868491323],[21.21891520276493,45.9098291099619],[21.21909821867317,45.90972293097842],[21.21927689942959,45.90967437240635],[21.2195166177803,45.90966825766592],[21.21976071687144,45.90971369644311],[21.22023584540753,45.90981064042349],[21.22105787429433,45.9099772633764],[21.22223916561018,45.9102256743761],[21.2234825891338,45.91048315863403],[21.22525238146955,45.91084967191603],[21.2279163223424,45.91136233256334],[21.23005185091645,45.91177592913553],[21.23004443487133,45.91186001719998],[21.22991736514048,45.91337032045291],[21.22981661715368,45.91435347437152],[21.22977397579446,45.9143980154267],[21.22970997736792,45.91440545534665],[21.22935792953724,45.914353606445],[21.22613080699984,45.91371254245246],[21.22333134246042,45.91315663618437],[21.22324065781303,45.91312326124731],[21.22321395248809,45.91304534278608],[21.22335265011935,45.91058679687775],[21.2233419598834,45.91053856020341],[21.2232619442695,45.9105014718176],[21.22244587859529,45.91031612296999],[21.22043235760013,45.90988812256166],[21.21968553533848,45.90973333341027],[21.21950953388367,45.90971110472073],[21.21934954250796,45.90971484740059],[21.21918423188463,45.90975198741667],[21.21905626046915,45.90980767339023],[21.21880025036201,45.90997168450318],[21.21835242738027,45.91036139532113],[21.21809120389353,45.91061377280098],[21.21773398666573,45.91088472133379],[21.21688623577119,45.91151569893395],[21.21589535775315,45.91223690573716],[21.21532481295203,45.91261549856753],[21.21513591012485,45.91270889804266],[21.21485325840832,45.91276089494334],[21.21329059315986,45.91287246632564],[21.21072811586292,45.91307691255173],[21.20773257342393,45.91330229551767],[21.20495209071851,45.91351169762938],[21.20250405609907,45.91370110685097],[21.20222137844518,45.91372709885226],[21.20210936783822,45.91367515491369],[21.20210401840786,45.91351188268627],[21.20222130596668,45.91301834902885],[21.20235988697151,45.9122131562995],[21.20256242090274,45.91105540008145],[21.20275962770291,45.90998388261981],[21.20297814673174,45.90883076481458],[21.20319132121697,45.90767587806155],[21.20340981667979,45.90648927914247],[21.20367261643597,45.90511438705697],[21.20386444717154,45.90406900007221],[21.20405094297078,45.90305974968502],[21.20435594800124,45.90146322325249],[21.20460331293381,45.90007532411594],[21.2047950971311,45.89895681381999],[21.20492827252575,45.89815894302447],[21.20513607424562,45.896915720987],[21.20530119494689,45.89590403145931],[21.20553554635989,45.89445267278779],[21.20564738833339,45.89373835246494],[21.20567401646167,45.89356765837005],[21.20570065012832,45.89343036047838],[21.2057006203097,45.89325966834679],[21.20567392844924,45.89306300323155],[21.20546053795688,45.89227181094486],[21.20515648272151,45.89129220595624],[21.20455374324414,45.88931962431763],[21.20413180574642,45.88795573851951],[21.20384380653942,45.88704660738482],[21.20362188573372,45.8862924221169],[21.20348855441912,45.88585456695171],[21.20342987852333,45.88558739894399],[21.20339251926816,45.88527570022242],[21.20337106723727,45.88426722549567],[21.20336025226278,45.88309008267306],[21.20332807818939,45.88163695173775],[21.20330118850737,45.87978662091254],[21.20329035125282,45.87841489172175],[21.20324744663578,45.87636026164612],[21.20322063271196,45.87506810419493],[21.2031991276107,45.87361284199417],[21.20315943158415,45.8717969876487],[21.20312168272779,45.86991739658639],[21.203094971778,45.86935471314926],[21.2030522462048,45.86864967997628],[21.20302021562033,45.86823779022776],[21.2030201384357,45.8675537728667],[21.20301474515156,45.86706024786532],[21.20301469340275,45.86667433153933],[21.20298797924612,45.86605345331046],[21.20294525856377,45.86536697242419],[21.20287049957617,45.86406630331615],[21.2028510363516,45.8635915326512],[21.20276761808171,45.86247695443166],[21.20269435635588,45.86106214925687],[21.20265162965203,45.86029676933763],[21.20262114285986,45.86004648538827],[21.20252971923079,45.85960530760168],[21.20220675326244,45.85846279394712],[21.20169764994314,45.85673632520167],[21.20132402398733,45.85541907578001],[21.20098137608929,45.85447861839419],[21.20076816499071,45.85410956029117],[21.20053668063937,45.85371928972179],[21.20031371047473,45.85342043827888],[21.1998446764951,45.85271625899077],[21.19942437810627,45.85210964033014],[21.19862821884115,45.8509383927574],[21.19812877118448,45.85020026684957],[21.19745065934534,45.84909878408615],[21.19696548409976,45.84833790717578],[21.19642954360298,45.84755311375616],[21.19568571951369,45.84645096247678],[21.19529596639766,45.84584433222732],[21.1951010909226,45.84548798755598],[21.19483922631908,45.84510618569949],[21.19454036884333,45.84465490175604],[21.1941628117271,45.84408644126464],[21.19379507415512,45.84357389374439],[21.19368004323426,45.84339012712032],[21.19354037971317,45.84316533102237],[21.19341516476637,45.84294388951038],[21.19326105745127,45.84258824030869],[21.19312533359603,45.84220977236024],[21.19288937101708,45.84162933097231],[21.192480775494,45.84050781868374],[21.19197401736698,45.83920444890602],[21.19154614740858,45.83807813338519],[21.19108216731233,45.83688438910514],[21.19090380883495,45.83642093941363],[21.19068716309586,45.83578345824746],[21.1905234746282,45.83530366582379],[21.19026288521307,45.83446368880948],[21.18988028031798,45.83325090459925],[21.18958774651926,45.83235143585511],[21.18919133751724,45.83112132217666],[21.18871645280162,45.8297068422106],[21.18829448212173,45.82842283735552],[21.18788632339481,45.82716813303524],[21.18767454593624,45.82662123148538],[21.18747402320758,45.8259672051865],[21.18742590785929,45.82575582980605],[21.18739706340127,45.82546393269282],[21.18733940022857,45.82475966596773],[21.18725773692152,45.82359897914558],[21.18727221147941,45.82339767333285],[21.18729630891192,45.82323327414178],[21.18734447928917,45.82306552161591],[21.18746489508274,45.82275676501837],[21.1877249471734,45.82227364761316],[21.18822578199542,45.82137004785126],[21.18906225054372,45.81988814833139],[21.19005362673436,45.81819263338699],[21.1908213577808,45.81683021042192],[21.19098024307958,45.81655509864607],[21.19141356059585,45.81579469883592],[21.19221361034781,45.81440830288018],[21.19305923145325,45.81292064651861],[21.19351410430925,45.81210082648555],[21.1936035176565,45.81193847134708],[21.19365479644529,45.81182026108255],[21.19367452043846,45.81174328663299],[21.19367846829462,45.81166081359924],[21.19365480796786,45.81157009263074],[21.19360353802886,45.81150411292151],[21.19350494055818,45.81141339013724],[21.19338662359349,45.81131167020836],[21.19330774698667,45.81122094756298],[21.19324464780237,45.81111098132254],[21.19322099290719,45.81094180012601],[21.19323283329356,45.81078510128931],[21.193292000937,45.81064489816569],[21.1934063844526,45.81050469622739],[21.1935957036773,45.81036174647851],[21.19373769113537,45.81028752326903],[21.19390334139324,45.81023529316761],[21.19401771828574,45.81021330228629],[21.19418336668847,45.81020230848409],[21.19434112749287,45.81018306691291],[21.19449100030793,45.81016657410984],[21.19457776987544,45.81012808723461],[21.19464658937232,45.81005325404376],[21.1948043546541,45.80984982136068],[21.19524658881853,45.80910680449515],[21.19609167981703,45.80759033444264],[21.196340404227,45.80705264461179],[21.19651787142024,45.80665677174149],[21.19667956112456,45.80628974713231],[21.1967663210624,45.80611655300666],[21.19688857360273,45.80592686371135],[21.19701871301661,45.80574267192915],[21.19714096499206,45.80559146914356],[21.1973065968086,45.80542377043003],[21.19758359456011,45.80517962197076],[21.19831314776936,45.80464903156778],[21.19934086065118,45.80389447692232],[21.2003876316926,45.80309300579666],[21.20063999920984,45.80287031688079],[21.20084110016601,45.80265063891594],[21.20105432151517,45.80242990358688],[21.20152279230727,45.80182717379891],[21.20206099821395,45.80114962906055],[21.20255920626341,45.80048110764324],[21.20314582952533,45.79964008654682],[21.2043128772653,45.79793549374544],[21.20510590625829,45.79678818484224],[21.20557905758857,45.79610598754366],[21.20625472907129,45.79511442151256],[21.20682904438814,45.79428023307283],[21.20704007929784,45.79399768618077],[21.20724653741716,45.79377842240228],[21.20754215445264,45.79351006472272],[21.20793632279534,45.79322860637658],[21.20888420744008,45.79261003323759],[21.21023413779965,45.79172864665919],[21.21098615279838,45.79125796567595],[21.21184683698746,45.79069419003202],[21.21261633504931,45.79019668964676],[21.21349305122889,45.78963666849539],[21.21435634949828,45.78906067442713],[21.21582588489655,45.78809484619588],[21.21644393861687,45.78770266239864],[21.21682864537448,45.78744735342938],[21.21703506747026,45.78729678929875],[21.21720141924763,45.78715603234776],[21.21733233594246,45.78704254813195],[21.21745134355698,45.78692076395748],[21.21750678663852,45.78684762630539],[21.21754610458798,45.78677216515586],[21.21755917548848,45.78665555216999],[21.21757553312131,45.78655951679179],[21.21760501415556,45.78648405723375],[21.21769023417021,45.78640366988869],[21.21779185728897,45.78634648875807],[21.21786069416619,45.78629617316538],[21.2179328000668,45.78622070557158],[21.2179884972569,45.78610865710546],[21.21810151519105,45.78579539558948],[21.21851422495575,45.78473309180635],[21.21887355434296,45.78388812617],[21.21927065409368,45.78277698774428],[21.21949145253305,45.78206473258608],[21.2197303245742,45.78095802747546],[21.21979247660642,45.7806242721294],[21.21988086397322,45.78031100630002],[21.22010349360731,45.77958828773604],[21.22045718041493,45.77823047520333],[21.22060534329162,45.77772727355807],[21.22083809896669,45.77687742980044],[21.22109718568737,45.7759077309556],[21.22135182927119,45.77485923759757],[21.22145285668129,45.77455549754834],[21.22160289147817,45.77423375730877],[21.22177427944088,45.77390545959717],[21.22192365956461,45.77354648726382],[21.22243694451775,45.77207325191969],[21.22277064783663,45.77088869926029],[21.22295414393194,45.77039531147182],[21.22317381418865,45.76990747225567],[21.22331878585614,45.76956690598664],[21.22349064202534,45.76931767018029],[21.22371037931258,45.76898322157552],[21.22447130263833,45.76757280815058],[21.2250754174845,45.76647245594142],[21.22515447789454,45.76627916145456],[21.22522472163796,45.76604598669621],[21.22524209782581,45.76563182040093],[21.22537786953544,45.76456485878666],[21.22545675050336,45.76403841793438],[21.22551818043444,45.76377763515576],[21.22562798830324,45.76352604302281],[21.22577736252507,45.76325296476594],[21.22603495387094,45.76281213652207],[21.22656463632452,45.76184269781463],[21.22707290894406,45.76096145451303],[21.22751728389373,45.76018157838356],[21.22766564675985,45.75990108656036],[21.22767676760343,45.7598290541645],[21.22767673361152,45.75976870522612],[21.22765158321968,45.75970252296608],[21.22762085873766,45.75964802265903],[21.22758734180766,45.75958962961188],[21.22756499613671,45.75954875414382],[21.22756217416197,45.75949229931987],[21.22756214143148,45.7594338969789],[21.22758722389123,45.75937938117946],[21.22762346441723,45.75931902199064],[21.22772667725744,45.75926643126559],[21.22785222363821,45.75923330163405],[21.22799173715893,45.75922742243542],[21.22808661971556,45.75924686339307],[21.2282094179764,45.75928771065442],[21.2282819913215,45.75933051874628],[21.22835177905231,45.75938111455535],[21.2284215523594,45.75940640250997],[21.22850527428312,45.75942584623192],[21.22872570750335,45.75941604940896],[21.2294338540193,45.75937691325953],[21.23010505857803,45.75932956519465],[21.23036174977847,45.7592963938727],[21.2305152009182,45.75926714647881],[21.23072164141698,45.75919310742357],[21.23109753617062,45.75904114817692],[21.23186070505451,45.75870226140586],[21.23199325862569,45.75861532973597],[21.23209085449881,45.75851406844982],[21.23217449003049,45.75839918406425],[21.232230223639,45.75828625501357],[21.23229450549506,45.75814940005142],[21.23231954868452,45.75804232152629],[21.23237628462558,45.75786343926427],[21.23249726250638,45.75774715801959],[21.23266485707888,45.75769301288092],[21.23284268302776,45.75767171598576],[21.23307765126343,45.75770165067028],[21.23341142296269,45.75780482880337],[21.23372412141176,45.75793346017774],[21.23631018315236,45.75884243816153],[21.2372539288355,45.75917364254549],[21.23742094806514,45.75920699742593],[21.23765648483068,45.75915306478574],[21.23777747938487,45.75903313086523],[21.23800342004148,45.75726546957071],[21.23816476134084,45.75609694935917],[21.23822421757681,45.7557981588829],[21.23824066480877,45.75568153592233],[21.23825684725279,45.75560501936852],[21.23842428482748,45.75557274188111],[21.23886283205747,45.75563613294485],[21.2395990314489,45.75573329012845],[21.24000627972184,45.75578928430917],[21.24031392954086,45.75589235904788],[21.24039202929039,45.755936362127],[21.24116459320739,45.75607008782431],[21.24122138623541,45.75607219416702],[21.24124255148081,45.7560321541427],[21.24108263176715,45.75571443148004],[21.24025041956892,45.7543226050335],[21.24015743719348,45.754158232122],[21.24011618363837,45.75407423920847],[21.24010625924798,45.75399399244708],[21.24016417058804,45.75392854712409],[21.24027927509089,45.75390703811059],[21.24051919345279,45.75397708113084],[21.2407434597062,45.75404342736156],[21.24190266645215,45.75417837982],[21.24596109459088,45.75458864277504],[21.24893739207048,45.75484590501461],[21.24912551670499,45.75484649145442],[21.2492302875774,45.75480671035695],[21.24959518221853,45.7541333073867],[21.25050345120121,45.75246232989393],[21.25064014822281,45.7523314936147],[21.25183174119211,45.75131875903259],[21.25199523004055,45.75108226709265],[21.25241769452329,45.75038351467342],[21.25270723641779,45.74986871249078],[21.25316844820879,45.74882369709892],[21.25349860433091,45.747911890263]]},"properties":{"line":"M48","dir":"1","mode":"bus"}},{"type":"Feature","geometry":{"type":"LineString","coordinates":[[21.23304916579795,45.75772541049017],[21.23313054659976,45.75778228487243],[21.23319273478754,45.7578625470971],[21.23322377861897,45.75794446239561],[21.23321406353131,45.7580547671206],[21.23317563962412,45.7581332990382],[21.23311089035523,45.75819008773198],[21.23302219099779,45.75824184825598],[21.23275628903782,45.75835675810848],[21.23265081195707,45.75841519388128],[21.23256210783351,45.75847029678712],[21.23251893615397,45.75851205560927],[21.23250450552331,45.75855884551326],[21.23250443627156,45.75861567222416],[21.23258130396431,45.75930767222297],[21.23271670779214,45.76038589219762],[21.2328644507863,45.76157315740423],[21.23300321990681,45.76263564873004],[21.23304273718758,45.76304904814101],[21.23305248483767,45.76326075063296],[21.23306224915914,45.76346021693635],[21.23303207106276,45.76359745311501],[21.23298855121893,45.76373700805366],[21.23292169498,45.7638728294401],[21.23283482085667,45.76401468480833],[21.23260104243261,45.76430068753217],[21.23234319599441,45.7646308314734],[21.23230642011351,45.76470757870376],[21.23228964390493,45.76479131675894],[21.23228956701341,45.76485412782117],[21.23227949157977,45.76491228028054],[21.23221306975141,45.76497500892072],[21.23213965980337,45.76501218653104],[21.23204959880283,45.76503074359086],[21.23196954761028,45.76504465391157],[21.23188947915697,45.76507252216271],[21.23183275098653,45.76510273063299],[21.2317759826513,45.76516550771833],[21.2312460508154,45.76575665066818],[21.23109525263406,45.76594928940791],[21.2310250652245,45.76607486893846],[21.23089798452875,45.76636093175145],[21.23077423647824,45.76664944729643],[21.23072799228063,45.76676652981014],[21.23067453577797,45.7668455924363],[21.23029048757824,45.76727340377737],[21.22998869225989,45.76761614606313],[21.22995855440654,45.76771383367335],[21.2299484435332,45.7677975755515],[21.229971679039,45.76788366427881],[21.22998418275094,45.7679647979335],[21.22994405490558,45.7680508474034],[21.22991063205569,45.76810898509053],[21.22990724411952,45.76815085694145],[21.22991383454402,45.76821367188271],[21.2299637028134,45.76833699800243],[21.23030938635311,45.76925287451284],[21.23058259150517,45.76990470178687],[21.23078195557175,45.77049571162465],[21.23129323284886,45.77177197863518],[21.23175083331388,45.77289055734973],[21.23225501832351,45.77408787794834],[21.23277572665308,45.77524798930929],[21.23320355763278,45.77624601604354],[21.23357459151654,45.77704564874277],[21.23373086955597,45.77745492792191],[21.23414265732421,45.77850424394318],[21.23456241611981,45.77949280667276],[21.23490166161141,45.7801882311943],[21.23496036472221,45.78026002935105],[21.23503247019212,45.78031039884654],[21.23508395732863,45.78036075659206],[21.23510452526301,45.78040390695912],[21.23510789430881,45.78046142717845],[21.23509408967446,45.78051174785962],[21.23506998696807,45.78055247634076],[21.23504587296861,45.78060279121313],[21.23503895512679,45.78064113287899],[21.23504231845345,45.78070344645921],[21.23509709754409,45.78087806495308],[21.23547798985802,45.78190759024106],[21.2359293683114,45.78306130061021],[21.23625743600029,45.78397718584532],[21.23643883890853,45.78457855894825],[21.23656896569079,45.78498605304667],[21.23662732391183,45.78506061980805],[21.23668009374541,45.78510566973604],[21.23677687679357,45.78515483683229],[21.23684138959987,45.78519580048084],[21.23687363672254,45.78522446785596],[21.23689120426778,45.78525926625375],[21.23690290045348,45.78529610789485],[21.23689698714453,45.78533498617186],[21.23687934035155,45.78536976512697],[21.23684114245596,45.78541271835871],[21.23681175743333,45.7854474909027],[21.2367911619797,45.7854945467126],[21.23678523686846,45.78554365710989],[21.23680187879728,45.78563587178937],[21.23686308443871,45.78600425731738],[21.23698241573484,45.78640179561352],[21.23713447783932,45.78687459747961],[21.23732323756651,45.78749730553255],[21.23762531680426,45.78837326138711],[21.23791526454745,45.78923795482802],[21.23812754995562,45.78983282010322],[21.23827096777996,45.79017873953925],[21.23837356641954,45.79044486013126],[21.23862260336671,45.79101143473151],[21.238851436468,45.7915252657258],[21.23906410745442,45.79203986993627],[21.23937217723332,45.79271985041572],[21.23971537729587,45.79348303528811],[21.24014622651024,45.79444165758461],[21.24057803437323,45.79535418838837],[21.24072782141404,45.79555728815105],[21.2409232585179,45.79579752331331],[21.24134154946921,45.79616816247413],[21.24223204673744,45.7968576594178],[21.24298120884269,45.79742095041524],[21.24393307978182,45.79810028717884],[21.24511705089701,45.79894824876907],[21.24591313403981,45.79952548476205],[21.24704592274875,45.80034697780437],[21.24753825188337,45.80071294147236],[21.24799555656097,45.80105771361441],[21.24882352763911,45.80167623477543],[21.24993274300703,45.80251344198362],[21.25029860621238,45.80279435783777],[21.25067783193474,45.80311741175855],[21.25122296192249,45.80355664488202],[21.25181919537824,45.80406453006789],[21.25246678746056,45.80458802721337],[21.25301233739095,45.80505022906843],[21.25355017459267,45.80549965822722],[21.25434813759056,45.80617592320735],[21.25515250743324,45.80682952499272],[21.25569049614818,45.80729459929471],[21.25628905267502,45.8078226531007],[21.25640616197368,45.80789671507466],[21.25649400974889,45.80793248111013],[21.25661115568047,45.8079606013623],[21.25669534629365,45.80799126130743],[21.25677586562053,45.80803468141654],[21.25680512197585,45.80808063425947],[21.25682337002227,45.80815721079118],[21.25682333038355,45.80820825725934],[21.25683600124353,45.80827327521904],[21.2568725707194,45.80833199216291],[21.25694207619971,45.80841369249013],[21.25723845597048,45.80867924547368],[21.25772583856271,45.80911205240782],[21.25821088792897,45.80953633436275],[21.25910443507603,45.81034424822471],[21.25952143610192,45.81074074436339],[21.26036357348175,45.81149544998568],[21.26149188249449,45.81246361205414],[21.26187092878157,45.8128106321749],[21.26208631249365,45.81302805441786],[21.2622054242677,45.81320389252427],[21.26231534823391,45.81340529865891],[21.26243045426302,45.81363585862351],[21.2625129302781,45.81373816805797],[21.26260459784511,45.81381171370992],[21.26269628724792,45.81385329607519],[21.26276503673443,45.81391085250398],[21.26279250701446,45.81397798439033],[21.26279246202658,45.81404510728299],[21.26276949612076,45.81409943738494],[21.26275111178785,45.81416016168506],[21.26275107749238,45.81421130303984],[21.26280144551334,45.8143263879229],[21.26292296813089,45.81449512989719],[21.26304668944852,45.81464220055935],[21.26320710331375,45.81478289054665],[21.26334920187479,45.81488202247822],[21.26354174669959,45.8149811706301],[21.2637480566902,45.81507073407834],[21.26393145434758,45.81513471936322],[21.26420656246321,45.81521471549683],[21.26444980610594,45.81528245437358],[21.26469739618106,45.8153656358541],[21.26490828918764,45.81546478716296],[21.26507791109302,45.8155607292858],[21.26528877634988,45.81570782523173],[21.26578384483882,45.81607555595111],[21.26672420227092,45.81680659975468],[21.2675454888127,45.8174962836876],[21.26843850845275,45.81820103506729],[21.26927167024799,45.81888987778835],[21.27030934821348,45.81971080169378],[21.27141174617578,45.82057562353485],[21.27228545751641,45.82127753504068],[21.27310258138416,45.82194660365302],[21.27382430225701,45.82252187110521],[21.27478317652212,45.8232841383675],[21.27575504094118,45.82406403612681],[21.27633300441496,45.82452959378848],[21.27697504227234,45.82503055099582],[21.277935235958,45.82578754403885],[21.27874116734345,45.82642405437147],[21.27984363887441,45.82728359605401],[21.28065151194507,45.82789479771584],[21.28141549327303,45.82850158835413],[21.28201113842903,45.82897984650101],[21.28251210880813,45.82937273700725],[21.28325664389709,45.82999816013292],[21.28423983439141,45.83075808710521],[21.28516679803746,45.83150428889981],[21.28586069188278,45.8320549676081],[21.28662895977476,45.83266901015822],[21.28753629144202,45.83338582278581],[21.28848883057277,45.83413216828684],[21.2894305531102,45.83486845962221],[21.28992798114243,45.83527575889701],[21.28991272833909,45.83531824336893],[21.28973587313497,45.83539470175216],[21.28876621879339,45.83575786355915],[21.28751456815713,45.83623985061611],[21.28665970495183,45.83657244326934],[21.28603927506988,45.83683110675293],[21.2854018685144,45.83711316087559],[21.28475187205073,45.83742473670866],[21.28409166110501,45.83773976886117],[21.28320437503048,45.83818049478967],[21.2825121417583,45.83851557457304],[21.28194829725807,45.83879407198677],[21.28160217933225,45.83894984724492],[21.28117166085668,45.83907914608517],[21.28093107919543,45.83914085076327],[21.28052273334707,45.8391995843608],[21.27870493208721,45.8393419707333],[21.27668824050868,45.83948788213659],[21.27461022964128,45.83965060289758],[21.27339470983144,45.83974735280273],[21.27167652010272,45.83986013998633],[21.2701297080482,45.83995970983886],[21.26805442308202,45.84004408886476],[21.26722059405064,45.84010302122137],[21.26657080590313,45.84015904509545],[21.26572565886116,45.84023571575386],[21.26539861503482,45.84030957985976],[21.26526267522607,45.84038054296268],[21.26512248091781,45.84046333866297],[21.26493980382174,45.84056978925636],[21.26474441036261,45.84063777483938],[21.26438339687209,45.8406997913249],[21.26422827845036,45.84074939180686],[21.26418181866382,45.84080230107794],[21.2641648964205,45.8408640402514],[21.26416908045465,45.84091990565545],[21.26424920258021,45.84102283830365],[21.26491560893673,45.84170068618808],[21.26593854361289,45.8427737136164],[21.26652347498777,45.8434052407776],[21.26702963946512,45.84393168770566],[21.26780609323666,45.84470805058434],[21.26898820835531,45.84594107068754],[21.2690447635662,45.84602388554909],[21.26903907694805,45.84607119797219],[21.26898245318027,45.8461106108074],[21.26846161662245,45.84628686450328],[21.26781055557536,45.84652719359787],[21.2675557831232,45.84663357765687],[21.26663865016384,45.84691719867578],[21.26511592511,45.84740148694042],[21.26309609854093,45.84809457651754],[21.26220719553029,45.8484136567147],[21.26203881931558,45.84846485353584],[21.26191995334156,45.84846087122905],[21.26184073218609,45.84842535932224],[21.26168488607583,45.84823166664385],[21.26092625120173,45.84702031526025],[21.26060025334286,45.84647531731382],[21.26003597421186,45.84562254567826],[21.25910215332089,45.8443120881134],[21.25801672553849,45.84293518359059],[21.25800999505043,45.84286431645788],[21.25803719573445,45.84281229359319],[21.25816623956831,45.84277449896332],[21.25932763978794,45.8424059604295],[21.26038714985319,45.84206102645286],[21.26142627027184,45.84172553496754],[21.26243822680867,45.84138529182679],[21.26303589919361,45.84117262185369],[21.26393996612127,45.84082686812074],[21.26420333447975,45.84072044441862],[21.26437324082298,45.84066428582749],[21.26461957864461,45.84062294344393],[21.26481496090078,45.84057270921341],[21.26495939141485,45.84050766633954],[21.2651293282471,45.84040121176582],[21.26526102540747,45.84032433045311],[21.26544368116909,45.84025042293813],[21.26568153122574,45.84019724138772],[21.26598306945102,45.840164787964],[21.2665309272952,45.84012057191581],[21.26722370851171,45.84005864564455],[21.26784773978634,45.84001669074235],[21.26850599988114,45.83999024915256],[21.2690382083893,45.83997264360934],[21.26990456211714,45.8399403336287],[21.27041399659153,45.83990792276893],[21.27142475138427,45.83984901187532],[21.27272187664203,45.83976057496597],[21.27418703968095,45.83964849358011],[21.27587357824993,45.83952093485209],[21.27681238017603,45.83945308467078],[21.27846685644569,45.83933211153273],[21.28012106549519,45.83919669202633],[21.28061794626236,45.83915535839937],[21.28096002536115,45.83909922620175],[21.28150365442242,45.83894251402242],[21.2818221997197,45.83881534806932],[21.28222376340534,45.83862504584377],[21.28238514174583,45.83857153910778],[21.28250424141632,45.83857155763747],[21.28263869429501,45.83861708061999],[21.28273087854428,45.8386866863832],[21.28289220951272,45.8387830686552],[21.28306123327741,45.83885268589614],[21.28330710229012,45.83890357814015],[21.28352224437081,45.83892769944484],[21.28382191556747,45.83893309640803],[21.2842368604006,45.83889033013887],[21.28508212074702,45.8388074719647],[21.28658540785733,45.83867675462092],[21.28862964900651,45.83850057831012],[21.29138072729722,45.83826061644189],[21.29307206336034,45.8381181118194],[21.29324822126665,45.83809661840044],[21.29335086551866,45.83807619349186],[21.29341685200534,45.83805576628477],[21.29347184275743,45.83802256888258],[21.29350483999404,45.83797915455023],[21.29355983066655,45.83794595708852],[21.29365880864444,45.83792808553693],[21.29374678543252,45.83794341397789],[21.29390332700373,45.83796345843693],[21.29420758556019,45.8379609212036],[21.29462915054809,45.83794561962011],[21.29574355700888,45.83789203807993],[21.29799104460244,45.83782314962297],[21.29976682284175,45.8377593238889],[21.30178999592336,45.83770132833845],[21.30352470509149,45.83765532222661],[21.30393728135087,45.83763998627113],[21.30438083700227,45.83763997137846],[21.3052276336734,45.83767824687471],[21.30601862287853,45.83770119493426],[21.30639253140859,45.83771139138502],[21.30680676141468,45.83769093754227],[21.30708535852105,45.83766793632405],[21.30735982220041,45.83763238401777],[21.30765704099235,45.8375767331651],[21.30860635353363,45.83732323312481],[21.30918683024948,45.83716247334973],[21.30976794361837,45.83700171166506],[21.31012791950285,45.83690586999675],[21.31018114686551,45.83686877725722],[21.31027429736164,45.83681931829444],[21.3103896353456,45.83680694547066],[21.31042069642202,45.83685021229499],[21.31042958738161,45.83695220405989],[21.31049615395638,45.83708200693195],[21.3110641324204,45.83780826970608],[21.31170122931817,45.8386009046356],[21.31205179575822,45.83906447372799],[21.31251068479119,45.83977305685168],[21.31292344206699,45.84053023336852],[21.31340250859883,45.84153658844554],[21.31369547352067,45.84217926153312],[21.31377983593716,45.8424574132526],[21.31382872614526,45.84281592793366],[21.31386877062332,45.84328799547573],[21.31405299275175,45.84459871499953],[21.31420647211661,45.84634475049916],[21.31422959101071,45.84675289440075],[21.31433333286168,45.84741424315229],[21.31439097604035,45.84781105564937],[21.31450630665643,45.84877318351638],[21.31462732284118,45.84944655577123],[21.31465615143757,45.84966299942297],[21.31470795649042,45.84971910905773],[21.31479427813639,45.8497351314394],[21.31585306745345,45.84959470555116],[21.31749303603578,45.84934997500705],[21.31918709119961,45.84908493315645],[21.31961289196036,45.84900870632131],[21.31975098545324,45.84897260898134],[21.31980275247177,45.84890846833622],[21.31983725194875,45.84883230582242]]},"properties":{"line":"M49","dir":"0","mode":"bus"}},{"type":"Feature","geometry":{"type":"LineString","coordinates":[[21.31983658825113,45.848706784924],[21.31949770281951,45.84744231999788],[21.31929508204386,45.84681849083164],[21.31871296908025,45.84527761486242],[21.3181695561183,45.84397433561224],[21.31745155911424,45.84234205851961],[21.31658555739833,45.84036926017269],[21.31586518900223,45.83881642849489],[21.31544565650149,45.83780702003213],[21.31489510742256,45.83646092949208],[21.31471786284823,45.83596498937501],[21.31468176696533,45.83594407242957],[21.31462107396968,45.83594125293392],[21.3144599787172,45.83597272775941],[21.31311771238747,45.83621676063558],[21.31210636638555,45.83643023576482],[21.31109115597857,45.83668615131523],[21.31043536421338,45.83687169622923],[21.31025254991848,45.83692793337291],[21.30990237253019,45.83700600025284],[21.30884184769608,45.83728637156618],[21.30768941322772,45.83759878811892],[21.30738497926914,45.83766928225091],[21.30709525583356,45.83770252633951],[21.30668776975064,45.83772516509327],[21.30620565417746,45.83773743458428],[21.30517013208083,45.83770184568382],[21.30435995659163,45.8376699842432],[21.30385625714762,45.83767217013067],[21.30338453273151,45.83768946352391],[21.30199592996879,45.83772465931028],[21.30114540671255,45.83775476837069],[21.30008318217348,45.83778120209868],[21.29783023371951,45.83785074168826],[21.29570857943907,45.837923463076],[21.29432223319776,45.83798535311673],[21.29407548011999,45.83800885132895],[21.29397166246164,45.83802817649598],[21.29390350658377,45.83805267976493],[21.29384929183806,45.83810712597939],[21.29377010207779,45.83815894284305],[21.29369843157117,45.83817844886097],[21.29363413603693,45.83817808674278],[21.2935770133145,45.83817527629457],[21.29350952142372,45.83814254291632],[21.29333605513533,45.83800717539458],[21.29293886412748,45.83768638187379],[21.29233707463369,45.83721510944279],[21.29139795798708,45.83645655173111],[21.29059180835205,45.83582757600684],[21.28890151951489,45.8345187729028],[21.28806113296354,45.83386188756408],[21.28624511858269,45.83243670898783],[21.28415080918081,45.83075619593397],[21.28239900237579,45.82938782665619],[21.28057370332747,45.82794482949741],[21.27856476828708,45.82632748723491],[21.27676612136153,45.82494192215235],[21.2755691477202,45.82399387437195],[21.27417477639696,45.82283914811912],[21.27322168950421,45.82208352513747],[21.27181491724676,45.82095745873389],[21.27028980987965,45.8197359955124],[21.26815274402679,45.81803625708088],[21.26674404282846,45.8169148766858],[21.26587759846896,45.81623457924064],[21.26528694650602,45.81577218202169],[21.26502127187886,45.81558386293634],[21.26479866858726,45.81546621223035],[21.26450593525403,45.81533590088589],[21.26405931779525,45.81521692636552],[21.26356831305443,45.81505159585543],[21.26336756858106,45.81494325769746],[21.26316269247175,45.81481346386074],[21.26299317838386,45.81466550895607],[21.2628414198155,45.81450235062777],[21.26275066969065,45.81437935239233],[21.26267685659196,45.81430850043838],[21.26258982944879,45.81424063184841],[21.2624893650032,45.81419411465107],[21.26239764800447,45.81415071052104],[21.26234110649557,45.81410445264487],[21.26231103023825,45.81404916654755],[21.26229859753344,45.81398786151342],[21.26232599310603,45.81390229942286],[21.26233150143948,45.81381048464342],[21.26233693527814,45.81372479246036],[21.26232650035116,45.8136501036005],[21.26230606622777,45.81352445968419],[21.2622373554928,45.81339546885033],[21.26209509547775,45.81317419672181],[21.26191326956687,45.8129557514208],[21.26168316804921,45.81273395798393],[21.26068101614333,45.81186254866506],[21.25967709679897,45.81096482340886],[21.25873284091681,45.81010703249064],[21.25775086997666,45.80923367809488],[21.25687462122635,45.80845045375074],[21.25675690537572,45.80837933606234],[21.2566127257983,45.80831724493325],[21.25647706742701,45.80827663540013],[21.25638986897663,45.80822406837433],[21.25635120559219,45.80815342137336],[21.25634354787893,45.80806152820707],[21.2563008679669,45.80796024107659],[21.25623008607779,45.8078604565988],[21.25607408759682,45.80768807955526],[21.25543098971306,45.80712397557247],[21.25460165012799,45.80643625221983],[21.25368947790516,45.80568128245814],[21.25279306932241,45.80492320784924],[21.25166372405017,45.80398651644975],[21.25048116565328,45.8029994524669],[21.25024572046156,45.80283653309834],[21.25003994846662,45.8027074924541],[21.2498820255159,45.80259759532382],[21.24970052865346,45.80244984338337],[21.24928132166632,45.8021295666825],[21.24878992188519,45.80176833773817],[21.2478287902747,45.80104845595236],[21.24731507279438,45.80065312427521],[21.24697013792631,45.80035772204209],[21.24660699198679,45.80007687271439],[21.24585063037497,45.79951807515932],[21.24483774499328,45.79880984797158],[21.24389405839955,45.79813504810507],[21.24278952155595,45.7973236307224],[21.2422518016008,45.79692662056625],[21.24182926201155,45.79659301638884],[21.24131604614108,45.79619644032596],[21.24104254228738,45.79596066410701],[21.24090190632139,45.79582711979327],[21.24070005478758,45.79562894750565],[21.2405846842155,45.7954836804487],[21.24045223234625,45.79526288456554],[21.24027950310754,45.7948993735932],[21.23998055945774,45.79427017678667],[21.23979344467957,45.79385629371662],[21.23940274562862,45.79298253809516],[21.23909325874828,45.79226487091988],[21.23870917439174,45.79141470335397],[21.23844932119967,45.7908113385021],[21.23816246363148,45.79012174561868],[21.23795255483143,45.78961134416172],[21.23765267803318,45.78874699157178],[21.23745179047003,45.78816357838993],[21.23734785933348,45.78782772152847],[21.23719707403581,45.78739519975745],[21.23696435155768,45.78665597453329],[21.23685221411829,45.78623078982663],[21.23673445819274,45.78580056672998],[21.23667730707304,45.78556765638749],[21.23661249378804,45.78541774579045],[21.23656572224029,45.78531479781935],[21.23654859601613,45.78524345857634],[21.23653745172088,45.7851742511343],[21.23648269890708,45.78498954413283],[21.23635250803675,45.78459276513486],[21.23595014868344,45.78338534094484],[21.23546217043976,45.78213747948974],[21.23493397968641,45.78077059377109],[21.23486340225613,45.78065791488635],[21.2347843173037,45.78054813722333],[21.23475144493935,45.78046818198467],[21.23475226649816,45.78040320310317],[21.23475364813781,45.78029392037276],[21.23473002459306,45.78018684213988],[21.2346853077614,45.78003887768341],[21.23456626701068,45.77973981249375],[21.23425387120368,45.77899029235489],[21.23387120328846,45.77810474958733],[21.23331722933284,45.77686603709694],[21.23311147772269,45.77639215773782],[21.23248005677226,45.77483978640463],[21.2318293240343,45.77328198287451],[21.23130623572512,45.77202733320672],[21.23074794460107,45.7706890215187],[21.23029427491075,45.76963125124521],[21.2300401711024,45.76896802304092],[21.22977699702908,45.76824845928518],[21.22967283630318,45.7681148922466],[21.22960618102808,45.76802881848186],[21.22958149092096,45.76797254292603],[21.22957793376553,45.76791935217404],[21.2296127469547,45.76784572277787],[21.22968593028806,45.76775165456831],[21.22982337312853,45.76759953331057],[21.23052698146784,45.76677008370646],[21.23059509111436,45.76666585019957],[21.23065571992445,45.766559889115],[21.23068304008051,45.76640941501149],[21.23070200472338,45.7662500278016],[21.23072134476593,45.76606110490569],[21.23074813828404,45.76595198045563],[21.23080430640065,45.76586371431727],[21.23093706053796,45.76574638426871],[21.23111200316394,45.76564113018393],[21.23130388072862,45.76553598056616],[21.23138957221587,45.76545675786943],[21.23165567527863,45.76515389549046],[21.23171176610781,45.76507153603913],[21.23172128430015,45.76498888861093],[21.23168857643601,45.76489711865667],[21.23167685032741,45.76482024732881],[21.2316817594975,45.76476710924089],[21.23172733707207,45.76469327171102],[21.23180422135911,45.76464057879575],[21.23191055478295,45.76460283681774],[21.23206743150729,45.76458608350501],[21.23219058745622,45.76455730648338],[21.2322798726841,45.76452832015143],[21.23237410381565,45.76444324227939],[21.23265357373518,45.76410823521446],[21.23276354781558,45.76395965240929],[21.23284571269658,45.76382428547407],[21.23290689558272,45.76367402009534],[21.23293413321635,45.76352945274193],[21.23295728674058,45.7633730449725],[21.23295485050961,45.76323124808467],[21.23293536703871,45.76309820719781],[21.23288965545094,45.76269620829095],[21.23283080510514,45.76232883640393],[21.23274474260987,45.76143625928],[21.23255436595798,45.75975579004232],[21.23239592344076,45.75856236455437],[21.23234321287249,45.75804512332527],[21.2323534027387,45.75790959426599],[21.23239258936676,45.75782417645339],[21.232478155096,45.75775381400018],[21.23261860382579,45.75769560558685],[21.23276699449418,45.75767879913507],[21.23294460627739,45.7576946644567]]},"properties":{"line":"M49","dir":"1","mode":"bus"}},{"type":"Feature","geometry":{"type":"LineString","coordinates":[[21.23685838974691,45.75566814669249],[21.23517295302495,45.75563917524256],[21.23448575843977,45.75568279248501],[21.23412627349352,45.75570857652627],[21.23391799719142,45.75572842759927],[21.2338409566133,45.75574831291323],[21.23380099899822,45.75577816073842],[21.23378383066485,45.75586214253911],[21.23380369246475,45.75606319357685],[21.23383486000029,45.75646131246755],[21.2338318191671,45.75680965952479],[21.2338402830983,45.75698425514712],[21.23387160608072,45.75709573439836],[21.23395428579076,45.75720324613111],[21.23410255804332,45.7573625296767],[21.23414245814772,45.75744216256341],[21.23414813669795,45.75749391867997],[21.23411955407914,45.75758986436233],[21.23397398474351,45.75770925958046],[21.23314035790046,45.75817127386431],[21.23231348318344,45.75857059188251],[21.23194533923655,45.75873570599582],[21.23122204754011,45.75905309971342],[21.23080253770295,45.75922416677406],[21.2305656730116,45.75931566378536],[21.23037448871239,45.75935541928694],[21.23012339730013,45.75937923256241],[21.22916571485814,45.75945308556202],[21.22870348602228,45.75948479324704],[21.22852657303655,45.75951260655832],[21.22841819754557,45.75954239480087],[21.22833828026354,45.75958815268842],[21.22827832595714,45.75964785063612],[21.2281926930401,45.75970754056037],[21.22810707396252,45.75974533436553],[21.22800719269134,45.75977715198123],[21.22790731771443,45.7597990167786],[21.22785023492014,45.75982885717829],[21.22778172244968,45.75988457125092],[21.22769344937555,45.7600157393286],[21.22734780769528,45.76063270314045],[21.22660215126196,45.76194751889423],[21.22609056697772,45.76285108365076],[21.22586828023355,45.76324944343787],[21.22577684740428,45.76343254437154],[21.22570465474689,45.76361783679268],[21.22562463645628,45.76379895029878],[21.2255646199697,45.76393826896356],[21.22552457673445,45.76407759443211],[21.22551307117409,45.76421095796618],[21.22547300871584,45.7643779234877],[21.22544727732292,45.76445156532107],[21.22541014880798,45.76450131667185],[21.22534736726265,45.76451124831778],[21.22523894105682,45.76450723064497],[21.22512767254444,45.76448728745476],[21.2250392186856,45.76448526692473],[21.22492221687324,45.76450314220061],[21.22483658405237,45.76454690528936],[21.22474521185752,45.76463644923756],[21.22438827712718,45.76499661943897],[21.22318119505637,45.76615763507093],[21.22170273176663,45.76760052698364],[21.22049877043163,45.76876102952298],[21.21942459214213,45.76979984358928],[21.21858255857241,45.77060053919336],[21.21683064485958,45.77234144078041],[21.21625266339211,45.77288594855839],[21.21596152786624,45.77313536068924],[21.21574118213258,45.7733518970835],[21.21506209112384,45.77401534272411],[21.21385390264328,45.77522284841686],[21.21303118617662,45.77596609598781],[21.21244094601014,45.77650877482563],[21.21188087124154,45.77702835655426],[21.21132606097453,45.77750249083458],[21.21109870684609,45.77773105748976],[21.21103574029779,45.77779409709165],[21.21101993023949,45.77788183750798],[21.2110748930159,45.77796686851219],[21.21108661779165,45.77804091110532],[21.21104328585141,45.77812863892835],[21.21094493601707,45.77818892013232],[21.21073649284933,45.77825463451477],[21.21049660314093,45.77831210765253],[21.21034715809064,45.77835316993858],[21.21025669121057,45.77839151746181],[21.21014260452927,45.77846001744874],[21.20998129888918,45.77856688513585],[21.20960311221257,45.77885802505846],[21.2083090785971,45.77982271943731],[21.20717624476716,45.78070128487716],[21.20611462489595,45.78152285828394],[21.20551950219569,45.78198744828083],[21.20496856861583,45.78241493862622],[21.20367685496078,45.78340826801571],[21.20270688830908,45.78415392391509],[21.20147199041166,45.78508401983669],[21.20045031422836,45.78586811637858],[21.19973403775789,45.78638872450036],[21.19834661697491,45.78743690207884],[21.19715174323316,45.78834162433413],[21.19551963884496,45.78955795742104],[21.19378099932107,45.79085003431414],[21.1921424631475,45.79207559538703],[21.19092205168475,45.79297203312181],[21.19014441451388,45.79353376641075],[21.18894591502962,45.79439786751346],[21.18776356390176,45.79523200611355],[21.18667652195484,45.79599491748355],[21.18558922802347,45.79674953705285],[21.18461204866716,45.79741651563188],[21.1840085531964,45.7978689515096],[21.1836103292339,45.79814337912352],[21.18329545034661,45.79834891393957],[21.18306176491571,45.79847310760755],[21.1826918060541,45.79863790406339],[21.18227973120262,45.79879542731498],[21.18190339206101,45.79888560152329],[21.18130594178284,45.79897103001819],[21.18090699052053,45.79900013559904],[21.18064023008925,45.79900809290798],[21.17987340615752,45.79898882035309],[21.17831183612849,45.7989448934036],[21.17633549989764,45.79890864870011],[21.17553714654318,45.79888397771766],[21.17478952152454,45.79884864659806],[21.17354019128524,45.79878967286753],[21.1722986135571,45.79868684502676],[21.17189221055171,45.79867047980541],[21.17153561204009,45.79867821165676],[21.17127100352179,45.79870472912327],[21.17091706091497,45.79876859951801],[21.17049893893499,45.7988805317141],[21.16981342231418,45.79909786140456],[21.16869519951484,45.79947385330989],[21.16765962391643,45.79985405028007],[21.16676948990859,45.80017942487134],[21.16574547186017,45.80058691494163],[21.16474400195157,45.80097900710356],[21.16383172851575,45.80127899151488],[21.1629608821994,45.80151613903323],[21.16241204505568,45.80163594561071],[21.16121907391985,45.80188348789495],[21.15896255881605,45.80233570056463],[21.15769669503544,45.80258581200388],[21.15505487500022,45.80310377566388],[21.15253174364793,45.80360126562104],[21.15059883140493,45.80400034598879],[21.14824853613059,45.80446979355489],[21.14736618671084,45.80465067436094],[21.14594062622852,45.80493791695321],[21.14513943842658,45.80511351736914],[21.14384405258327,45.80539271364216],[21.14285808356168,45.80560018318852],[21.14126112107877,45.80593890710822],[21.1396782859808,45.80626622314185],[21.13930228814651,45.80635135631218],[21.13899915482089,45.8064338947079],[21.1387765625681,45.80651117408947],[21.13847150933011,45.80663523656352],[21.13810303804239,45.80678185660453],[21.13782672032846,45.80687511387426],[21.13759266285376,45.80693366613944],[21.13734439386807,45.80698162168787],[21.13691477272794,45.80703461010464],[21.13601726143902,45.8071328082228],[21.13513502596018,45.80723874602256],[21.13447904727631,45.80733424150145],[21.13397159121872,45.80740382980664],[21.13281182988727,45.80757657041054],[21.13139934902593,45.80779814565686],[21.13039170298472,45.80794942560248],[21.12843088250782,45.80825453817765],[21.12648339372246,45.80854209642653],[21.12401389964429,45.80888200439105],[21.1220192217766,45.80915221492408],[21.12075371928655,45.80931766896607],[21.11948772358349,45.80949250972687],[21.11776561855445,45.80976170290275],[21.11689850365013,45.809912964581],[21.11516098885453,45.81019665704061],[21.1144473410514,45.81031869474248],[21.11415543724515,45.81037688558166],[21.11389449678349,45.8104353538171],[21.11354136275617,45.81054983699204],[21.11210227368958,45.8111516404341],[21.11016444178439,45.8120014444386],[21.10990221401963,45.81213908417384],[21.10977737837807,45.81221647234064],[21.10969258188824,45.81230011876066],[21.10960780236714,45.81237756069836],[21.10952755070594,45.81242708855052],[21.10938950742527,45.81245172056235],[21.10928265396469,45.81246398551807],[21.10915797127446,45.81248553309907],[21.109042181314,45.81251019479776],[21.10886838343543,45.81258751629178],[21.10684749678557,45.81348711246171],[21.10618307858521,45.81382967654576],[21.10576856430597,45.81403385326132],[21.10515798223301,45.81431531406607],[21.10361957858308,45.81497571030615],[21.10138492140548,45.81601971216911],[21.099163979888,45.81704062203345],[21.09835006225355,45.81739889495847],[21.0959629466381,45.81849408042291],[21.09396329872806,45.81938456827589],[21.09189746101916,45.82028791765386],[21.08844174884475,45.82185642570963],[21.08694234953833,45.8225425894622],[21.08506632975785,45.82339872257307],[21.08337320670703,45.82414490691953],[21.08268820538354,45.82445247920442],[21.08223343326095,45.82464711088266],[21.08183288365522,45.82479664378441],[21.08128282660216,45.82498330340797],[21.08034547022204,45.82530217868086],[21.07969007693144,45.82551283670355],[21.07845875105158,45.82590790268055],[21.07724575291942,45.82631545088763],[21.0762225896491,45.82665726258854],[21.07354558004037,45.82752852412732],[21.07112889975168,45.82829997712645],[21.06943938249047,45.82884362454152],[21.06733176241265,45.82952615889373],[21.06554386449843,45.83009926340736],[21.06385011969951,45.83065392652356],[21.06188871469056,45.83130081206036],[21.05966274832699,45.83204228825735],[21.05770932329096,45.83268997657966],[21.05665648155393,45.83302658754934],[21.05501163439397,45.8335694015377],[21.0537166420002,45.83399142769762],[21.05239245129529,45.83443433022502],[21.05204389746807,45.83451246688103],[21.05176331600596,45.83455606526342],[21.05154163833117,45.83457141129958],[21.05121606752891,45.83455190143534],[21.0501394775056,45.8343734310748],[21.04942092387832,45.83422398394768],[21.04664863195591,45.8336956660179],[21.04402311045414,45.8332242839391],[21.04133417811913,45.83274514511015],[21.04102680106524,45.83270358149044],[21.04079617000106,45.83269682979585],[21.0404477442004,45.83270245570967],[21.04013095632162,45.83275225634117],[21.03991816313666,45.83280856195116],[21.03975231362871,45.83286811213348],[21.03944876277802,45.83299986799491],[21.03883220144681,45.83336419713932],[21.0377017626197,45.83408359552507],[21.03664061942457,45.83476846541767],[21.03460205395058,45.83605810162563],[21.03230815385365,45.83748816553541],[21.02992875328164,45.83900134449608],[21.02851370447169,45.83987689220126],[21.02800572548394,45.84020042355056],[21.02733596184627,45.8406261199498],[21.02673724764865,45.84100932992619],[21.0255559696133,45.8417472424066],[21.02496535809209,45.84212380670618],[21.02402890948257,45.84272201640765],[21.02336950611005,45.84314095810441],[21.0228724962494,45.84346016265295],[21.02216090479756,45.84391208781318],[21.02159915549348,45.84424866392689],[21.02066239232411,45.84483085736459],[21.01946796714918,45.84554088330393],[21.01713332585421,45.84693328206755],[21.01516158520886,45.84810823550054],[21.0135145418204,45.84909519714094],[21.01256064576646,45.84965267777922],[21.01078865898997,45.85073074294008],[21.00909579913297,45.85174311925689],[21.00753431671053,45.85266640219639],[21.00600529419503,45.85359293776732],[21.0045680058277,45.85444923011189],[21.00311801954776,45.85532240984691],[21.00161999685605,45.85621711251933],[20.99985072649807,45.85723576074205],[20.99825947954406,45.8581231496428],[20.99686372483201,45.85888939149785],[20.99485726613984,45.85999229684285],[20.99316315772461,45.8609332684795],[20.99110704980774,45.86206002002424],[20.9893618693517,45.86301494749347],[20.98747246233234,45.8640655473504],[20.98586399139913,45.86495182351112],[20.98358702257246,45.86621057103793],[20.98226622957627,45.86692266719641],[20.98033860124418,45.86799237629531],[20.97865130291176,45.86891607414413],[20.97665048167223,45.87002637553481],[20.975038041585,45.87089492149841],[20.97392222576313,45.87142478949243],[20.97307129655021,45.87181964735711],[20.97192342843105,45.87234446448756],[20.97112412353702,45.87270063322102],[20.97012586363438,45.8731678049293],[20.96927485183529,45.87356860298523],[20.9683463526416,45.87398079499967],[20.9675284493633,45.87434217794882],[20.96679740834817,45.87465208691296],[20.96622162290827,45.87488939815302],[20.9658631677145,45.8750662231942],[20.96553625306889,45.87526537078655],[20.96532429587191,45.87544603250731],[20.96513030326863,45.87564253958893],[20.96499188493422,45.87586904198197],[20.96490928247383,45.8760807652061],[20.96489545569904,45.87626053916124],[20.96494027283286,45.87669647171433],[20.96510552800831,45.8778594639869],[20.96526709961722,45.87891129730783],[20.96543274130059,45.88000453327473],[20.96543166744319,45.88020452708616],[20.96540029030897,45.88045817309078],[20.96534753765017,45.8806998240926],[20.96526509438866,45.88088124368037],[20.96514392182887,45.88108825234769],[20.96482030772981,45.88146352467667],[20.96418339142128,45.88207345251602],[20.96285010210205,45.88337473319366],[20.96146193619303,45.88473519211576],[20.95993919775233,45.88626582962924],[20.95827854846184,45.8878609737441],[20.95718454388562,45.8889285518913],[20.95571497744722,45.89038115601665],[20.95452817379422,45.89154098106434],[20.95418499816947,45.89182531035868],[20.95370231589172,45.8922028831058],[20.95283009817409,45.89287962581665],[20.95261462849677,45.8930425963725],[20.95234815216037,45.89319120650622],[20.95117209723663,45.89382064368164],[20.95013718426598,45.89434759465028],[20.94768965301555,45.89561493486952],[20.94583192290023,45.89657312582441],[20.94426944616752,45.89738961574723],[20.94213799153758,45.89849939409049],[20.94060220822138,45.89930121779375],[20.93922137122632,45.90001567978128],[20.93700272830513,45.90117007259622],[20.9349171526228,45.90225736375189],[20.93239601556082,45.90358405100381],[20.93056399399671,45.9045608490686],[20.92851832930057,45.90564869571526],[20.92664933819975,45.90662052748428],[20.92502092893973,45.90746974660147],[20.92261182230899,45.90873068534915],[20.92020354279254,45.90999746992405],[20.91847942690129,45.91089420898577],[20.91712061381971,45.91160835437622],[20.91590514182408,45.91224454565931],[20.91436701978257,45.91304023645856],[20.91247371040609,45.91402963962833],[20.91087411088893,45.91487569762055],[20.90981779206468,45.91543066879236],[20.90749692036379,45.91664699064296],[20.90568303496813,45.91759741520279],[20.9048624874216,45.91803218848939],[20.90378830091058,45.91858049859115],[20.90208563402553,45.9194782568166],[20.90074847734351,45.92018390277132],[20.89928156341681,45.92096858752671],[20.89653315483047,45.92242349602869],[20.89450504409366,45.92349096401685],[20.89232513628993,45.9246360215197],[20.89216179066908,45.92473224306682],[20.8919905760713,45.9248365314505],[20.89183663480273,45.92494431411991],[20.89165018299763,45.92510871252831],[20.89144636242781,45.92528336659018],[20.89128977183394,45.92541692301244],[20.89109863233385,45.92554348974991],[20.8908680482306,45.92565617501112],[20.89063969424,45.92573363070981],[20.890600157199,45.92573349998038],[20.89055826659074,45.92571617256355],[20.89053630902967,45.92567484665692],[20.89051250324846,45.92554241361474],[20.89049876974309,45.92538251171796],[20.89049463841231,45.92526389482951],[20.890475645561,45.92515038539145],[20.89043151934734,45.92509867269331],[20.89025469760361,45.92493823048622],[20.88966094412127,45.92439506909104],[20.88880852442482,45.92358845275375],[20.88801156180406,45.92282831399463],[20.88732423412065,45.92220160382636],[20.88640090976207,45.92130322377788],[20.88618888296559,45.92105879290379],[20.88592472612025,45.92075325505423],[20.88562206035032,45.92042078788608],[20.88530930528563,45.92005172140014],[20.88506286274192,45.91971943364051],[20.88488940057152,45.91947269176029],[20.88454632240452,45.91896039050903],[20.88422034503628,45.91847916250475],[20.8837917324194,45.91785844695404],[20.88369795858223,45.91774114460522],[20.88363178694582,45.91768486555321],[20.88352706298761,45.91763089363833],[20.88335229114921,45.91757424792109],[20.88255495799493,45.91736926288427],[20.88018163318909,45.9167071096177],[20.87762656006213,45.91598772371051],[20.87534937532392,45.91535472276369],[20.87299545035967,45.91469011034389],[20.87074052714697,45.91406514385157],[20.87050705498028,45.91401266800985],[20.87024799276274,45.91398983020842],[20.86983138370135,45.91395425578969],[20.86949980254406,45.91392514951859],[20.86911118396256,45.91389454500587],[20.86891165516614,45.91387434948841],[20.86869124898333,45.91383458274341],[20.8676672356109,45.91362109758213],[20.86567346657998,45.91319611759107],[20.86366278841294,45.91276502351639],[20.86158371862075,45.91232067972122],[20.86039158036466,45.91205757667751],[20.86023975476469,45.91205962643463],[20.86014963803647,45.91211706796896],[20.86007273613498,45.91218380193705],[20.86001259932243,45.91222979917002],[20.85996601190035,45.9122411821632],[20.85990629727093,45.9122317182361],[20.85983373711231,45.91216443325822],[20.85976131794375,45.91207866113457],[20.85971546979439,45.91199298694977],[20.85971257092293,45.9119375134919],[20.85974285052819,45.9118867843442],[20.85990647758392,45.91177184047754],[20.86002675018805,45.91167984602515],[20.86011663776977,45.91165244602978],[20.86020299293349,45.91165276435233],[20.86024585410314,45.91169451942299],[20.86025850664162,45.91177776020848],[20.86029416254173,45.91189343889005],[20.86033670743206,45.91197678962394],[20.86039621075831,45.91201398390184],[20.86052221171742,45.9120421792003]]},"properties":{"line":"M50","dir":"0","mode":"bus"}},{"type":"Feature","geometry":{"type":"LineString","coordinates":[[20.86053215824126,45.91204452677566],[20.86266092846918,45.91252146581866],[20.86549316547903,45.91313034106095],[20.86835246256388,45.91373405647299],[20.86880849389303,45.91382382301198],[20.86905070289857,45.91385936104489],[20.86987396544268,45.9139247234067],[20.87036527270566,45.91396346669058],[20.87054117567071,45.91398258688388],[20.87072291159666,45.91402850319392],[20.87392527918718,45.91492043534274],[20.87810948241358,45.91609019501642],[20.88204413107285,45.9171921438675],[20.88350195136027,45.91759675720353],[20.88361126843924,45.91763873465555],[20.88369720089398,45.91769911823858],[20.88379276663514,45.91780575425394],[20.88479263809898,45.91925021422766],[20.88545283134591,45.92016871127083],[20.88559129130459,45.92031709144965],[20.88591163976333,45.92066504114688],[20.88656630477995,45.92141134537381],[20.88698532544685,45.9218145940645],[20.88812320523295,45.92287530326801],[20.88968751410666,45.92435737611937],[20.89044557346723,45.92505172469329],[20.8905746800897,45.92511687246174],[20.89072401376121,45.92514049227778],[20.89117579436276,45.92514665738542],[20.89137517283685,45.9251404050942],[20.89146158162585,45.92513607807389],[20.89157155486329,45.925087923397],[20.89167844997993,45.92500509401674],[20.89181201974484,45.92490848982633],[20.89197561869514,45.92479350025569],[20.89213576511071,45.92469698616166],[20.89242255966002,45.92454312911729],[20.89288940052868,45.92429744465598],[20.89383587550803,45.92379856791402],[20.89540256370535,45.92298221755325],[20.89658219732939,45.92235265572397],[20.89794965813372,45.92162350392908],[20.89872284291788,45.92121711306326],[20.90067006100451,45.92017675707736],[20.90126573266107,45.91986947345611],[20.90227912262318,45.91932575020837],[20.90318590137708,45.91885500891639],[20.90449665612348,45.91817662555221],[20.90556681511649,45.91761165356967],[20.90648000525297,45.91714298429726],[20.90784076024162,45.91642726703301],[20.90891758309203,45.91585724953607],[20.91000043092173,45.91529619496182],[20.91084380714611,45.91485060585954],[20.91174242723851,45.9143930802755],[20.91278582891736,45.91383257731149],[20.91401559117441,45.91319174061483],[20.91617662356829,45.91206934392564],[20.91866123802135,45.91076374675004],[20.92022377750592,45.9099429133723],[20.92197679454012,45.90902553012576],[20.92340463909809,45.90827881898474],[20.92528727206849,45.9072979845935],[20.92717421044679,45.90630350759061],[20.92870542396154,45.90550200345682],[20.93024725593859,45.90468576431153],[20.93145934047821,45.90403509147589],[20.93240742242236,45.90354005918893],[20.933353755752,45.90303453725122],[20.93481888498415,45.90226672890903],[20.93603063181845,45.90163323772942],[20.93743968733989,45.90090443202665],[20.93924675453197,45.89995816543169],[20.94069192231692,45.89921360375616],[20.94229697889166,45.89837239265318],[20.94348390558232,45.89774928495321],[20.94483604030632,45.89705973390195],[20.94641203714144,45.89623831629356],[20.94803971413938,45.89540099196597],[20.94943114831032,45.89466608511385],[20.95072840811718,45.89400930943327],[20.95184436838388,45.89342080798389],[20.95243773891762,45.8931030325156],[20.95267769215349,45.89295351202933],[20.95294457845209,45.89274167220113],[20.95406340207429,45.89187959526324],[20.95477981195074,45.89125209020396],[20.95554766089417,45.89048692239015],[20.95677884914551,45.88925418531252],[20.95775801870197,45.88830192096767],[20.9589873483097,45.88709460379717],[20.96040305699358,45.88572858111639],[20.96161700503114,45.88450692149334],[20.9630193836105,45.88313746354149],[20.96441544621292,45.88179098737395],[20.96487540518887,45.88133036309925],[20.96507251730666,45.881111369594],[20.96521668798177,45.88086218592693],[20.96530995318599,45.88066449853635],[20.96536455698927,45.88040351485044],[20.96538958882536,45.88008929796212],[20.96531619923113,45.87957144588489],[20.96521117399818,45.8787808860843],[20.96502855783258,45.87762812691138],[20.96484985021481,45.87637367956134],[20.9648611860208,45.87613285467314],[20.96489198457044,45.87597117502557],[20.96494580599733,45.87584653396272],[20.96502626024569,45.87570810084596],[20.96513323097009,45.87557612374667],[20.96530352721863,45.87539865368636],[20.96547029233037,45.87525814818801],[20.96568020643497,45.87511776137138],[20.96590346640603,45.87498348386034],[20.96629944899334,45.87480894636182],[20.96706459642854,45.87450600962541],[20.96885345167659,45.87371763995099],[20.96999692697198,45.87319192571592],[20.97125263473529,45.87260842801953],[20.97275505208252,45.87192179432436],[20.97452612689852,45.87109983262206],[20.97538323121746,45.87066790538913],[20.97614884315763,45.87026091955174],[20.97737453830808,45.86958248023875],[20.97831753226428,45.86906847331642],[20.97980471910316,45.86825511995598],[20.98087130571555,45.86766025921179],[20.98218540045933,45.86693652591134],[20.98316914519061,45.86639646818567],[20.98431911526875,45.86576527443991],[20.985840526861,45.86493978150357],[20.9873401315517,45.86410151168554],[20.98927804848115,45.86303064542668],[20.99050966322157,45.86234794337767],[20.99257871583213,45.86121351478136],[20.99431886830924,45.86025045005846],[20.9961656698517,45.8592315882365],[20.99790866359809,45.85827302552792],[20.99964709989547,45.85730831649826],[21.00124375909448,45.85639361787291],[21.00291546986577,45.85539973698532],[21.0044416954616,45.85448051302263],[21.00621334005015,45.85342186938414],[21.00778999286312,45.85248024961366],[21.00967746689135,45.85134684293923],[21.01150800997409,45.85025275832241],[21.01299484062794,45.84935998344131],[21.01465113007617,45.84837159307322],[21.01617778882843,45.84746922334148],[21.01768013907855,45.84657370635362],[21.01891768963255,45.84583470693773],[21.02085019575879,45.8446652096068],[21.0223652014401,45.84373633444203],[21.02321493362867,45.84320342303957],[21.02444679509684,45.84241745362728],[21.0260175218345,45.8414145980473],[21.02750652322788,45.84047065188895],[21.02903450617607,45.83950798124298],[21.03063653173812,45.83850475424686],[21.03240917026722,45.83738819392657],[21.0337590514941,45.83653014872187],[21.03527978307314,45.83557593739672],[21.03702169786046,45.83448535268109],[21.03809035637072,45.83378680818994],[21.03892204800104,45.83326591415256],[21.03916434005882,45.83310945319318],[21.03936715315416,45.832996649352],[21.03958323222588,45.83288387326014],[21.03984240714156,45.83277580987514],[21.04010806356181,45.83270242325971],[21.04036694546752,45.83266137447565],[21.04070201078321,45.83264359516949],[21.04102699637825,45.83265583559158],[21.04124911535052,45.8326794130396],[21.04202627127717,45.83281970635545],[21.04374286047434,45.83313527694161],[21.04573736231229,45.8334953053125],[21.04842425800351,45.83399573054325],[21.04986564752671,45.83427294293395],[21.05034619419488,45.83436635691578],[21.05107110289469,45.83449395590686],[21.05141592299742,45.83452469528679],[21.05167132557997,45.83452290032529],[21.05193017029591,45.83449106969673],[21.05218912118876,45.83443381842086],[21.05255849808065,45.8343375020658],[21.05414232175038,45.83381147230559],[21.0556263899697,45.83333414432326],[21.05794131498132,45.83257201721655],[21.05991303593571,45.83193108022145],[21.06148244284883,45.83141114861808],[21.06426275440965,45.83049891528763],[21.06723893961864,45.82951763746352],[21.06916198979474,45.82889021786264],[21.07124311006709,45.82821913637756],[21.07379463786262,45.82739973431233],[21.07627284465975,45.82659226833811],[21.07859572901729,45.82582787025634],[21.08014022523152,45.82532808941812],[21.08182463867802,45.82476383312471],[21.08209853300884,45.82466192626198],[21.08245055106854,45.82452388659014],[21.08310821978748,45.82423154437837],[21.0841987448869,45.82374510100499],[21.08543757938429,45.82319119092979],[21.08706703426124,45.82244151704654],[21.08854134735824,45.82177303202139],[21.09028975237579,45.82097115893181],[21.09280268230767,45.81985300018007],[21.09352051325391,45.81953956804001],[21.09500839973174,45.81886456710365],[21.09674422959934,45.81808129844256],[21.09736164516134,45.81777824575599],[21.09783922545621,45.81755852625221],[21.09853261114186,45.81724647946083],[21.09931212221529,45.81691004985006],[21.10055645032578,45.81636559722212],[21.10247382452585,45.81546226089936],[21.10408673136296,45.81474823647933],[21.1057860771798,45.81399313683023],[21.10654838188814,45.81360764939848],[21.10696433130948,45.81338847224134],[21.1089385342393,45.8125063204384],[21.10909341806459,45.81241934871455],[21.10919051081862,45.81235974482739],[21.10924663714205,45.8122896872209],[21.10927660847612,45.81224037298038],[21.10932890212591,45.81220408186341],[21.10942591342864,45.8121704563588],[21.10951164606098,45.81216798819268],[21.10967566516608,45.81216044258532],[21.10978758511782,45.81212683917835],[21.11006745379743,45.8120207480315],[21.11067211119532,45.81174628003514],[21.11296416231734,45.81073171136291],[21.11341527704448,45.81054854591882],[21.11376970406171,45.81043216422608],[21.11406063704963,45.81035985167744],[21.11439627985648,45.81029279939226],[21.11540441775714,45.81012163707111],[21.11631803507518,45.80996189671168],[21.11743056742275,45.80978490026648],[21.11919800963354,45.80950426816265],[21.11987447655166,45.8093977508841],[21.12139193331428,45.80920245965451],[21.12293664424973,45.80899571668691],[21.12483622900982,45.80873856564737],[21.12609016910327,45.8085593083145],[21.12790464691146,45.80830199091395],[21.12959565804334,45.80804447828842],[21.13201230777335,45.80767075390206],[21.13474783487969,45.80726058080031],[21.1355678172848,45.80714320060917],[21.13657807230101,45.80703798083899],[21.13737328123824,45.80693248253759],[21.13769768568037,45.80686794624005],[21.13801097828149,45.80677741548775],[21.1383056847591,45.8066686746298],[21.13860950020513,45.80653784641158],[21.13884827083057,45.80643942708123],[21.13910190149888,45.80635921077661],[21.13951209862674,45.80626360170807],[21.14061977684351,45.8060355375342],[21.14281039888865,45.80558226651034],[21.14501986111631,45.8051071188677],[21.14752447476481,45.80458520503309],[21.14978558008578,45.804130963145],[21.15206664370909,45.80366310847134],[21.15434352742268,45.80321187660707],[21.15654524182851,45.80278601725195],[21.15905315208754,45.8022799867546],[21.16130735903069,45.80182981591733],[21.16266638076851,45.80154154807748],[21.16310632486353,45.80143809475324],[21.16385579284135,45.80122844916354],[21.16454566154423,45.80100834429864],[21.16501639457878,45.80082999105959],[21.16626578384551,45.80034026915318],[21.16729874175208,45.79994366159806],[21.16827951303784,45.79959133199989],[21.16948403960499,45.79918167849158],[21.1700639881732,45.79898451784969],[21.17064191470145,45.79881102719914],[21.17101099620785,45.79872305939115],[21.17127567410091,45.79866876111036],[21.17157009544438,45.79864826340881],[21.17197400630004,45.79864941782964],[21.17326316658119,45.79871820208127],[21.17499687684102,45.79881077879189],[21.1763933190385,45.79887703466926],[21.17737330477506,45.79889352832254],[21.17876091021926,45.79891558366914],[21.1803260839032,45.79896895511858],[21.18073422454938,45.79896932134913],[21.18108825538473,45.79895145135162],[21.18148333407192,45.79890244176149],[21.18183370777891,45.79884819530509],[21.18207602847184,45.79878865680394],[21.18252401759294,45.79865389577812],[21.18287455751546,45.798503525844],[21.18313935552461,45.79837386278359],[21.18343778787488,45.79818967215373],[21.18385939220724,45.7978912783864],[21.18492478307547,45.7971499352962],[21.18609941936662,45.79635595882387],[21.18655039948355,45.7960439943864],[21.18757260640976,45.79531224812302],[21.18771978344668,45.79518334134631],[21.18779818084947,45.79509507889301],[21.18785798804758,45.79498342004993],[21.18788057505744,45.79484834936894],[21.18790305543626,45.79477562753716],[21.18795906977687,45.7947029334822],[21.18803369176086,45.79464324412427],[21.18820146346399,45.79458363172981],[21.18841389405127,45.79455523035125],[21.18857413884982,45.79453977503355],[21.18874565908078,45.79446717509902],[21.189025401239,45.79429594327627],[21.18980982781799,45.79373299742652],[21.19137755010504,45.79258891701426],[21.19255656381052,45.79170459091927],[21.19369042486311,45.79085835748137],[21.19461274934056,45.79018481332375],[21.19566879332842,45.78940143032544],[21.19657443266069,45.78872981432516],[21.1975381053687,45.78799296371743],[21.19836693610786,45.78738169682329],[21.19924979794758,45.78669717485351],[21.20053903107749,45.78573975777484],[21.20191833606863,45.78469636505177],[21.20337009408663,45.78360334188458],[21.20432033313094,45.78287763679931],[21.20532136098575,45.7820694383445],[21.20563172678152,45.78184069440928],[21.20597851360843,45.78159153037126],[21.20657123044812,45.78113628359347],[21.20747988667252,45.78043041930415],[21.20848790550908,45.77964862230685],[21.20963996420432,45.77874650707525],[21.2098637047991,45.77855960364748],[21.21003898996916,45.77839604956796],[21.21008750896791,45.77832334000861],[21.21009505757593,45.77824800645054],[21.21007281053896,45.77817005602238],[21.21005798604754,45.77811289325402],[21.21006924941131,45.7780453555622],[21.21011772730463,45.77800382031525],[21.21022582025657,45.77794933342995],[21.21046055201928,45.7779001222095],[21.21066174986811,45.77785868289451],[21.2107847286253,45.77781459605571],[21.21086300894343,45.77777048104971],[21.21137406390452,45.77736192188152],[21.21174323178836,45.77704520906442],[21.21231926850547,45.77653228969709],[21.21316210420764,45.775709278745],[21.21416551242064,45.77476244531061],[21.21560971951723,45.77336566714699],[21.21651839262731,45.77250328147207],[21.21709051532578,45.77193451674745],[21.21828505949974,45.77080505598037],[21.21921662087254,45.76990746983219],[21.22014195971329,45.76897659430033],[21.2207779426366,45.76837254235315],[21.22107619863523,45.76808953393011],[21.22199198961057,45.7672069096913],[21.22328091707753,45.76595718558043],[21.22428261270305,45.7649805408567],[21.22462731653855,45.76462564857486],[21.22469816780558,45.76453475895838],[21.22473552501429,45.76442306915705],[21.22473191851543,45.7643113584303],[21.224702219683,45.76422301526382],[21.22467998806831,45.76411649066988],[21.22466146407015,45.76402555513847],[21.2247068675587,45.7639292795723],[21.22476651860017,45.76386436305142],[21.22491183631869,45.76378390264367],[21.22504596032922,45.76372421933219],[21.22523592971219,45.76367755326535],[21.2253774854306,45.7636334603944],[21.22547806682575,45.7635997383171],[21.22555257807776,45.76356860092101],[21.22561220165104,45.76352966232238],[21.22566070475023,45.76344135822796],[21.22583324481361,45.76314508442005],[21.22629955488095,45.7623451654151],[21.22688268537382,45.76130957146641],[21.22755117941736,45.76008814227885],[21.2276295201242,45.75994107808799],[21.22766311873879,45.7598553643632],[21.22767063090798,45.75979042098247],[21.22765582442588,45.75970208588061],[21.22763060377433,45.75964631009168],[21.22759709492462,45.7596058649851],[21.22757274871735,45.75955265713306],[21.22756365647345,45.75949520100028],[21.22756982234784,45.75942924076708],[21.22761260215724,45.75934840318508],[21.2276828055904,45.75929311287648],[21.22775908329833,45.75926335959577],[21.22786280270499,45.75923932107226],[21.2279665104539,45.75922873154331],[21.22808849256845,45.75924368479],[21.22819520211955,45.75928203698309],[21.22828054763009,45.75933527378504],[21.22834760643456,45.75937573475291],[21.22840856964134,45.75941193713992],[21.22847565589191,45.75942473607677],[21.22859707486691,45.7594205396272],[21.22925590488587,45.75937616506233],[21.23022481231306,45.75930639876133],[21.23038647699404,45.75928732222626],[21.23055120822638,45.75925122394886],[21.23080935493554,45.75915272696469],[21.23148364572853,45.75887428377769],[21.23175954858507,45.75875357035245],[21.23190602486813,45.75866426660329],[21.23199758568152,45.75859408868364],[21.2320800026426,45.75851752295648],[21.23216854861671,45.75840904210692],[21.23226035578917,45.75826508323001],[21.2323031392596,45.75817147727065],[21.23232763919944,45.7580608404205],[21.23235825244434,45.75793531116542],[21.23239797627472,45.7578523426808],[21.23247596757638,45.75777787631683],[21.23255530533456,45.75773109883051],[21.23267733072412,45.75769497915011],[21.23280848632344,45.7576801417297],[21.23296400585033,45.75770361591925],[21.23315000867627,45.75774412587533],[21.23380856932655,45.75797421693574],[21.23537134547482,45.75852599021268],[21.23732623637723,45.75918062159318],[21.23743296552971,45.7592019427527],[21.23755497053665,45.75919135233062],[21.237655646916,45.75915521920463],[21.23773193262916,45.759108437107],[21.23775332173745,45.75905950531375],[21.23780547429818,45.75868502641838],[21.2379998459693,45.75734814349126],[21.23814703581313,45.75635665406737],[21.23821808359405,45.75585381695342],[21.2382049504421,45.75577624748929],[21.23811590206273,45.75572282872473],[21.23798882235322,45.75570408529577],[21.23687439721589,45.75566518095808]]},"properties":{"line":"M50","dir":"1","mode":"bus"}},{"type":"Feature","geometry":{"type":"LineString","coordinates":[[21.21511354178663,45.74541786231992],[21.21490124720306,45.74520082043248],[21.21471012440275,45.74498292119037],[21.21399786082553,45.74426782651315],[21.2131991630144,45.74344097743867],[21.21279354390798,45.74298831163819],[21.21252054952334,45.74264239782215],[21.21192815981931,45.74187660112911],[21.21157718139859,45.74143535432963],[21.21105394513199,45.74078324517863],[21.21078116209331,45.74042058915676],[21.21044194128032,45.73991398530787],[21.21014173323631,45.73952870431829],[21.21002083451024,45.73940885233099],[21.20991161967063,45.73933257467382],[21.20981018517191,45.73930259371719],[21.20967753401747,45.73927532793142],[21.20959561730315,45.73922901223284],[21.20955663731152,45.73915275174679],[21.20954887107127,45.73907922232657],[21.20958403714908,45.73898391792469],[21.20964650232199,45.73891585283409],[21.20971285392067,45.73887774431406],[21.20976751082015,45.73881784680053],[21.20978316252531,45.73873070693601],[21.20979110886707,45.7386345676636],[21.20972889550141,45.73821517549697],[21.20949546890536,45.73689015961319],[21.20923089012921,45.73547551948858],[21.20887413665895,45.73358003023994],[21.20881064211846,45.73332182329013],[21.20870939455687,45.73296233125866],[21.20857305743955,45.7325592572222],[21.20846785559965,45.73230052133749],[21.20833178624367,45.73203389131477],[21.20821099000322,45.7317615366338],[21.20806674066306,45.73157359507875],[21.20756861618178,45.73095315666193],[21.20672578057627,45.72991262917782],[21.20637151820196,45.72958330399279],[21.20612197090042,45.72935448184611],[21.20583342461049,45.72910386101232],[21.20536658026471,45.72867726376022],[21.20511316947232,45.72839942040762],[21.20478745034329,45.72798157755081],[21.20435084591826,45.72745858943799],[21.20389477097605,45.72688657208135],[21.20348187173897,45.72640394874103],[21.20328697268399,45.72622843658743],[21.20315441336611,45.72611129727677],[21.20303353322757,45.72603228647672],[21.20292435614677,45.7259532791217],[21.20282297423369,45.72588516693397],[21.20276451862764,45.72579255897738],[21.20269048885596,45.72565365106244],[21.2025853399948,45.72537584803372],[21.20250041614885,45.72522586511349],[21.20234062640539,45.72499706398865],[21.20181051052648,45.72437055083805],[21.20085209267442,45.72321544616041],[21.19984491072515,45.7220214043925],[21.19903527483259,45.72102897794454],[21.19882092159039,45.72076747104742],[21.19816040535061,45.71997049816058],[21.19730207255603,45.71892635098447],[21.19670963884941,45.71820275053374],[21.19612118940264,45.71750810455185],[21.19529674552458,45.71647841060474],[21.19454132032304,45.7155799228558],[21.19382309790505,45.71476424081494],[21.1932581269529,45.7140668688887],[21.19255782957729,45.71324739599783],[21.19206919604094,45.71266477711323],[21.19137209776538,45.71172994365219],[21.19049646636461,45.71067448180051],[21.18976056995072,45.70977883757926],[21.18896374160392,45.70880699511078],[21.18790808027147,45.70755348750873],[21.18701578387602,45.70652141424664],[21.18690757338347,45.70638725389623],[21.18681409777124,45.70629436491966],[21.1866615249733,45.70620832637128],[21.18643014194395,45.70614632265479],[21.1862725972264,45.70611186242139],[21.18613476845622,45.70605677832744],[21.18601664941315,45.705987947842],[21.1859428840169,45.70588131111122],[21.18592820649854,45.70577814038567],[21.18597249578624,45.70565617457692],[21.18601196308151,45.70557710169658],[21.18602683542903,45.70547050760581],[21.18600231140607,45.70536733418189],[21.18592860443187,45.70520224067911],[21.18567285773241,45.70487544138959],[21.18540969503016,45.70457915752844],[21.18509975541615,45.7043972937644],[21.18483614662491,45.70422540820408],[21.18466519435315,45.70407596931945],[21.18441239173413,45.70378957903779],[21.18405636053167,45.70335875706932],[21.18386531607884,45.70311061909674],[21.18380837751202,45.70301599795868],[21.1837977523316,45.70294629202188],[21.18386203094427,45.70282434619828],[21.18385854898087,45.70273970769261],[21.18382657120531,45.70263514096044],[21.18339878804763,45.70209416236063],[21.1827421121635,45.7013148239712],[21.18239068466452,45.70089238471218],[21.18224312797867,45.70071601076445],[21.18208169929413,45.70049396578268],[21.18190298716697,45.70029395167608],[21.1816825617868,45.70002588408816],[21.18159286070874,45.69990138778395],[21.18153741861892,45.69983521060375],[21.18141366271633,45.69966914352074],[21.18131524870871,45.69955395606375],[21.18126572529802,45.69948370668429],[21.18122263027729,45.69943405550528],[21.18118554460475,45.69938443872685],[21.18115435176354,45.6993344792383],[21.18111734938822,45.6992889718641],[21.18107456377952,45.69925185260801],[21.18101313335981,45.69919561253595],[21.18096979227207,45.69916115680898],[21.18091652817506,45.69909931622816],[21.18088230983804,45.69905516098522],[21.18084066107034,45.69900756613893],[21.18077438277537,45.69893193051337],[21.18045647968084,45.69853500618111],[21.18004342744423,45.69802585676508],[21.17933356308176,45.69717544184039],[21.17880251874083,45.69652523698343],[21.17816799898104,45.69578176510544],[21.17720726387485,45.69460881118831],[21.17646777136036,45.69369572101115],[21.17610398948612,45.69329498741688],[21.17526237692962,45.69227136196643],[21.1741400492809,45.69089567332879],[21.17293415583362,45.68945039526602],[21.17179243345169,45.68804076898022],[21.17027071186504,45.68620739521632],[21.16933583421079,45.68509341386073],[21.16904871362033,45.68472882330065],[21.1688517986813,45.68442541312324],[21.16869834634943,45.68413565860056],[21.16859180010511,45.68377118051318],[21.16851870865692,45.6833927058991],[21.16851258394094,45.68293951873804],[21.16855985339437,45.6825791653471],[21.16868750455154,45.68210270259083],[21.16892257987758,45.68127590235724],[21.16946042530462,45.67895393135062],[21.17001835935336,45.67656411181439],[21.17059271349998,45.67407503987737],[21.17084128139111,45.67310480959328],[21.17085137450887,45.67297382403699],[21.17085148303116,45.6728838274013],[21.17080864878132,45.67280280486091],[21.17074431975175,45.67274576867421],[21.17068430564407,45.67267073558411],[21.17065867689361,45.67256272379617],[21.17072279146446,45.67246356318883],[21.170795847826,45.67240360876377],[21.17090751703794,45.67236467636791],[21.17102344301755,45.67235574516131],[21.17117368173918,45.67237383301398],[21.17125089723048,45.67242487641629],[21.17132379441918,45.67249691640269],[21.17143102268057,45.67258097589848],[21.17160268804847,45.67263207423662],[21.17202334626238,45.67269231664107],[21.17224655512037,45.67272244466766],[21.17243109031978,45.67278254870529],[21.17256836922937,45.67286962416101],[21.17265411628483,45.67296866936882],[21.17269696701805,45.67303769113855],[21.17266684763029,45.67309467148925],[21.17245641382335,45.67315154801874],[21.17197541168221,45.67328926410057],[21.17185514466185,45.67333719231914],[21.17177353066525,45.67337314336326],[21.17169621334138,45.67340609703956],[21.17161463497908,45.6734120492388],[21.17155455502539,45.67339101502478],[21.17150738712326,45.67334298941857],[21.17148597857667,45.67329497885602],[21.17148604330039,45.6732409810611],[21.17151187442795,45.67318099859219],[21.1715548459597,45.67314802504539],[21.17162789132456,45.67309706977285],[21.17172669566943,45.67304612947893],[21.17179546896696,45.67297717238555],[21.17183849015751,45.67290220053702],[21.17183856878418,45.672836203324],[21.1718343399427,45.67278220310234],[21.17178286841039,45.67274317475056],[21.17170992396023,45.67271013362456],[21.1715983195964,45.6726950691046],[21.17149958756453,45.67268601176055],[21.17140513790699,45.67268595646916],[21.17129347952381,45.67271588978081],[21.17117749892383,45.67276981947705],[21.17109590328478,45.672790770637],[21.17100572107086,45.67281171668429],[21.17092845094644,45.67280567136977],[21.17083402978913,45.67278161657931],[21.17074820953633,45.67274556726274],[21.17068819566799,45.67267053468355],[21.17065827778632,45.67255952125935],[21.17072279509046,45.67246056331288],[21.1707958514475,45.67240060888736],[21.17091181438554,45.67236180651624],[21.17097201628852,45.67228084526341],[21.17102796826213,45.67216388295157],[21.17115725634321,45.67175297538103],[21.17126079788184,45.67133005194405],[21.17145925303696,45.67051777989045],[21.1717052333018,45.66944630912231],[21.17193585302308,45.66841042680343],[21.17217344440581,45.66715782404095],[21.17227666016573,45.66634050636327],[21.17235452983276,45.66583057002471],[21.17248877190874,45.66483964100555],[21.17262304040302,45.66382137714464],[21.17280196570448,45.66243553263555],[21.17297954397307,45.66107712242449],[21.17317019213097,45.65954572489382],[21.17336186313747,45.65809383258951],[21.17355661414415,45.65670858747472],[21.17368677414295,45.65549820240046],[21.17378205275433,45.65475683374359],[21.17385984521029,45.6542888966033],[21.17398221808003,45.65363993562082],[21.17416391066946,45.6523863085079],[21.17434127330007,45.65115930787413],[21.17452300097645,45.64986112220785],[21.17463775406606,45.6489582504521],[21.17485225049144,45.6474631873805],[21.17493421332698,45.6470852483388],[21.17498166495119,45.64686628361771],[21.17502909909539,45.64666231813751],[21.17513671414444,45.6463653892487],[21.17522279112598,45.64614044500038],[21.17533030976243,45.64591725712925],[21.1755409855085,45.64555138724055],[21.17574730859228,45.64523900894356],[21.17597939423602,45.64490914874877],[21.17623718028229,45.64461829946588],[21.17650781433134,45.64434701037865],[21.1771779480285,45.64367539568999],[21.17756608119229,45.64330975820581],[21.17776373046398,45.64306387302486],[21.17803457404706,45.64258703382586],[21.17898837694678,45.64081161252374],[21.17989565297417,45.63910166127918],[21.18000960272496,45.6389298151675],[21.18019434138815,45.63869591900708],[21.1804090498191,45.63852203535148],[21.18084268514399,45.63824026603251],[21.18187299692392,45.63766480042454],[21.18362920265161,45.63665904051602],[21.18410741681405,45.63638966402263],[21.18451955112076,45.6361258685688],[21.18487162448816,45.63585604250412],[21.18517650583874,45.63558319187134],[21.18571783937404,45.63508794861111],[21.18639199324247,45.63447028058248],[21.18680853006097,45.63406248119334],[21.18708166948141,45.63374223316302],[21.18733083279567,45.63337935907959],[21.1875801123388,45.63288748736467],[21.18823187781149,45.63149236316728],[21.18869579235385,45.63047257260564],[21.18931433936151,45.62916560748266],[21.18982579045834,45.62806015041371],[21.18997475929794,45.62779604505882],[21.19018528190027,45.62741814986945],[21.19035283028946,45.62712723239554],[21.19067073359166,45.62658138620378],[21.19095803344683,45.6261157718118],[21.19109549861993,45.62588183830306],[21.19123730307597,45.62558790831037],[21.19143067388219,45.6251822102343],[21.19171435494194,45.6244983540132],[21.19183865816471,45.62414163649245],[21.19200632015352,45.62369172315249],[21.19207951138722,45.62336476540737],[21.19220030607349,45.62252818739873],[21.19229119240529,45.62154639890542],[21.19234743398173,45.62096208538557],[21.19239050651463,45.62074311161993],[21.1924249460927,45.62059013153276],[21.19248081904314,45.62045215928143],[21.19255386328052,45.6202961942622],[21.19267014615617,45.62011432506742],[21.19285046595436,45.61989840613975],[21.19323681650028,45.61949057626574],[21.19366178812425,45.61905275985798],[21.19417902189786,45.61856279250901],[21.19449789037544,45.61822676349096],[21.19475189640072,45.61796624782],[21.19489781506139,45.61781522303873],[21.19507107928458,45.61762391875602],[21.19521703092927,45.61742757084337],[21.19533599618534,45.61721232779843],[21.19541174068999,45.61702350726312],[21.19547133421906,45.61677047180523],[21.19548773681782,45.61650608881219],[21.19546633149039,45.61625302203051],[21.1952786418948,45.61456247629468],[21.19515519250359,45.61360306768198],[21.19511224993907,45.61327445351121],[21.19511242801262,45.61304405697945],[21.19511805210931,45.61275322996488],[21.19515065600496,45.61248507432089],[21.19521032609972,45.61213066299315],[21.19533498104666,45.61152261143405],[21.19557885814124,45.61034567444825],[21.1958479058128,45.60904115881245],[21.19610261615908,45.6077877208988],[21.19646015898443,45.60618124371594],[21.19674663713986,45.60486702954561],[21.19722876784049,45.60264103330132],[21.19778151115005,45.60012351575882],[21.19807395898636,45.59882269379275],[21.19850707295241,45.59681699840886],[21.1987670553544,45.59557815703931],[21.19883562909504,45.59527658859321],[21.19884652643314,45.59513306707767],[21.19884668691268,45.59490644827183],[21.19887382549417,45.59469494669352],[21.19890637224628,45.59446833885978],[21.19891723176261,45.59437769493261],[21.19888489064884,45.59431347485628],[21.19877159156123,45.59423789563105],[21.19862048441821,45.5941962960032],[21.19825347597579,45.59414328900984],[21.1958068968692,45.59388828577561],[21.19433987628741,45.5937303824125],[21.19376488174567,45.59367218403685],[21.19345508030925,45.59364031492231],[21.19339206643449,45.59363476727214],[21.1933684433544,45.59362648563247],[21.19335075215875,45.59359753642171],[21.19335275007024,45.59357273246881],[21.19337837889521,45.59354931986909],[21.19341186784668,45.59354107034441],[21.19344336998661,45.59354797834825],[21.19347289008202,45.59356590970619],[21.19349059238421,45.59358521247995],[21.19351814470481,45.59360176465881],[21.19485716884732,45.59374031462496],[21.19712466429472,45.59398326748659],[21.19878241495499,45.59415727438125],[21.19888521163394,45.59414400880211],[21.19895376965814,45.59410941566416],[21.19902242780446,45.5939789281544],[21.19914077643472,45.59365401404758],[21.19923241618768,45.59338768831017],[21.19939690390517,45.59262328107085],[21.1996722840787,45.59137005889797],[21.19989129232432,45.59035091833131],[21.2002131232546,45.58882316455456],[21.20045323393528,45.58770656547066],[21.20053875181642,45.58736764233618],[21.20057171234274,45.58726523423605],[21.20059867126114,45.58718999695797],[21.20063754783526,45.58714402973767],[21.20069432653466,45.58711688415022],[21.20078991991839,45.58710438988856],[21.20087653134135,45.58711279407459],[21.20095415882125,45.58714418706614],[21.20105865587924,45.58718813510249],[21.20116610622298,45.58726552934165],[21.20131230686303,45.58742237400038],[21.20186735440708,45.58811467638481],[21.20344524382017,45.59016750491292],[21.20486491348555,45.59200262239583],[21.20501575983774,45.59212523098493],[21.20549860690396,45.59237475775297],[21.2057702207366,45.59250587330311],[21.20601169783863,45.59257781790995],[21.2067724764005,45.59267535240221],[21.2095769821172,45.59301039418518],[21.20977019208457,45.59304005459115],[21.2100660096639,45.59312891499751],[21.21120272307378,45.59355615622692],[21.21329290200891,45.59429973612076],[21.21402941627716,45.59457467977599],[21.21428296554416,45.59468041547455],[21.21494184230923,45.59511168468254],[21.21639388527971,45.59612611601542],[21.21826468950395,45.5974220224557],[21.21836126715003,45.59748966348014],[21.21835519841192,45.59753191608764],[21.21804104582995,45.59770505063458]]},"properties":{"line":"M51","dir":"0","mode":"bus"}},{"type":"Feature","geometry":{"type":"LineString","coordinates":[[21.21803774282596,45.59770931587041],[21.21690772220083,45.59844301140799],[21.21474757945137,45.59991058444218],[21.2119985911775,45.6017973474332],[21.21076460520605,45.60266772313545],[21.21049807347249,45.60289318367621],[21.21031568142037,45.60307944925975],[21.21019636144539,45.60327554859177],[21.21001370001547,45.60377565411836],[21.20993646565556,45.60393254238041],[21.20981206323427,45.60405077268978],[21.20894265950259,45.60434953116994],[21.20831865750043,45.60455521835658],[21.2081503578986,45.60464341204681],[21.20806615147113,45.60475125687738],[21.20777759806728,45.60607023396715],[21.20735528469852,45.60801017830782],[21.20729217136932,45.60803957268711],[21.20579229607955,45.60783294661389],[21.2057011569582,45.6078476163302],[21.20557491452128,45.60792111451042],[21.20536396117561,45.60862715341523],[21.20531644428385,45.6087322990406],[21.2052112429468,45.60879109529517],[21.20506402436106,45.60880573874747],[21.20448226133865,45.60875643278915],[21.19920504616034,45.60819483284601],[21.19625448044509,45.60791377488076],[21.19616332814118,45.6079382443485],[21.19610016575236,45.60800686209295],[21.1958319076417,45.60929314161169],[21.19549302190059,45.61094460765504],[21.19520985043503,45.61238895522232],[21.19517377313998,45.61267655988562],[21.19515557259411,45.61296417535444],[21.19517299832187,45.61337218626674],[21.1952837647218,45.61423824503315],[21.19547427788375,45.6157453889705],[21.19553629187637,45.61625163690164],[21.19554041742074,45.61656114607169],[21.19552675099643,45.61679248765569],[21.19545942343316,45.6170456850589],[21.19534289284626,45.61733012014665],[21.19515464241923,45.61759211896887],[21.19470713741081,45.61806082729955],[21.19369792643653,45.61909548413619],[21.19280734120222,45.62000668633716],[21.19263721705059,45.62023481414718],[21.19252969320091,45.62044679651251],[21.1924399607964,45.6207312430748],[21.19238142202773,45.62109889199599],[21.19224640863984,45.62265237443416],[21.1921652867657,45.62321778794402],[21.19208440472891,45.62357414399082],[21.19194984094176,45.62396173399014],[21.19171062621271,45.62462148315218],[21.19138787304764,45.62537162082229],[21.19120008110952,45.62576792789354],[21.19104327824213,45.62605233303939],[21.19065360761814,45.6266711223449],[21.19015041664091,45.62754984269042],[21.18987262810206,45.62805614698776],[21.18963508643547,45.6285506268218],[21.18908975777544,45.62973814652023],[21.18839224056247,45.6312496511305],[21.18787349372344,45.63236205973368],[21.18742972282607,45.63327857095531],[21.18725800751077,45.63356190523388],[21.18691766434755,45.63399313096927],[21.18647254191426,45.63443481778223],[21.18599355642869,45.63488471490204],[21.18555180058854,45.6352820609693],[21.18510177515292,45.63569758036497],[21.18473807875119,45.63600346826194],[21.18425920312468,45.63635018631998],[21.18380548528808,45.63661448805041],[21.18304479333175,45.63704543197151],[21.18201706221728,45.63762937518005],[21.18119806955597,45.63807884061321],[21.18071029788871,45.63836301126837],[21.18046414556607,45.6385254161674],[21.18025684618157,45.63869585302196],[21.18010008581962,45.63888332756168],[21.17987153630846,45.63924582970356],[21.17947063127433,45.6399796835866],[21.17876467778109,45.64132775770734],[21.17796312295711,45.64279849455984],[21.17777861688241,45.6431113255713],[21.17758151874916,45.64334878903046],[21.1771471733663,45.64375178225249],[21.17633284221819,45.64457977530083],[21.17605065060041,45.64489533677055],[21.17582932588082,45.64519508365121],[21.17546179297395,45.64576068912197],[21.17519910581737,45.6463219787144],[21.17503732979884,45.64685021622323],[21.17491831824819,45.64754520722842],[21.17463338695595,45.64969076956653],[21.17440585016228,45.65127205782244],[21.17415258110664,45.65315554844619],[21.17389066482068,45.65482840192394],[21.17364931684513,45.65658034369339],[21.17337321935782,45.65873833454502],[21.17307458928337,45.66099164083797],[21.17288598204684,45.66251064608394],[21.17255108407871,45.66505366124175],[21.17232029101135,45.66675756104333],[21.1722230993091,45.66740756692003],[21.1719075719527,45.66894861757863],[21.17161682827157,45.67022043011101],[21.17122189338042,45.67183806508965],[21.17115865876038,45.67222535614999],[21.17117641960685,45.67231290706296],[21.17121207696348,45.67240047153598],[21.17129697879864,45.67246931514667],[21.17141762560367,45.67256944906826],[21.17155624171567,45.67262270128448],[21.17178436491826,45.67266038879384],[21.1721869514465,45.67271696457349],[21.17230771528181,45.67274206568021],[21.17243738957114,45.67279218417187],[21.17255807319071,45.67287043316282],[21.17268314149093,45.67300808649155],[21.17270097957991,45.6730450846021],[21.17266064564466,45.67308882346908],[21.17237863441609,45.67317927743105],[21.17204292256128,45.67327594350302],[21.17189968143272,45.67331960519427],[21.17169821298767,45.67340386569717],[21.17161318392334,45.6734163073517],[21.17155059328188,45.67338499670843],[21.17150591397328,45.67334432051585],[21.17148810400282,45.67328803266552],[21.17149716328539,45.67321613338416],[21.17153751766418,45.67315988945389],[21.17164501817656,45.67308181148376],[21.17173007542898,45.67305061195246],[21.17182420567326,45.67293813418186],[21.17183770971127,45.67288499654093],[21.17182892938198,45.67277556812541],[21.17173952347107,45.67272547965592],[21.17168138856842,45.67270667804571],[21.17148903456853,45.67268464913244],[21.1713995519195,45.67268458178262],[21.17128316161474,45.67272513641574],[21.17119361593565,45.67276571126818],[21.17111298445782,45.67282817718475],[21.17102332679478,45.67294065778342],[21.17095138556539,45.67316882675905],[21.17066327211707,45.67430213886905],[21.17038349449884,45.67539824163076],[21.16994604234731,45.67729190305034],[21.16958848139191,45.67881014530176],[21.16917552794044,45.68054350537594],[21.16872357364545,45.68243980446935],[21.16867836534171,45.6827273943296],[21.16864650181179,45.68306695124532],[21.16865489294974,45.68341710895031],[21.16873484781684,45.68379171703341],[21.16885959129759,45.68414196559736],[21.1690156875955,45.68447782684537],[21.16925675796968,45.684846921898],[21.16951580167177,45.68517226299128],[21.17048951958155,45.68636769875253],[21.17176548481562,45.68789988876799],[21.17289633285725,45.68928123042118],[21.17372996148382,45.69028897042001],[21.17491623740501,45.6917217850015],[21.1760498826861,45.69308256945216],[21.17662558551039,45.6937647024028],[21.17766215848297,45.69503592619468],[21.1791860459308,45.69688307140466],[21.18056113862028,45.69855613426945],[21.18122289374308,45.69926490845533],[21.18165638369051,45.69978729807371],[21.18210722914516,45.7003469303419],[21.18273732487453,45.70114769017639],[21.18403005227278,45.7027332426035],[21.18497131713643,45.70387316299142],[21.18553303051286,45.70458514462451],[21.18592193487604,45.70502933094743],[21.18607944779151,45.70520536761915],[21.18620466872433,45.70530548857036],[21.18636128333136,45.70536186030585],[21.18658506595359,45.70540576835585],[21.18678198074678,45.70545591213234],[21.1868982863672,45.70552789012759],[21.18699214549107,45.7056498758176],[21.18700986381593,45.70579995161485],[21.18697832533005,45.70595937631708],[21.18696022527925,45.70611255685261],[21.18698611901563,45.70623900112393],[21.18706204783558,45.70637973346676],[21.18725424642087,45.70662370736247],[21.18871538261412,45.70841389478834],[21.19021463213929,45.71020144721925],[21.19146910394924,45.71166604654691],[21.19208322404126,45.71245444237464],[21.19278518038509,45.71330520879718],[21.19382992953686,45.71456785532573],[21.19479198142008,45.71575601911915],[21.19607162734281,45.71730941699787],[21.19700741830021,45.7184151765926],[21.19784986275707,45.71943388713276],[21.19869350196036,45.72046181849655],[21.19961058288804,45.72158462322913],[21.20017860619068,45.72225707585411],[21.20102420753022,45.72328458475062],[21.20163698899957,45.72401958093229],[21.20255139547793,45.725142870933],[21.20280643677177,45.7253712162659],[21.2029943935921,45.7255088655102],[21.20315997189637,45.72563399873764],[21.20325839043149,45.72574346822146],[21.20333439009701,45.72587797669437],[21.20341479863943,45.72608747978196],[21.20349525944021,45.72624383544161],[21.20368760755779,45.72647840348716],[21.20433750896018,45.72725338766858],[21.20454782428418,45.72743793986199],[21.20516540275622,45.72793219105752],[21.20551889096325,45.7282244786673],[21.20572922795739,45.72839339671653],[21.20590368288009,45.72862169916403],[21.20633193557052,45.72921786721016],[21.20704643916122,45.73016219343685],[21.20810014397504,45.73143537927836],[21.20836432208953,45.7318231886667],[21.20859694395734,45.73214217496103],[21.20873558263731,45.73237983663579],[21.20883382632184,45.73271377879299],[21.20898554485929,45.73336725192901],[21.2092312429862,45.73501642373615],[21.20956873255648,45.7368742864698],[21.20991179144037,45.73869026958989],[21.20997425640067,45.73897901364124],[21.2100368353114,45.73913535641162],[21.21014864366486,45.73934486764283],[21.21040813679606,45.73972013717924],[21.21146079154141,45.74108982986554],[21.21291798613946,45.7429433297998],[21.21428853191127,45.74443246658865],[21.21555274222652,45.7457161366486],[21.21606400978709,45.74618258605826]]},"properties":{"line":"M51","dir":"1","mode":"bus"}},{"type":"Feature","geometry":{"type":"LineString","coordinates":[[21.207156,45.750433],[21.207335,45.750461],[21.207414,45.750467],[21.20746,45.750464],[21.207508,45.750454],[21.207563,45.75043800000001],[21.207608,45.750411],[21.207641,45.75039],[21.207668,45.75036],[21.207701,45.750313],[21.207787,45.75018500000001],[21.207913,45.74999],[21.208087,45.74973],[21.208236,45.749509],[21.208309,45.749401],[21.208419,45.749233],[21.208586,45.748982],[21.208714,45.74879],[21.208807,45.748653],[21.208972,45.74840699999999],[21.209052,45.748286],[21.20915,45.748141],[21.209321,45.747886],[21.209422,45.747741],[21.20954,45.747566],[21.209626,45.747439],[21.209799,45.74719],[21.209891,45.74705600000001],[21.210069,45.746787],[21.210144,45.746675],[21.210323,45.746415],[21.210416,45.74628],[21.210568,45.74605900000001],[21.210729,45.745821],[21.21089,45.745586],[21.211062,45.74533599999999],[21.211129,45.745239],[21.211165,45.745187],[21.211209,45.745134],[21.211226,45.745117],[21.21126,45.74509],[21.211295,45.74507],[21.21132,45.745057],[21.211364,45.74504000000001],[21.211407,45.745029],[21.211456,45.74502],[21.211504,45.745016],[21.211551,45.74501699999999],[21.211595,45.74502],[21.211643,45.745034],[21.211847,45.74510000000001],[21.212236,45.745233],[21.212623,45.74536299999999],[21.213004,45.745491],[21.213471,45.745648],[21.213725,45.74573399999999],[21.214109,45.745861],[21.214438,45.74597299999999],[21.214847,45.746111],[21.215157,45.746216],[21.215486,45.746328],[21.215681,45.746389],[21.215857,45.746448],[21.216018,45.74650299999999],[21.216159,45.74654999999999],[21.216275,45.746593],[21.216365,45.74663499999999],[21.216454,45.746683],[21.216511,45.746717],[21.216573,45.746768],[21.216646,45.74683],[21.216832,45.747011],[21.216949,45.747125],[21.217083,45.747254],[21.217204,45.747373],[21.217322,45.747493],[21.217525,45.747695],[21.217616,45.74778700000001],[21.217689,45.747854],[21.217751,45.74791799999999],[21.217821,45.74797],[21.217884,45.74801500000001],[21.217994,45.748082],[21.218114,45.74815],[21.218235,45.748217],[21.21838,45.748293],[21.218646,45.748436],[21.218712,45.748462],[21.218766,45.748473],[21.218825,45.748474],[21.218884,45.748464],[21.218937,45.748447],[21.218978,45.74842400000001],[21.219025,45.748389],[21.219067,45.74833],[21.219316,45.747985],[21.219589,45.747595],[21.219822,45.747268],[21.220039,45.746963],[21.220269,45.74664599999999],[21.220424,45.746426],[21.220575,45.74621800000001],[21.220761,45.745968],[21.220809,45.74591600000001],[21.220874,45.74584],[21.220991,45.745708],[21.221115,45.745586],[21.221214,45.74549300000001],[21.221422,45.745291],[21.221697,45.74502600000001],[21.221932,45.744802],[21.222147,45.744595],[21.222366,45.744384],[21.222719,45.744043],[21.22299,45.743782],[21.223286,45.74350099999999],[21.223493,45.743299],[21.223833,45.742969],[21.224073,45.742739],[21.224357,45.742469],[21.224623,45.742214],[21.22492651140617,45.74194550219053],[21.22513902516684,45.74173478580847],[21.22524738014601,45.7416320899378],[21.22528527441707,45.741552725157],[21.22531212459685,45.74146498845495],[21.22530335008597,45.74136392943027],[21.22523875604647,45.74103520124193],[21.22515174683254,45.74065246291727],[21.22508430653591,45.74028891998479],[21.22504104446735,45.74008752769269],[21.22502300528032,45.73994816323275],[21.22500481254279,45.73974368005851],[21.2249984106808,45.73961310323109],[21.22500055516351,45.73933457450629],[21.22500245215144,45.73908213874054],[21.22501244357145,45.73868838508979],[21.225010028447,45.7385891008369],[21.22500493424807,45.73852915566159],[21.22498421773193,45.73847402941177],[21.22494359115185,45.73841931003491],[21.22487665772489,45.7383466389403],[21.22484215393994,45.73831430823338],[21.2248220179263,45.73825066179171],[21.22482651771045,45.73820704638319],[21.22484642210186,45.7381618071434],[21.22493462056675,45.73803450634877],[21.22525638754346,45.73757661554901],[21.22557194546853,45.73713824954836],[21.22596757246723,45.73657237041497],[21.22620658845159,45.73624723999397],[21.22626506701366,45.73615204315097],[21.22631125560721,45.73599025781257],[21.22636847683477,45.73582297341077],[21.22641924584859,45.73568375625597],[21.22654511778628,45.73536236398906],[21.22658322150416,45.73526212721757],[21.22662324987879,45.73521328537287],[21.22668391553016,45.73517580215789],[21.22678556232989,45.73514288011399],[21.22686403449164,45.73513587529988],[21.22696249164959,45.73514981424192],[21.22723796206097,45.73523687019216],[21.22799687644828,45.73547871823876],[21.22883359243833,45.73574325585334],[21.22955815824837,45.73596171711362],[21.22987857885743,45.73606412749363],[21.23037300918969,45.73623742003414],[21.23059604928316,45.7363136753445],[21.23079806477314,45.73637907548785],[21.23095153598058,45.7364161817454],[21.23114162982808,45.73645450082442],[21.2312969175887,45.73648739716801],[21.23143597121541,45.73652445162669],[21.23165303058656,45.73659355072584],[21.23218496301189,45.73675526809206],[21.2329455011788,45.73699526252152],[21.23351803091807,45.73717646045066],[21.23403943751589,45.73733568618322],[21.23474176265674,45.73755929877271],[21.2356763267195,45.737846313311],[21.23623010364229,45.73802196744131],[21.23678887866682,45.73819415697941],[21.2375106991617,45.73841870139695],[21.23782288981257,45.73851002353716],[21.23794461500652,45.73854180083219],[21.23807941566369,45.73856120121418],[21.23820861862032,45.73857294444775],[21.23839703815774,45.73856849885001],[21.23859373858826,45.73855471983802],[21.23920960975952,45.73850361849487],[21.23983522961472,45.73843462885827],[21.2404726522745,45.73835428432683],[21.24123643300696,45.73826474123783],[21.24205160134957,45.73816664943598],[21.24293068711165,45.73805747889365],[21.2440379329395,45.73791820086676],[21.24481254191466,45.73782723798571],[21.24576406063661,45.73770860178411],[21.2467730984702,45.73758523946917],[21.24748080903179,45.7374966629837],[21.24839554555996,45.73738559799384],[21.24886439162065,45.73732775206657],[21.24914776238117,45.73729866591798],[21.24943244322403,45.73727282434984],[21.2497692698939,45.73725403793939],[21.2500518465162,45.73723598037441],[21.25021983296617,45.73721696556211],[21.25043169917917,45.73718231767312],[21.25064123417996,45.73713691830313],[21.25089450519076,45.73707801543284],[21.25143635279639,45.7369411651681],[21.25190510008769,45.73681677370637],[21.25222432437275,45.73672296424148],[21.25262352059597,45.73658667331294],[21.25301325913106,45.73643192283851],[21.25355389213328,45.73618761254999],[21.25385675746544,45.73603117939767],[21.2543743140873,45.73574621946626],[21.25467659060553,45.73557848353673],[21.25523437730162,45.73527125266525],[21.2558225551603,45.73494562243252],[21.25657534849591,45.73453185261421],[21.25728215492923,45.73414642360822],[21.25815729763581,45.73368646586803],[21.258292817223,45.73361369443887]]},"properties":{"line":"1","dir":"0","mode":"tram"}},{"type":"Feature","geometry":{"type":"LineString","coordinates":[[21.25831831544792,45.73364081381314],[21.25807073195461,45.73378171489041],[21.25768137223866,45.73398881265781],[21.25732086388161,45.73416566699292],[21.25678519516521,45.73445484713206],[21.25634233361426,45.73469622326719],[21.2556632825245,45.73507262114146],[21.2548983295456,45.73549371011958],[21.25411173492319,45.73593112742006],[21.25368578757803,45.7361565971709],[21.25335143684695,45.7363185326455],[21.25310848774747,45.73642490376179],[21.25274278414511,45.73657457435417],[21.25239808389043,45.73669910727523],[21.25196899291894,45.7368338469055],[21.25149708423418,45.73695980134718],[21.25076135502105,45.73714166330873],[21.25052229157493,45.73719987752482],[21.25026996369079,45.737243221319],[21.25006242178661,45.73726670345528],[21.24977942361932,45.73728769869424],[21.24924089778438,45.73732385337873],[21.24879543522992,45.73737075672002],[21.24831973614555,45.73742914112535],[21.24768679162663,45.73750934224881],[21.24689254233962,45.73760296714394],[21.2463706186066,45.73766997777194],[21.24574024409299,45.73774321269724],[21.24528739202015,45.73780126710417],[21.24452627804017,45.7378929441572],[21.24366499017193,45.737999143129],[21.2433712144292,45.73803661185167],[21.24215061615586,45.73818517385112],[21.24106904778048,45.73831996750596],[21.24009847424799,45.7384342382019],[21.23951159088363,45.73850012692795],[21.23919525880989,45.73853796258025],[21.23877151218902,45.73857000129424],[21.23842106293125,45.73859937937724],[21.23825348714978,45.73860282413924],[21.23805998708003,45.7385851974226],[21.23791977117564,45.73856483986711],[21.23777227276951,45.7385285190218],[21.23737186384674,45.73840634792969],[21.23641029999279,45.73810502551836],[21.23515985511136,45.73771840429239],[21.23419011587294,45.73741303091592],[21.23311536852924,45.73707902532141],[21.2320333880124,45.736744050881],[21.23139389897716,45.73653997009212],[21.2312309042765,45.73649975794867],[21.2309561404348,45.73644685891376],[21.23078203978702,45.7364055116074],[21.23064458088772,45.7363683908864],[21.22972218279697,45.73604360029737],[21.22931945329484,45.7359193562838],[21.22859775808401,45.73569554021973],[21.22749697407794,45.73534812748087],[21.22699754222399,45.73519150152877],[21.22689197024787,45.73518238577969],[21.2268159455878,45.73518772643908],[21.22673583446728,45.735206407362],[21.22667560133123,45.7352403467338],[21.22662546156932,45.73529146612198],[21.22658457243375,45.73534850736853],[21.22640354732606,45.73583326549736],[21.22633315441988,45.73606791595966],[21.22629991330428,45.73615440941261],[21.22623831248533,45.73625568479353],[21.22611235330297,45.73642782288896],[21.2256117806501,45.73714182755416],[21.22532437289263,45.73755207660822],[21.22490054077826,45.73814977837991],[21.22488713906392,45.73821393590109],[21.22489265097665,45.73827476202244],[21.22491811486731,45.73832614281264],[21.22496888432075,45.73838397819662],[21.2250228647394,45.738441920094],[21.22505215017174,45.73848444348146],[21.22506240122857,45.7385465746904],[21.22505580142544,45.73895064448085],[21.22504677474614,45.7395557642556],[21.2250555863106,45.73970991059096],[21.22506769410724,45.73993379395461],[21.22509950638269,45.74012825596504],[21.22515390059047,45.7404164313963],[21.22529518121138,45.7411064206738],[21.22533980371497,45.74132268514165],[21.22535923517177,45.74141541745549],[21.22534922994145,45.74149145119937],[21.22533417917036,45.74157068669955],[21.22527697573877,45.74166007963374],[21.22501936974273,45.74190401288931],[21.2247787561281,45.74213721479538],[21.22447685542754,45.74242545922926],[21.22422960367325,45.74266262878972],[21.2239254890745,45.74295754911001],[21.22369576822286,45.74317298195295],[21.22343,45.743413],[21.223273,45.74356399999999],[21.223022,45.743804],[21.222889,45.74393499999999],[21.222581,45.744232],[21.222351,45.74445],[21.222081,45.74471199999999],[21.221795,45.74498699999999],[21.221509,45.745262],[21.221251,45.745508],[21.221006,45.745755],[21.220894,45.745879],[21.220799,45.745993],[21.220628,45.746219],[21.22036,45.74658599999999],[21.220047,45.747026],[21.219706,45.74750100000001],[21.219419,45.747909],[21.219111,45.74834899999999],[21.219047,45.74843],[21.21901,45.748462],[21.218971,45.748484],[21.218921,45.748501],[21.218856,45.748511],[21.218789,45.748516],[21.218717,45.74850599999999],[21.218652,45.748483],[21.218516,45.74840999999999],[21.218268,45.748274],[21.218158,45.748213],[21.218103,45.74818199999999],[21.218011,45.748127],[21.217905,45.748066],[21.217818,45.74801500000001],[21.217786,45.747991],[21.217687,45.747909],[21.217613,45.747841],[21.217541,45.747767],[21.217478,45.747705],[21.217377,45.747601],[21.217301,45.747525],[21.21722,45.747444],[21.217139,45.747362],[21.21707,45.747297],[21.216936,45.74716300000001],[21.216813,45.747041],[21.216683,45.74691300000001],[21.216608,45.746844],[21.216572,45.746815],[21.216497,45.746758],[21.216439,45.74671800000001],[21.216377,45.746681],[21.216323,45.746654],[21.216249,45.74662399999999],[21.216135,45.746579],[21.215963,45.746522],[21.215693,45.746427],[21.215551,45.74638199999999],[21.215206,45.746266],[21.214981,45.74619300000001],[21.21455,45.746049],[21.214158,45.74591600000001],[21.213759,45.74578099999999],[21.213298,45.74562399999999],[21.213168,45.74558100000001],[21.21284,45.74546999999999],[21.212451,45.74533599999999],[21.212064,45.745206],[21.211774,45.74511],[21.211691,45.745084],[21.211657,45.74507499999999],[21.211589,45.745066],[21.211529,45.74506700000001],[21.211497,45.745068],[21.211437,45.74507800000001],[21.211412,45.745081],[21.211348,45.745103],[21.211308,45.745121],[21.211279,45.745137],[21.211239,45.745166],[21.21121,45.745201],[21.211113,45.745333],[21.210976,45.745527],[21.210796,45.74579199999999],[21.210618,45.746054],[21.210432,45.74632500000001],[21.210239,45.74660999999999],[21.210062,45.746865],[21.209875,45.74713799999999],[21.209739,45.74734099999999],[21.209586,45.74756],[21.209498,45.74768999999999],[21.209411,45.74781899999999],[21.209293,45.747997],[21.209148,45.748216],[21.208989,45.748454],[21.2088,45.748732],[21.208637,45.748979],[21.208462,45.749242],[21.208295,45.749494],[21.208101,45.74978100000001],[21.207917,45.750057],[21.20774,45.750325],[21.207705,45.75037399999999],[21.207671,45.750409],[21.207644,45.750436],[21.207602,45.750458],[21.207569,45.75047600000001],[21.207492,45.750496],[21.207418,45.75049800000001],[21.207309,45.750485],[21.207184,45.750466]]},"properties":{"line":"1","dir":"1","mode":"tram"}},{"type":"Feature","geometry":{"type":"LineString","coordinates":[[21.20232955338867,45.72599042239837],[21.20250807755757,45.72591726166462],[21.20266979525901,45.72584878067808],[21.20279645668539,45.725829452254],[21.20288914502694,45.72582943207804],[21.202944,45.725844],[21.203036,45.72586699999999],[21.203104,45.72589399999999],[21.203165,45.72594099999999],[21.20323,45.72601300000001],[21.203351,45.726152],[21.203609,45.726485],[21.203938,45.726872],[21.204199,45.727185],[21.20434,45.727354],[21.204432,45.72745500000001],[21.204507,45.72752700000001],[21.204621,45.72763400000001],[21.204808,45.72781],[21.204942,45.727937],[21.205053,45.72804300000001],[21.205129,45.72811200000001],[21.205171,45.72815799999999],[21.205196,45.728204],[21.205207,45.728251],[21.205201,45.728291],[21.205186,45.728337],[21.205152,45.728393],[21.205106,45.728434],[21.205041,45.72847700000001],[21.204969,45.728522],[21.204901,45.728566],[21.204861,45.728605],[21.204813,45.728662],[21.204763,45.728728],[21.204685,45.728802],[21.204529,45.728942],[21.204324,45.72913100000001],[21.204119,45.729328],[21.203885,45.729539],[21.203577,45.729834],[21.203237,45.730167],[21.20296,45.730434],[21.202845,45.730552],[21.202738,45.73065499999999],[21.202686,45.730718],[21.202624,45.730795],[21.202526,45.730923],[21.202444,45.73103699999999],[21.202364,45.73117200000001],[21.202294,45.731305],[21.202244,45.731415],[21.202194,45.731547],[21.202138,45.73170200000001],[21.202112,45.731821],[21.202089,45.731971],[21.202045,45.732269],[21.202011,45.73263299999999],[21.201971,45.732953],[21.201925,45.733279],[21.201882,45.733604],[21.201865,45.733701],[21.201842,45.733764],[21.201806,45.733817],[21.201777,45.73384800000001],[21.201726,45.733887],[21.201646,45.73394],[21.201577,45.73397899999999],[21.201505,45.734025],[21.201353,45.734119],[21.201183,45.734224],[21.20102,45.73432600000001],[21.200712,45.73452],[21.200496,45.734657],[21.200215,45.73483400000001],[21.199879,45.735051],[21.199751,45.735139],[21.19958,45.735257],[21.199372,45.735409],[21.199177,45.735553],[21.199025,45.735675],[21.198912,45.73576800000001],[21.198765,45.735893],[21.198635,45.736012],[21.198437,45.736194],[21.198159,45.73645],[21.197931,45.736665],[21.197832,45.73676300000001],[21.197718,45.73689],[21.197636,45.736986],[21.197554,45.737094],[21.197443,45.737237],[21.197305,45.73743],[21.197176,45.737618],[21.19707,45.737773],[21.196877,45.738055],[21.196655,45.738381],[21.196595,45.738472],[21.196575,45.738522],[21.196568,45.738565],[21.196562,45.738632],[21.196558,45.738702],[21.196543,45.738778],[21.196531,45.73883],[21.19651,45.738876],[21.196485,45.738917],[21.196429,45.738998],[21.196248,45.73926999999999],[21.196026,45.7396],[21.195874,45.73983299999999],[21.195856,45.73989],[21.195858,45.739926],[21.195873,45.73996499999999],[21.195905,45.740008],[21.195941,45.740036],[21.195983,45.740058],[21.196112,45.740106],[21.196429,45.740216],[21.196798,45.740343],[21.1972,45.740483],[21.197377,45.740543],[21.197886,45.740711],[21.198306,45.740848],[21.199009,45.74107799999999],[21.199636,45.741272],[21.200614,45.741554],[21.201033,45.74167899999999],[21.201354,45.741774],[21.201729,45.741906],[21.202284,45.742106],[21.203172,45.742422],[21.203798,45.74264400000001],[21.204203,45.742789],[21.204813,45.743003],[21.205306,45.743174],[21.206087,45.743447],[21.206513,45.743601],[21.206923,45.743738],[21.207109,45.74379500000001],[21.207466,45.7439],[21.207614,45.74393800000001],[21.20775,45.743969],[21.207937,45.74400599999999],[21.208159,45.744046],[21.208429,45.744095],[21.208652,45.744135],[21.208843,45.744169],[21.209021,45.744203],[21.209182,45.744236],[21.209324,45.744267],[21.209513,45.744322],[21.20976,45.74440199999999],[21.209994,45.744478],[21.21039,45.74461100000001],[21.210702,45.744716],[21.211286,45.744911],[21.211614,45.745025],[21.211939,45.745132],[21.212237,45.745234],[21.212716,45.745394],[21.213137,45.745535],[21.213536,45.74567099999999],[21.213938,45.745805],[21.214051,45.745843],[21.214211,45.745898],[21.214511,45.745999],[21.2147,45.746062],[21.214995,45.74616],[21.215161,45.746217],[21.215506,45.74633299999999],[21.21568,45.74639],[21.215799,45.746428],[21.215942,45.746477],[21.216117,45.74653599999999],[21.216226,45.74657500000001],[21.216303,45.746606],[21.21639,45.746648],[21.216469,45.746691],[21.216514,45.74672],[21.216581,45.746773],[21.216644,45.746829],[21.216734,45.746917],[21.216807,45.746988],[21.217024,45.747196],[21.217266,45.74743699999999],[21.21751,45.747681],[21.217624,45.747795],[21.217657,45.747827],[21.217708,45.747874],[21.217747,45.747914],[21.217797,45.747953],[21.217853,45.747994],[21.217906,45.74803],[21.218032,45.748104],[21.218241,45.748221],[21.218558,45.748387],[21.218816,45.74853100000001],[21.218966,45.748612],[21.219291,45.748789],[21.219723,45.74902300000001],[21.220092,45.749222],[21.220207,45.749285],[21.220486,45.74944300000001],[21.220621,45.74952],[21.220906,45.749677],[21.221035,45.749747],[21.221254,45.749867],[21.22139,45.74994],[21.22157,45.75003899999999],[21.221736,45.750129],[21.221958,45.75025],[21.22212,45.750339],[21.222361,45.750467],[21.222508,45.750548],[21.222705,45.750653],[21.222834,45.750724],[21.223001,45.750816],[21.223154,45.750897],[21.223428,45.751048],[21.223575,45.75113],[21.223639,45.751166],[21.223689,45.751211],[21.223719,45.751245],[21.22374,45.751284],[21.223751,45.751326],[21.22375,45.751378],[21.223741,45.751428],[21.223714,45.751475],[21.223687,45.751507],[21.223629,45.75155199999999],[21.223532,45.751601],[21.223311,45.75170700000001],[21.223132,45.751793],[21.222891,45.751917],[21.222684,45.752018],[21.222547,45.752088],[21.222449,45.75214100000001],[21.222302,45.752225],[21.22217,45.752296],[21.222014,45.752387],[21.221857,45.752487],[21.221815,45.75251200000001],[21.221741,45.752566],[21.22167,45.75262200000001],[21.221616,45.75266799999999],[21.221574,45.752712],[21.221538,45.75275600000001],[21.221492,45.75281400000001],[21.221454,45.752869],[21.221417,45.75292400000001],[21.221388,45.752985],[21.22137,45.753029],[21.221343,45.753106],[21.221326,45.75317099999999],[21.221313,45.75323],[21.221308,45.753285],[21.221306,45.75333799999999],[21.221305,45.75338000000001],[21.221312,45.75343699999999],[21.221318,45.753503],[21.221328,45.75359099999999],[21.221338,45.753685],[21.221348,45.753757],[21.221351,45.753793],[21.221353,45.753864],[21.221359,45.753975],[21.221362,45.754034],[21.221361,45.754109],[21.221355,45.754192],[21.221345,45.754285],[21.22133,45.754364],[21.221313,45.75445700000001],[21.221291,45.754558],[21.221273,45.75463499999999],[21.221247,45.754752],[21.22122,45.754876],[21.221202,45.754972],[21.221188,45.75504200000001],[21.221175,45.755107],[21.221169,45.755182],[21.22116,45.755268],[21.221156,45.755359],[21.221156,45.755446],[21.221162,45.755609],[21.221168,45.755719],[21.221168,45.755755],[21.221181,45.75585999999999],[21.221191,45.75595599999999],[21.221202,45.75606],[21.221217,45.756175],[21.221221,45.756222],[21.22121492407785,45.75630546855786],[21.22116879417293,45.75636745081391],[21.22110186207147,45.7564166446429],[21.22099538584402,45.75645242786759],[21.22083721335223,45.75646229912876],[21.21992333840855,45.75651462471036],[21.21908868192656,45.75655734468944],[21.21855142437727,45.75658587415419],[21.21767900238027,45.7566252270807],[21.21667528050354,45.75669172352966],[21.21562101582014,45.75676637283661],[21.21485233970309,45.75684793207498],[21.21369864364128,45.75698350496508],[21.21287282472649,45.75711014614912],[21.21181700762926,45.75729915931272],[21.21098337565777,45.75746985562769],[21.21023142375576,45.75764501389362],[21.20965700527232,45.75778401372944],[21.20954976213975,45.75783085088058],[21.2094857701266,45.75787912810448],[21.20945988171347,45.75791960062635],[21.20943241068623,45.75798320812942],[21.20944440662497,45.75810357857381],[21.20948241899211,45.75864635369808],[21.2095134722713,45.75922749821242],[21.2095599619547,45.75979722323665],[21.20959632356522,45.76006394854387],[21.20964598733824,45.76035191960421],[21.20969490148261,45.76058749775468],[21.20977916303869,45.76091896303909],[21.20988639575008,45.76126710430265],[21.20998082997208,45.76153438584727],[21.21010305217755,45.76185733302086],[21.21029220412955,45.76226622580458],[21.21054327154971,45.76276427884969],[21.21067799519853,45.76295674634399],[21.21079153765494,45.76311376536264],[21.21089052468524,45.76327231635359],[21.21102394938179,45.76353052396534],[21.21117201959496,45.76377438494786],[21.2112844740838,45.76394114242657],[21.21148074728367,45.76417753382327],[21.21167222475533,45.76437433226744],[21.21192981670788,45.76460167332772],[21.21219964345246,45.76479695927013],[21.21255693491548,45.76504576272059],[21.21297769617395,45.7653423928711],[21.21352059846987,45.76571194627714],[21.21412819342422,45.76612618104566],[21.21455472292316,45.76642742805442],[21.21490777858293,45.76667507459754],[21.21544061639896,45.76703834640931],[21.21578270954004,45.76724848407021],[21.21618919685363,45.76747572214981],[21.216815861378,45.76779015518113],[21.21738967437829,45.76804193202653],[21.21782350442308,45.76820756732359],[21.21832875677384,45.76836236181946],[21.21888481667446,45.76851592168875],[21.21919802742698,45.768578746282],[21.21951382529961,45.7686315747544],[21.21971358858047,45.76865392774904],[21.21984913672094,45.76867959919434],[21.21993394144482,45.76872878964706],[21.21998091127137,45.76878176475569],[21.22000014008177,45.76883885965363],[21.21999986720489,45.7688852256217],[21.21997968162508,45.76894806913125],[21.21992770327059,45.76901086532165],[21.21964900387982,45.76928273314541]]},"properties":{"line":"2","dir":"0","mode":"tram"}},{"type":"Feature","geometry":{"type":"LineString","coordinates":[[21.21961954609797,45.76926378984773],[21.2198477248949,45.76903879839539],[21.21989211595001,45.76898659713713],[21.21992785180963,45.76892315436658],[21.21993374372318,45.76885981618252],[21.21992875233576,45.76881789043613],[21.21989905599037,45.7687698020028],[21.21985458734543,45.76873108179141],[21.21978960121158,45.76869387119284],[21.21970432209013,45.76867789495194],[21.21948795386961,45.76864989824445],[21.21922517824489,45.76861159675454],[21.21893688535703,45.76855601585381],[21.21866194665434,45.76848882782259],[21.2182646784631,45.76837432302851],[21.21787872255817,45.76825415199291],[21.21755412237223,45.76814122220014],[21.21723934811012,45.76801355539594],[21.21698120163836,45.76790748610438],[21.21654484908745,45.76770059923781],[21.21618524007938,45.76751666834541],[21.21579198553629,45.76729642227112],[21.21540157057894,45.76705778938523],[21.21496229774424,45.76675358640981],[21.21447528815508,45.76641848013634],[21.21396956240353,45.76606856788317],[21.21348859593309,45.76573401547004],[21.21288111596573,45.76532564415101],[21.21232945510689,45.76493116424649],[21.211943717871,45.76465277753694],[21.21169271637937,45.76444708460529],[21.21150018499985,45.76425445731977],[21.21130074273968,45.76403301317621],[21.21111903982131,45.76377392545616],[21.2110137938155,45.76361377801587],[21.21080719832293,45.76321744543931],[21.21069210649636,45.76306354282671],[21.21059782671236,45.76292676367959],[21.2104817297136,45.76275040154073],[21.21030079486896,45.76238836889619],[21.21007448696849,45.76190321120514],[21.20987471157738,45.76138025183392],[21.20975003708252,45.76099925908696],[21.20966485862831,45.76067482927157],[21.20958798707606,45.76030661026747],[21.20953256766392,45.75995266742503],[21.20949402039013,45.7595980557813],[21.20946631332381,45.75919974216674],[21.2094381542489,45.75868885611604],[21.20939370033761,45.75812223192313],[21.20939390671914,45.75798150759887],[21.20941301409418,45.75790875094045],[21.20945860221072,45.75783906686542],[21.2095277589511,45.75779207586883],[21.20959885238939,45.75776267601505],[21.2097601324472,45.757723133919],[21.21062390632722,45.75751971964097],[21.21139881587911,45.7573461453226],[21.21222951957396,45.75718803629383],[21.21299009138509,45.75705806219548],[21.21374648610357,45.75694848524157],[21.21439467439875,45.75686622162756],[21.21512868439805,45.75678546774068],[21.21604185249775,45.75670501379221],[21.21698765235269,45.75663786097375],[21.21822976060953,45.75655366704325],[21.21892040020589,45.75651745665038],[21.21978922470037,45.75646744203903],[21.22051017290013,45.75642917805411],[21.22093392972165,45.75641476611531],[21.22103843409726,45.756401804163],[21.22111310001225,45.75636594343202],[21.22116224492699,45.75633784427891],[21.221192,45.756266],[21.221182,45.756229],[21.221175,45.75619600000001],[21.221157,45.756059],[21.22115,45.756001],[21.221134,45.75585999999999],[21.221126,45.75576700000001],[21.221121,45.755663],[21.221116,45.75556],[21.221115,45.75545],[21.221118,45.755318],[21.221124,45.755192],[21.221143,45.75505],[21.221154,45.754983],[21.22118,45.754842],[21.221215,45.75469600000001],[21.221241,45.754565],[21.221279,45.754392],[21.221292,45.754341],[21.221302,45.754241],[21.221312,45.754131],[21.221318,45.753981],[21.221317,45.753934],[21.221308,45.753776],[21.221296,45.753668],[21.221284,45.753567],[21.221275,45.75348099999999],[21.221266,45.753395],[21.221262,45.753323],[21.221263,45.753264],[21.22127,45.753217],[21.221279,45.753166],[21.221302,45.753092],[21.221328,45.75301],[21.221366,45.752942],[21.221416,45.752854],[21.221468,45.752785],[21.221534,45.752698],[21.221583,45.75264900000001],[21.221655,45.752591],[21.221762,45.752506],[21.221846,45.752458],[21.222032,45.752345],[21.222136,45.752279],[21.22237,45.752149],[21.222691,45.75198],[21.222901,45.751876],[21.223157,45.751751],[21.223394,45.751633],[21.223508,45.751579],[21.223584,45.751537],[21.223624,45.75150900000001],[21.223655,45.751485],[21.223682,45.75144299999999],[21.223702,45.75139599999999],[21.223702,45.751348],[21.22369,45.75130300000001],[21.22367,45.751259],[21.223661,45.751245],[21.22363,45.75121],[21.223596,45.75118200000001],[21.223566,45.751161],[21.223442,45.751093],[21.223187,45.75095],[21.222795,45.750736],[21.222541,45.750599],[21.222004,45.75030600000001],[21.22149,45.750027],[21.221186,45.749864],[21.22093,45.74972],[21.220607,45.749541],[21.220455,45.749459],[21.220242,45.749343],[21.219986,45.749203],[21.219574,45.748982],[21.219352,45.748861],[21.219074,45.748715],[21.218848,45.74859],[21.218529,45.748416],[21.218365,45.74832800000001],[21.218105,45.748184],[21.217945,45.748091],[21.217829,45.748019],[21.217799,45.748002],[21.217678,45.747901],[21.217641,45.74786899999999],[21.217484,45.74771],[21.217331,45.747554],[21.217062,45.747287],[21.216727,45.746958],[21.216616,45.746854],[21.216563,45.746807],[21.216493,45.74675599999999],[21.216443,45.74672100000001],[21.216388,45.746687],[21.216312,45.74665],[21.216247,45.74662399999999],[21.216175,45.746595],[21.215907,45.7465],[21.215276,45.74629],[21.214845,45.746146],[21.214122,45.74590500000001],[21.213611,45.745732],[21.212933,45.745501],[21.21238,45.745313],[21.211809,45.745123],[21.211356,45.74497],[21.210591,45.74471199999999],[21.209993,45.744514],[21.209468,45.744343],[21.209344,45.74430799999999],[21.209184,45.744269],[21.209045,45.744239],[21.208905,45.74421300000001],[21.208721,45.744179],[21.208536,45.744146],[21.20836,45.744115],[21.208053,45.74405900000001],[21.20793,45.744038],[21.207752,45.744002],[21.20763,45.743975],[21.207512,45.74394599999999],[21.207293,45.743884],[21.206983,45.743788],[21.206471,45.74362],[21.205876,45.743411],[21.205004,45.74310499999999],[21.20447,45.742917],[21.203767,45.742668],[21.203019,45.74240200000001],[21.202315,45.742152],[21.201644,45.741916],[21.201358,45.74181099999999],[21.201215,45.741761],[21.200934,45.74168000000001],[21.200632,45.741596],[21.20009,45.741436],[21.199519,45.741267],[21.19908,45.74113799999999],[21.19875,45.74103099999999],[21.198127,45.740824],[21.19722,45.74053],[21.196804,45.74038],[21.196135,45.740143],[21.195972,45.74009],[21.19593,45.740075],[21.195876,45.740047],[21.195845,45.740021],[21.195818,45.739988],[21.195803,45.739958],[21.195796,45.739921],[21.195799,45.739888],[21.195811,45.73985600000001],[21.195834,45.739808],[21.195918,45.73968799999999],[21.196055,45.739481],[21.196218,45.73924],[21.196387,45.738987],[21.196434,45.738918],[21.19646,45.738874],[21.196479,45.73884],[21.196491,45.738793],[21.196509,45.73872899999999],[21.196508,45.738663],[21.196515,45.738604],[21.196521,45.738553],[21.196532,45.738511],[21.196552,45.73846499999999],[21.196583,45.73841299999999],[21.196637,45.73833400000001],[21.196819,45.738065],[21.197021,45.737769],[21.197218,45.73748],[21.197462,45.737146],[21.197547,45.737033],[21.197621,45.736942],[21.197716,45.736832],[21.197804,45.73673699999999],[21.197901,45.73664200000001],[21.19828,45.736284],[21.198472,45.736107],[21.198804,45.735805],[21.199112,45.735558],[21.199637,45.735172],[21.199913,45.73498699999999],[21.200485,45.73462],[21.201073,45.734249],[21.201264,45.73413],[21.20154,45.733959],[21.201668,45.733881],[21.201724,45.733843],[21.201761,45.733808],[21.201793,45.733768],[21.201813,45.733728],[21.201827,45.73367699999999],[21.201847,45.73358099999999],[21.201875,45.733363],[21.20191,45.73313],[21.201971,45.732659],[21.202004,45.732357],[21.202046,45.732003],[21.202067,45.731848],[21.202077,45.731792],[21.202095,45.73172400000001],[21.202138,45.73160299999999],[21.202201,45.731428],[21.202249,45.731323],[21.202326,45.73117500000001],[21.202381,45.731079],[21.202476,45.730935],[21.202586,45.73079000000001],[21.202677,45.730673],[21.202825,45.730521],[21.202993,45.73035299999999],[21.203313,45.73004],[21.203569,45.729787],[21.203902,45.729478],[21.204327,45.729083],[21.204651,45.728776],[21.204691,45.728731],[21.204725,45.728685],[21.204762,45.728632],[21.204793,45.72858099999999],[21.204835,45.728533],[21.204888,45.728494],[21.204953,45.728456],[21.205013,45.72842399999999],[21.205057,45.72839699999999],[21.20509,45.728368],[21.205114,45.728322],[21.205126,45.72827100000001],[21.20513,45.72822099999999],[21.20512,45.728185],[21.205099,45.728149],[21.205068,45.728115],[21.204959,45.728012],[21.204834,45.727891],[21.204747,45.727811],[21.204633,45.727698],[21.204536,45.727604],[21.204349,45.727421],[21.204262,45.72733],[21.203961,45.72697700000001],[21.203719,45.726687],[21.203483,45.726393],[21.203377,45.72625500000001],[21.203289,45.726152],[21.203222,45.726067],[21.203171,45.726006],[21.203128,45.72595800000001],[21.203079,45.725922],[21.203044,45.725902],[21.202982,45.725886],[21.202903,45.725877],[21.202824,45.725871],[21.202753,45.72587799999999],[21.202677,45.72589500000001],[21.202543,45.725945],[21.20235371104414,45.72601727836262]]},"properties":{"line":"2","dir":"1","mode":"tram"}},{"type":"Feature","geometry":{"type":"LineString","coordinates":[[21.21954574238501,45.7693374795814],[21.21988903610118,45.76899718988555],[21.21992955554808,45.76895394536821],[21.21995105436828,45.7689136402618],[21.21995632896746,45.76887717205416],[21.2199557403998,45.76883230099151],[21.21994989866093,45.76879402149566],[21.21991853783326,45.76875576998756],[21.21988245227142,45.7687265500651],[21.21981687169825,45.76870800701491],[21.21970494080395,45.76869116115158],[21.21958530246304,45.7686767483207],[21.21947518564169,45.76866498456143],[21.21938106733497,45.76865236218698],[21.21927347344975,45.76863481585905],[21.21909546546817,45.76859931710643],[21.21893666762744,45.76856024024989],[21.21861485206915,45.76846843203407],[21.21840455533103,45.7684104929387],[21.21814306434047,45.76833596672235],[21.217912537786,45.76826166745087],[21.21769724472756,45.76818610192192],[21.21736949330304,45.76805778186118],[21.21707080908502,45.76793047991108],[21.21676570528026,45.76779197539277],[21.21647495106218,45.7676553256042],[21.21605845886701,45.76743511579065],[21.21556524519227,45.76714607000809],[21.21514995692789,45.76687006176756],[21.21483817943962,45.76665498859871],[21.21444168428587,45.76638159885253],[21.21418454252307,45.76620642170402],[21.21378087579457,45.76592638933018],[21.21356589587472,45.76577849421797],[21.21305541675207,45.76542558428959],[21.21267355727467,45.76516283889996],[21.21221329874856,45.76484036074856],[21.21194319204034,45.76464406839987],[21.21172743277257,45.76446422740739],[21.21152317345023,45.76426502255963],[21.21138858652225,45.76411941171972],[21.21122900996242,45.76391710108875],[21.21110280118303,45.76373436819878],[21.21100696406,45.76357049817332],[21.21089607473322,45.76336184974585],[21.21081477351074,45.7632149607888],[21.21075552591691,45.76312631348446],[21.21065667945726,45.76298258427722],[21.21056698266974,45.76285562908459],[21.21052388320894,45.76277990945304],[21.21044323251155,45.76263063285875],[21.21034791815247,45.76245166311134],[21.21025282663865,45.76226947260486],[21.21014443899924,45.76203679627736],[21.21006252458355,45.76183718701949],[21.21000631810866,45.76170559120381],[21.20993030351845,45.76151269702439],[21.20982054226717,45.76117612307983],[21.2097708355578,45.76101613426186],[21.20969908392792,45.76074890461165],[21.20964161134521,45.76050526871235],[21.20960358063207,45.76030506754231],[21.20956913834275,45.76010216931852],[21.20953911255671,45.75986923305487],[21.20951821684765,45.75966499647959],[21.20950252033928,45.75945661875749],[21.20948526251622,45.7592089953195],[21.20946586551498,45.75886327880534],[21.2094438684885,45.75854621811771],[21.20942727078501,45.75821688956879],[21.2094272379639,45.75808356598289],[21.20943522996568,45.75801568233237],[21.20945394209639,45.7579557355411],[21.20947896613265,45.75789733249667],[21.20951885822408,45.75784717882549],[21.20958394065143,45.75780241281859],[21.2096841819162,45.7577662202027],[21.21028938557744,45.75762084718959],[21.21058122558972,45.75755228354806],[21.21103828008857,45.75744900258382],[21.21154826897483,45.75734232667246],[21.21196816611772,45.7572602370706],[21.21234545310542,45.75718961965556],[21.21275952819032,45.75711937498034],[21.21326288819428,45.75703993082186],[21.21362020880741,45.75698642980246],[21.21427212973715,45.75689994466642],[21.21464969258935,45.75685553501019],[21.21525180412463,45.75679365045306],[21.21569596215494,45.75675405465997],[21.2162011480221,45.75671401841412],[21.21662622062432,45.75668434503906],[21.21729747430757,45.75663842833431],[21.21797166060566,45.75659196333241],[21.21880064404282,45.75654244151092],[21.2197930133328,45.75648791430572],[21.22007244968198,45.75647739484364],[21.22046455947362,45.75645423648443],[21.22095738195462,45.7564242645683],[21.22104888504972,45.75639181942979],[21.22111755394294,45.7563503324411],[21.22117299274882,45.75629245092651],[21.22118963121874,45.75624253597261],[21.22118196425981,45.75611941286568],[21.22113423430593,45.75581909888054],[21.22113453458701,45.75562560467914],[21.22113202054591,45.75541883842335],[21.22113378975865,45.75520054587599],[21.2211582207168,45.75497799313214],[21.22118867246087,45.75478965320346],[21.22127591540082,45.75436072495754],[21.22131008906276,45.75418587166178],[21.22132451546669,45.75406003037111],[21.22132086596679,45.75387599451502],[21.22129430817219,45.75370323327484],[21.22128017643257,45.75351504684556],[21.22128223270314,45.75338092309918],[21.22128628055943,45.7532580679949],[21.22129598810088,45.75317221214558],[21.22132041675782,45.75308385182479],[21.22137970854076,45.75295790902786],[21.22143814880329,45.752846810376],[21.22151778996636,45.75274927835718],[21.22162053839244,45.75264047445648],[21.22177610581313,45.75252467651275],[21.22244321958024,45.75212726452582],[21.22294963599174,45.75186968491835],[21.22320026312121,45.75174657866008],[21.22344306410423,45.75161795199456],[21.22354542016346,45.75156735231081],[21.22364487180334,45.75150681673662],[21.22369836327398,45.75143628636369],[21.22371060719363,45.75137585442879],[21.22370344138209,45.7513129566095],[21.22366969282744,45.75124151265341],[21.22361304285551,45.75119348511613],[21.22351735614491,45.75113240314338],[21.22271490905817,45.75069683197354],[21.22196979433038,45.75028517389524],[21.22123992959974,45.74990154221771],[21.22076304593193,45.74964174599543],[21.22027172825073,45.74935823009255],[21.21947357250729,45.74892570829088],[21.21908937556619,45.74871794408934],[21.21901531932585,45.74866131695045],[21.21897130004031,45.74860348875306],[21.21896782030869,45.7485518147199],[21.21898007586292,45.74849266707641],[21.21901683793705,45.74843947673121],[21.21907798018659,45.7483487342787],[21.21936296025977,45.74794662266703],[21.21975371648669,45.74739780143537],[21.22001323335552,45.74703832779312],[21.22025409349116,45.74670433506565],[21.22050827349013,45.74634206112769],[21.2206693592193,45.74611659763895],[21.22087426545828,45.74586667008216],[21.22099294989206,45.74572946262655],[21.2211297333187,45.74559672469438],[21.22138861399862,45.74534385805099],[21.22193819492548,45.74481551254127],[21.22240766153019,45.74436578167565],[21.22290382246699,45.74388736158298],[21.22344053220616,45.74337704945937],[21.22364620149216,45.7431750505385],[21.22401957266229,45.74281936080811],[21.22420750141912,45.7426353913427],[21.22454818496074,45.74230600806586],[21.22479951177968,45.74206520671376],[21.2250249893113,45.74184836830192],[21.22520715812068,45.74167723163687],[21.22538408547341,45.74150742427318],[21.22547759262269,45.74141533681176],[21.22555997661556,45.74135484247648],[21.22564816152271,45.74131282336752],[21.22582654152157,45.74125014685595],[21.22657892282487,45.74099213241418],[21.22675598272829,45.74093008451835],[21.22691203259931,45.74088780874692],[21.22716355866115,45.74082691473148],[21.22740303834623,45.74078368488718],[21.22768194794423,45.74074576232554],[21.22792334357559,45.74072512589848],[21.22817472966408,45.74070962849248],[21.22846838463388,45.74071312111652],[21.22875980386271,45.74072979276968],[21.22904930742717,45.74075955825487],[21.22951950590552,45.74086018294494],[21.23004263701865,45.7410090467299],[21.23099698387036,45.7413441431313],[21.23209431263571,45.74173365599984],[21.23261922120636,45.74196422357801],[21.23330217455953,45.74231194304916],[21.23377059596507,45.74254288325037],[21.23401646921027,45.7426581942729],[21.23427596288256,45.74275852598688],[21.23475681397067,45.74292518445873],[21.23565001775093,45.74323862799663],[21.23686231964522,45.74366220335843],[21.23807281120217,45.74409106349445],[21.23869670233223,45.74430658494533],[21.23933663143744,45.74453038848208],[21.2400011603647,45.74476161716587],[21.24091458662673,45.74508109289354],[21.24181242736721,45.74539454510261],[21.24261294229815,45.74567435755726],[21.24363198837557,45.74603533441058],[21.24439535240294,45.74629742602565],[21.24551424985791,45.74669871612875],[21.24642213049676,45.74701541177632],[21.24700951842865,45.7472189981444],[21.24806040681534,45.74759059247661],[21.24881797972946,45.74785239107128],[21.24942754009368,45.74806466185938],[21.24962555590703,45.74813008386629],[21.24984367814363,45.74817829769622],[21.25082514533162,45.74839245688708],[21.25148710644901,45.74853253829787],[21.25288516545391,45.74884877941549],[21.2530165602248,45.74886127859482],[21.25310338282233,45.74884802712847],[21.25316137378478,45.74882632016508],[21.25322267268945,45.74878730562628],[21.25326446190536,45.74873632585989],[21.25364344623866,45.74772897264955],[21.25421265803115,45.74630296261083],[21.25453584421475,45.74543308664741],[21.25485207259177,45.74457962273672],[21.25518567716234,45.74371504131431],[21.2555199302632,45.74284597527678],[21.25602331444016,45.74153139598784],[21.25644173066493,45.74044508880966],[21.25675379154533,45.73963441194427],[21.25713968415599,45.73861855760097],[21.25746075889141,45.73778389989265],[21.25780331781819,45.73689040354148],[21.25810345905006,45.73610203778816],[21.25835054597714,45.73544738787055],[21.25865955523626,45.73464204019582],[21.25892285483615,45.73395853936109]]},"properties":{"line":"4","dir":"0","mode":"tram"}},{"type":"Feature","geometry":{"type":"LineString","coordinates":[[21.25896453401324,45.73397532738218],[21.25876569846057,45.73449568144686],[21.25843903387355,45.73535332273912],[21.25815810861594,45.73607533924866],[21.25789980247228,45.7367578322127],[21.25760471415308,45.73753111741502],[21.25729324043115,45.73835275346197],[21.25712914400768,45.73876763436176],[21.25684357569596,45.73951730394115],[21.2565735298999,45.74022459498757],[21.25628628864364,45.74098578586955],[21.25605036137965,45.74158474077107],[21.25576835421917,45.74232549994129],[21.25553796604615,45.74292090422751],[21.25523021409159,45.74373178276497],[21.2548946546674,45.74459927856071],[21.25465311610593,45.74523150504183],[21.25440910937818,45.74590952496286],[21.25405996952502,45.74683021057522],[21.25368443301769,45.74778275288725],[21.25327278812341,45.74880399161062],[21.25318674125846,45.74886532120077],[21.25308942344401,45.748894654926],[21.25298224180921,45.74889732988216],[21.25280465891308,45.7488600914172],[21.25235015069795,45.74876280325746],[21.25177415651918,45.74862587748554],[21.25121913780379,45.74850683703967],[21.25050324581756,45.74835179858063],[21.25008127801624,45.74826821880252],[21.24978065819912,45.74820127016586],[21.24959303670166,45.74815049628707],[21.24933337227972,45.74807056897565],[21.24870376786126,45.74785035351839],[21.24807381692494,45.74762956382361],[21.24736680620913,45.74737936454267],[21.24660883168571,45.74711388686737],[21.24569408776703,45.74678994921275],[21.24443469145362,45.74635156244288],[21.24375330599322,45.74611288676307],[21.24253117986802,45.74568568829123],[21.24160915869801,45.74536005975963],[21.24046058006309,45.74495338210919],[21.2392219990434,45.74452074114735],[21.2381821527392,45.74416397047816],[21.23724173410359,45.74382803547436],[21.2363585557591,45.74351862706121],[21.23524991675154,45.74312433565078],[21.23421052308197,45.74276492389267],[21.23395393667938,45.74266229736108],[21.23357864066046,45.74248401994132],[21.23276306437409,45.74207181122267],[21.23249650687394,45.74193771874049],[21.23217866001908,45.74180467372651],[21.23173319953559,45.74163172876346],[21.23114614122258,45.74142807104501],[21.23074196536838,45.74127850767421],[21.23029793011323,45.74113422812006],[21.2300029749432,45.74102884752416],[21.22974608999773,45.74094611252188],[21.22941566504167,45.74086425034337],[21.22898317981258,45.7407877343254],[21.22855103990658,45.74074890942486],[21.22825154750774,45.74074371935737],[21.22793055779238,45.74075328508216],[21.22794392823603,45.74075861490672],[21.22772494990738,45.74077010770003],[21.22744194486434,45.74080848732817],[21.22719854328555,45.74085039349916],[21.2269040143012,45.74092123535193],[21.22653662518126,45.74103511425778],[21.22609732757924,45.74118657119921],[21.22568851412178,45.74133312213033],[21.22557350689316,45.74139292745136],[21.22542978483106,45.74151764392307],[21.2251228020102,45.74181439883286],[21.22470112236952,45.74222325440785],[21.22404739691982,45.7428415309522],[21.22358211595461,45.74328625657823],[21.22293339889356,45.74391575843704],[21.22270605317423,45.74413846120446],[21.22234362470147,45.74447858213117],[21.22178043934846,45.74502190323772],[21.22114392996158,45.74564615556714],[21.22101103424214,45.74577219228361],[21.22085233673418,45.74595092054352],[21.22059580464541,45.74629218167568],[21.22037164041943,45.74660093358314],[21.21992153065598,45.74723545269108],[21.21945984315705,45.74789297654254],[21.21905719083267,45.74844518318689],[21.2190231536284,45.74851389147808],[21.21902315799784,45.74856438482145],[21.21905170209201,45.74862557554393],[21.21912594981688,45.74869347153379],[21.21931651662647,45.74879410955955],[21.22024031816606,45.74929481368062],[21.2206933367514,45.74957513013736],[21.22148206923656,45.7499886733189],[21.22211999277228,45.7503342313863],[21.22279141832883,45.75069603262394],[21.22334763441766,45.75100163164643],[21.22354987081864,45.75111081884085],[21.22367612170659,45.75119485120366],[21.22374329192122,45.75127097475693],[21.22376833320858,45.75133108568664],[21.22376845311417,45.75140584663446],[21.22366071114099,45.75153956755516],[21.22340095114012,45.75169160210232],[21.22290569221872,45.75192716818846],[21.2225415953057,45.75211453612978],[21.22226855871545,45.75226916786883],[21.22192515114864,45.75247746785645],[21.22172507783597,45.75261009126119],[21.22155778823527,45.7527559555943],[21.22142928240266,45.75294771719891],[21.22135452852549,45.75313327336168],[21.2213288951135,45.75331836671707],[21.22132889637545,45.75362771537966],[21.22135536274279,45.75384006810922],[21.22137835929093,45.75403322953942],[21.22131777845436,45.75445755684635],[21.22125188864787,45.75477546690441],[21.22120307157775,45.75510515489805],[21.22117670131519,45.7554192053646],[21.22118861620265,45.75573360861561],[21.22121825632479,45.75602364604459],[21.22125317569402,45.75622629303492],[21.22121956269858,45.75634433108381],[21.2211477180823,45.75641744601732],[21.2210881913953,45.75643993671773],[21.22102492261365,45.75645425839716],[21.22094805307355,45.75646085595045],[21.22062105624194,45.75647602032992],[21.22005597322582,45.75651051679197],[21.21953540778239,45.75653311364977],[21.2190677026608,45.75655960509],[21.21870063967593,45.75658036478449],[21.21841162593172,45.7565969945333],[21.2180171957933,45.75662148262218],[21.21740400008753,45.75666321943416],[21.21723415607494,45.75667496709151],[21.21686879118044,45.75670023632161],[21.2164864650564,45.75672735391308],[21.21628805051602,45.7567399108298],[21.21606732201754,45.75675686650071],[21.21588056654326,45.7567705749696],[21.21564704938691,45.75679004278129],[21.21527296277936,45.75682363510218],[21.21494442783087,45.75685615989993],[21.21471438663675,45.75688143795237],[21.21431052455732,45.75692900007811],[21.21404996596957,45.75696056658329],[21.21377914379099,45.7569970038243],[21.21354739545305,45.75702935338848],[21.21333296994238,45.75706178735147],[21.2131776805001,45.75708678354674],[21.21288998509819,45.75713018013615],[21.21253150954795,45.7571908820436],[21.21221532803258,45.75724728323588],[21.21186807809659,45.75731347188956],[21.2115425764727,45.75737883978038],[21.21107321893672,45.75747706352548],[21.21059607414636,45.75758441367945],[21.21034818302821,45.75764050105673],[21.20985120660002,45.75776135466052],[21.20970925653996,45.75779287112507],[21.2096259369061,45.75781886007022],[21.20956187251969,45.75785717721566],[21.20951798621725,45.75790782715909],[21.20948978811836,45.75797296143611],[21.20947357969521,45.75802439130772],[21.20946828180369,45.75809203408171],[21.20946974868906,45.75822081534609],[21.20947402813408,45.75834527750207],[21.20948600486838,45.75852993863926],[21.20949752175263,45.75866879256497],[21.2095118193774,45.75889777370182],[21.20952615940722,45.75912256967658],[21.20953821998593,45.75929897048291],[21.20955012454236,45.75949081418118],[21.20955985239698,45.7596240921654],[21.20956800721474,45.75973037081167],[21.20957888003388,45.75984168527233],[21.20959526244385,45.75995573082163],[21.20961336727838,45.76008201071232],[21.20963076376583,45.76018704708035],[21.20964902786872,45.76029757732073],[21.20967001834416,45.76041228942019],[21.20969638685102,45.76054279659794],[21.20973133869484,45.76069607483761],[21.2097695144275,45.76084546712827],[21.20981136441567,45.76099605459738],[21.20988080560655,45.76122753919542],[21.20991933401201,45.76134208622199],[21.20995701513579,45.76144915385972],[21.21000041747424,45.76156588211094],[21.21004444199517,45.76168457046671],[21.21009990419028,45.76181581232424],[21.21016503664893,45.76197175777899],[21.21021563898287,45.76207888881378],[21.21028423547488,45.76223206041447],[21.21035086404762,45.7623701296086],[21.21045499352957,45.76256538488592],[21.21056313963153,45.76276921606179],[21.21060343215856,45.76283749042612],[21.21071206054227,45.76298534254007],[21.21079360719602,45.76309925177474],[21.21083231024083,45.763162651273],[21.21088041631166,45.76323940419851],[21.21095833757364,45.76338758916941],[21.21107649714385,45.76361106574709],[21.21112804849332,45.76369101246893],[21.21117618402158,45.76376673169291],[21.21122744806925,45.76384174052414],[21.21130013205704,45.7639381386656],[21.21137407204529,45.76403430674402],[21.21143680239848,45.76410719434226],[21.21153313303335,45.7642186159261],[21.21164128125847,45.76432729006856],[21.21173670441442,45.76441634193608],[21.21186144076069,45.76453090357388],[21.21200373483969,45.76464485113515],[21.21219272656828,45.76478440422797],[21.21235602467967,45.76489723967669],[21.21252858393114,45.76501566365776],[21.21276151242955,45.76517608827968],[21.21305778077497,45.76538162591181],[21.21329687886292,45.76554715663568],[21.21353596640784,45.76571147180766],[21.21374260853876,45.76585546336644],[21.21402024499623,45.76604548648072],[21.21433633541711,45.76626551700465],[21.21456673657991,45.76642704227211],[21.21488847998971,45.76664528977444],[21.21519105676906,45.76685624090976],[21.21548665910323,45.76705239918093],[21.21564171160321,45.76715403978339],[21.21578134738881,45.76723673456744],[21.21598363474861,45.76735247132249],[21.21611501316132,45.76742859316322],[21.21627233734885,45.76751137331232],[21.21646834549249,45.76761141382899],[21.21668062443577,45.76771333099117],[21.21689396692205,45.76781307584984],[21.21712708823071,45.76791460395645],[21.21736223020502,45.76801953408676],[21.21753113329162,45.76808930443915],[21.21769493689102,45.76814885254505],[21.21788985805597,45.76821802239279],[21.21813776290462,45.76829543260864],[21.21845636753264,45.76838658221598],[21.21884017196797,45.76849317826631],[21.21911291981844,45.76855860440027],[21.21931954861215,45.76860169962686],[21.21955848559919,45.76863188600436],[21.21969938070473,45.76864677979507],[21.2197991042162,45.76866322895349],[21.21986450780892,45.76867806074506],[21.21991324285356,45.76869498944044],[21.21996704337666,45.76872573275816],[21.21998852551792,45.76876285228504],[21.22000267421654,45.76880501701026],[21.22001660148817,45.76885752679295],[21.22001302665472,45.76890323488877],[21.21999070943665,45.76895030415248],[21.21994021380657,45.76900594697287],[21.21958715487428,45.76935378884329]]},"properties":{"line":"4","dir":"1","mode":"tram"}},{"type":"Feature","geometry":{"type":"LineString","coordinates":[[21.19597418853295,45.73970927332891],[21.19587928528253,45.73984725468952],[21.19583079491946,45.73988844159359],[21.19578169747671,45.73991984586407],[21.19572292812329,45.73994232295166],[21.19567437527738,45.73995172886261],[21.19562742451119,45.7399547378448],[21.19557402676998,45.73994875817369],[21.19553045715517,45.73993966517491],[21.19537595197098,45.73989310195202],[21.19525075011661,45.7398555671136],[21.1952104111314,45.73983804128321],[21.19517291983861,45.73981837839843],[21.19514431422615,45.7397970047122],[21.1951148784483,45.73976444879862],[21.19509709557424,45.73972723287925],[21.19509142075245,45.73969094384535],[21.19509766981394,45.73965216801668],[21.19511133958296,45.73961875199659],[21.19514109206869,45.73958551374221],[21.1951750862797,45.73955559208114],[21.19522498741974,45.73952285383059],[21.19529149822182,45.73948082174833],[21.19567419276736,45.73924915224215],[21.19585228441782,45.73914045198466],[21.19590082232264,45.73911774385211],[21.19594617463644,45.73910486838552],[21.19599194659751,45.73909686789612],[21.19604398416566,45.73909290723475],[21.19620630808415,45.73908294216069],[21.19626640232971,45.73907162435539],[21.19632376353589,45.73905051188378],[21.19636966178743,45.73901896131675],[21.19640610758787,45.73896322484742],[21.1964790673245,45.73883965895067],[21.19649469075459,45.73878754076706],[21.19650861752601,45.73872585089811],[21.19651071700969,45.73864423234095],[21.19651843753513,45.73857443064779],[21.19652452551198,45.73854384778564],[21.19653796753089,45.73849416858407],[21.1965486231965,45.73846844285276],[21.19658753659445,45.73840925430685],[21.19668178231645,45.7382673234712],[21.19686511577345,45.73799931052576],[21.19708641392246,45.73767656136475],[21.19735074374109,45.73729797123065],[21.19754486419738,45.73703990570142],[21.19760567276502,45.73696151847852],[21.19765848293473,45.73689875462609],[21.19771849705319,45.73683322245746],[21.19778831197377,45.73675271894494],[21.19788218773884,45.73666105221176],[21.19805198745866,45.73649894843817],[21.19821547086691,45.73634509229642],[21.19843092637944,45.73614575148171],[21.19852900365035,45.7360550025168],[21.19873439849762,45.73587049650267],[21.19882829279977,45.73578616710707],[21.19892550079852,45.73570765375199],[21.19915514845691,45.73552741131298],[21.19931588449739,45.7354092642091],[21.19960351834109,45.73519823492002],[21.1997645891335,45.73508566495199],[21.19989871915788,45.73499872257687],[21.20010030802273,45.73486895959302],[21.2003214509434,45.73472608406117],[21.20061620124393,45.73453704993912],[21.2007535621464,45.73445118026116],[21.20109407378149,45.73423519621578],[21.20121240400647,45.73416329774303],[21.20140883573984,45.7340394323203],[21.20160136507866,45.73392314040827],[21.20166941991113,45.73388046398487],[21.20172200988672,45.73384228627878],[21.20176788379513,45.7337994239384],[21.20179487521525,45.73376605674153],[21.20181614811279,45.7337279914249],[21.20182622309147,45.73367768474344],[21.20185260169473,45.73354964443412],[21.20188069627645,45.73333711602382],[21.20191265106966,45.73311043318349],[21.20194787027689,45.7328510790909],[21.20197063850266,45.73265126732495],[21.20200490979244,45.73234101054429],[21.20202359526117,45.73218515985783],[21.20205212894857,45.73196514378903],[21.20207077275598,45.73182478885851],[21.20208217826388,45.73177847673031],[21.20211190619184,45.73167123609089],[21.20217999616015,45.73148997721952],[21.20221294420855,45.73140405926083],[21.2022740224721,45.73127326616947],[21.20232013118259,45.73118948392482],[21.20237030803776,45.73109813344585],[21.20241128036899,45.73103175681874],[21.20249754887699,45.73090583482571],[21.20258082609293,45.73079501510391],[21.20268985237184,45.73066049178483],[21.20276810584362,45.73058097577178],[21.20284244551502,45.73050483893467],[21.20293929302447,45.73040674504744],[21.20303466889607,45.73031310316333],[21.20313913457685,45.73021247478861],[21.20327083455732,45.73008246381446],[21.20339627725657,45.72995744728539],[21.20352647156606,45.72983116971651],[21.20366335871419,45.72969951765106],[21.20381844115311,45.72955515405985],[21.20397331757949,45.72941132287639],[21.20415991776022,45.72923614825254],[21.2042934053768,45.7291146391788],[21.20445829341912,45.72895910804539],[21.20457491563926,45.72884593890592],[21.20464133184681,45.72878340713222],[21.20469179989182,45.72873091623395],[21.20471637721407,45.72869616728668],[21.20474541500279,45.72865380099663],[21.20478106349147,45.72860056721272],[21.20480869301805,45.728560966491],[21.20483699420621,45.72852993151528],[21.20489483229704,45.72848694948534],[21.20502129535675,45.7284182111577],[21.20512502059007,45.72835641507497],[21.20520740321655,45.72831862898316],[21.2053658585853,45.72825294254918],[21.205545334529,45.72817786157521],[21.20562183728943,45.72814289245095],[21.20568341834824,45.7281077579828],[21.20582637346678,45.72802046768124],[21.20609910666211,45.727849498635],[21.20646355618781,45.72763283829382],[21.20681028768776,45.72742719960992],[21.20724097935585,45.72716671922937],[21.20760491478285,45.7269403648708],[21.20805186390094,45.72666214601235],[21.20810427796138,45.72663252128446],[21.20821923041349,45.72656993890608],[21.20830259754215,45.72653114917683],[21.20837872608722,45.72650057510249],[21.20849002743214,45.72646863966196],[21.20865952748034,45.72642755961178],[21.20898101828509,45.72636131086058],[21.20950619828984,45.72625049559768],[21.21006231404263,45.72613344072129],[21.21032162645269,45.72607953880835],[21.21093705546598,45.72594797429443],[21.2111144584848,45.725911869032],[21.21144455396968,45.72584296135758],[21.21185430014064,45.72575696782122],[21.21231143400726,45.72566122322851],[21.21290086743135,45.7255355802921],[21.213544558641,45.72539974443514],[21.21396935135613,45.72531040266938],[21.21456438645142,45.72518412754139],[21.21497032541411,45.72509777130976],[21.21538289607274,45.72501196856913],[21.21583328336478,45.72491545113931],[21.21626709236509,45.7248244782],[21.21661372228288,45.72475365589104],[21.21709769310475,45.72465165781726],[21.2175673903119,45.72455254648458],[21.2179073898077,45.72447835261327],[21.21834739914638,45.72439007079393],[21.2185920488781,45.72433864703942],[21.21897846288589,45.72425591072451],[21.21930796497212,45.72418877749163],[21.21976769275509,45.72409418373964],[21.22005552558282,45.72403313148042],[21.22021772155357,45.72399785344393],[21.22033856413658,45.72397361055577],[21.22039552571719,45.72396381777296],[21.22046400585173,45.72395509203996],[21.22056611444405,45.72394964121315],[21.22072534244491,45.72394579258793],[21.22083551975777,45.72394618383021],[21.22091654895146,45.7239451160546],[21.22105785345482,45.72392872745299],[21.22132252343093,45.72389226706744],[21.22174681745771,45.72383753917192],[21.22234424481805,45.72375811191967],[21.22264032506571,45.7237214227507],[21.22303693773404,45.72366925695061],[21.22340730152697,45.72362032139385],[21.22389916646179,45.7235534387081],[21.22411384541345,45.72352360838136],[21.22446807892437,45.72347759548536],[21.22490631534467,45.7234190876535],[21.22522400949262,45.72338042573967],[21.22556374781605,45.72333579740767],[21.22588411558474,45.72329466022822],[21.22603717357513,45.72327585022354],[21.22609510725496,45.72326752997313],[21.22615498485116,45.72327014131537],[21.22620847243484,45.72327528093105],[21.22625083266517,45.72328239688364],[21.22628366695447,45.72329924754774],[21.22632855073179,45.72332677193754],[21.22635311853334,45.72335423842225],[21.22637280000417,45.72339451547034],[21.22639667067977,45.7234535405304],[21.22648155966014,45.7237571771752],[21.2265680323804,45.72406561911971],[21.22667258590382,45.72442514724279],[21.22677592855513,45.72478312212224],[21.22684995929131,45.72505241115007],[21.22690861356493,45.72527036898123],[21.22692356772438,45.72534000260232],[21.22693915735239,45.72544641666364],[21.22697398492372,45.72582218709782],[21.2269942617499,45.72602975849354],[21.22702323766888,45.72636207574104],[21.22705364484602,45.72662717895012],[21.22707924106916,45.72693085064266],[21.22709202290225,45.72708455280694],[21.22711455594182,45.72732785531602],[21.22713384925849,45.72752669700672],[21.22715670545644,45.72772928664737],[21.22717289991448,45.72788534076379],[21.22718780724363,45.72809112273392],[21.22721099509409,45.72836599273153],[21.22723478419566,45.72862449003333],[21.22725824260899,45.72894772892178],[21.22726956269614,45.7290589001292],[21.22728288043335,45.72912940911582],[21.22730282549707,45.72919653676817],[21.2273406858308,45.72931242677898],[21.22735916578846,45.72936504087428],[21.22738005525017,45.72947263998066],[21.22741358120138,45.7296724736241],[21.22747513575006,45.72997555652697],[21.22752568108488,45.73025840876678],[21.22758006878738,45.73054332298226],[21.22762695683096,45.73080823808155],[21.22767493984241,45.73104630398366],[21.22771844828882,45.7312842278848],[21.22776183123541,45.73151937523927],[21.22780290982172,45.73174674013544],[21.22783279345549,45.73189642749048],[21.22784254500102,45.73195511653826],[21.22784353584019,45.73198422513499],[21.22784264714579,45.73204928588932],[21.22783585881757,45.73209514268623],[21.22781351342852,45.73215863786908],[21.22777023393203,45.73227265852274],[21.22770938477453,45.7324385163061],[21.22753869784616,45.73286569661671],[21.2274389081423,45.73311774672705],[21.22733669282777,45.73337943649277],[21.22723191425879,45.73365914313177],[21.22711842030326,45.73393702568955],[21.22702116049537,45.73418556364732],[21.22691029759727,45.73445640864955],[21.2268299686671,45.73467462203292],[21.22672848566014,45.73493911249887],[21.22655796999957,45.73535543826059],[21.22647472196503,45.73558857994509],[21.22637134528049,45.73587403677428],[21.22634497848507,45.73596460532615],[21.22631030986287,45.73608409865461],[21.22629226896344,45.73612696492911],[21.22623631774366,45.73623041557809],[21.22617671309277,45.73631799248417],[21.22584967883811,45.73677282384892],[21.22560241989795,45.73712994758374],[21.22521102787036,45.73768667085264],[21.22495259584448,45.73805070503072],[21.22489757838497,45.73812912314315],[21.22487092990327,45.73817826885986],[21.22487154198248,45.73824411615064],[21.22488288349199,45.73828542255747],[21.22490667437103,45.73834023384449],[21.22495204341934,45.73838926585482],[21.22501206366209,45.7384494671801],[21.22502672068514,45.73847748930307],[21.22503596052316,45.73850354936501],[21.22504012394037,45.73854670090533],[21.22503976748608,45.73865568468675],[21.2250332920252,45.73899731961031],[21.22503007456238,45.73937143021546],[21.2250302704602,45.73950475809988],[21.22503313664093,45.73962873916329],[21.22503764873099,45.73971739011241],[21.22504836745818,45.73986518014701],[21.22506686101418,45.74001481875967],[21.22508838576143,45.7401625425901],[21.22511237233386,45.7402789100562],[21.2251365643537,45.74040240717643],[21.22516961537019,45.74056855930195],[21.22521265902227,45.74077557200696],[21.22527586566955,45.74108926821438],[21.22530258829694,45.74121627858204],[21.22532065657215,45.74131041131278],[21.22533224708416,45.74136894232846],[21.2253356932962,45.74143043304089],[21.225335125418,45.74146554379916],[21.22532176181311,45.74152659249534],[21.22530815006149,45.74156959831316],[21.22528245967169,45.74163327542065],[21.2252353975643,45.74167971990395],[21.22511015227352,45.74180003238771],[21.22498093383717,45.74192054741489],[21.22482104252498,45.74207559958068],[21.22462482362106,45.74226212199223],[21.22437682263391,45.74250072160979],[21.22409269580321,45.74277495434569],[21.22378346334976,45.74307454781983],[21.22360564064772,45.74324575518846],[21.22346595772697,45.74337960382495],[21.2232486076494,45.7435847225542],[21.2230695494333,45.74375816983594],[21.22294818226536,45.74387636139655],[21.22286161452411,45.74395996379172],[21.22271789454071,45.74410131446415],[21.22253307508004,45.7442781551163],[21.22242817390541,45.74437622186229],[21.22229948401145,45.74450054250669],[21.22218592544512,45.7446118262953],[21.2220425723541,45.74474990511192],[21.22194402418074,45.74484430743475],[21.22174717888588,45.74503225884727],[21.221595928723,45.74518045050925],[21.22147371069123,45.74529643180445],[21.22132766906134,45.74543726664817],[21.22123708828862,45.74552603706691],[21.22108497849645,45.74567757283516],[21.22102496002648,45.74573658738075],[21.22095856153324,45.74580889558252],[21.22090150476357,45.7458707756964],[21.2208573929567,45.74592148051154],[21.22081704083807,45.74597208985698],[21.22077563759816,45.74602472618993],[21.2206919203999,45.74613469864068],[21.22053728385611,45.74634574374932],[21.22039462669313,45.74654002975973],[21.22025563253145,45.74673809613489],[21.22016734924129,45.74685784827368],[21.22003768724074,45.74703891798161],[21.21993863280472,45.74717887916771],[21.21981270756349,45.74735153516745],[21.21961988236316,45.74762651612902],[21.21944731438273,45.74786846909302],[21.21927180702503,45.74811872925937],[21.21912558581765,45.74832889514391],[21.21904421756601,45.74843948121041],[21.21902340910547,45.74846921610524],[21.2190069202404,45.74850383958596],[21.2190052014453,45.74854472440379],[21.21901148766164,45.74857931924284],[21.21902440151995,45.74861361925787],[21.21904805422072,45.74864140338578],[21.21906971616404,45.7486636547635],[21.21909688290456,45.74868402944879],[21.21919646979096,45.74873881146599],[21.21945940671104,45.74887985495576],[21.21965447758986,45.74898593669713],[21.21988397308797,45.74910993035935],[21.2201437222074,45.7492502376963],[21.22024267993046,45.74930519650613],[21.22035535340823,45.74937059795074],[21.22056900180498,45.74948996550631],[21.2207939081562,45.74961533699903],[21.22096709536404,45.74971090498714],[21.22115111185251,45.74981194223552],[21.2213006620108,45.74989149109868],[21.22144596912632,45.7499711925986],[21.22162382667689,45.75006813915035],[21.22180189318437,45.75016541500611],[21.22200530030338,45.75027536201074],[21.22213149532315,45.7503442071606],[21.22233518165188,45.75045348481586],[21.22248799792781,45.75053674752918],[21.22265677885996,45.75062680315686],[21.22286189727473,45.75073780238165],[21.22301385774664,45.75082166170011],[21.22316279913926,45.75090192532269],[21.22330354771627,45.75097779072701],[21.2234458183007,45.75105858880712],[21.22354253917307,45.75111226571288],[21.22360571006923,45.75114786599432],[21.22364199838602,45.75116915989186],[21.22367229513683,45.7511936221551],[21.22370366132833,45.75122465996623],[21.22372334777333,45.75124995390786],[21.22373958721228,45.75128275692451],[21.22375087177738,45.75132535114322],[21.22375105117646,45.75137065815889],[21.22374324907285,45.75141895469393],[21.22372723246026,45.75145406718246],[21.22370818571765,45.75148184306373],[21.22368502263532,45.75150903784535],[21.22362830852246,45.75155200329986],[21.22350453417962,45.75161374508964],[21.22331636539041,45.75170569954373],[21.2231253232523,45.75179696198164],[21.22295857079862,45.75188392841655],[21.22270915288438,45.75200594422747],[21.22261436750451,45.75205466589285],[21.22252806558046,45.75209877893536],[21.22243992337107,45.75214741699552],[21.22223367292313,45.75226337703258],[21.22207892499154,45.75234878257675],[21.22200295861206,45.75239317712527],[21.22191482487117,45.75245011866277],[21.22180032938921,45.75252249139643],[21.22171467361324,45.75258937856123],[21.22164647322534,45.75264200455263],[21.22160620407793,45.75268111168747],[21.22156868405712,45.75271700764074],[21.22152656394224,45.75277095367197],[21.22147686030162,45.75283264993431],[21.22143998750898,45.75288748989347],[21.22141370755645,45.75292876813505],[21.22137946085345,45.75300490675419],[21.22134834556955,45.75308927848938],[21.22132577794112,45.7531674328071],[21.22131317581258,45.75323501875758],[21.22130693768075,45.75329526971652],[21.22130500569853,45.75337018614213],[21.22131041148231,45.75343847947627],[21.22132456169641,45.75355875454598],[21.22133949925798,45.75368796400671],[21.22134941908658,45.75378826663549],[21.22135511421801,45.75389828704884],[21.22136032914941,45.75399795783101],[21.22136146333006,45.75405243137693],[21.22135785787847,45.75412952181944],[21.22135189000263,45.75420838656238],[21.22134042464509,45.75430437182366],[21.22132736041359,45.7543835579527],[21.22131008864176,45.75447093788916],[21.22128460132902,45.75458359423508],[21.2212572418226,45.75470798341412],[21.22123469191088,45.75480207182682],[21.22120480952208,45.75494389766197],[21.22118513561008,45.75506276086984],[21.22117251872496,45.75512814096649],[21.2211619323572,45.75526073581557],[21.22115799933977,45.75535811541748],[21.22115736167968,45.75544266514158],[21.22115953746781,45.75552779751064],[21.22116359796517,45.75564088203622],[21.22116805476769,45.75575552666962],[21.22118299291412,45.75588858739747],[21.22119868223294,45.75602792862053],[21.22121950628666,45.75621318509134],[21.22122459655785,45.75627838663213],[21.22121624688609,45.75630917119273],[21.22118367491563,45.75635634802263],[21.22111794236519,45.75641121040595],[21.22106848847964,45.7564357586499],[21.22097944284478,45.75645703475813],[21.22084884917847,45.7564670105645],[21.2203454661932,45.75649512539871],[21.21977071626301,45.75652293792369],[21.21929775443795,45.7565467663271],[21.21887561120732,45.75657157156852],[21.21839999021119,45.75659770381398],[21.2179230894595,45.75662784726782],[21.21739656377309,45.75666654924702],[21.21683931133471,45.75670458579592],[21.21625065189748,45.75674145252931],[21.21563606336068,45.75679408986106],[21.21505686679547,45.75684461535158],[21.21478536439251,45.75687349185651],[21.21456946711647,45.75689732690056],[21.21435478960296,45.75692371462689],[21.21414862970613,45.75694856917123],[21.21395834713233,45.75697410454028],[21.21378026187637,45.75699623521072],[21.21351416688111,45.75703538791375],[21.21330314768749,45.75706517778092],[21.21295722541511,45.75711964892236],[21.21274497150706,45.75715494763629],[21.21242697424042,45.75720942957537],[21.21204500083783,45.75727990172617],[21.21188773412364,45.75730906012389],[21.2116069001514,45.75736498746794],[21.21127690335026,45.75743481238724],[21.21109619729146,45.75747161444963],[21.21083005176576,45.75753146326857],[21.21063588583711,45.7575746344676],[21.21045511222841,45.75761705864759],[21.21022001663725,45.75767088666935],[21.20994097502929,45.75773970070443],[21.2097521715473,45.75778339560841],[21.20971115839991,45.75779243492187],[21.20962674115169,45.75781839881716],[21.20956138516853,45.75785702893561],[21.2095187212581,45.75790832537328],[21.20949058011567,45.75797165474695],[21.2094733317345,45.75802548485842],[21.20946879101602,45.75808438160812],[21.20946878846796,45.75815790979382],[21.20947059931068,45.75828498785474],[21.20947876360793,45.7584285991461],[21.2094914653923,45.75860381568189],[21.2095005391479,45.75869817741999],[21.20950870387444,45.7588355184444],[21.20951686845963,45.75897294447226],[21.20952957007467,45.75916211535716],[21.20954408662475,45.75936668696404],[21.20955588101198,45.7595441035117],[21.20956495258193,45.75971246706501],[21.20958069503533,45.75984943799189],[21.20959703011136,45.75997229824532],[21.20961064315304,45.76006584676391],[21.20962970169482,45.76018617379849],[21.20965329854358,45.76032314565975],[21.20968234129954,45.76048156078707],[21.20972601205885,45.76067945376936],[21.20977865551376,45.76087976727711],[21.2098167772112,45.76101276060475],[21.20986666239386,45.76118002400677],[21.20992021548819,45.76134658233591],[21.20995743086623,45.76145147726401],[21.21001007750791,45.76159017039517],[21.21005025060088,45.76169907974586],[21.21011379060664,45.76184980558498],[21.21016353677582,45.76196630409647],[21.21023161639383,45.76211196359246],[21.21032715594681,45.76232348640432],[21.21040016729076,45.76246292141221],[21.21053579135511,45.76271671506164],[21.21058390248744,45.76280474401655],[21.21063189967791,45.76287548041635],[21.21076261861238,45.76305533813915],[21.21079928206324,45.76310825357763],[21.21086464176349,45.76321401476243],[21.21091093833429,45.76329381064623],[21.21099651998503,45.76346077299167],[21.21108140598898,45.76361698352931],[21.21113768895664,45.76370627888373],[21.21121679966575,45.76382405864334],[21.21131302629539,45.76395325178584],[21.21141099933509,45.76407833535439],[21.21152503637696,45.76420890960411],[21.21163125018133,45.76431530363892],[21.2117347410163,45.76441283152968],[21.21186234557066,45.76453176403196],[21.21198490129915,45.76462865830709],[21.21210296673605,45.76471644283716],[21.21222461533413,45.76480700379835],[21.21233537040742,45.76488299897394],[21.21246264746625,45.76497025850833],[21.21263513585926,45.76508805052525],[21.21280726126267,45.76520797688372],[21.21296704150293,45.76531920725047],[21.21309729808611,45.76540930643493],[21.21326434240629,45.7655239312063],[21.21346830743983,45.76566538818437],[21.21357906598628,45.76574138221527],[21.21369824879462,45.76582391139332],[21.21374273404629,45.76585684206241],[21.2138171786818,45.76590560464699],[21.21390887322161,45.76597019937831],[21.21411177739387,45.76610865768816],[21.21429516748804,45.76623657977001],[21.21445152275573,45.76634592364893],[21.21461494109539,45.76645801334419],[21.2147967124238,45.76658396814743],[21.21499780441674,45.76672082650307],[21.21515940948967,45.76683544874071],[21.21533831968996,45.76695243881499],[21.2155021851005,45.76706162875777],[21.2156065937057,45.76713002146899],[21.21586190182293,45.76728194464736],[21.21601715316385,45.76737123391779],[21.21619465227302,45.76746933673343],[21.21632811436222,45.76753962749238],[21.21648025958212,45.76761665108918],[21.21664277476737,45.76769453978343],[21.21675535561396,45.76774773199486],[21.21696205347934,45.76784302736903],[21.21719811006025,45.76794561041854],[21.21743140197529,45.76804809715842],[21.21755487843027,45.76809812150492],[21.21773186673096,45.76816304425509],[21.2179524891004,45.76823649492596],[21.21815544738436,45.76830073030509],[21.2184096621991,45.76837291166134],[21.2187410640946,45.76846656596652],[21.218840934612,45.76849505810775],[21.21898892409073,45.7685298801367],[21.21912635947299,45.76856036754049],[21.21931974412596,45.76860215235752],[21.21954693859328,45.76863070382856],[21.21968403094061,45.76864526005532],[21.21977482132574,45.76865855287915],[21.21985457743989,45.76867628308623],[21.21991177662466,45.76869401124518],[21.21996807042449,45.76872757191623],[21.21999077389703,45.76876936795739],[21.2200080324861,45.76882636359124],[21.2200171161578,45.76885739458596],[21.22001349158228,45.76890235913244],[21.21999806224245,45.76893454660846],[21.21998444746289,45.76895734637517],[21.21983376155056,45.76911203220394],[21.21958866703975,45.76935361527638]]},"properties":{"line":"7","dir":"0","mode":"tram"}},{"type":"Feature","geometry":{"type":"LineString","coordinates":[[21.21954574238501,45.7693374795814],[21.21988903610118,45.76899718988555],[21.21992955554808,45.76895394536821],[21.21995105436828,45.7689136402618],[21.21995632896746,45.76887717205416],[21.2199557403998,45.76883230099151],[21.21994989866093,45.76879402149566],[21.21991853783326,45.76875576998756],[21.21988245227142,45.7687265500651],[21.21981687169825,45.76870800701491],[21.21970494080395,45.76869116115158],[21.21958530246304,45.7686767483207],[21.21947518564169,45.76866498456143],[21.21938106733497,45.76865236218698],[21.21927347344975,45.76863481585905],[21.21909546546817,45.76859931710643],[21.21893666762744,45.76856024024989],[21.21861485206915,45.76846843203407],[21.21840455533103,45.7684104929387],[21.21814306434047,45.76833596672235],[21.217912537786,45.76826166745087],[21.21769724472756,45.76818610192192],[21.21736949330304,45.76805778186118],[21.21707080908502,45.76793047991108],[21.21676570528026,45.76779197539277],[21.21647495106218,45.7676553256042],[21.21605845886701,45.76743511579065],[21.21556524519227,45.76714607000809],[21.21514995692789,45.76687006176756],[21.21483817943962,45.76665498859871],[21.21444168428587,45.76638159885253],[21.21418454252307,45.76620642170402],[21.21378087579457,45.76592638933018],[21.21356589587472,45.76577849421797],[21.21305541675207,45.76542558428959],[21.21267355727467,45.76516283889996],[21.21221329874856,45.76484036074856],[21.21194319204034,45.76464406839987],[21.21172743277257,45.76446422740739],[21.21152317345023,45.76426502255963],[21.21138858652225,45.76411941171972],[21.21122900996242,45.76391710108875],[21.21110280118303,45.76373436819878],[21.21100696406,45.76357049817332],[21.21089607473322,45.76336184974585],[21.21081477351074,45.7632149607888],[21.21075552591691,45.76312631348446],[21.21065667945726,45.76298258427722],[21.21056698266974,45.76285562908459],[21.21052388320894,45.76277990945304],[21.21044323251155,45.76263063285875],[21.21034791815247,45.76245166311134],[21.21025282663865,45.76226947260486],[21.21014443899924,45.76203679627736],[21.21006252458355,45.76183718701949],[21.21000631810866,45.76170559120381],[21.20993030351845,45.76151269702439],[21.20982054226717,45.76117612307983],[21.2097708355578,45.76101613426186],[21.20969908392792,45.76074890461165],[21.20964161134521,45.76050526871235],[21.20960358063207,45.76030506754231],[21.20956913834275,45.76010216931852],[21.20953911255671,45.75986923305487],[21.20951821684765,45.75966499647959],[21.20950252033928,45.75945661875749],[21.20948526251622,45.7592089953195],[21.20946586551498,45.75886327880534],[21.2094438684885,45.75854621811771],[21.20942727078501,45.75821688956879],[21.2094272379639,45.75808356598289],[21.20943522996568,45.75801568233237],[21.20945394209639,45.7579557355411],[21.20947896613265,45.75789733249667],[21.20951885822408,45.75784717882549],[21.20958394065143,45.75780241281859],[21.2096841819162,45.7577662202027],[21.21028938557744,45.75762084718959],[21.21058122558972,45.75755228354806],[21.21103828008857,45.75744900258382],[21.21154826897483,45.75734232667246],[21.21196816611772,45.7572602370706],[21.21234545310542,45.75718961965556],[21.21275952819032,45.75711937498034],[21.21326288819428,45.75703993082186],[21.21362020880741,45.75698642980246],[21.21427212973715,45.75689994466642],[21.21464969258935,45.75685553501019],[21.21525180412463,45.75679365045306],[21.21569596215494,45.75675405465997],[21.2162011480221,45.75671401841412],[21.21662622062432,45.75668434503906],[21.21729747430757,45.75663842833431],[21.21797166060566,45.75659196333241],[21.21880064404282,45.75654244151092],[21.2197930133328,45.75648791430572],[21.22007244968198,45.75647739484364],[21.22046455947362,45.75645423648443],[21.22095738195462,45.7564242645683],[21.22102238346368,45.75640740944553],[21.2210911251325,45.75637249861738],[21.2211350745733,45.7563359868119],[21.22116697782084,45.7562971654191],[21.2211864993244,45.75625965726749],[21.22117903656315,45.75621623941707],[21.22114202234786,45.75591904556445],[21.22113285476298,45.75583351276863],[21.22112547961216,45.75576919970207],[21.22111858059382,45.75563954874642],[21.22111698102114,45.75554545519368],[21.22111429798203,45.75546815926248],[21.22111745906169,45.75535996413073],[21.22112365117457,45.75522216974176],[21.22112847251584,45.75515435155079],[21.22115022389426,45.75501517071358],[21.22116708942205,45.75492680403329],[21.2211786029576,45.75486498470337],[21.22120498499455,45.75474150762616],[21.22121854267104,45.7546785617385],[21.22124979382612,45.75452882486162],[21.22128064621362,45.75439622251037],[21.22129311578272,45.75431733351991],[21.22130293628349,45.75420819993578],[21.22131243854577,45.75412658669402],[21.22131656032313,45.75403662646497],[21.22131658657483,45.7539726434542],[21.22131472520721,45.75389826267152],[21.22130898716161,45.75380023264987],[21.22129894513056,45.75366867090145],[21.22128245787105,45.75356059393192],[21.22127351883326,45.75347730179828],[21.22126518933964,45.75338947145507],[21.22126391847175,45.75332184006735],[21.22126171401739,45.75327570268228],[21.22126636383095,45.75323556110058],[21.22127635359776,45.75318104991201],[21.22129059177138,45.753128419835],[21.22130949639487,45.75307476834256],[21.22132947735707,45.75301384819267],[21.22135256750177,45.7529620440442],[21.22138092301257,45.75291215788346],[21.22142851802458,45.75283707634722],[21.22149596688929,45.75274809302478],[21.22153541359102,45.75269877244659],[21.22157873847118,45.75265425117457],[21.22162960971142,45.75260977326313],[21.22171047921416,45.75254773919117],[21.22177646141658,45.75249883239564],[21.22186296582353,45.75244670826403],[21.2219482227873,45.75239529613387],[21.22208725211619,45.75230971436067],[21.22223535837213,45.75222482230124],[21.22237626133992,45.75214686139308],[21.22251584598089,45.7520746352909],[21.22261436686097,45.75201970414658],[21.22271935399203,45.75196658328028],[21.22288295446039,45.75188676839799],[21.22302021384484,45.75181727154531],[21.22319758504411,45.7517288383948],[21.22328810928963,45.75168589557325],[21.22346791891692,45.75159652338643],[21.22353980778956,45.75156001709566],[21.22358535595931,45.75153680617473],[21.22362467610131,45.75150710700576],[21.22365456079777,45.75148377353926],[21.22368249621851,45.75144498654246],[21.22369968779423,45.75139986157281],[21.22370317590545,45.75135201463118],[21.22368975277492,45.7513048086383],[21.22366355645673,45.75124738008821],[21.22362425161617,45.75120545776808],[21.22358722341238,45.75117719714283],[21.22355282943248,45.75115444968966],[21.22347771942245,45.75111320707359],[21.22341120448645,45.75107589655736],[21.22327961016815,45.751001452856],[21.22302503974029,45.75086215494132],[21.2228280296339,45.75075382250441],[21.22265496061812,45.75066107142143],[21.22242156817979,45.75053356861151],[21.22223611791586,45.75043222164088],[21.22199143122701,45.75029888201638],[21.22180877373872,45.75020079902529],[21.2216431825193,45.75011020723473],[21.22141653735796,45.74998726136303],[21.22122221436566,45.7498841623771],[21.22105164954434,45.74978872089397],[21.22081043745925,45.74965243815537],[21.22071121700845,45.74959832681014],[21.22054152297635,45.74950496615702],[21.22037455754685,45.74941401047693],[21.22018902866075,45.74931259837028],[21.22003281658927,45.74922888506803],[21.21981126964634,45.74910854163929],[21.21964601535547,45.74901911890422],[21.21944975088931,45.74891330652213],[21.21919723710127,45.74878116103768],[21.21906461791506,45.74870811214931],[21.21903429745342,45.74868674451814],[21.21899642911313,45.74865438121491],[21.21897984408377,45.74864215299277],[21.21895930428015,45.7486109863783],[21.21895285143221,45.74858602417794],[21.21894681646616,45.74853890236882],[21.21894674961564,45.74852782495235],[21.21895735503156,45.74848886689147],[21.21897580747991,45.74845914306739],[21.21899957066885,45.74842734637876],[21.21903015417428,45.74838308186812],[21.21909132077872,45.74829622667635],[21.21919935287865,45.7481453273492],[21.21937657669844,45.74789908475563],[21.21952921259123,45.74767939611651],[21.21970955761788,45.74742616101476],[21.21984197188727,45.74723857256156],[21.21995687322977,45.74707773462293],[21.22006902441431,45.74692230032225],[21.22019254538844,45.74675202300188],[21.22029453352722,45.7466124758736],[21.22036681179551,45.74650890442764],[21.22046976802467,45.74636470031524],[21.22057393299756,45.7462210015311],[21.2206845133662,45.7460719633419],[21.22075837949765,45.74597171676252],[21.22082991602865,45.74588892032468],[21.22097242191728,45.74572864454332],[21.22108897022836,45.74561235957439],[21.22125231446795,45.74545508125954],[21.22150007122362,45.74521709824064],[21.22173068233181,45.7449957073107],[21.22198753589259,45.74474828406044],[21.22209186813438,45.74464720883026],[21.22230353895253,45.74444286536231],[21.22255416904907,45.74420261101294],[21.22278097921178,45.74398150030993],[21.22284241457522,45.74392452701436],[21.2228976424595,45.74387004070154],[21.22302127840938,45.74375083904574],[21.22308831238969,45.74368906206924],[21.22324847532007,45.74353791959004],[21.22339135430175,45.74339840048395],[21.22350876634356,45.74328407897859],[21.22366886746104,45.74312710293397],[21.22382904927172,45.7429747514538],[21.22400032403561,45.74281064770133],[21.22415431483407,45.74266184681485],[21.22434116836247,45.74248659079887],[21.22453699622748,45.7422970991937],[21.22473034532143,45.74211125116772],[21.22497344415002,45.74187519634199],[21.22510558826935,45.74174776249532],[21.22519323497954,45.74165842235603],[21.2252229723564,45.74162752216861],[21.22525092098877,45.74157939890943],[21.22526579335652,45.74154038138239],[21.22528136556788,45.74149660681364],[21.22528433824683,45.74145842920476],[21.22528705562387,45.74141610829957],[21.22528724842838,45.74139135463918],[21.22526290340862,45.74125230191154],[21.22522816238093,45.74109057457991],[21.22518905656239,45.74089497010398],[21.22516616409376,45.74077592805929],[21.22513706154022,45.74064756339934],[21.22512133185147,45.74055465313615],[21.22509217701614,45.74040373996363],[21.22508302149118,45.7403286553558],[21.22503992948104,45.74014401847768],[21.2250198846114,45.74005659599478],[21.22500935636257,45.73994269352704],[21.22500219798539,45.7398631887081],[21.2249954244522,45.7397542073841],[21.22498729370828,45.73961407745437],[21.22498155542697,45.73947416631042],[21.22498282056295,45.73936693085133],[21.22498542381462,45.73921580087209],[21.22498547828513,45.73902419942169],[21.22498636702557,45.73890238770833],[21.2249910620253,45.73871694145095],[21.22499238490197,45.73856856890703],[21.22499057545304,45.73852850802701],[21.22497453717693,45.73848802640273],[21.22496207947896,45.73845779836449],[21.22492218995843,45.73840807522602],[21.2248525843894,45.73833843739897],[21.2248309828581,45.73831479215873],[21.22481767112772,45.73829691917238],[21.22481368370994,45.73827204090567],[21.22480513253957,45.73823218675435],[21.22481033047571,45.73820144612838],[21.22482293427488,45.73817169628078],[21.22484127187124,45.73814308706382],[21.22487442055042,45.73809457990602],[21.22507845049714,45.73780497589604],[21.22529237121526,45.73750295916559],[21.22554893877496,45.73714345296429],[21.22586144678297,45.7366940612838],[21.22609853961088,45.73635586455424],[21.22620696355606,45.73620022939263],[21.22624742782761,45.73613933402783],[21.2262988985974,45.73598734042626],[21.22637160774081,45.73576830213468],[21.22640473688461,45.73566482182032],[21.22643490739624,45.73557983257294],[21.22646389542766,45.73550214758613],[21.22648837918806,45.73543264034556],[21.22652834966167,45.73533712726535],[21.22655129195395,45.73527093401936],[21.2266469140722,45.73502515679824],[21.22675217698297,45.73478171742185],[21.22685289444426,45.73452853301329],[21.22698064098121,45.73419229474879],[21.22709198165039,45.73391243910549],[21.22715909295388,45.73374534909988],[21.22724375461501,45.73352418152872],[21.22735929216133,45.73322452208597],[21.22748260443836,45.7329085458626],[21.22760822125897,45.73258382511963],[21.22772866897473,45.73228195188634],[21.22775406419488,45.73220971756732],[21.22778399648241,45.73213241374727],[21.22779306129523,45.73208996104415],[21.2278039413551,45.73204687444866],[21.2278075601804,45.73200570828369],[21.22780573602631,45.73197592920734],[21.22778664279642,45.73186948659192],[21.22773209330551,45.73157295908834],[21.22765663183104,45.73115486783983],[21.22757733298899,45.73072383681974],[21.22752550736667,45.73042229180861],[21.22747876494319,45.73016623436588],[21.22742967406504,45.72990187005957],[21.22740280487139,45.72977060410177],[21.22737734976403,45.7296305813064],[21.22732550236807,45.72939628353448],[21.22730732900786,45.72932658964999],[21.22729279555566,45.72928920900971],[21.2272664501965,45.72920855686812],[21.22724828200423,45.72915660394193],[21.22723828361277,45.72910718428876],[21.22721461320143,45.728855847574],[21.22719185030629,45.72860318903729],[21.22716362207322,45.72828098494084],[21.22712424731305,45.72781483044752],[21.22708510559033,45.72741209329832],[21.22705142118071,45.72704850092648],[21.22701132825845,45.72664014721791],[21.22699095728753,45.72635972201478],[21.22695910306831,45.72604545928285],[21.22692906584327,45.72573616536322],[21.22690357575571,45.72545847090667],[21.22687812853543,45.72533513594525],[21.22684450596293,45.72518687728017],[21.22680977555951,45.72504910124519],[21.22675163531016,45.72485459276646],[21.22667895526508,45.7245914958881],[21.22656832394951,45.7242104081367],[21.22649394266559,45.72394537127157],[21.22642618769212,45.72370155122499],[21.22635397909796,45.72345990773752],[21.22633308883496,45.72340035169601],[21.22631008619437,45.72337251457896],[21.22628103791677,45.72335097584039],[21.22623474547996,45.72332880571111],[21.22619299314026,45.72331487180509],[21.22614034953484,45.72329967207635],[21.22609224747507,45.72329841100834],[21.22603960834137,45.72330031850197],[21.22581278769393,45.72333456173023],[21.22536650670579,45.72339164100693],[21.22492684307898,45.72344935137095],[21.2244404689124,45.72351190963148],[21.22402486923227,45.72356707939868],[21.22339690860387,45.72364673467443],[21.22307868811109,45.72368921877446],[21.22259570349265,45.72375538821403],[21.22216618940953,45.72381048914841],[21.22170491887804,45.7238710975417],[21.22120558458137,45.72393640220052],[21.22109615583243,45.72395162612942],[21.22086926262287,45.72397635548386],[21.22077941185223,45.72398016444269],[21.22065416396293,45.72397764016082],[21.22058155657263,45.7239770123718],[21.22041811207437,45.72398906369309],[21.220379086195,45.72399223475874],[21.22019666612495,45.72402963144865],[21.21977678527051,45.72412035670476],[21.21933097249849,45.72421172174644],[21.21861353199398,45.72436374540737],[21.21813319782738,45.72446243542421],[21.21763034160958,45.72456574095045],[21.21714787388618,45.72466855461413],[21.21666421755722,45.72477013752491],[21.21618788003333,45.72486900030052],[21.2153992401201,45.72503513785482],[21.21494691916383,45.72513082665484],[21.21462644582268,45.72519863608356],[21.21411074189832,45.7253079333673],[21.21378673666542,45.72537636955543],[21.21303222839238,45.72553659280081],[21.21255072928189,45.72563797492487],[21.21189584851262,45.725775192342],[21.21143585049918,45.72587150092191],[21.21068641467206,45.72603137009757],[21.21007862641512,45.72615831803189],[21.20960168949996,45.72626140270988],[21.20896347313147,45.72639370199423],[21.20869272272817,45.72644769787087],[21.20854296147189,45.72649014557087],[21.20836238956365,45.72654920351486],[21.20831882238964,45.72656440879644],[21.20822805631456,45.726613827298],[21.20798267144208,45.72676037842602],[21.20763221507549,45.7269768838018],[21.20722251884323,45.72722899920095],[21.20681899865739,45.72747695906105],[21.20624298839852,45.72782344705336],[21.20582159528522,45.72807700611302],[21.20568072344035,45.72816287237388],[21.20552288508828,45.72823200846654],[21.20540216018452,45.72828839284648],[21.20530922854702,45.72833004960723],[21.20525748924671,45.72835349013149],[21.20512133051968,45.72843585113339],[21.20492960496663,45.7285431285278],[21.20488966363267,45.72857734083739],[21.20486424564929,45.72860521794862],[21.20480069803586,45.72869518614001],[21.20477317899293,45.72873006661359],[21.20472052754983,45.72878582059119],[21.20467150709487,45.7288377731686],[21.20456257448092,45.72893534170714],[21.20427031856108,45.72919524490394],[21.20399829411327,45.72943816013353],[21.20373858874534,45.72967698282138],[21.20345911958485,45.72994524399988],[21.20323506774348,45.73016357775826],[21.20300758313406,45.73038413487152],[21.20289239584571,45.73051189656273],[21.20278980803622,45.7306272046843],[21.20267085690262,45.73076347086786],[21.20262182975929,45.73083443070495],[21.20247442980985,45.73104408980813],[21.20244265152856,45.73109667645097],[21.20233839962579,45.73126207047945],[21.20224993385308,45.73147246013079],[21.20218431689999,45.73162364954004],[21.20214798129665,45.73178558853808],[21.20209664775901,45.73200241777798],[21.20206619412061,45.73222065436581],[21.20202620371507,45.73251935309828],[21.20199439142115,45.73276586419446],[21.20196080261809,45.73302324090845],[21.20193080459117,45.73327377971825],[21.20190081212036,45.73348979513661],[21.20187399489668,45.73366970593684],[21.20185491849878,45.73374890478711],[21.20183039943608,45.73380529351254],[21.201822226288,45.73382568309657],[21.2017632121078,45.73388460332081],[21.20164527002124,45.73395544815083],[21.20149093514022,45.73404857462987],[21.2012371849521,45.73420031312913],[21.20099014827881,45.73435811268147],[21.20070692456578,45.73453688576315],[21.2005139705188,45.7346618678703],[21.20033167076621,45.73477805716968],[21.20009882638296,45.7349283945904],[21.19985254152211,45.73508551727031],[21.19973839205513,45.73515945323299],[21.19960311363043,45.73525447989741],[21.19942399439245,45.73538406692832],[21.19933592466514,45.73545438771988],[21.19916962427198,45.73558462230303],[21.19903570363554,45.73569343563885],[21.19880467752981,45.73588464838814],[21.19862377263457,45.73603106325909],[21.19852571243733,45.73611342077316],[21.19847395759905,45.73615966810106],[21.19838160419401,45.7362514853277],[21.1982998846656,45.73632877568514],[21.19821695137987,45.73640960742321],[21.19806803819032,45.73655405194797],[21.19789604527658,45.73672309556315],[21.19782377550453,45.73679134459287],[21.19776202970422,45.73685406399039],[21.19768756750541,45.73694466049433],[21.19759832373407,45.73706083222227],[21.1974476410809,45.73726430133986],[21.19731847928776,45.73744136966662],[21.19720543850583,45.73759822347263],[21.19712279777187,45.73771352916277],[21.19700692788066,45.73787749296307],[21.19687649367081,45.73807066601497],[21.19674015353873,45.73827008578284],[21.19664559045009,45.73841021530801],[21.19660744673896,45.73846660108293],[21.19659199791394,45.73852552426393],[21.19657745452615,45.7385939589504],[21.19656653952249,45.73867252442043],[21.19656833428125,45.73875143085],[21.19656651200518,45.73877614114227],[21.19654197979937,45.73885343763758],[21.19645002273043,45.73899612541371],[21.19631538604305,45.73919872090858],[21.19618705107312,45.73939155177036],[21.19603016549435,45.73962785470047],[21.19597646351129,45.73970914228936]]},"properties":{"line":"7","dir":"1","mode":"tram"}},{"type":"Feature","geometry":{"type":"LineString","coordinates":[[21.207156,45.750433],[21.207335,45.750461],[21.207414,45.750467],[21.20746,45.750464],[21.207508,45.750454],[21.207563,45.75043800000001],[21.207608,45.750411],[21.207641,45.75039],[21.207668,45.75036],[21.207701,45.750313],[21.207787,45.75018500000001],[21.207913,45.74999],[21.208087,45.74973],[21.208236,45.749509],[21.208309,45.749401],[21.208419,45.749233],[21.208586,45.748982],[21.208714,45.74879],[21.208807,45.748653],[21.208972,45.74840699999999],[21.209052,45.748286],[21.20915,45.748141],[21.209321,45.747886],[21.209422,45.747741],[21.20954,45.747566],[21.209626,45.747439],[21.209799,45.74719],[21.209891,45.74705600000001],[21.210069,45.746787],[21.210144,45.746675],[21.210323,45.746415],[21.210416,45.74628],[21.210568,45.74605900000001],[21.210729,45.745821],[21.21089,45.745586],[21.211062,45.74533599999999],[21.211129,45.745239],[21.211165,45.745187],[21.211209,45.745134],[21.211226,45.745117],[21.21126,45.74509],[21.211295,45.74507],[21.21132,45.745057],[21.211364,45.74504000000001],[21.211407,45.745029],[21.211456,45.74502],[21.211504,45.745016],[21.211551,45.74501699999999],[21.211595,45.74502],[21.211643,45.745034],[21.211847,45.74510000000001],[21.212236,45.745233],[21.212623,45.74536299999999],[21.213004,45.745491],[21.213471,45.745648],[21.213725,45.74573399999999],[21.214109,45.745861],[21.214438,45.74597299999999],[21.214847,45.746111],[21.215157,45.746216],[21.215486,45.746328],[21.215681,45.746389],[21.215857,45.746448],[21.216018,45.74650299999999],[21.216159,45.74654999999999],[21.216275,45.746593],[21.216365,45.74663499999999],[21.216454,45.746683],[21.216511,45.746717],[21.216573,45.746768],[21.216646,45.74683],[21.216832,45.747011],[21.216949,45.747125],[21.217083,45.747254],[21.217204,45.747373],[21.217322,45.747493],[21.217525,45.747695],[21.217616,45.74778700000001],[21.217689,45.747854],[21.217751,45.74791799999999],[21.217821,45.74797],[21.217884,45.74801500000001],[21.217994,45.748082],[21.218114,45.74815],[21.218235,45.748217],[21.21838,45.748293],[21.218646,45.748436],[21.218712,45.748462],[21.218766,45.748473],[21.218825,45.748474],[21.218884,45.748464],[21.218937,45.748447],[21.218978,45.74842400000001],[21.219025,45.748389],[21.219067,45.74833],[21.219316,45.747985],[21.219589,45.747595],[21.219822,45.747268],[21.220039,45.746963],[21.220269,45.74664599999999],[21.220424,45.746426],[21.220575,45.74621800000001],[21.220761,45.745968],[21.220809,45.74591600000001],[21.220874,45.74584],[21.220991,45.745708],[21.221115,45.745586],[21.221214,45.74549300000001],[21.221422,45.745291],[21.221697,45.74502600000001],[21.221932,45.744802],[21.222147,45.744595],[21.222366,45.744384],[21.222719,45.744043],[21.22299,45.743782],[21.223286,45.74350099999999],[21.223493,45.743299],[21.223833,45.742969],[21.224073,45.742739],[21.224357,45.742469],[21.224623,45.742214],[21.22492651140617,45.74194550219053],[21.22513902516684,45.74173478580847],[21.22524738014601,45.7416320899378],[21.22532503965783,45.74155718631085],[21.22541762253312,45.74147184544309],[21.22548919880832,45.74140195605283],[21.22555665608459,45.7413553070012],[21.22568495984618,45.74130104144673],[21.22605789746893,45.74117228953973],[21.22653342452588,45.74100564929174],[21.22676599890054,45.74092982379585],[21.2269153017503,45.74088803716629],[21.22712000468718,45.74083700919956],[21.22731519438093,45.74079772084096],[21.22753294340978,45.74076348307873],[21.22791815131645,45.74072266738381],[21.22820317639153,45.7407100713454],[21.22850136879568,45.74071635781473],[21.22878180633477,45.74073349969991],[21.2291524226405,45.74077698891028],[21.2295105971321,45.74084039047426],[21.22984280104142,45.74093259033008],[21.23081737360757,45.74127160971512],[21.23134834693306,45.74145963604431],[21.2321313425829,45.74175593884555],[21.23238200496881,45.74185634397695],[21.23268010586521,45.74200328323493],[21.23328305835191,45.74230151401892],[21.23377440043743,45.74254263180638],[21.2339467363926,45.74263130720708],[21.23410386423008,45.74270023099964],[21.23429603795519,45.7427731559082],[21.2347292557829,45.74292108700421],[21.23518194084608,45.74308451764429],[21.23598271602578,45.74336460863773],[21.23684314464473,45.74365502639615],[21.23801355420123,45.74406481054119],[21.23891621491938,45.74437977707571],[21.2396416713054,45.74463535182089],[21.24014325918439,45.74480933210367],[21.24057270606553,45.74495981405072],[21.24144273894289,45.74526677640879],[21.24168115421276,45.74534942979425],[21.24261399949002,45.74567412349852],[21.24315898189437,45.74586717921416],[21.24364657737236,45.74603876604399],[21.2442355354158,45.74624425303141],[21.24492562640985,45.74648657898499],[21.24546718953907,45.74667669027043],[21.24614325187534,45.74691333054542],[21.24662779912592,45.74708472264749],[21.24738172068433,45.74734941345194],[21.24829234444015,45.74766504675274],[21.24896465676911,45.74790561929931],[21.24941432815233,45.74806025692586],[21.24958178352062,45.74811549311853],[21.24976553971518,45.74816459687349],[21.25007250875033,45.74822918614046],[21.25054238015971,45.74833084942427],[21.25095423123545,45.74841703809057],[21.25176774066216,45.74859147839291],[21.25211595561079,45.74867666753058],[21.25263482974725,45.74879142665908],[21.25288463630069,45.74884594376037],[21.25298702214551,45.74885887424137],[21.25308333961074,45.74885402376721],[21.25315053221662,45.74883327396868],[21.25321227346721,45.74879304317103],[21.25329241022768,45.74864318301317],[21.25342711017797,45.74829400629585],[21.2536282194083,45.74776953710958],[21.25394069894401,45.74698391123255],[21.25427720291455,45.74613548602591],[21.2545421304343,45.74541149322783],[21.25489682316812,45.7444649524694],[21.25513590737979,45.74384310559742],[21.25540480534718,45.74313939415146],[21.25571708233345,45.74233162107323],[21.25601027832266,45.74156796498326],[21.2561892783433,45.74110445979558],[21.25640291358274,45.74054435368437],[21.25664704262233,45.73991058607169],[21.25686588936613,45.73934040735961],[21.25712878837593,45.73865099525542],[21.25744900887057,45.73781718096267],[21.25772664177894,45.73708687763305],[21.25807288847691,45.73618381149646],[21.25892119064157,45.73396107413803]]},"properties":{"line":"8","dir":"0","mode":"tram"}},{"type":"Feature","geometry":{"type":"LineString","coordinates":[[21.25896662034372,45.73397647020109],[21.25883899268476,45.73430388395571],[21.2587205575575,45.73461531469387],[21.25843597812544,45.73536998121601],[21.25823426477789,45.73587670955552],[21.25803421629481,45.73639813936183],[21.25779765629678,45.73702415532559],[21.25755195629102,45.73767143238248],[21.25728170352306,45.73838364237591],[21.25706657946459,45.73893158381004],[21.25686339715531,45.73946660104031],[21.25662691546614,45.74008902431036],[21.25635919366076,45.74079351722916],[21.25614039463934,45.74135584150759],[21.25584831098234,45.7421077724226],[21.25571271029813,45.74246580534086],[21.25545419964153,45.74313821786172],[21.25513783746086,45.74396803106991],[21.25482211184617,45.74478084161847],[21.25457160232776,45.74545868532125],[21.25434817491755,45.7460660944491],[21.25406935578928,45.74680292893614],[21.25383810459099,45.74739122267086],[21.25362129963065,45.74793931580116],[21.25340123682405,45.74848710031534],[21.25327611890634,45.74878694871481],[21.25321147698069,45.74884934118244],[21.25313923445475,45.74888164057656],[21.25306159697415,45.7488967433172],[21.25298125315191,45.7488963865039],[21.2529182007864,45.74888561614997],[21.25235883634376,45.74876536595325],[21.25162430145616,45.74859389690126],[21.25111046610737,45.74848351973593],[21.25032963400965,45.74831785659467],[21.24976108428565,45.74819540007719],[21.24963031503936,45.74816291310844],[21.24937895042797,45.7480863349622],[21.24883783479381,45.74789556450695],[21.2485764628584,45.74780269219675],[21.24795619205792,45.74758656441897],[21.2472652878471,45.74734253354859],[21.2466614446799,45.74713059209379],[21.2463384383037,45.74702036310639],[21.24557374603609,45.74674793114443],[21.24473886411539,45.74645678663583],[21.2441487635354,45.74625129887528],[21.24347888782487,45.74601507898606],[21.24287852364848,45.74580526748453],[21.24256837365451,45.74569734099204],[21.24198156643106,45.74548950465289],[21.24117221668186,45.7452059429951],[21.24041896922723,45.74494282240281],[21.23962382765702,45.74466288247386],[21.23895465789204,45.74443122168455],[21.23802842767276,45.74410454273168],[21.23741643562141,45.74388905054994],[21.23644562098377,45.74354815669152],[21.23552044539509,45.74322229480319],[21.2342958820953,45.74278964454108],[21.23397343974734,45.74267270352475],[21.23377391982118,45.74258099814522],[21.23319353742924,45.74229043204427],[21.23295851772124,45.74217285266302],[21.2323689477912,45.74188033534228],[21.23212026724023,45.74178146034392],[21.23175590950967,45.74164372784208],[21.23128445552386,45.7414696922253],[21.23024917784707,45.74110778190252],[21.22969697482169,45.74092710182111],[21.22946682157664,45.7408713752676],[21.22907069772906,45.7407938671648],[21.22870873616072,45.74075524625296],[21.22826061201741,45.74073776479419],[21.22802401038548,45.74074283859986],[21.22782690424741,45.74075762940237],[21.22752344978417,45.7407924900015],[21.22726555150636,45.74083392497563],[21.22688817704993,45.74092183050466],[21.22669223439146,45.74098112085566],[21.22639283226484,45.74108668936671],[21.22591190459172,45.7412537254319],[21.22565414363094,45.74134600943847],[21.22555511948558,45.74139824495623],[21.22546464460152,45.74148042401983],[21.22527697573877,45.74166007963374],[21.22501936974273,45.74190401288931],[21.2247787561281,45.74213721479538],[21.22447685542754,45.74242545922926],[21.22422960367325,45.74266262878972],[21.2239254890745,45.74295754911001],[21.22369576822286,45.74317298195295],[21.22343,45.743413],[21.223273,45.74356399999999],[21.223022,45.743804],[21.222889,45.74393499999999],[21.222581,45.744232],[21.222351,45.74445],[21.222081,45.74471199999999],[21.221795,45.74498699999999],[21.221509,45.745262],[21.221251,45.745508],[21.221006,45.745755],[21.220894,45.745879],[21.220799,45.745993],[21.220628,45.746219],[21.22036,45.74658599999999],[21.220047,45.747026],[21.219706,45.74750100000001],[21.219419,45.747909],[21.219111,45.74834899999999],[21.219047,45.74843],[21.21901,45.748462],[21.218971,45.748484],[21.218921,45.748501],[21.218856,45.748511],[21.218789,45.748516],[21.218717,45.74850599999999],[21.218652,45.748483],[21.218516,45.74840999999999],[21.218268,45.748274],[21.218158,45.748213],[21.218103,45.74818199999999],[21.218011,45.748127],[21.217905,45.748066],[21.217818,45.74801500000001],[21.217786,45.747991],[21.217687,45.747909],[21.217613,45.747841],[21.217541,45.747767],[21.217478,45.747705],[21.217377,45.747601],[21.217301,45.747525],[21.21722,45.747444],[21.217139,45.747362],[21.21707,45.747297],[21.216936,45.74716300000001],[21.216813,45.747041],[21.216683,45.74691300000001],[21.216608,45.746844],[21.216572,45.746815],[21.216497,45.746758],[21.216439,45.74671800000001],[21.216377,45.746681],[21.216323,45.746654],[21.216249,45.74662399999999],[21.216135,45.746579],[21.215963,45.746522],[21.215693,45.746427],[21.215551,45.74638199999999],[21.215206,45.746266],[21.214981,45.74619300000001],[21.21455,45.746049],[21.214158,45.74591600000001],[21.213759,45.74578099999999],[21.213298,45.74562399999999],[21.213168,45.74558100000001],[21.21284,45.74546999999999],[21.212451,45.74533599999999],[21.212064,45.745206],[21.211774,45.74511],[21.211691,45.745084],[21.211657,45.74507499999999],[21.211589,45.745066],[21.211529,45.74506700000001],[21.211497,45.745068],[21.211437,45.74507800000001],[21.211412,45.745081],[21.211348,45.745103],[21.211308,45.745121],[21.211279,45.745137],[21.211239,45.745166],[21.21121,45.745201],[21.211113,45.745333],[21.210976,45.745527],[21.210796,45.74579199999999],[21.210618,45.746054],[21.210432,45.74632500000001],[21.210239,45.74660999999999],[21.210062,45.746865],[21.209875,45.74713799999999],[21.209739,45.74734099999999],[21.209586,45.74756],[21.209498,45.74768999999999],[21.209411,45.74781899999999],[21.209293,45.747997],[21.209148,45.748216],[21.208989,45.748454],[21.2088,45.748732],[21.208637,45.748979],[21.208462,45.749242],[21.208295,45.749494],[21.208101,45.74978100000001],[21.207917,45.750057],[21.20774,45.750325],[21.207705,45.75037399999999],[21.207671,45.750409],[21.207644,45.750436],[21.207602,45.750458],[21.207569,45.75047600000001],[21.207492,45.750496],[21.207418,45.75049800000001],[21.207309,45.750485],[21.207184,45.750466]]},"properties":{"line":"8","dir":"1","mode":"tram"}},{"type":"Feature","geometry":{"type":"LineString","coordinates":[[21.207264,45.75045],[21.207348,45.75046199999999],[21.20742,45.750468],[21.207459,45.750464],[21.207509,45.750454],[21.207561,45.750439],[21.207615,45.750407],[21.207643,45.750387],[21.207669,45.75035800000001],[21.20777,45.75020899999999],[21.207916,45.749987],[21.208029,45.749816],[21.208227,45.749521],[21.208408,45.74925],[21.208595,45.748967],[21.208817,45.748637],[21.208989,45.748384],[21.209145,45.74814900000001],[21.209377,45.747805],[21.20948,45.747656],[21.20957,45.747524],[21.209701,45.747332],[21.209828,45.747148],[21.210025,45.74685199999999],[21.210165,45.746645],[21.210334,45.7464],[21.210464,45.746214],[21.210608,45.746002],[21.21075,45.74579199999999],[21.210908,45.74556],[21.211032,45.74538],[21.211157,45.745201],[21.211177,45.745161],[21.211185,45.745127],[21.211188,45.74508599999999],[21.211185,45.74505300000001],[21.211176,45.74501699999999],[21.211166,45.744996],[21.211149,45.74497],[21.211123,45.744936],[21.211092,45.74490699999999],[21.211058,45.74488300000001],[21.211003,45.744853],[21.210922,45.744824],[21.210765,45.74477],[21.210509,45.744684],[21.210197,45.744581],[21.209822,45.744457],[21.209468,45.74434399999999],[21.209354,45.74431],[21.209239,45.744282],[21.209052,45.744239],[21.208869,45.744206],[21.208707,45.74417700000001],[21.208506,45.74414],[21.208274,45.744099],[21.208104,45.744069],[21.207924,45.744036],[21.207769,45.74400700000001],[21.207667,45.743983],[21.207569,45.74396000000001],[21.207496,45.743942],[21.207172,45.743847],[21.207019,45.743801],[21.206803,45.74373],[21.206552,45.74364700000001],[21.20634,45.743574],[21.206017,45.74346],[21.205713,45.743353],[21.205364,45.74323200000001],[21.204993,45.743101],[21.204593,45.74296],[21.204197,45.74282000000001],[21.203812,45.742684],[21.203429,45.742548],[21.203021,45.742403],[21.202654,45.742273],[21.202355,45.742167],[21.202004,45.742042],[21.201657,45.74192],[21.201307,45.741792],[21.201225,45.74176500000001],[21.201117,45.74173200000001],[21.200809,45.74164400000001],[21.200376,45.741521],[21.19991,45.741382],[21.199487,45.741258],[21.199142,45.741156],[21.198744,45.74103],[21.198262,45.740869],[21.197924,45.740758],[21.197489,45.740617],[21.19721,45.740527],[21.197026,45.740459],[21.196655,45.740327],[21.196252,45.740186],[21.196142,45.740145],[21.196022,45.740105],[21.195931,45.740076],[21.195874,45.74004499999999],[21.195847,45.740022],[21.195817,45.739985],[21.195803,45.739957],[21.195796,45.739921],[21.195798,45.73989099999999],[21.195808,45.73986],[21.195823,45.739831],[21.195834,45.739807],[21.195887,45.739731],[21.196025,45.739529],[21.196156,45.739332],[21.19628,45.739147],[21.19641,45.73895399999999],[21.196433,45.738918],[21.196477,45.738843],[21.19649,45.73879999999999],[21.196509,45.738731],[21.196508,45.738684],[21.19651,45.738651],[21.196516,45.738595],[21.196524,45.738542],[21.196533,45.738508],[21.19655,45.73846600000001],[21.19658,45.738418],[21.196615,45.738365],[21.196725,45.738204],[21.196861,45.738003],[21.196993,45.73781],[21.19713,45.737609],[21.1972,45.73750700000001],[21.197334,45.737322],[21.197452,45.737161],[21.197516,45.73707300000001],[21.197597,45.73697],[21.197666,45.73689099999999],[21.197754,45.736791],[21.197805,45.73673699999999],[21.197935,45.73661],[21.198074,45.73648],[21.198245,45.736316],[21.198375,45.736198],[21.198511,45.736072],[21.19878,45.73582800000001],[21.198822,45.735791],[21.199119,45.735554],[21.199304,45.735418],[21.19948,45.73528700000001],[21.199686,45.735138],[21.199895,45.73499900000001],[21.200111,45.73486],[21.200386,45.734684],[21.200714,45.734476],[21.201042,45.73426800000001],[21.201275,45.73412199999999],[21.20147,45.734002],[21.201552,45.733951],[21.201614,45.73392],[21.201666,45.7339],[21.201736,45.733877],[21.201838,45.733854],[21.201984,45.733828],[21.202159,45.733795],[21.202276,45.733772],[21.202406,45.733735],[21.202518,45.733701],[21.202719,45.733636],[21.202923,45.733566],[21.20304,45.733528],[21.203191,45.733486],[21.203431,45.733417],[21.203786,45.733316],[21.204181,45.733208],[21.204613,45.73309500000001],[21.204899,45.733028],[21.205263,45.732951],[21.205594,45.732892],[21.205918,45.73283899999999],[21.206262,45.732791],[21.206744,45.73273500000001],[21.207257,45.732678],[21.207423,45.732671],[21.207597,45.732664],[21.207779,45.732659],[21.207945,45.732654],[21.20808,45.732645],[21.208386,45.73261400000001],[21.208755,45.732572],[21.209402,45.732506],[21.209695,45.732487],[21.210011,45.732467],[21.210471,45.73245],[21.210902,45.732442],[21.211439,45.732442],[21.211924,45.732453],[21.21238,45.73247899999999],[21.212643,45.732495],[21.21306,45.732519],[21.213577,45.732546],[21.213972,45.732571],[21.214541,45.732606],[21.214925,45.732631],[21.215377,45.73265799999999],[21.215806,45.732687],[21.216485,45.732733],[21.216968,45.732766],[21.217485,45.73280400000001],[21.217726,45.732822],[21.218131,45.73285300000001],[21.218563,45.732882],[21.21908,45.73292200000001],[21.219379,45.73294700000001],[21.219581,45.73297],[21.219747,45.732992],[21.219943,45.733024],[21.22027,45.733082],[21.220759,45.733167],[21.22112,45.733236],[21.221622,45.73334199999999],[21.22205,45.733443],[21.222268,45.73349900000001],[21.222522,45.733571],[21.223024,45.733718],[21.22336,45.733825],[21.223797,45.733978],[21.224136,45.73410799999999],[21.22479,45.734366],[21.225494,45.734634],[21.225932,45.73480700000001],[21.226094,45.73486599999999],[21.226257,45.73492699999999],[21.226677,45.735061],[21.226955,45.735146],[21.227241,45.735234],[21.227616,45.735353],[21.227991,45.735475],[21.228234,45.735552],[21.228556,45.735653],[21.229004,45.73579199999999],[21.229324,45.73589],[21.22972,45.73601],[21.229974,45.736094],[21.230156,45.73616],[21.230346,45.736226],[21.230526,45.736291],[21.230658,45.736337],[21.230761,45.736369],[21.230812,45.736384],[21.230916,45.736407],[21.231068,45.73643799999999],[21.231173,45.736457],[21.231306,45.73649],[21.231401,45.736513],[21.231567,45.736565],[21.231848,45.736654],[21.232199,45.73676199999999],[21.232444,45.73684],[21.232813,45.736956],[21.233104,45.73704499999999],[21.233356,45.737126],[21.233598,45.7372],[21.233956,45.73731200000001],[21.234346,45.737434],[21.234765,45.737565],[21.235108,45.73767399999999],[21.235477,45.737787],[21.235807,45.737886],[21.236177,45.738001],[21.236477,45.73809500000001],[21.236845,45.738211],[21.237084,45.738283],[21.237397,45.73837999999999],[21.237663,45.738462],[21.237757,45.738491],[21.237866,45.738521],[21.237987,45.738543],[21.238067,45.738556],[21.238171,45.738565],[21.238313,45.738569],[21.238537,45.738553],[21.238821,45.738529],[21.239177,45.7385],[21.239484,45.73846499999999],[21.239899,45.73841900000001],[21.240144,45.73839],[21.240613,45.738331],[21.241065,45.738279],[21.241652,45.738208],[21.242119,45.738153],[21.242601,45.738093],[21.243246,45.738015],[21.243815,45.737944],[21.244256,45.73789],[21.244804,45.737819],[21.245227,45.73776800000001],[21.245822,45.737694],[21.246207,45.737647],[21.24678,45.73757799999999],[21.247459,45.73749600000001],[21.24787,45.73744599999999],[21.248225,45.737402],[21.248688,45.737346],[21.249037,45.737306],[21.249242,45.737288],[21.249588,45.737264],[21.250014,45.737234],[21.250085,45.73723],[21.250201,45.737216],[21.250326,45.737198],[21.250478,45.73716900000001],[21.250626,45.737138],[21.250735,45.737109],[21.251144,45.737006],[21.251501,45.73691900000001],[21.251769,45.73684800000001],[21.252155,45.736734],[21.252419,45.736648],[21.25257,45.736598],[21.252936,45.736455],[21.25307,45.73640300000001],[21.253397,45.736251],[21.253612,45.736148],[21.253908,45.73599],[21.254197,45.735833],[21.25451,45.735659],[21.254764,45.73551800000001],[21.255069,45.735351],[21.255334,45.735204],[21.255719,45.734991],[21.256048,45.734811],[21.256447,45.73459200000001],[21.256787,45.734407],[21.257163,45.7342],[21.257491,45.734036],[21.257715,45.73391599999999],[21.257946,45.733795],[21.258188,45.733665]]},"properties":{"line":"9","dir":"0","mode":"tram"}},{"type":"Feature","geometry":{"type":"LineString","coordinates":[[21.258209,45.733687],[21.257816,45.7339],[21.257566,45.734034],[21.257314,45.734163],[21.25713,45.734259],[21.256978,45.73434200000001],[21.256735,45.734476],[21.256411,45.73465300000001],[21.256251,45.73474299999999],[21.256021,45.734868],[21.255716,45.735038],[21.255353,45.735235],[21.255055,45.735401],[21.254676,45.73561],[21.254294,45.735822],[21.253993,45.735987],[21.253633,45.73617399999999],[21.253516,45.73623500000001],[21.253446,45.736269],[21.253359,45.73631],[21.253298,45.73634],[21.253177,45.736394],[21.253057,45.736443],[21.252803,45.73654800000001],[21.252717,45.736583],[21.252484,45.736661],[21.25232,45.73671600000001],[21.252063,45.736796],[21.25189,45.73684800000001],[21.251716,45.736898],[21.251463,45.736962],[21.251281,45.737008],[21.251053,45.737063],[21.250836,45.737116],[21.25057,45.73718],[21.250515,45.737195],[21.250256,45.73724300000001],[21.25009,45.73726],[21.249916,45.737274],[21.249586,45.737293],[21.249443,45.73730299999999],[21.249251,45.73732],[21.248952,45.737348],[21.248736,45.73737199999999],[21.248423,45.73741100000001],[21.248131,45.737447],[21.247835,45.737484],[21.247584,45.737514],[21.24732,45.737549],[21.24702,45.737585],[21.246718,45.737621],[21.24638,45.737659],[21.246081,45.73769599999999],[21.245801,45.73773],[21.245511,45.737766],[21.245168,45.73780599999999],[21.244836,45.737848],[21.244448,45.737898],[21.244055,45.737947],[21.243741,45.73798500000001],[21.243343,45.738033],[21.243027,45.738072],[21.242717,45.738108],[21.242396,45.738148],[21.242106,45.738182],[21.241804,45.738219],[21.241508,45.738255],[21.241166,45.73829800000001],[21.240885,45.738331],[21.240563,45.73837000000001],[21.240207,45.73841299999999],[21.239883,45.738451],[21.239537,45.73848999999999],[21.239227,45.73852299999999],[21.238995,45.738546],[21.238731,45.738566],[21.23851,45.738585],[21.238381,45.738593],[21.238308,45.738596],[21.238174,45.738594],[21.23813,45.738592],[21.238053,45.738582],[21.237996,45.738574],[21.237926,45.73856200000001],[21.237844,45.738544],[21.237718,45.738509],[21.237463,45.73843000000001],[21.237108,45.73831999999999],[21.236752,45.738209],[21.236405,45.738102],[21.236053,45.737993],[21.235798,45.737915],[21.235475,45.737814],[21.235134,45.737711],[21.234855,45.737624],[21.234563,45.737532],[21.234177,45.737413],[21.233747,45.73727599999999],[21.233301,45.73713600000001],[21.232907,45.73701199999999],[21.232562,45.736904],[21.232231,45.73680100000001],[21.231906,45.7367],[21.231605,45.736607],[21.231377,45.736536],[21.231287,45.736514],[21.231197,45.736491],[21.230998,45.736451],[21.230862,45.736422],[21.23081,45.73641],[21.230703,45.73637999999999],[21.230513,45.73631699999999],[21.230316,45.736247],[21.230014,45.736141],[21.229671,45.736025],[21.229423,45.73595],[21.229049,45.735835],[21.228652,45.735712],[21.228513,45.735668],[21.228186,45.73556399999999],[21.227797,45.73544099999999],[21.227471,45.735337],[21.227152,45.73523699999999],[21.227009,45.73519100000001],[21.226591,45.73506200000001],[21.226125,45.734909],[21.225905,45.73482799999999],[21.225602,45.734705],[21.225292,45.734582],[21.224917,45.734437],[21.224613,45.734318],[21.224363,45.734222],[21.224009,45.734089],[21.223604,45.73394099999999],[21.223117,45.733777],[21.222598,45.73361899999999],[21.222077,45.733479],[21.221745,45.7334],[21.221491,45.733341],[21.221068,45.733255],[21.220636,45.733172],[21.220196,45.73309500000001],[21.219693,45.733012],[21.219464,45.732983],[21.219205,45.73295800000001],[21.218799,45.732928],[21.218256,45.73288900000001],[21.21785,45.73286],[21.21744,45.73282799999999],[21.216974,45.732794],[21.216622,45.73276800000001],[21.21613,45.73273500000001],[21.215755,45.732706],[21.215346,45.73267999999999],[21.214948,45.732656],[21.214256,45.732617],[21.213715,45.732581],[21.213134,45.732549],[21.212519,45.732512],[21.212057,45.732486],[21.211729,45.732474],[21.211401,45.73246600000001],[21.211059,45.73246900000001],[21.210746,45.732471],[21.210369,45.73248000000001],[21.210127,45.73249100000001],[21.20986,45.732506],[21.209505,45.73252900000001],[21.20927,45.73254799999999],[21.208928,45.732582],[21.208659,45.732613],[21.208313,45.73265000000001],[21.208019,45.732675],[21.207836,45.732686],[21.20755,45.732693],[21.207338,45.73270800000001],[21.207141,45.73272100000001],[21.206885,45.73274600000001],[21.206675,45.732769],[21.206261,45.732821],[21.205714,45.732904],[21.205429,45.732955],[21.205156,45.73300700000001],[21.204892,45.733061],[21.204658,45.733116],[21.204427,45.733171],[21.204146,45.733247],[21.203664,45.733382],[21.203189,45.73351199999999],[21.202926,45.733588],[21.20277,45.73364200000001],[21.202511,45.73373800000001],[21.202415,45.733768],[21.202323,45.73379000000001],[21.202238,45.733808],[21.202,45.733852],[21.201828,45.73388600000001],[21.201742,45.73390800000001],[21.201674,45.733935],[21.201622,45.73395399999999],[21.201549,45.733998],[21.201437,45.734068],[21.201287,45.73416100000001],[21.201101,45.734274],[21.200879,45.734415],[21.200655,45.734557],[21.200387,45.734726],[21.200111,45.734901],[21.199891,45.735044],[21.199722,45.735159],[21.199579,45.735259],[21.199474,45.735333],[21.199322,45.735447],[21.199203,45.735534],[21.199138,45.735585],[21.199021,45.735679],[21.198878,45.735796],[21.198731,45.73592399999999],[21.198571,45.736071],[21.198346,45.736277],[21.198231,45.736384],[21.19801,45.736589],[21.197916,45.73668000000001],[21.197839,45.736755],[21.197772,45.736828],[21.197684,45.736929],[21.197615,45.737014],[21.197537,45.73711400000001],[21.197475,45.73719400000001],[21.197415,45.737274],[21.197316,45.737417],[21.197187,45.737601],[21.197075,45.737763],[21.196936,45.73797099999999],[21.196878,45.738052],[21.196718,45.738288],[21.196594,45.738474],[21.196574,45.73852600000001],[21.196565,45.738593],[21.196561,45.738657],[21.196558,45.738703],[21.196543,45.73878],[21.196531,45.738831],[21.196512,45.73887500000001],[21.196486,45.738916],[21.196406,45.739034],[21.196297,45.73919900000001],[21.196179,45.739372],[21.196071,45.73953400000001],[21.195964,45.739694],[21.195888,45.739811],[21.19587,45.739838],[21.195854,45.73989400000001],[21.195858,45.73992699999999],[21.195873,45.739968],[21.195905,45.74001],[21.195947,45.740041],[21.195989,45.74006],[21.196084,45.740094],[21.196178,45.740129],[21.196448,45.74022100000001],[21.196787,45.740338],[21.19717,45.740473],[21.197603,45.740618],[21.197858,45.740701],[21.19822,45.740819],[21.19847,45.740903],[21.198848,45.741024],[21.199017,45.74108100000001],[21.19927,45.741158],[21.199636,45.741272],[21.199888,45.74134500000001],[21.200189,45.741432],[21.200583,45.741545],[21.200967,45.74166],[21.201221,45.741735],[21.201358,45.741774],[21.20152,45.741833],[21.201836,45.741945],[21.202062,45.742025],[21.20235,45.74213],[21.202786,45.742286],[21.203174,45.74242399999999],[21.203604,45.742575],[21.203868,45.74267],[21.204291,45.74281899999999],[21.204586,45.742923],[21.205071,45.743093],[21.205512,45.743247],[21.205964,45.743404],[21.206154,45.743472],[21.206491,45.743591],[21.206629,45.74364],[21.206803,45.743697],[21.207076,45.743785],[21.207338,45.74386299999999],[21.207473,45.743901],[21.207598,45.743934],[21.207733,45.743966],[21.207864,45.743993],[21.20805,45.744027],[21.208306,45.744074],[21.208663,45.744137],[21.208918,45.744184],[21.209061,45.744211],[21.209173,45.74423399999999],[21.20926,45.744252],[21.209325,45.744268],[21.209535,45.74432999999999],[21.209734,45.744392],[21.209897,45.744447],[21.210134,45.744525],[21.210438,45.74462699999999],[21.210718,45.74472],[21.210896,45.744781],[21.211065,45.744837],[21.211126,45.744867],[21.211174,45.744901],[21.211209,45.744939],[21.211236,45.744977],[21.211237,45.74498],[21.211248,45.74501],[21.211259,45.745047],[21.211258,45.745092],[21.211245,45.745138],[21.211222,45.745179],[21.21118,45.745241],[21.211087,45.745368],[21.210923,45.745606],[21.210795,45.74579500000001],[21.210654,45.746],[21.210504,45.746223],[21.210346,45.746453],[21.210193,45.746677],[21.210029,45.746916],[21.209916,45.747082],[21.20975,45.747324],[21.209597,45.747546],[21.209441,45.747777],[21.209307,45.747977],[21.209137,45.74823],[21.208919,45.748555],[21.208738,45.748832],[21.208514,45.749163],[21.208345,45.74941799999999],[21.208115,45.74976399999999],[21.207909,45.75007],[21.207761,45.75029500000001],[21.207717,45.75035800000001],[21.207679,45.75040099999999],[21.207646,45.750436],[21.207573,45.750475],[21.207495,45.750494],[21.207423,45.75049800000001],[21.207313,45.750485],[21.207195,45.750467]]},"properties":{"line":"9","dir":"1","mode":"tram"}}]}