{"type":"FeatureCollection","features":[{"type":"Feature","geometry":{"type":"Point","coordinates":[21.198819,45.753716]},"properties":{"lines":"5b","color":"#0059a9","mode":"bus","arr":["5b"],"angle":78.9,"mi":2}},{"type":"Feature","geometry":{"type":"Point","coordinates":[21.204314,45.752975]},"properties":{"lines":"5b","color":"#0059a9","mode":"bus","arr":["5b"],"angle":-11.9}},{"type":"Feature","geometry":{"type":"Point","coordinates":[21.208089,45.753566]},"properties":{"lines":"5b","color":"#0059a9","mode":"bus","arr":["5b"],"angle":-12.3,"extra":1,"ei":0}},{"type":"Feature","geometry":{"type":"Point","coordinates":[21.20012,45.752547]},"properties":{"lines":"5b","color":"#0059a9","mode":"bus","arr":["5b"],"angle":-7.5,"extra":1,"ei":1}},{"type":"Feature","geometry":{"type":"Point","coordinates":[21.209404,45.75328]},"properties":{"lines":"5b","color":"#0059a9","mode":"bus","arr":["5b"],"angle":87.8,"mi":1}},{"type":"Feature","geometry":{"type":"Point","coordinates":[21.212759,45.752443]},"properties":{"lines":"5b","color":"#0059a9","mode":"bus","arr":["5b"],"angle":5.3,"mi":6}},{"type":"Feature","geometry":{"type":"Point","coordinates":[21.211019,45.75271]},"properties":{"lines":"5b","color":"#0059a9","mode":"bus","arr":["5b"],"angle":11.8,"extra":1,"ei":0}},{"type":"Feature","geometry":{"type":"Point","coordinates":[21.21608,45.754152]},"properties":{"lines":"5b, E1","color":"#0059a9","mode":"bus","arr":["5b","E1"],"angle":-66.3,"side":-1}},{"type":"Feature","geometry":{"type":"Point","coordinates":[21.21535,45.751811]},"properties":{"lines":"5b, E1","color":"#0059a9","mode":"bus","arr":["5b","E1"],"angle":-30.4,"mi":1}},{"type":"Feature","geometry":{"type":"Point","coordinates":[21.21687,45.75626]},"properties":{"lines":"5b, E1","color":"#0059a9","mode":"bus","arr":["5b","E1"],"angle":-77.7,"extra":1,"ei":0}},{"type":"Feature","geometry":{"type":"Point","coordinates":[21.211944,45.75107]},"properties":{"lines":"5b, 11, 14, 18, E1, E3, E4b, M11, M14","color":"#0059a9","mode":"bus","arr":["5b","11","14","18","E1","E3","E4b","M11","M14"],"tLines":"11, 14, 18, M11, M14","ntLines":"5b, E1, E3, E4b","angle":-12.3}},{"type":"Feature","geometry":{"type":"Point","coordinates":[21.208871,45.750653]},"properties":{"lines":"5b, 11, 14, 18, E1, E3, E4b, M11, M14","color":"#0059a9","mode":"bus","arr":["5b","11","14","18","E1","E3","E4b","M11","M14"],"tLines":"11, 14, 18, M11, M14","ntLines":"5b, E1, E3, E4b","angle":-7.3,"extra":1,"ei":0}},{"type":"Feature","geometry":{"type":"Point","coordinates":[21.214374,45.751457]},"properties":{"lines":"5b, 11, 14, 18, E1, E3, E4b, M11, M14","color":"#0059a9","mode":"bus","arr":["5b","11","14","18","E1","E3","E4b","M11","M14"],"tLines":"11, 14, 18, M11, M14","ntLines":"5b, E1, E3, E4b","angle":-13.5,"extra":1,"ei":0}},{"type":"Feature","geometry":{"type":"Point","coordinates":[21.210334,45.744711]},"properties":{"lines":"5b","color":"#0059a9","mode":"bus","arr":["5b"],"angle":-24,"mi":7}},{"type":"Feature","geometry":{"type":"Point","coordinates":[21.200355,45.758673]},"properties":{"lines":"5b, 5c","color":"#0059a9","mode":"bus","arr":["5b","5c"],"angle":-8.3}},{"type":"Feature","geometry":{"type":"Point","coordinates":[21.215613,45.756666]},"properties":{"lines":"5b, 5c","color":"#0059a9","mode":"bus","arr":["5b","5c"],"angle":7.1,"extra":1,"ei":0,"side":-1}},{"type":"Feature","geometry":{"type":"Point","coordinates":[21.212947,45.756983]},"properties":{"lines":"5b, 5c","color":"#0059a9","mode":"bus","arr":["5b","5c"],"angle":13.2,"extra":1,"ei":1,"side":-1}},{"type":"Feature","geometry":{"type":"Point","coordinates":[21.210345,45.7575]},"properties":{"lines":"5b, 5c","color":"#0059a9","mode":"bus","arr":["5b","5c"],"angle":18.5,"extra":1,"ei":2,"side":-1}},{"type":"Feature","geometry":{"type":"Point","coordinates":[21.207897,45.758229]},"properties":{"lines":"5b, 5c","color":"#0059a9","mode":"bus","arr":["5b","5c"],"angle":13.7,"extra":1,"ei":3}},{"type":"Feature","geometry":{"type":"Point","coordinates":[21.205242,45.758592]},"properties":{"lines":"5b, 5c","color":"#0059a9","mode":"bus","arr":["5b","5c"],"angle":9.4,"extra":1,"ei":4}},{"type":"Feature","geometry":{"type":"Point","coordinates":[21.202553,45.758764]},"properties":{"lines":"5b, 5c","color":"#0059a9","mode":"bus","arr":["5b","5c"],"angle":-0.4,"extra":1,"ei":5}},{"type":"Feature","geometry":{"type":"Point","coordinates":[21.197256,45.758111]},"properties":{"lines":"5b, 5c","color":"#0059a9","mode":"bus","arr":["5b","5c"],"angle":-20.8,"extra":1,"ei":6}},{"type":"Feature","geometry":{"type":"Point","coordinates":[21.194832,45.757283]},"properties":{"lines":"5b, 5c","color":"#0059a9","mode":"bus","arr":["5b","5c"],"angle":-32.3,"extra":1,"ei":7}},{"type":"Feature","geometry":{"type":"Point","coordinates":[21.192758,45.756082]},"properties":{"lines":"5b, 5c","color":"#0059a9","mode":"bus","arr":["5b","5c"],"angle":-48.1,"extra":1,"ei":8}},{"type":"Feature","geometry":{"type":"Point","coordinates":[21.191156,45.754567]},"properties":{"lines":"5b, 5c","color":"#0059a9","mode":"bus","arr":["5b","5c"],"angle":-59.7,"extra":1,"ei":9}},{"type":"Feature","geometry":{"type":"Point","coordinates":[21.190111,45.752831]},"properties":{"lines":"5b, 5c","color":"#0059a9","mode":"bus","arr":["5b","5c"],"angle":-74.2,"extra":1,"ei":10}},{"type":"Feature","geometry":{"type":"Point","coordinates":[21.189658,45.750974]},"properties":{"lines":"5b, 5c","color":"#0059a9","mode":"bus","arr":["5b","5c"],"angle":-88.1,"extra":1,"ei":11}},{"type":"Feature","geometry":{"type":"Point","coordinates":[21.199595,45.757553]},"properties":{"lines":"5b","color":"#0059a9","mode":"bus","arr":["5b"],"angle":-87.6,"mi":5}},{"type":"Feature","geometry":{"type":"Point","coordinates":[21.19988,45.756166]},"properties":{"lines":"5b","color":"#0059a9","mode":"bus","arr":["5b"],"angle":63.1,"mi":4}},{"type":"Feature","geometry":{"type":"Point","coordinates":[21.199371,45.755354]},"properties":{"lines":"5b","color":"#0059a9","mode":"bus","arr":["5b"],"angle":-27.8,"mi":3}},{"type":"Feature","geometry":{"type":"Point","coordinates":[21.2049,45.758486]},"properties":{"lines":"5c","color":"#0059a9","mode":"bus","arr":["5c"],"angle":8.9,"side":-1}},{"type":"Feature","geometry":{"type":"Point","coordinates":[21.200992,45.758579]},"properties":{"lines":"5c","color":"#0059a9","mode":"bus","arr":["5c"],"angle":-5.4,"extra":1,"ei":0,"side":-1}},{"type":"Feature","geometry":{"type":"Point","coordinates":[21.208977,45.757818]},"properties":{"lines":"5c","color":"#0059a9","mode":"bus","arr":["5c"],"angle":19.9,"extra":1,"ei":1,"side":-1}},{"type":"Feature","geometry":{"type":"Point","coordinates":[21.221001,45.756377]},"properties":{"lines":"5c","color":"#0059a9","mode":"bus","arr":["5c"],"angle":4.7,"side":-1,"mi":5}},{"type":"Feature","geometry":{"type":"Point","coordinates":[21.225545,45.756082]},"properties":{"lines":"5c","color":"#0059a9","mode":"bus","arr":["5c"],"angle":4.3,"mi":3}},{"type":"Feature","geometry":{"type":"Point","coordinates":[21.218421,45.756518]},"properties":{"lines":"5c","color":"#0059a9","mode":"bus","arr":["5c"],"angle":3.7,"extra":1,"ei":0,"side":-1}},{"type":"Feature","geometry":{"type":"Point","coordinates":[21.223816,45.756219]},"properties":{"lines":"5c","color":"#0059a9","mode":"bus","arr":["5c"],"angle":4.7,"extra":1,"ei":1}},{"type":"Feature","geometry":{"type":"Point","coordinates":[21.227085,45.75597]},"properties":{"lines":"5c","color":"#0059a9","mode":"bus","arr":["5c"],"angle":7.7,"mi":2}},{"type":"Feature","geometry":{"type":"Point","coordinates":[21.228473,45.755913]},"properties":{"lines":"5c","color":"#0059a9","mode":"bus","arr":["5c"],"angle":1.3}},{"type":"Feature","geometry":{"type":"Point","coordinates":[21.2291,45.75589]},"properties":{"lines":"5c","color":"#0059a9","mode":"bus","arr":["5c"],"angle":33.1,"mi":1}},{"type":"Feature","geometry":{"type":"Point","coordinates":[21.231125,45.755777]},"properties":{"lines":"5c","color":"#0059a9","mode":"bus","arr":["5c"],"angle":6.3,"extra":1,"ei":0}},{"type":"Feature","geometry":{"type":"Point","coordinates":[21.233154,45.755606]},"properties":{"lines":"5c, 40, M44","color":"#0059a9","mode":"bus","arr":["5c","40","M44"],"angle":6.5}},{"type":"Feature","geometry":{"type":"Point","coordinates":[21.234415,45.755515]},"properties":{"lines":"5c, 40","color":"#0059a9","mode":"bus","arr":["5c","40"],"angle":3.4,"side":-1}},{"type":"Feature","geometry":{"type":"Point","coordinates":[21.236726,45.755513]},"properties":{"lines":"5c","color":"#0059a9","mode":"bus","arr":["5c"],"angle":-2.1,"side":-1,"mi":6}},{"type":"Feature","geometry":{"type":"Point","coordinates":[21.232893,45.755777]},"properties":{"lines":"5c","color":"#0059a9","mode":"bus","arr":["5c"],"angle":5.4,"mi":4}},{"type":"Feature","geometry":{"type":"Point","coordinates":[21.239056,45.755676]},"properties":{"lines":"5c, M42, M48","color":"#0059a9","mode":"bus","arr":["5c","M42","M48"],"angle":-11.2,"side":-1}},{"type":"Feature","geometry":{"type":"Point","coordinates":[21.240211,45.755902]},"properties":{"lines":"5c, 23, M42, M48","color":"#0059a9","mode":"bus","arr":["5c","23","M42","M48"],"angle":-26.3,"side":-1}},{"type":"Feature","geometry":{"type":"Point","coordinates":[21.240912,45.756084]},"properties":{"lines":"5c, 23, M42, M48","color":"#0059a9","mode":"bus","arr":["5c","23","M42","M48"],"angle":-14.9,"mi":1}},{"type":"Feature","geometry":{"type":"Point","coordinates":[21.240838,45.755264]},"properties":{"lines":"5c, 23, M42, M48","color":"#0059a9","mode":"bus","arr":["5c","23","M42","M48"],"angle":-67.7,"mi":2}},{"type":"Feature","geometry":{"type":"Point","coordinates":[21.244733,45.754474]},"properties":{"lines":"5c, 21, 23, E8, M42, M48","color":"#0059a9","mode":"bus","arr":["5c","21","23","E8","M42","M48"],"angle":-8.5}},{"type":"Feature","geometry":{"type":"Point","coordinates":[21.247779,45.754792]},"properties":{"lines":"5c, 21, 23, E8, M42, M48","color":"#0059a9","mode":"bus","arr":["5c","21","23","E8","M42","M48"],"angle":-8.6,"extra":1,"ei":0}},{"type":"Feature","geometry":{"type":"Point","coordinates":[21.242425,45.754236]},"properties":{"lines":"5c, 21, 23, E8, M42, M48","color":"#0059a9","mode":"bus","arr":["5c","21","23","E8","M42","M48"],"angle":-8.1,"extra":1,"ei":1}},{"type":"Feature","geometry":{"type":"Point","coordinates":[21.251749,45.754728]},"properties":{"lines":"5c, 21, E8","color":"#0059a9","mode":"bus","arr":["5c","21","E8"],"angle":-5.7,"mi":1}},{"type":"Feature","geometry":{"type":"Point","coordinates":[21.255014,45.756218]},"properties":{"lines":"5c, 21, E8","color":"#0059a9","mode":"bus","arr":["5c","21","E8"],"angle":-54.9,"side":-1}},{"type":"Feature","geometry":{"type":"Point","coordinates":[21.256764,45.75805]},"properties":{"lines":"5c, 21, E8, M29","color":"#0059a9","mode":"bus","arr":["5c","21","E8","M29"],"angle":-51.5,"side":-1}},{"type":"Feature","geometry":{"type":"Point","coordinates":[21.258009,45.759084]},"properties":{"lines":"5c, 21, E8, M29","color":"#0059a9","mode":"bus","arr":["5c","21","E8","M29"],"angle":-49.5,"extra":1,"ei":0,"side":-1}},{"type":"Feature","geometry":{"type":"Point","coordinates":[21.255538,45.75702]},"properties":{"lines":"5c, 21, E8, M29","color":"#0059a9","mode":"bus","arr":["5c","21","E8","M29"],"angle":-56.2,"extra":1,"ei":0}},{"type":"Feature","geometry":{"type":"Point","coordinates":[21.258453,45.759443]},"properties":{"lines":"5c, M29","color":"#0059a9","mode":"bus","arr":["5c","M29"],"angle":-52.9,"side":-1}},{"type":"Feature","geometry":{"type":"Point","coordinates":[21.258807,45.759959]},"properties":{"lines":"5c, M29","color":"#0059a9","mode":"bus","arr":["5c","M29"],"angle":-59.1,"mi":1}},{"type":"Feature","geometry":{"type":"Point","coordinates":[21.260862,45.762823]},"properties":{"lines":"5c, 28, M29","color":"#0059a9","mode":"bus","arr":["5c","28","M29"],"angle":-80.8,"side":-1}},{"type":"Feature","geometry":{"type":"Point","coordinates":[21.25991,45.761285]},"properties":{"lines":"5c, 28, M29","color":"#0059a9","mode":"bus","arr":["5c","28","M29"],"angle":-64.7,"extra":1,"ei":0,"side":-1}},{"type":"Feature","geometry":{"type":"Point","coordinates":[21.260728,45.764918]},"properties":{"lines":"5c, 28, M29","color":"#0059a9","mode":"bus","arr":["5c","28","M29"],"angle":86.4,"extra":1,"ei":1}},{"type":"Feature","geometry":{"type":"Point","coordinates":[21.260449,45.768576]},"properties":{"lines":"5c, M35","color":"#0059a9","mode":"bus","arr":["5c","M35"],"angle":87.2}},{"type":"Feature","geometry":{"type":"Point","coordinates":[21.260293,45.770741]},"properties":{"lines":"5c, M35","color":"#0059a9","mode":"bus","arr":["5c","M35"],"angle":87.1,"extra":1,"ei":0}},{"type":"Feature","geometry":{"type":"Point","coordinates":[21.260567,45.766969]},"properties":{"lines":"5c, M35","color":"#0059a9","mode":"bus","arr":["5c","M35"],"angle":86.6,"extra":1,"ei":1}},{"type":"Feature","geometry":{"type":"Point","coordinates":[21.257729,45.771763]},"properties":{"lines":"5c","color":"#0059a9","mode":"bus","arr":["5c"],"angle":-3.7}},{"type":"Feature","geometry":{"type":"Point","coordinates":[21.249886,45.768987]},"properties":{"lines":"5c, 46","color":"#0059a9","mode":"bus","arr":["5c","46"],"angle":-35.6}},{"type":"Feature","geometry":{"type":"Point","coordinates":[21.254096,45.771113]},"properties":{"lines":"5c, 46","color":"#0059a9","mode":"bus","arr":["5c","46"],"angle":-36.2,"extra":1,"ei":0}},{"type":"Feature","geometry":{"type":"Point","coordinates":[21.251911,45.769999]},"properties":{"lines":"5c, 46","color":"#0059a9","mode":"bus","arr":["5c","46"],"angle":-35.8,"extra":1,"ei":1}},{"type":"Feature","geometry":{"type":"Point","coordinates":[21.247518,45.767793]},"properties":{"lines":"5c, 46","color":"#0059a9","mode":"bus","arr":["5c","46"],"angle":-35.6,"extra":1,"ei":2}},{"type":"Feature","geometry":{"type":"Point","coordinates":[21.245326,45.766685]},"properties":{"lines":"5c, 46","color":"#0059a9","mode":"bus","arr":["5c","46"],"angle":-36,"extra":1,"ei":3}},{"type":"Feature","geometry":{"type":"Point","coordinates":[21.257606,45.772911]},"properties":{"lines":"46","color":"#0059a9","mode":"bus","arr":["46"],"angle":-35.7}},{"type":"Feature","geometry":{"type":"Point","coordinates":[21.255587,45.771879]},"properties":{"lines":"46","color":"#0059a9","mode":"bus","arr":["46"],"angle":-36.5,"mi":1}},{"type":"Feature","geometry":{"type":"Point","coordinates":[21.246622,45.764561]},"properties":{"lines":"23, 46","color":"#0059a9","mode":"bus","arr":["23","46"],"angle":55.8}},{"type":"Feature","geometry":{"type":"Point","coordinates":[21.245618,45.76557]},"properties":{"lines":"23, 46","color":"#0059a9","mode":"bus","arr":["23","46"],"angle":54.3,"extra":1,"ei":0}},{"type":"Feature","geometry":{"type":"Point","coordinates":[21.260749,45.762868]},"properties":{"lines":"5c","color":"#0059a9","mode":"bus","arr":["5c"],"angle":-81}},{"type":"Feature","geometry":{"type":"Point","coordinates":[21.260608,45.764546]},"properties":{"lines":"5c","color":"#0059a9","mode":"bus","arr":["5c"],"angle":83.5,"extra":1,"ei":0,"side":-1}},{"type":"Feature","geometry":{"type":"Point","coordinates":[21.259569,45.760948]},"properties":{"lines":"5c","color":"#0059a9","mode":"bus","arr":["5c"],"angle":-65,"extra":1,"ei":1}},{"type":"Feature","geometry":{"type":"Point","coordinates":[21.236734,45.755685]},"properties":{"lines":"5c, M42, M48, M50","color":"#0059a9","mode":"bus","arr":["5c","M42","M48","M50"],"angle":-2}},{"type":"Feature","geometry":{"type":"Point","coordinates":[21.234461,45.755684]},"properties":{"lines":"M42","color":"#0059a9","mode":"bus","arr":["M42"],"angle":3,"mi":2}},{"type":"Feature","geometry":{"type":"Point","coordinates":[21.240154,45.756016]},"properties":{"lines":"M42","color":"#0059a9","mode":"bus","arr":["M42"],"angle":1.9,"mi":1}},{"type":"Feature","geometry":{"type":"Point","coordinates":[21.234461,45.755684]},"properties":{"lines":"M48","color":"#0059a9","mode":"bus","arr":["M48"],"angle":3,"mi":2}},{"type":"Feature","geometry":{"type":"Point","coordinates":[21.240154,45.756016]},"properties":{"lines":"M48","color":"#0059a9","mode":"bus","arr":["M48"],"angle":1.9,"mi":1}},{"type":"Feature","geometry":{"type":"Point","coordinates":[21.234461,45.755684]},"properties":{"lines":"M50","color":"#0059a9","mode":"bus","arr":["M50"],"angle":3}},{"type":"Feature","geometry":{"type":"Point","coordinates":[21.225057,45.754438]},"properties":{"lines":"11, 13, 14, 18, E4b, M11, M14","color":"#0059a9","mode":"bus","arr":["11","13","14","18","E4b","M11","M14"],"tLines":"11, 14, 18, M11, M14","ntLines":"13, E4b","angle":78.5,"mi":4}},{"type":"Feature","geometry":{"type":"Point","coordinates":[21.224724,45.757054]},"properties":{"lines":"11, 13, 14, 18, E4b, M11, M14","color":"#0059a9","mode":"bus","arr":["11","13","14","18","E4b","M11","M14"],"tLines":"11, 14, 18, M11, M14","ntLines":"13, E4b","angle":-87.3,"side":-1}},{"type":"Feature","geometry":{"type":"Point","coordinates":[21.224897,45.755687]},"properties":{"lines":"11, 13, 14, 18, E4b, M11, M14","color":"#0059a9","mode":"bus","arr":["11","13","14","18","E4b","M11","M14"],"tLines":"11, 14, 18, M11, M14","ntLines":"13, E4b","angle":86.1,"extra":1,"ei":0}},{"type":"Feature","geometry":{"type":"Point","coordinates":[21.204049,45.749849]},"properties":{"lines":"11, 14, 18, E4b, M11, M14","color":"#0059a9","mode":"bus","arr":["11","14","18","E4b","M11","M14"],"tLines":"11, 14, 18, M11, M14","ntLines":"E4b","angle":78.3}},{"type":"Feature","geometry":{"type":"Point","coordinates":[21.206346,45.750198]},"properties":{"lines":"11, 14, 18, E4b, M11, M14","color":"#0059a9","mode":"bus","arr":["11","14","18","E4b","M11","M14"],"tLines":"11, 14, 18, M11, M14","ntLines":"E4b","angle":-12.6,"mi":1}},{"type":"Feature","geometry":{"type":"Point","coordinates":[21.200701,45.749366]},"properties":{"lines":"11, 14, 18, E4b, M11, M14","color":"#0059a9","mode":"bus","arr":["11","14","18","E4b","M11","M14"],"tLines":"11, 14, 18, M11, M14","ntLines":"E4b","angle":-11.7,"mi":2}},{"type":"Feature","geometry":{"type":"Point","coordinates":[21.218234,45.752238]},"properties":{"lines":"11, 14, 18, E3, E4b, M11, M14","color":"#0059a9","mode":"bus","arr":["11","14","18","E3","E4b","M11","M14"],"tLines":"11, 14, 18, M11, M14","ntLines":"E3, E4b","angle":-19.4}},{"type":"Feature","geometry":{"type":"Point","coordinates":[21.221412,45.752996]},"properties":{"lines":"11, 14, 18, E4b, M11, M14","color":"#0059a9","mode":"bus","arr":["11","14","18","E4b","M11","M14"],"tLines":"11, 14, 18, M11, M14","ntLines":"E4b","angle":-19,"side":-1,"mi":1}},{"type":"Feature","geometry":{"type":"Point","coordinates":[21.222736,45.753316]},"properties":{"lines":"11, 14, 18, E4b, M11, M14","color":"#0059a9","mode":"bus","arr":["11","14","18","E4b","M11","M14"],"tLines":"11, 14, 18, M11, M14","ntLines":"E4b","angle":-19.2}},{"type":"Feature","geometry":{"type":"Point","coordinates":[21.225334,45.758059]},"properties":{"lines":"11, 14, 18, E4b, M11, M14, M43","color":"#0059a9","mode":"bus","arr":["11","14","18","E4b","M11","M14","M43"],"tLines":"11, 14, 18, M11, M14","ntLines":"E4b, M43","angle":-55.3,"side":-1,"mi":1}},{"type":"Feature","geometry":{"type":"Point","coordinates":[21.2262,45.758666]},"properties":{"lines":"11, 14, 18, E4b, M11, M14, M43, M44","color":"#0059a9","mode":"bus","arr":["11","14","18","E4b","M11","M14","M43","M44"],"tLines":"11, 14, 18, M11, M14","ntLines":"E4b, M43, M44","angle":-37}},{"type":"Feature","geometry":{"type":"Point","coordinates":[21.227594,45.759238]},"properties":{"lines":"11, 14, 18, E4b, M11, M14, M43","color":"#0059a9","mode":"bus","arr":["11","14","18","E4b","M11","M14","M43"],"tLines":"11, 14, 18, M11, M14","ntLines":"E4b, M43","angle":0,"side":-1}},{"type":"Feature","geometry":{"type":"Point","coordinates":[21.230469,45.759314]},"properties":{"lines":"11, 17, E2, E4b, E6, M11, M27, M41, M42, M43, M44, M45, M47, M48, M50","color":"#0059a9","mode":"bus","arr":["11","17","E2","E4b","E6","M11","M27","M41","M42","M43","M44","M45","M47","M48","M50"],"tLines":"11, 17, M11","ntLines":"E2, E4b, E6, M27, M41, M42, M43, M44, M45, M47, M48, M50","angle":18}},{"type":"Feature","geometry":{"type":"Point","coordinates":[21.232212,45.758414]},"properties":{"lines":"11, 17, E2, E4b, E6, M11, M27, M41, M42, M43, M44, M45, M47, M48, M50","color":"#0059a9","mode":"bus","arr":["11","17","E2","E4b","E6","M11","M27","M41","M42","M43","M44","M45","M47","M48","M50"],"tLines":"11, 17, M11","ntLines":"E2, E4b, E6, M27, M41, M42, M43, M44, M45, M47, M48, M50","angle":63.8,"side":-1,"mi":1}},{"type":"Feature","geometry":{"type":"Point","coordinates":[21.228666,45.759464]},"properties":{"lines":"11, 17, E2, E4b, E6, M11, M27, M41, M42, M43, M44, M45, M47, M48, M50","color":"#0059a9","mode":"bus","arr":["11","17","E2","E4b","E6","M11","M27","M41","M42","M43","M44","M45","M47","M48","M50"],"tLines":"11, 17, M11","ntLines":"E2, E4b, E6, M27, M41, M42, M43, M44, M45, M47, M48, M50","angle":15.2,"extra":1,"ei":0}},{"type":"Feature","geometry":{"type":"Point","coordinates":[21.235471,45.75855]},"properties":{"lines":"11, 17, 28, 46, E4, E4b, M11, M27, M30, M35, M42, M48, M50","color":"#0059a9","mode":"bus","arr":["11","17","28","46","E4","E4b","M11","M27","M30","M35","M42","M48","M50"],"tLines":"11, 17, M11","ntLines":"28, 46, E4, E4b, M27, M30, M35, M42, M48, M50","angle":-26.3,"side":-1}},{"type":"Feature","geometry":{"type":"Point","coordinates":[21.237268,45.759168]},"properties":{"lines":"11, 17, 28, 46, E4, E4b, M11, M27, M30, M35, M42, M48, M50","color":"#0059a9","mode":"bus","arr":["11","17","28","46","E4","E4b","M11","M27","M30","M35","M42","M48","M50"],"tLines":"11, 17, M11","ntLines":"28, 46, E4, E4b, M27, M30, M35, M42, M48, M50","angle":-26.2,"extra":1,"ei":0,"side":-1}},{"type":"Feature","geometry":{"type":"Point","coordinates":[21.240288,45.760293]},"properties":{"lines":"11, 17, 28, 46, E4, E4b, M11, M27, M30, M35","color":"#0059a9","mode":"bus","arr":["11","17","28","46","E4","E4b","M11","M27","M30","M35"],"tLines":"11, 17, M11","ntLines":"28, 46, E4, E4b, M27, M30, M35","angle":-26.1}},{"type":"Feature","geometry":{"type":"Point","coordinates":[21.238529,45.759601]},"properties":{"lines":"11, 17, 28, 46, E4, E4b, M11, M27, M30, M35","color":"#0059a9","mode":"bus","arr":["11","17","28","46","E4","E4b","M11","M27","M30","M35"],"tLines":"11, 17, M11","ntLines":"28, 46, E4, E4b, M27, M30, M35","angle":-26.2,"extra":1,"ei":0,"side":-1}},{"type":"Feature","geometry":{"type":"Point","coordinates":[21.24337,45.761289]},"properties":{"lines":"11, 17, 28, 46, E4, E4b, M11, M27, M30, M35","color":"#0059a9","mode":"bus","arr":["11","17","28","46","E4","E4b","M11","M27","M30","M35"],"tLines":"11, 17, M11","ntLines":"28, 46, E4, E4b, M27, M30, M35","angle":-26.8,"extra":1,"ei":1,"side":-1}},{"type":"Feature","geometry":{"type":"Point","coordinates":[21.245811,45.762102]},"properties":{"lines":"11, 17, 28, 46, E4, E4b, M11, M27, M30, M35","color":"#0059a9","mode":"bus","arr":["11","17","28","46","E4","E4b","M11","M27","M30","M35"],"tLines":"11, 17, M11","ntLines":"28, 46, E4, E4b, M27, M30, M35","angle":-21.2,"extra":1,"ei":2,"side":-1}},{"type":"Feature","geometry":{"type":"Point","coordinates":[21.23652,45.759018]},"properties":{"lines":"11, 17, 28, 46, E4, E4b, M11, M27, M30, M35","color":"#0059a9","mode":"bus","arr":["11","17","28","46","E4","E4b","M11","M27","M30","M35"],"tLines":"11, 17, M11","ntLines":"28, 46, E4, E4b, M27, M30, M35","angle":-26.2,"extra":1,"ei":0}},{"type":"Feature","geometry":{"type":"Point","coordinates":[21.234089,45.758188]},"properties":{"lines":"11, 17, 28, 46, E4, E4b, M11, M27, M30, M35","color":"#0059a9","mode":"bus","arr":["11","17","28","46","E4","E4b","M11","M27","M30","M35"],"tLines":"11, 17, M11","ntLines":"28, 46, E4, E4b, M27, M30, M35","angle":-19.8,"extra":1,"ei":1}},{"type":"Feature","geometry":{"type":"Point","coordinates":[21.254321,45.763709]},"properties":{"lines":"11, 17, 28, E4, E4b, M11, M27, M30, M35","color":"#0059a9","mode":"bus","arr":["11","17","28","E4","E4b","M11","M27","M30","M35"],"tLines":"11, 17, M11","ntLines":"28, E4, E4b, M27, M30, M35","angle":-3.3}},{"type":"Feature","geometry":{"type":"Point","coordinates":[21.249017,45.76287]},"properties":{"lines":"11, 17, 28, E4, E4b, M11, M27, M30, M35","color":"#0059a9","mode":"bus","arr":["11","17","28","E4","E4b","M11","M27","M30","M35"],"tLines":"11, 17, M11","ntLines":"28, E4, E4b, M27, M30, M35","angle":-18.8,"extra":1,"ei":0,"side":-1}},{"type":"Feature","geometry":{"type":"Point","coordinates":[21.251582,45.763471]},"properties":{"lines":"11, 17, 28, E4, E4b, M11, M27, M30, M35","color":"#0059a9","mode":"bus","arr":["11","17","28","E4","E4b","M11","M27","M30","M35"],"tLines":"11, 17, M11","ntLines":"28, E4, E4b, M27, M30, M35","angle":-14.1,"extra":1,"ei":1,"side":-1}},{"type":"Feature","geometry":{"type":"Point","coordinates":[21.259439,45.764765]},"properties":{"lines":"11, 17, 28, E4, E4b, M11, M27, M30, M35","color":"#0059a9","mode":"bus","arr":["11","17","28","E4","E4b","M11","M27","M30","M35"],"tLines":"11, 17, M11","ntLines":"28, E4, E4b, M27, M30, M35","angle":-30.2,"extra":1,"ei":0,"side":-1}},{"type":"Feature","geometry":{"type":"Point","coordinates":[21.257045,45.764109]},"properties":{"lines":"11, 17, 28, E4, E4b, M11, M27, M30, M35","color":"#0059a9","mode":"bus","arr":["11","17","28","E4","E4b","M11","M27","M30","M35"],"tLines":"11, 17, M11","ntLines":"28, E4, E4b, M27, M30, M35","angle":-18.3,"extra":1,"ei":0}},{"type":"Feature","geometry":{"type":"Point","coordinates":[21.261436,45.765916]},"properties":{"lines":"11, 17, 28, E4, E4b, M11, M27, M29, M30","color":"#0059a9","mode":"bus","arr":["11","17","28","E4","E4b","M11","M27","M29","M30"],"tLines":"11, 17, M11","ntLines":"28, E4, E4b, M27, M29, M30","angle":-44.9,"side":-1}},{"type":"Feature","geometry":{"type":"Point","coordinates":[21.264119,45.767945]},"properties":{"lines":"11, 17, E4, E4b, M11, M27, M30","color":"#0059a9","mode":"bus","arr":["11","17","E4","E4b","M11","M27","M30"],"tLines":"11, 17, M11","ntLines":"E4, E4b, M27, M30","angle":-46.9}},{"type":"Feature","geometry":{"type":"Point","coordinates":[21.266989,45.769246]},"properties":{"lines":"11, 17, E4, E4b, M11, M27, M30","color":"#0059a9","mode":"bus","arr":["11","17","E4","E4b","M11","M27","M30"],"tLines":"11, 17, M11","ntLines":"E4, E4b, M27, M30","angle":-23.8,"extra":1,"ei":0}},{"type":"Feature","geometry":{"type":"Point","coordinates":[21.26278,45.766952]},"properties":{"lines":"11, 17, E4, E4b, M11, M27, M30","color":"#0059a9","mode":"bus","arr":["11","17","E4","E4b","M11","M27","M30"],"tLines":"11, 17, M11","ntLines":"E4, E4b, M27, M30","angle":-47,"extra":1,"ei":1}},{"type":"Feature","geometry":{"type":"Point","coordinates":[21.26081,45.765662]},"properties":{"lines":"11, 17, E4, E4b, M11, M27, M30","color":"#0059a9","mode":"bus","arr":["11","17","E4","E4b","M11","M27","M30"],"tLines":"11, 17, M11","ntLines":"E4, E4b, M27, M30","angle":-39.5,"extra":1,"ei":2}},{"type":"Feature","geometry":{"type":"Point","coordinates":[21.268157,45.769439]},"properties":{"lines":"11, 17, E4, E4b, M11, M27","color":"#0059a9","mode":"bus","arr":["11","17","E4","E4b","M11","M27"],"tLines":"11, 17, M11","ntLines":"E4, E4b, M27","angle":-16.2,"side":-1}},{"type":"Feature","geometry":{"type":"Point","coordinates":[21.268907,45.769184]},"properties":{"lines":"11, 17","color":"#149a3f","mode":"bus","arr":["11","17"],"angle":-22.3}},{"type":"Feature","geometry":{"type":"Point","coordinates":[21.268272,45.769295]},"properties":{"lines":"11, 17, M11","color":"#149a3f","mode":"bus","arr":["11","17","M11"],"angle":86.9}},{"type":"Feature","geometry":{"type":"Point","coordinates":[21.223976,45.757191]},"properties":{"lines":"11, 13, 14, 18, E4b, M11, M14","color":"#0059a9","mode":"bus","arr":["11","13","14","18","E4b","M11","M14"],"tLines":"11, 14, 18, M11, M14","ntLines":"13, E4b","angle":11.3,"mi":2}},{"type":"Feature","geometry":{"type":"Point","coordinates":[21.223224,45.754922]},"properties":{"lines":"11, 13, 14, 18, E4b, M11, M14","color":"#0059a9","mode":"bus","arr":["11","13","14","18","E4b","M11","M14"],"tLines":"11, 14, 18, M11, M14","ntLines":"13, E4b","angle":83.6,"mi":3}},{"type":"Feature","geometry":{"type":"Point","coordinates":[21.223503,45.757085]},"properties":{"lines":"11, 13, 14, 18, E4b, M11, M14","color":"#0059a9","mode":"bus","arr":["11","13","14","18","E4b","M11","M14"],"tLines":"11, 14, 18, M11, M14","ntLines":"13, E4b","angle":-76.1,"mi":1}},{"type":"Feature","geometry":{"type":"Point","coordinates":[21.223263,45.756623]},"properties":{"lines":"11, 13, 14, 18, M11, M14","color":"#0059a9","mode":"bus","arr":["11","13","14","18","M11","M14"],"tLines":"11, 14, 18, M11, M14","ntLines":"13","angle":-74.9}},{"type":"Feature","geometry":{"type":"Point","coordinates":[21.216579,45.760797]},"properties":{"lines":"13, M43","color":"#0059a9","mode":"bus","arr":["13","M43"],"angle":29.2,"mi":1}},{"type":"Feature","geometry":{"type":"Point","coordinates":[21.210595,45.763057]},"properties":{"lines":"13, M43","color":"#0059a9","mode":"bus","arr":["13","M43"],"angle":-59.8}},{"type":"Feature","geometry":{"type":"Point","coordinates":[21.220413,45.759199]},"properties":{"lines":"13, M43","color":"#0059a9","mode":"bus","arr":["13","M43"],"angle":28.3,"extra":1,"ei":0,"side":-1}},{"type":"Feature","geometry":{"type":"Point","coordinates":[21.218071,45.760143]},"properties":{"lines":"13, M43","color":"#0059a9","mode":"bus","arr":["13","M43"],"angle":35.5,"extra":1,"ei":1,"side":-1}},{"type":"Feature","geometry":{"type":"Point","coordinates":[21.213387,45.762016]},"properties":{"lines":"13, M43","color":"#0059a9","mode":"bus","arr":["13","M43"],"angle":29.2,"extra":1,"ei":2}},{"type":"Feature","geometry":{"type":"Point","coordinates":[21.221563,45.758837]},"properties":{"lines":"13, M43, M44","color":"#0059a9","mode":"bus","arr":["13","M43","M44"],"angle":29.8}},{"type":"Feature","geometry":{"type":"Point","coordinates":[21.22362,45.758207]},"properties":{"lines":"13, M43, M44","color":"#0059a9","mode":"bus","arr":["13","M43","M44"],"angle":24.3,"extra":1,"ei":0}},{"type":"Feature","geometry":{"type":"Point","coordinates":[21.218822,45.759937]},"properties":{"lines":"13, M43, M44","color":"#0059a9","mode":"bus","arr":["13","M43","M44"],"angle":31.5,"extra":1,"ei":1}},{"type":"Feature","geometry":{"type":"Point","coordinates":[21.203357,45.764977]},"properties":{"lines":"13, M43","color":"#0059a9","mode":"bus","arr":["13","M43"],"angle":20.4,"mi":2}},{"type":"Feature","geometry":{"type":"Point","coordinates":[21.209318,45.763394]},"properties":{"lines":"13, M43","color":"#0059a9","mode":"bus","arr":["13","M43"],"angle":21,"extra":1,"ei":0}},{"type":"Feature","geometry":{"type":"Point","coordinates":[21.206794,45.764074]},"properties":{"lines":"13, M43","color":"#0059a9","mode":"bus","arr":["13","M43"],"angle":21.2,"extra":1,"ei":1}},{"type":"Feature","geometry":{"type":"Point","coordinates":[21.201726,45.7654]},"properties":{"lines":"13, M43","color":"#0059a9","mode":"bus","arr":["13","M43"],"angle":20.3,"extra":1,"ei":2}},{"type":"Feature","geometry":{"type":"Point","coordinates":[21.199166,45.766011]},"properties":{"lines":"13, M43","color":"#0059a9","mode":"bus","arr":["13","M43"],"angle":17.2,"extra":1,"ei":3}},{"type":"Feature","geometry":{"type":"Point","coordinates":[21.196568,45.76654]},"properties":{"lines":"13, M43","color":"#0059a9","mode":"bus","arr":["13","M43"],"angle":16.1,"extra":1,"ei":4}},{"type":"Feature","geometry":{"type":"Point","coordinates":[21.189343,45.765368]},"properties":{"lines":"13, M43","color":"#0059a9","mode":"bus","arr":["13","M43"],"angle":-9.1,"side":-1}},{"type":"Feature","geometry":{"type":"Point","coordinates":[21.193981,45.766375]},"properties":{"lines":"13, M43","color":"#0059a9","mode":"bus","arr":["13","M43"],"angle":-16.9,"extra":1,"ei":0}},{"type":"Feature","geometry":{"type":"Point","coordinates":[21.191384,45.765844]},"properties":{"lines":"13, M43","color":"#0059a9","mode":"bus","arr":["13","M43"],"angle":-17.1,"extra":1,"ei":1}},{"type":"Feature","geometry":{"type":"Point","coordinates":[21.184704,45.764359]},"properties":{"lines":"13, M43","color":"#0059a9","mode":"bus","arr":["13","M43"],"angle":-15.8,"extra":1,"ei":0}},{"type":"Feature","geometry":{"type":"Point","coordinates":[21.18728,45.764938]},"properties":{"lines":"13, M43","color":"#0059a9","mode":"bus","arr":["13","M43"],"angle":-16.2,"extra":1,"ei":1}},{"type":"Feature","geometry":{"type":"Point","coordinates":[21.179924,45.763572]},"properties":{"lines":"13","color":"#0059a9","mode":"bus","arr":["13"],"angle":-65.2}},{"type":"Feature","geometry":{"type":"Point","coordinates":[21.182307,45.764115]},"properties":{"lines":"13","color":"#0059a9","mode":"bus","arr":["13"],"angle":-22.1,"extra":1,"ei":0}},{"type":"Feature","geometry":{"type":"Point","coordinates":[21.227079,45.761025]},"properties":{"lines":"14, 17, 18, E2, E6, M14, M41, M42, M44, M45, M47, M48, M50","color":"#0059a9","mode":"bus","arr":["14","17","18","E2","E6","M14","M41","M42","M44","M45","M47","M48","M50"],"tLines":"14, 17, 18, M14","ntLines":"E2, E6, M41, M42, M44, M45, M47, M48, M50","angle":68.8}},{"type":"Feature","geometry":{"type":"Point","coordinates":[21.225982,45.762968]},"properties":{"lines":"14, 17, 18, E2, E6, M14, M41, M42, M44, M45, M47, M48, M50","color":"#0059a9","mode":"bus","arr":["14","17","18","E2","E6","M14","M41","M42","M44","M45","M47","M48","M50"],"tLines":"14, 17, 18, M14","ntLines":"E2, E6, M41, M42, M44, M45, M47, M48, M50","angle":67.2,"mi":1}},{"type":"Feature","geometry":{"type":"Point","coordinates":[21.225645,45.763849]},"properties":{"lines":"14, 17, 18, E2, E6, M14, M41, M42, M45, M47, M48, M50","color":"#0059a9","mode":"bus","arr":["14","17","18","E2","E6","M14","M41","M42","M45","M47","M48","M50"],"tLines":"14, 17, 18, M14","ntLines":"E2, E6, M41, M42, M45, M47, M48, M50","angle":79.8}},{"type":"Feature","geometry":{"type":"Point","coordinates":[21.224689,45.767275]},"properties":{"lines":"14, 17, 18, E2, M14, M41, M42, M45, M47, M48","color":"#0059a9","mode":"bus","arr":["14","17","18","E2","M14","M41","M42","M45","M47","M48"],"tLines":"14, 17, 18, M14","ntLines":"E2, M41, M42, M45, M47, M48","angle":68.3}},{"type":"Feature","geometry":{"type":"Point","coordinates":[21.225465,45.765019]},"properties":{"lines":"14, 17, 18, E2, M14, M41, M42, M45, M47, M48","color":"#0059a9","mode":"bus","arr":["14","17","18","E2","M14","M41","M42","M45","M47","M48"],"tLines":"14, 17, 18, M14","ntLines":"E2, M41, M42, M45, M47, M48","angle":85.3,"mi":1}},{"type":"Feature","geometry":{"type":"Point","coordinates":[21.226139,45.768029]},"properties":{"lines":"14, M14","color":"#149a3f","mode":"bus","arr":["14","M14"],"angle":-66.1,"mi":1}},{"type":"Feature","geometry":{"type":"Point","coordinates":[21.225962,45.766431]},"properties":{"lines":"14, M14","color":"#149a3f","mode":"bus","arr":["14","M14"],"angle":-77.8,"extra":1,"ei":0}},{"type":"Feature","geometry":{"type":"Point","coordinates":[21.229095,45.768002]},"properties":{"lines":"14, M14","color":"#149a3f","mode":"bus","arr":["14","M14"],"angle":9.4,"extra":1,"ei":1,"side":-1}},{"type":"Feature","geometry":{"type":"Point","coordinates":[21.23033,45.76963]},"properties":{"lines":"14, 40, M14, M49","color":"#0059a9","mode":"bus","arr":["14","40","M14","M49"],"tLines":"14, M14","ntLines":"40, M49","angle":-73.9,"mi":1}},{"type":"Feature","geometry":{"type":"Point","coordinates":[21.23316,45.776407]},"properties":{"lines":"14, 40, M14, M49","color":"#0059a9","mode":"bus","arr":["14","40","M14","M49"],"tLines":"14, M14","ntLines":"40, M49","angle":-75.3}},{"type":"Feature","geometry":{"type":"Point","coordinates":[21.230678,45.770174]},"properties":{"lines":"14, E2, M14, M49","color":"#0059a9","mode":"bus","arr":["14","E2","M14","M49"],"tLines":"14, M14","ntLines":"E2, M49","angle":-77.8,"side":-1}},{"type":"Feature","geometry":{"type":"Point","coordinates":[21.233241,45.77635]},"properties":{"lines":"14, E2, M14, M49","color":"#0059a9","mode":"bus","arr":["14","E2","M14","M49"],"tLines":"14, M14","ntLines":"E2, M49","angle":-71.6,"side":-1,"mi":1}},{"type":"Feature","geometry":{"type":"Point","coordinates":[21.231918,45.773405]},"properties":{"lines":"14, 40, E2, M14, M49","color":"#0059a9","mode":"bus","arr":["14","40","E2","M14","M49"],"tLines":"14, M14","ntLines":"40, E2, M49","angle":-73.3}},{"type":"Feature","geometry":{"type":"Point","coordinates":[21.231273,45.771833]},"properties":{"lines":"14, 40, E2, M14, M49","color":"#0059a9","mode":"bus","arr":["14","40","E2","M14","M49"],"tLines":"14, M14","ntLines":"40, E2, M49","angle":-74.4,"extra":1,"ei":0}},{"type":"Feature","geometry":{"type":"Point","coordinates":[21.232816,45.775454]},"properties":{"lines":"14, 40, E2, M14, M49","color":"#0059a9","mode":"bus","arr":["14","40","E2","M14","M49"],"tLines":"14, M14","ntLines":"40, E2, M49","angle":-73.4,"extra":1,"ei":1}},{"type":"Feature","geometry":{"type":"Point","coordinates":[21.234168,45.778643]},"properties":{"lines":"14, M14, M49","color":"#0059a9","mode":"bus","arr":["14","M14","M49"],"tLines":"14, M14","ntLines":"M49","angle":-73.3}},{"type":"Feature","geometry":{"type":"Point","coordinates":[21.229577,45.768147]},"properties":{"lines":"14","color":"#149a3f","mode":"bus","arr":["14"],"angle":-37.2}},{"type":"Feature","geometry":{"type":"Point","coordinates":[21.225078,45.768373]},"properties":{"lines":"14, M14","color":"#149a3f","mode":"bus","arr":["14","M14"],"angle":7.2}},{"type":"Feature","geometry":{"type":"Point","coordinates":[21.225322,45.764912]},"properties":{"lines":"14, 17, E2, M14, M41, M42, M45, M47, M48","color":"#0059a9","mode":"bus","arr":["14","17","E2","M14","M41","M42","M45","M47","M48"],"tLines":"14, 17, M14","ntLines":"E2, M41, M42, M45, M47, M48","angle":85.8,"side":-1}},{"type":"Feature","geometry":{"type":"Point","coordinates":[21.25038,45.736781]},"properties":{"lines":"15, 24, E2, M23","color":"#0059a9","mode":"bus","arr":["15","24","E2","M23"],"tLines":"15","ntLines":"24, E2, M23","angle":-59.6,"side":-1,"mi":1}},{"type":"Feature","geometry":{"type":"Point","coordinates":[21.247308,45.731669]},"properties":{"lines":"15, 24, E2, M23","color":"#0059a9","mode":"bus","arr":["15","24","E2","M23"],"tLines":"15","ntLines":"24, E2, M23","angle":-75.4,"side":-1}},{"type":"Feature","geometry":{"type":"Point","coordinates":[21.248876,45.734492]},"properties":{"lines":"15, 16, 24, E2, M23","color":"#0059a9","mode":"bus","arr":["15","16","24","E2","M23"],"tLines":"15, 16","ntLines":"24, E2, M23","angle":-67.7}},{"type":"Feature","geometry":{"type":"Point","coordinates":[21.248198,45.733321]},"properties":{"lines":"15, 16, 24, E2, M23","color":"#0059a9","mode":"bus","arr":["15","16","24","E2","M23"],"tLines":"15, 16","ntLines":"24, E2, M23","angle":-67.7,"extra":1,"ei":0}},{"type":"Feature","geometry":{"type":"Point","coordinates":[21.240584,45.738766]},"properties":{"lines":"15, E2","color":"#0059a9","mode":"bus","arr":["15","E2"],"tLines":"15","ntLines":"E2","angle":59.2,"mi":1}},{"type":"Feature","geometry":{"type":"Point","coordinates":[21.238883,45.741093]},"properties":{"lines":"15, E2","color":"#0059a9","mode":"bus","arr":["15","E2"],"tLines":"15","ntLines":"E2","angle":70.6}},{"type":"Feature","geometry":{"type":"Point","coordinates":[21.239625,45.739951]},"properties":{"lines":"15, 16, E2","color":"#0059a9","mode":"bus","arr":["15","16","E2"],"tLines":"15, 16","ntLines":"E2","angle":62.9}},{"type":"Feature","geometry":{"type":"Point","coordinates":[21.24061,45.742279]},"properties":{"lines":"15, 16, E2, E3","color":"#0059a9","mode":"bus","arr":["15","16","E2","E3"],"tLines":"15, 16","ntLines":"E2, E3","angle":-25.4,"mi":1}},{"type":"Feature","geometry":{"type":"Point","coordinates":[21.242166,45.742817]},"properties":{"lines":"15, 16, E2, E3","color":"#0059a9","mode":"bus","arr":["15","16","E2","E3"],"tLines":"15, 16","ntLines":"E2, E3","angle":-26.1,"extra":1,"ei":0}},{"type":"Feature","geometry":{"type":"Point","coordinates":[21.240515,45.746565]},"properties":{"lines":"15, 16, E2, E3","color":"#0059a9","mode":"bus","arr":["15","16","E2","E3"],"tLines":"15, 16","ntLines":"E2, E3","angle":68.2,"mi":2}},{"type":"Feature","geometry":{"type":"Point","coordinates":[21.242368,45.743844]},"properties":{"lines":"15, 16, E2, E3","color":"#0059a9","mode":"bus","arr":["15","16","E2","E3"],"tLines":"15, 16","ntLines":"E2, E3","angle":63.5,"extra":1,"ei":0}},{"type":"Feature","geometry":{"type":"Point","coordinates":[21.238281,45.748624]},"properties":{"lines":"15, 16, E2, E3","color":"#0059a9","mode":"bus","arr":["15","16","E2","E3"],"tLines":"15, 16","ntLines":"E2, E3","angle":30.3,"extra":1,"ei":1}},{"type":"Feature","geometry":{"type":"Point","coordinates":[21.234243,45.750845]},"properties":{"lines":"15, 21, E2, E7","color":"#0059a9","mode":"bus","arr":["15","21","E2","E7"],"tLines":"15","ntLines":"21, E2, E7","angle":59.3}},{"type":"Feature","geometry":{"type":"Point","coordinates":[21.232777,45.753788]},"properties":{"lines":"15, 16, 21, E2, E7","color":"#0059a9","mode":"bus","arr":["15","16","21","E2","E7"],"tLines":"15, 16","ntLines":"21, E2, E7","angle":-75.5,"side":-1}},{"type":"Feature","geometry":{"type":"Point","coordinates":[21.234236,45.754413]},"properties":{"lines":"15, 16, 21, 40, E7","color":"#0059a9","mode":"bus","arr":["15","16","21","40","E7"],"tLines":"15, 16","ntLines":"21, 40, E7","angle":36.7}},{"type":"Feature","geometry":{"type":"Point","coordinates":[21.233875,45.753348]},"properties":{"lines":"15, 16, 21, E7","color":"#0059a9","mode":"bus","arr":["15","16","21","E7"],"tLines":"15, 16","ntLines":"21, E7","angle":-52.6}},{"type":"Feature","geometry":{"type":"Point","coordinates":[21.235621,45.746054]},"properties":{"lines":"15, 16, E2, E3","color":"#0059a9","mode":"bus","arr":["15","16","E2","E3"],"tLines":"15, 16","ntLines":"E2, E3","angle":74.5,"mi":3}},{"type":"Feature","geometry":{"type":"Point","coordinates":[21.235296,45.747679]},"properties":{"lines":"15, 16, E2, E3","color":"#0059a9","mode":"bus","arr":["15","16","E2","E3"],"tLines":"15, 16","ntLines":"E2, E3","angle":-89,"extra":1,"ei":0}},{"type":"Feature","geometry":{"type":"Point","coordinates":[21.236676,45.744063]},"properties":{"lines":"15, 16, E2, E3","color":"#0059a9","mode":"bus","arr":["15","16","E2","E3"],"tLines":"15, 16","ntLines":"E2, E3","angle":62.6,"extra":1,"ei":1}},{"type":"Feature","geometry":{"type":"Point","coordinates":[21.237749,45.742559]},"properties":{"lines":"15, 16, E2, E3","color":"#0059a9","mode":"bus","arr":["15","16","E2","E3"],"tLines":"15, 16","ntLines":"E2, E3","angle":64}},{"type":"Feature","geometry":{"type":"Point","coordinates":[21.238141,45.738458]},"properties":{"lines":"15, E3","color":"#0059a9","mode":"bus","arr":["15","E3"],"tLines":"15","ntLines":"E3","angle":-85.7}},{"type":"Feature","geometry":{"type":"Point","coordinates":[21.237458,45.732093]},"properties":{"lines":"15, E3","color":"#0059a9","mode":"bus","arr":["15","E3"],"tLines":"15","ntLines":"E3","angle":-82.4,"mi":2}},{"type":"Feature","geometry":{"type":"Point","coordinates":[21.238527,45.741116]},"properties":{"lines":"15, E3","color":"#0059a9","mode":"bus","arr":["15","E3"],"tLines":"15","ntLines":"E3","angle":-86.7,"mi":1}},{"type":"Feature","geometry":{"type":"Point","coordinates":[21.237868,45.735233]},"properties":{"lines":"15, 16, E3","color":"#0059a9","mode":"bus","arr":["15","16","E3"],"tLines":"15, 16","ntLines":"E3","angle":-85.5,"mi":1}},{"type":"Feature","geometry":{"type":"Point","coordinates":[21.238386,45.739878]},"properties":{"lines":"15, 16, E3","color":"#0059a9","mode":"bus","arr":["15","16","E3"],"tLines":"15, 16","ntLines":"E3","angle":-85.7}},{"type":"Feature","geometry":{"type":"Point","coordinates":[21.238061,45.736961]},"properties":{"lines":"15, 16, E3","color":"#0059a9","mode":"bus","arr":["15","16","E3"],"tLines":"15, 16","ntLines":"E3","angle":-85.6,"extra":1,"ei":0}},{"type":"Feature","geometry":{"type":"Point","coordinates":[21.237648,45.733195]},"properties":{"lines":"15, 16, E3","color":"#0059a9","mode":"bus","arr":["15","16","E3"],"tLines":"15, 16","ntLines":"E3","angle":-85.2,"extra":1,"ei":1}},{"type":"Feature","geometry":{"type":"Point","coordinates":[21.238078,45.7316]},"properties":{"lines":"15","color":"#149a3f","mode":"bus","arr":["15"],"angle":4.3,"side":-1,"mi":1}},{"type":"Feature","geometry":{"type":"Point","coordinates":[21.246486,45.731192]},"properties":{"lines":"15","color":"#149a3f","mode":"bus","arr":["15"],"angle":-4.4,"side":-1}},{"type":"Feature","geometry":{"type":"Point","coordinates":[21.242488,45.731363]},"properties":{"lines":"15, 16","color":"#149a3f","mode":"bus","arr":["15","16"],"angle":4.8}},{"type":"Feature","geometry":{"type":"Point","coordinates":[21.24012,45.731501]},"properties":{"lines":"15, 16","color":"#149a3f","mode":"bus","arr":["15","16"],"angle":5.4,"extra":1,"ei":0}},{"type":"Feature","geometry":{"type":"Point","coordinates":[21.245516,45.731211]},"properties":{"lines":"15, 16","color":"#149a3f","mode":"bus","arr":["15","16"],"angle":1.7,"extra":1,"ei":1}},{"type":"Feature","geometry":{"type":"Point","coordinates":[21.247452,45.732242]},"properties":{"lines":"16, E2","color":"#0059a9","mode":"bus","arr":["16","E2"],"tLines":"16","ntLines":"E2","angle":-68.7,"mi":2}},{"type":"Feature","geometry":{"type":"Point","coordinates":[21.250199,45.736824]},"properties":{"lines":"16, 24, E2","color":"#0059a9","mode":"bus","arr":["16","24","E2"],"tLines":"16","ntLines":"24, E2","angle":-73.2}},{"type":"Feature","geometry":{"type":"Point","coordinates":[21.247195,45.73173]},"properties":{"lines":"16, 24, E2","color":"#0059a9","mode":"bus","arr":["16","24","E2"],"tLines":"16","ntLines":"24, E2","angle":-53.9,"mi":1}},{"type":"Feature","geometry":{"type":"Point","coordinates":[21.238167,45.731679]},"properties":{"lines":"16","color":"#149a3f","mode":"bus","arr":["16"],"angle":5.2}},{"type":"Feature","geometry":{"type":"Point","coordinates":[21.246451,45.73129]},"properties":{"lines":"16","color":"#149a3f","mode":"bus","arr":["16"],"angle":-25.6,"mi":1}},{"type":"Feature","geometry":{"type":"Point","coordinates":[21.23828,45.73845]},"properties":{"lines":"16, E3","color":"#0059a9","mode":"bus","arr":["16","E3"],"tLines":"16","ntLines":"E3","angle":-84.7,"side":-1}},{"type":"Feature","geometry":{"type":"Point","coordinates":[21.237557,45.73213]},"properties":{"lines":"16, E3","color":"#0059a9","mode":"bus","arr":["16","E3"],"tLines":"16","ntLines":"E3","angle":89.3,"mi":2}},{"type":"Feature","geometry":{"type":"Point","coordinates":[21.238582,45.741075]},"properties":{"lines":"16, E3","color":"#0059a9","mode":"bus","arr":["16","E3"],"tLines":"16","ntLines":"E3","angle":-75.9,"mi":1}},{"type":"Feature","geometry":{"type":"Point","coordinates":[21.23568,45.749049]},"properties":{"lines":"16, E3, E8","color":"#0059a9","mode":"bus","arr":["16","E3","E8"],"tLines":"16","ntLines":"E3, E8","angle":-33.1,"side":-1}},{"type":"Feature","geometry":{"type":"Point","coordinates":[21.230539,45.747916]},"properties":{"lines":"16, E3, E7, E8","color":"#0059a9","mode":"bus","arr":["16","E3","E7","E8"],"tLines":"16","ntLines":"E3, E7, E8","angle":-8.6}},{"type":"Feature","geometry":{"type":"Point","coordinates":[21.233175,45.748389]},"properties":{"lines":"16, E3, E7, E8","color":"#0059a9","mode":"bus","arr":["16","E3","E7","E8"],"tLines":"16","ntLines":"E3, E7, E8","angle":-13.5,"extra":1,"ei":0}},{"type":"Feature","geometry":{"type":"Point","coordinates":[21.226868,45.747764]},"properties":{"lines":"16, E3, E7, E8","color":"#0059a9","mode":"bus","arr":["16","E3","E7","E8"],"tLines":"16","ntLines":"E3, E7, E8","angle":1.4,"extra":1,"ei":0}},{"type":"Feature","geometry":{"type":"Point","coordinates":[21.234872,45.748491]},"properties":{"lines":"16, E3, E7, E8","color":"#0059a9","mode":"bus","arr":["16","E3","E7","E8"],"tLines":"16","ntLines":"E3, E7, E8","angle":-15.3,"extra":1,"ei":1,"side":-1}},{"type":"Feature","geometry":{"type":"Point","coordinates":[21.234827,45.748789]},"properties":{"lines":"16","color":"#149a3f","mode":"bus","arr":["16"],"angle":-26.2,"mi":6}},{"type":"Feature","geometry":{"type":"Point","coordinates":[21.225189,45.750847]},"properties":{"lines":"16","color":"#149a3f","mode":"bus","arr":["16"],"angle":-82.3,"side":-1,"mi":3}},{"type":"Feature","geometry":{"type":"Point","coordinates":[21.225613,45.748218]},"properties":{"lines":"16","color":"#149a3f","mode":"bus","arr":["16"],"angle":-86.7,"side":-1,"mi":4}},{"type":"Feature","geometry":{"type":"Point","coordinates":[21.225655,45.748689]},"properties":{"lines":"16, 32, 33, 33b, E3","color":"#0059a9","mode":"bus","arr":["16","32","33","33b","E3"],"tLines":"16","ntLines":"32, 33, 33b, E3","angle":-80.3}},{"type":"Feature","geometry":{"type":"Point","coordinates":[21.227001,45.750917]},"properties":{"lines":"16","color":"#149a3f","mode":"bus","arr":["16"],"angle":-71.7}},{"type":"Feature","geometry":{"type":"Point","coordinates":[21.226299,45.74978]},"properties":{"lines":"16","color":"#149a3f","mode":"bus","arr":["16"],"angle":-64.5,"extra":1,"ei":0}},{"type":"Feature","geometry":{"type":"Point","coordinates":[21.232583,45.753279]},"properties":{"lines":"16","color":"#149a3f","mode":"bus","arr":["16"],"angle":85.9,"mi":5}},{"type":"Feature","geometry":{"type":"Point","coordinates":[21.229769,45.753266]},"properties":{"lines":"16","color":"#149a3f","mode":"bus","arr":["16"],"angle":9.9,"mi":2}},{"type":"Feature","geometry":{"type":"Point","coordinates":[21.226191,45.750953]},"properties":{"lines":"16","color":"#149a3f","mode":"bus","arr":["16"],"angle":13.4,"mi":1}},{"type":"Feature","geometry":{"type":"Point","coordinates":[21.225488,45.749731]},"properties":{"lines":"16, 32, 33, 33b, E3","color":"#0059a9","mode":"bus","arr":["16","32","33","33b","E3"],"tLines":"16","ntLines":"32, 33, 33b, E3","angle":79.1,"mi":2}},{"type":"Feature","geometry":{"type":"Point","coordinates":[21.225507,45.748228]},"properties":{"lines":"16, 32, 33, 33b, E3","color":"#0059a9","mode":"bus","arr":["16","32","33","33b","E3"],"tLines":"16","ntLines":"32, 33, 33b, E3","angle":-77.1,"mi":1}},{"type":"Feature","geometry":{"type":"Point","coordinates":[21.23176,45.747965]},"properties":{"lines":"16, E7","color":"#0059a9","mode":"bus","arr":["16","E7"],"tLines":"16","ntLines":"E7","angle":-11.8,"side":-1}},{"type":"Feature","geometry":{"type":"Point","coordinates":[21.240456,45.738757]},"properties":{"lines":"16, E2","color":"#0059a9","mode":"bus","arr":["16","E2"],"tLines":"16","ntLines":"E2","angle":65.6,"side":-1}},{"type":"Feature","geometry":{"type":"Point","coordinates":[21.238769,45.741134]},"properties":{"lines":"16, E2","color":"#0059a9","mode":"bus","arr":["16","E2"],"tLines":"16","ntLines":"E2","angle":63.7,"mi":1}},{"type":"Feature","geometry":{"type":"Point","coordinates":[21.219483,45.782078]},"properties":{"lines":"17, 18, E1, M41, M42, M45, M47, M48","color":"#0059a9","mode":"bus","arr":["17","18","E1","M41","M42","M45","M47","M48"],"tLines":"17, 18","ntLines":"E1, M41, M42, M45, M47, M48","angle":80.2,"side":-1}},{"type":"Feature","geometry":{"type":"Point","coordinates":[21.221312,45.775371]},"properties":{"lines":"17, 18, M41, M42, M45, M47, M48","color":"#0059a9","mode":"bus","arr":["17","18","M41","M42","M45","M47","M48"],"tLines":"17, 18","ntLines":"M41, M42, M45, M47, M48","angle":73.3}},{"type":"Feature","geometry":{"type":"Point","coordinates":[21.222844,45.770969]},"properties":{"lines":"17, 18, M41, M42, M45, M47, M48","color":"#0059a9","mode":"bus","arr":["17","18","M41","M42","M45","M47","M48"],"tLines":"17, 18","ntLines":"M41, M42, M45, M47, M48","angle":72.6,"extra":1,"ei":0}},{"type":"Feature","geometry":{"type":"Point","coordinates":[21.222219,45.772807]},"properties":{"lines":"17, 18, M41, M42, M45, M47, M48","color":"#0059a9","mode":"bus","arr":["17","18","M41","M42","M45","M47","M48"],"tLines":"17, 18","ntLines":"M41, M42, M45, M47, M48","angle":76.5,"extra":1,"ei":1}},{"type":"Feature","geometry":{"type":"Point","coordinates":[21.220512,45.778328]},"properties":{"lines":"17, 18, M41, M42, M45, M47, M48","color":"#0059a9","mode":"bus","arr":["17","18","M41","M42","M45","M47","M48"],"tLines":"17, 18","ntLines":"M41, M42, M45, M47, M48","angle":79.4,"extra":1,"ei":2}},{"type":"Feature","geometry":{"type":"Point","coordinates":[21.220043,45.780188]},"properties":{"lines":"17, 18, M41, M42, M45, M47, M48","color":"#0059a9","mode":"bus","arr":["17","18","M41","M42","M45","M47","M48"],"tLines":"17, 18","ntLines":"M41, M42, M45, M47, M48","angle":84.6,"extra":1,"ei":3}},{"type":"Feature","geometry":{"type":"Point","coordinates":[21.221641,45.774195]},"properties":{"lines":"17, M41, M42, M45, M47, M48","color":"#0059a9","mode":"bus","arr":["17","M41","M42","M45","M47","M48"],"tLines":"17","ntLines":"M41, M42, M45, M47, M48","angle":72.8,"side":-1,"mi":1}},{"type":"Feature","geometry":{"type":"Point","coordinates":[21.222922,45.770479]},"properties":{"lines":"17, M41, M42, M45, M47, M48","color":"#0059a9","mode":"bus","arr":["17","M41","M42","M45","M47","M48"],"tLines":"17","ntLines":"M41, M42, M45, M47, M48","angle":77.5,"side":-1}},{"type":"Feature","geometry":{"type":"Point","coordinates":[21.223296,45.769628]},"properties":{"lines":"17, E2, M41, M42, M45, M47, M48","color":"#0059a9","mode":"bus","arr":["17","E2","M41","M42","M45","M47","M48"],"tLines":"17","ntLines":"E2, M41, M42, M45, M47, M48","angle":69.8,"side":-1}},{"type":"Feature","geometry":{"type":"Point","coordinates":[21.223634,45.76917]},"properties":{"lines":"17, 18, E2, M41, M42, M45, M47, M48","color":"#0059a9","mode":"bus","arr":["17","18","E2","M41","M42","M45","M47","M48"],"tLines":"17, 18","ntLines":"E2, M41, M42, M45, M47, M48","angle":71.7}},{"type":"Feature","geometry":{"type":"Point","coordinates":[21.225352,45.765941]},"properties":{"lines":"17, 18, E2, M41, M42, M45, M47, M48","color":"#0059a9","mode":"bus","arr":["17","18","E2","M41","M42","M45","M47","M48"],"tLines":"17, 18","ntLines":"E2, M41, M42, M45, M47, M48","angle":80.6,"mi":1}},{"type":"Feature","geometry":{"type":"Point","coordinates":[21.218632,45.784774]},"properties":{"lines":"E1, M41, M42, M45, M47, M48","color":"#0059a9","mode":"bus","arr":["E1","M41","M42","M45","M47","M48"],"angle":75.2}},{"type":"Feature","geometry":{"type":"Point","coordinates":[21.218919,45.773756]},"properties":{"lines":"18","color":"#149a3f","mode":"bus","arr":["18"],"angle":-37.1}},{"type":"Feature","geometry":{"type":"Point","coordinates":[21.220523,45.768597]},"properties":{"lines":"18, E1, E6, M44, M50","color":"#0059a9","mode":"bus","arr":["18","E1","E6","M44","M50"],"tLines":"18","ntLines":"E1, E6, M44, M50","angle":50.6,"side":-1}},{"type":"Feature","geometry":{"type":"Point","coordinates":[21.217332,45.771765]},"properties":{"lines":"18, E1, E6, M44, M50","color":"#0059a9","mode":"bus","arr":["18","E1","E6","M44","M50"],"tLines":"18","ntLines":"E1, E6, M44, M50","angle":50.5,"extra":1,"ei":0}},{"type":"Feature","geometry":{"type":"Point","coordinates":[21.218914,45.770232]},"properties":{"lines":"18, E1, E6, M44, M50","color":"#0059a9","mode":"bus","arr":["18","E1","E6","M44","M50"],"tLines":"18","ntLines":"E1, E6, M44, M50","angle":54.1,"extra":1,"ei":1}},{"type":"Feature","geometry":{"type":"Point","coordinates":[21.222066,45.767176]},"properties":{"lines":"18, E1, E6, M44, M50","color":"#0059a9","mode":"bus","arr":["18","E1","E6","M44","M50"],"tLines":"18","ntLines":"E1, E6, M44, M50","angle":53.4,"extra":1,"ei":2}},{"type":"Feature","geometry":{"type":"Point","coordinates":[21.223667,45.765654]},"properties":{"lines":"18, E1, E6, M44, M50","color":"#0059a9","mode":"bus","arr":["18","E1","E6","M44","M50"],"tLines":"18","ntLines":"E1, E6, M44, M50","angle":54,"extra":1,"ei":3}},{"type":"Feature","geometry":{"type":"Point","coordinates":[21.224681,45.764535]},"properties":{"lines":"18, E6, M44, M50","color":"#0059a9","mode":"bus","arr":["18","E6","M44","M50"],"tLines":"18","ntLines":"E6, M44, M50","angle":66,"side":-1,"mi":1}},{"type":"Feature","geometry":{"type":"Point","coordinates":[21.224833,45.763818]},"properties":{"lines":"18, E6, M44, M50","color":"#0059a9","mode":"bus","arr":["18","E6","M44","M50"],"tLines":"18","ntLines":"E6, M44, M50","angle":47.7}},{"type":"Feature","geometry":{"type":"Point","coordinates":[21.238499,45.751393]},"properties":{"lines":"21, E8","color":"#0059a9","mode":"bus","arr":["21","E8"],"angle":-64.8,"mi":1}},{"type":"Feature","geometry":{"type":"Point","coordinates":[21.237286,45.749831]},"properties":{"lines":"21, E8","color":"#0059a9","mode":"bus","arr":["21","E8"],"angle":-53.2,"extra":1,"ei":0,"side":-1}},{"type":"Feature","geometry":{"type":"Point","coordinates":[21.239624,45.753176]},"properties":{"lines":"21, E8","color":"#0059a9","mode":"bus","arr":["21","E8"],"angle":-67.3,"extra":1,"ei":0}},{"type":"Feature","geometry":{"type":"Point","coordinates":[21.240316,45.75388]},"properties":{"lines":"21, E8","color":"#0059a9","mode":"bus","arr":["21","E8"],"angle":-35,"side":-1}},{"type":"Feature","geometry":{"type":"Point","coordinates":[21.260951,45.757958]},"properties":{"lines":"21, E8","color":"#0059a9","mode":"bus","arr":["21","E8"],"angle":31.4,"mi":6}},{"type":"Feature","geometry":{"type":"Point","coordinates":[21.259259,45.75867]},"properties":{"lines":"21, E8","color":"#0059a9","mode":"bus","arr":["21","E8"],"angle":31.1,"extra":1,"ei":0}},{"type":"Feature","geometry":{"type":"Point","coordinates":[21.263269,45.750931]},"properties":{"lines":"21, E8","color":"#0059a9","mode":"bus","arr":["21","E8"],"angle":-86.1,"mi":1}},{"type":"Feature","geometry":{"type":"Point","coordinates":[21.262798,45.746186]},"properties":{"lines":"21, E8","color":"#0059a9","mode":"bus","arr":["21","E8"],"angle":-85.9,"extra":1,"ei":0}},{"type":"Feature","geometry":{"type":"Point","coordinates":[21.262987,45.74807]},"properties":{"lines":"21, E8","color":"#0059a9","mode":"bus","arr":["21","E8"],"angle":-86.1,"extra":1,"ei":1}},{"type":"Feature","geometry":{"type":"Point","coordinates":[21.263511,45.753724]},"properties":{"lines":"21, E8","color":"#0059a9","mode":"bus","arr":["21","E8"],"angle":-85.8,"extra":1,"ei":2}},{"type":"Feature","geometry":{"type":"Point","coordinates":[21.263725,45.755607]},"properties":{"lines":"21, E8","color":"#0059a9","mode":"bus","arr":["21","E8"],"angle":-85.4,"extra":1,"ei":3}},{"type":"Feature","geometry":{"type":"Point","coordinates":[21.268682,45.75465]},"properties":{"lines":"21, E8","color":"#0059a9","mode":"bus","arr":["21","E8"],"angle":22}},{"type":"Feature","geometry":{"type":"Point","coordinates":[21.264988,45.755702]},"properties":{"lines":"21, E8","color":"#0059a9","mode":"bus","arr":["21","E8"],"angle":23.9,"extra":1,"ei":0}},{"type":"Feature","geometry":{"type":"Point","coordinates":[21.272051,45.754747]},"properties":{"lines":"21, E8","color":"#0059a9","mode":"bus","arr":["21","E8"],"angle":-59.3,"extra":1,"ei":1}},{"type":"Feature","geometry":{"type":"Point","coordinates":[21.274349,45.755048]},"properties":{"lines":"21, E8","color":"#0059a9","mode":"bus","arr":["21","E8"],"angle":22,"mi":2}},{"type":"Feature","geometry":{"type":"Point","coordinates":[21.279118,45.753736]},"properties":{"lines":"21","color":"#0059a9","mode":"bus","arr":["21"],"angle":21.4,"mi":3}},{"type":"Feature","geometry":{"type":"Point","coordinates":[21.277252,45.754245]},"properties":{"lines":"21","color":"#0059a9","mode":"bus","arr":["21"],"angle":21.4,"extra":1,"ei":0}},{"type":"Feature","geometry":{"type":"Point","coordinates":[21.283713,45.750282]},"properties":{"lines":"21","color":"#0059a9","mode":"bus","arr":["21"],"angle":68.7,"mi":2}},{"type":"Feature","geometry":{"type":"Point","coordinates":[21.282732,45.752002]},"properties":{"lines":"21","color":"#0059a9","mode":"bus","arr":["21"],"angle":68.9,"extra":1,"ei":0}},{"type":"Feature","geometry":{"type":"Point","coordinates":[21.284711,45.748487]},"properties":{"lines":"21","color":"#0059a9","mode":"bus","arr":["21"],"angle":68.6,"extra":1,"ei":1}},{"type":"Feature","geometry":{"type":"Point","coordinates":[21.282229,45.750986]},"properties":{"lines":"21","color":"#0059a9","mode":"bus","arr":["21"],"angle":-21.4}},{"type":"Feature","geometry":{"type":"Point","coordinates":[21.280608,45.750284]},"properties":{"lines":"21","color":"#0059a9","mode":"bus","arr":["21"],"angle":-21.2,"mi":1}},{"type":"Feature","geometry":{"type":"Point","coordinates":[21.279844,45.747516]},"properties":{"lines":"21, E8","color":"#0059a9","mode":"bus","arr":["21","E8"],"angle":69.1,"mi":5}},{"type":"Feature","geometry":{"type":"Point","coordinates":[21.279106,45.748865]},"properties":{"lines":"21, E8","color":"#0059a9","mode":"bus","arr":["21","E8"],"angle":69,"extra":1,"ei":0}},{"type":"Feature","geometry":{"type":"Point","coordinates":[21.279999,45.745315]},"properties":{"lines":"21, E8","color":"#0059a9","mode":"bus","arr":["21","E8"],"angle":-53.9,"extra":1,"ei":1}},{"type":"Feature","geometry":{"type":"Point","coordinates":[21.273552,45.744736]},"properties":{"lines":"21, E8","color":"#0059a9","mode":"bus","arr":["21","E8"],"angle":-8.3,"mi":4}},{"type":"Feature","geometry":{"type":"Point","coordinates":[21.278608,45.745208]},"properties":{"lines":"21, E8","color":"#0059a9","mode":"bus","arr":["21","E8"],"angle":-6.9,"extra":1,"ei":0}},{"type":"Feature","geometry":{"type":"Point","coordinates":[21.275926,45.744956]},"properties":{"lines":"21, E8","color":"#0059a9","mode":"bus","arr":["21","E8"],"angle":-7.7,"extra":1,"ei":1}},{"type":"Feature","geometry":{"type":"Point","coordinates":[21.270546,45.744607]},"properties":{"lines":"21, E8","color":"#0059a9","mode":"bus","arr":["21","E8"],"angle":-0.8,"extra":1,"ei":2}},{"type":"Feature","geometry":{"type":"Point","coordinates":[21.267841,45.744578]},"properties":{"lines":"21, E8","color":"#0059a9","mode":"bus","arr":["21","E8"],"angle":-0.9,"extra":1,"ei":3}},{"type":"Feature","geometry":{"type":"Point","coordinates":[21.264891,45.744837]},"properties":{"lines":"21, E8","color":"#0059a9","mode":"bus","arr":["21","E8"],"angle":14.1,"mi":3}},{"type":"Feature","geometry":{"type":"Point","coordinates":[21.263152,45.745157]},"properties":{"lines":"21, E8","color":"#0059a9","mode":"bus","arr":["21","E8"],"angle":15.6,"extra":1,"ei":0}},{"type":"Feature","geometry":{"type":"Point","coordinates":[21.253946,45.746707]},"properties":{"lines":"23, M42","color":"#0059a9","mode":"bus","arr":["23","M42"],"angle":74.8,"side":-1}},{"type":"Feature","geometry":{"type":"Point","coordinates":[21.253594,45.748187]},"properties":{"lines":"23, M42, M48","color":"#0059a9","mode":"bus","arr":["23","M42","M48"],"angle":74.6,"mi":1}},{"type":"Feature","geometry":{"type":"Point","coordinates":[21.251161,45.751866]},"properties":{"lines":"23, M42, M48","color":"#0059a9","mode":"bus","arr":["23","M42","M48"],"angle":49.4,"side":-1}},{"type":"Feature","geometry":{"type":"Point","coordinates":[21.252958,45.749796]},"properties":{"lines":"23, M42, M48","color":"#0059a9","mode":"bus","arr":["23","M42","M48"],"angle":72.4,"extra":1,"ei":0}},{"type":"Feature","geometry":{"type":"Point","coordinates":[21.249653,45.754119]},"properties":{"lines":"23, M42, M48","color":"#0059a9","mode":"bus","arr":["23","M42","M48"],"angle":71.9,"extra":1,"ei":0}},{"type":"Feature","geometry":{"type":"Point","coordinates":[21.25214,45.750826]},"properties":{"lines":"23, M42, M48","color":"#0059a9","mode":"bus","arr":["23","M42","M48"],"angle":67.3,"extra":1,"ei":1,"side":-1}},{"type":"Feature","geometry":{"type":"Point","coordinates":[21.244384,45.758815]},"properties":{"lines":"23","color":"#0059a9","mode":"bus","arr":["23"],"angle":-32.2,"mi":1}},{"type":"Feature","geometry":{"type":"Point","coordinates":[21.241962,45.757039]},"properties":{"lines":"23","color":"#0059a9","mode":"bus","arr":["23"],"angle":-58,"extra":1,"ei":0}},{"type":"Feature","geometry":{"type":"Point","coordinates":[21.246041,45.7594]},"properties":{"lines":"23","color":"#0059a9","mode":"bus","arr":["23"],"angle":-22.7,"extra":1,"ei":1}},{"type":"Feature","geometry":{"type":"Point","coordinates":[21.248607,45.759937]},"properties":{"lines":"23","color":"#0059a9","mode":"bus","arr":["23"],"angle":-2.3,"extra":1,"ei":2}},{"type":"Feature","geometry":{"type":"Point","coordinates":[21.248733,45.760255]},"properties":{"lines":"23","color":"#0059a9","mode":"bus","arr":["23"],"angle":63.9,"mi":3}},{"type":"Feature","geometry":{"type":"Point","coordinates":[21.248535,45.760544]},"properties":{"lines":"23","color":"#0059a9","mode":"bus","arr":["23"],"angle":-19.8,"mi":2}},{"type":"Feature","geometry":{"type":"Point","coordinates":[21.245356,45.759784]},"properties":{"lines":"23","color":"#0059a9","mode":"bus","arr":["23"],"angle":-21.8}},{"type":"Feature","geometry":{"type":"Point","coordinates":[21.247251,45.760245]},"properties":{"lines":"23","color":"#0059a9","mode":"bus","arr":["23"],"angle":-18.6,"extra":1,"ei":0}},{"type":"Feature","geometry":{"type":"Point","coordinates":[21.240707,45.75753]},"properties":{"lines":"23","color":"#0059a9","mode":"bus","arr":["23"],"angle":-58.7,"mi":4}},{"type":"Feature","geometry":{"type":"Point","coordinates":[21.273146,45.727904]},"properties":{"lines":"24, M22, M23, M24","color":"#0059a9","mode":"bus","arr":["24","M22","M23","M24"],"angle":24}},{"type":"Feature","geometry":{"type":"Point","coordinates":[21.280567,45.726222]},"properties":{"lines":"24, M22, M23, M24","color":"#0059a9","mode":"bus","arr":["24","M22","M23","M24"],"angle":14.8,"mi":1}},{"type":"Feature","geometry":{"type":"Point","coordinates":[21.265719,45.730117]},"properties":{"lines":"24, M22, M23, M24","color":"#0059a9","mode":"bus","arr":["24","M22","M23","M24"],"angle":19.6,"mi":2}},{"type":"Feature","geometry":{"type":"Point","coordinates":[21.27073,45.728645]},"properties":{"lines":"24, M22, M23, M24","color":"#0059a9","mode":"bus","arr":["24","M22","M23","M24"],"angle":24,"extra":1,"ei":0}},{"type":"Feature","geometry":{"type":"Point","coordinates":[21.275737,45.727218]},"properties":{"lines":"24, M22, M23, M24","color":"#0059a9","mode":"bus","arr":["24","M22","M23","M24"],"angle":17.7,"extra":1,"ei":1}},{"type":"Feature","geometry":{"type":"Point","coordinates":[21.27053,45.7326]},"properties":{"lines":"E2","color":"#0059a9","mode":"bus","arr":["E2"],"angle":-88.4,"mi":4}},{"type":"Feature","geometry":{"type":"Point","coordinates":[21.265824,45.734873]},"properties":{"lines":"E2","color":"#0059a9","mode":"bus","arr":["E2"],"angle":-87.9,"mi":2}},{"type":"Feature","geometry":{"type":"Point","coordinates":[21.270223,45.729994]},"properties":{"lines":"E2","color":"#0059a9","mode":"bus","arr":["E2"],"angle":-61.2,"extra":1,"ei":0}},{"type":"Feature","geometry":{"type":"Point","coordinates":[21.267236,45.73291]},"properties":{"lines":"E2","color":"#0059a9","mode":"bus","arr":["E2"],"angle":8.2,"extra":1,"ei":1}},{"type":"Feature","geometry":{"type":"Point","coordinates":[21.26573,45.733649]},"properties":{"lines":"E2","color":"#0059a9","mode":"bus","arr":["E2"],"angle":-87.7,"extra":1,"ei":0}},{"type":"Feature","geometry":{"type":"Point","coordinates":[21.262593,45.731232]},"properties":{"lines":"24, E2, M22, M23, M24","color":"#0059a9","mode":"bus","arr":["24","E2","M22","M23","M24"],"angle":33.8}},{"type":"Feature","geometry":{"type":"Point","coordinates":[21.267366,45.729655]},"properties":{"lines":"24, E2, M22, M23, M24","color":"#0059a9","mode":"bus","arr":["24","E2","M22","M23","M24"],"angle":22.6,"mi":1}},{"type":"Feature","geometry":{"type":"Point","coordinates":[21.26572,45.730028]},"properties":{"lines":"24, E2, M22, M23, M24","color":"#0059a9","mode":"bus","arr":["24","E2","M22","M23","M24"],"angle":8.2,"extra":1,"ei":0,"side":-1}},{"type":"Feature","geometry":{"type":"Point","coordinates":[21.261108,45.732072]},"properties":{"lines":"24, E2, M22, M23, M24","color":"#0059a9","mode":"bus","arr":["24","E2","M22","M23","M24"],"angle":42.8,"extra":1,"ei":0}},{"type":"Feature","geometry":{"type":"Point","coordinates":[21.247375,45.731118]},"properties":{"lines":"24, E2","color":"#0059a9","mode":"bus","arr":["24","E2"],"angle":15.8,"side":-1}},{"type":"Feature","geometry":{"type":"Point","coordinates":[21.250328,45.730915]},"properties":{"lines":"24, E2, M23","color":"#0059a9","mode":"bus","arr":["24","E2","M23"],"angle":4.7}},{"type":"Feature","geometry":{"type":"Point","coordinates":[21.25223,45.730812]},"properties":{"lines":"24, E2, M23","color":"#0059a9","mode":"bus","arr":["24","E2","M23"],"angle":4.5,"extra":1,"ei":0}},{"type":"Feature","geometry":{"type":"Point","coordinates":[21.261389,45.722607]},"properties":{"lines":"24","color":"#0059a9","mode":"bus","arr":["24"],"angle":42.7}},{"type":"Feature","geometry":{"type":"Point","coordinates":[21.271189,45.716387]},"properties":{"lines":"24","color":"#0059a9","mode":"bus","arr":["24"],"angle":43,"extra":1,"ei":0}},{"type":"Feature","geometry":{"type":"Point","coordinates":[21.269193,45.717661]},"properties":{"lines":"24","color":"#0059a9","mode":"bus","arr":["24"],"angle":42.1,"extra":1,"ei":1}},{"type":"Feature","geometry":{"type":"Point","coordinates":[21.267185,45.718927]},"properties":{"lines":"24","color":"#0059a9","mode":"bus","arr":["24"],"angle":42.5,"extra":1,"ei":2}},{"type":"Feature","geometry":{"type":"Point","coordinates":[21.265181,45.720197]},"properties":{"lines":"24","color":"#0059a9","mode":"bus","arr":["24"],"angle":42.5,"extra":1,"ei":3}},{"type":"Feature","geometry":{"type":"Point","coordinates":[21.263176,45.721465]},"properties":{"lines":"24","color":"#0059a9","mode":"bus","arr":["24"],"angle":42.4,"extra":1,"ei":4}},{"type":"Feature","geometry":{"type":"Point","coordinates":[21.259193,45.724022]},"properties":{"lines":"24","color":"#0059a9","mode":"bus","arr":["24"],"angle":42.7,"extra":1,"ei":5}},{"type":"Feature","geometry":{"type":"Point","coordinates":[21.256908,45.724897]},"properties":{"lines":"24","color":"#0059a9","mode":"bus","arr":["24"],"angle":12.1,"extra":1,"ei":6}},{"type":"Feature","geometry":{"type":"Point","coordinates":[21.255301,45.726062]},"properties":{"lines":"24","color":"#0059a9","mode":"bus","arr":["24"],"angle":74.9,"extra":1,"ei":7}},{"type":"Feature","geometry":{"type":"Point","coordinates":[21.254588,45.727883]},"properties":{"lines":"24","color":"#0059a9","mode":"bus","arr":["24"],"angle":75.4,"extra":1,"ei":8}},{"type":"Feature","geometry":{"type":"Point","coordinates":[21.253886,45.729707]},"properties":{"lines":"24","color":"#0059a9","mode":"bus","arr":["24"],"angle":82.2,"extra":1,"ei":9}},{"type":"Feature","geometry":{"type":"Point","coordinates":[21.253871,45.730699]},"properties":{"lines":"24","color":"#0059a9","mode":"bus","arr":["24"],"angle":13}},{"type":"Feature","geometry":{"type":"Point","coordinates":[21.260141,45.732489]},"properties":{"lines":"24, E2, M23","color":"#0059a9","mode":"bus","arr":["24","E2","M23"],"angle":15.6,"side":-1,"mi":1}},{"type":"Feature","geometry":{"type":"Point","coordinates":[21.282925,45.72576]},"properties":{"lines":"24","color":"#0059a9","mode":"bus","arr":["24"],"angle":9.7,"side":-1}},{"type":"Feature","geometry":{"type":"Point","coordinates":[21.262851,45.765876]},"properties":{"lines":"28, M29, M30","color":"#0059a9","mode":"bus","arr":["28","M29","M30"],"angle":47}},{"type":"Feature","geometry":{"type":"Point","coordinates":[21.26321,45.764644]},"properties":{"lines":"28, M29, M30","color":"#0059a9","mode":"bus","arr":["28","M29","M30"],"angle":-65.9,"mi":1}},{"type":"Feature","geometry":{"type":"Point","coordinates":[21.261466,45.762064]},"properties":{"lines":"28, M29","color":"#0059a9","mode":"bus","arr":["28","M29"],"angle":-65,"mi":1}},{"type":"Feature","geometry":{"type":"Point","coordinates":[21.260762,45.760987]},"properties":{"lines":"28, M29","color":"#0059a9","mode":"bus","arr":["28","M29"],"angle":-65.6,"extra":1,"ei":0}},{"type":"Feature","geometry":{"type":"Point","coordinates":[21.26274,45.759355]},"properties":{"lines":"28","color":"#0059a9","mode":"bus","arr":["28"],"angle":22,"mi":5}},{"type":"Feature","geometry":{"type":"Point","coordinates":[21.270098,45.758534]},"properties":{"lines":"28","color":"#0059a9","mode":"bus","arr":["28"],"angle":70.6,"mi":1}},{"type":"Feature","geometry":{"type":"Point","coordinates":[21.266048,45.75966]},"properties":{"lines":"28","color":"#0059a9","mode":"bus","arr":["28"],"angle":5.2,"extra":1,"ei":0}},{"type":"Feature","geometry":{"type":"Point","coordinates":[21.268662,45.759172]},"properties":{"lines":"28","color":"#0059a9","mode":"bus","arr":["28"],"angle":15,"extra":1,"ei":1}},{"type":"Feature","geometry":{"type":"Point","coordinates":[21.272474,45.756939]},"properties":{"lines":"28","color":"#0059a9","mode":"bus","arr":["28"],"angle":21.4,"extra":1,"ei":2}},{"type":"Feature","geometry":{"type":"Point","coordinates":[21.2764,45.755706]},"properties":{"lines":"28","color":"#0059a9","mode":"bus","arr":["28"],"angle":21.7,"mi":2}},{"type":"Feature","geometry":{"type":"Point","coordinates":[21.276415,45.757911]},"properties":{"lines":"28","color":"#0059a9","mode":"bus","arr":["28"],"angle":-79}},{"type":"Feature","geometry":{"type":"Point","coordinates":[21.278287,45.759964]},"properties":{"lines":"28","color":"#0059a9","mode":"bus","arr":["28"],"angle":1.2,"mi":3}},{"type":"Feature","geometry":{"type":"Point","coordinates":[21.278955,45.757563]},"properties":{"lines":"28","color":"#0059a9","mode":"bus","arr":["28"],"angle":-79.2,"mi":4}},{"type":"Feature","geometry":{"type":"Point","coordinates":[21.278546,45.75611]},"properties":{"lines":"28","color":"#0059a9","mode":"bus","arr":["28"],"angle":-78.9,"extra":1,"ei":0}},{"type":"Feature","geometry":{"type":"Point","coordinates":[21.279568,45.759819]},"properties":{"lines":"28","color":"#0059a9","mode":"bus","arr":["28"],"angle":-79.3,"extra":1,"ei":1,"side":-1}},{"type":"Feature","geometry":{"type":"Point","coordinates":[21.259766,45.760281]},"properties":{"lines":"28, M29","color":"#0059a9","mode":"bus","arr":["28","M29"],"angle":26.8}},{"type":"Feature","geometry":{"type":"Point","coordinates":[21.224951,45.751062]},"properties":{"lines":"32, 33, 33b, E3","color":"#0059a9","mode":"bus","arr":["32","33","33b","E3"],"angle":46}},{"type":"Feature","geometry":{"type":"Point","coordinates":[21.222946,45.748472]},"properties":{"lines":"32, 33, 33b, E3, E7","color":"#0059a9","mode":"bus","arr":["32","33","33b","E3","E7"],"angle":22.9}},{"type":"Feature","geometry":{"type":"Point","coordinates":[21.217933,45.747992]},"properties":{"lines":"32, 33, 33b, E7","color":"#0059a9","mode":"bus","arr":["32","33","33b","E7"],"angle":-44.6,"side":-1}},{"type":"Feature","geometry":{"type":"Point","coordinates":[21.21553,45.745862]},"properties":{"lines":"32, 33, 33b, E7, M36","color":"#0059a9","mode":"bus","arr":["32","33","33b","E7","M36"],"angle":-63.9}},{"type":"Feature","geometry":{"type":"Point","coordinates":[21.214453,45.744614]},"properties":{"lines":"32, 33, 33b, E7, M36, M37, M51","color":"#0059a9","mode":"bus","arr":["32","33","33b","E7","M36","M37","M51"],"angle":-56,"side":-1}},{"type":"Feature","geometry":{"type":"Point","coordinates":[21.219073,45.73266]},"properties":{"lines":"32","color":"#0059a9","mode":"bus","arr":["32"],"angle":-85}},{"type":"Feature","geometry":{"type":"Point","coordinates":[21.218562,45.727267]},"properties":{"lines":"32","color":"#0059a9","mode":"bus","arr":["32"],"angle":-87.1,"extra":1,"ei":0}},{"type":"Feature","geometry":{"type":"Point","coordinates":[21.218696,45.729153]},"properties":{"lines":"32","color":"#0059a9","mode":"bus","arr":["32"],"angle":-87.3,"extra":1,"ei":1}},{"type":"Feature","geometry":{"type":"Point","coordinates":[21.218861,45.731037]},"properties":{"lines":"32","color":"#0059a9","mode":"bus","arr":["32"],"angle":-85.2,"extra":1,"ei":2}},{"type":"Feature","geometry":{"type":"Point","coordinates":[21.218546,45.734747]},"properties":{"lines":"32","color":"#0059a9","mode":"bus","arr":["32"],"angle":65.2,"extra":1,"ei":3}},{"type":"Feature","geometry":{"type":"Point","coordinates":[21.217382,45.736452]},"properties":{"lines":"32","color":"#0059a9","mode":"bus","arr":["32"],"angle":64.6,"extra":1,"ei":4}},{"type":"Feature","geometry":{"type":"Point","coordinates":[21.216304,45.738176]},"properties":{"lines":"32","color":"#0059a9","mode":"bus","arr":["32"],"angle":64.4,"extra":1,"ei":5}},{"type":"Feature","geometry":{"type":"Point","coordinates":[21.214449,45.740769]},"properties":{"lines":"32, E8","color":"#0059a9","mode":"bus","arr":["32","E8"],"angle":64.8}},{"type":"Feature","geometry":{"type":"Point","coordinates":[21.215387,45.739383]},"properties":{"lines":"32, E8","color":"#0059a9","mode":"bus","arr":["32","E8"],"angle":64.1,"extra":1,"ei":0}},{"type":"Feature","geometry":{"type":"Point","coordinates":[21.213093,45.742796]},"properties":{"lines":"32, E8","color":"#0059a9","mode":"bus","arr":["32","E8"],"angle":65.3,"extra":1,"ei":1}},{"type":"Feature","geometry":{"type":"Point","coordinates":[21.216246,45.722666]},"properties":{"lines":"32","color":"#0059a9","mode":"bus","arr":["32"],"angle":-51.1,"mi":5}},{"type":"Feature","geometry":{"type":"Point","coordinates":[21.205457,45.718647]},"properties":{"lines":"32","color":"#0059a9","mode":"bus","arr":["32"],"angle":-20,"mi":2}},{"type":"Feature","geometry":{"type":"Point","coordinates":[21.218023,45.725431]},"properties":{"lines":"32","color":"#0059a9","mode":"bus","arr":["32"],"angle":-70.2,"extra":1,"ei":0}},{"type":"Feature","geometry":{"type":"Point","coordinates":[21.213744,45.720759]},"properties":{"lines":"32","color":"#0059a9","mode":"bus","arr":["32"],"angle":-25.3,"extra":1,"ei":1}},{"type":"Feature","geometry":{"type":"Point","coordinates":[21.203278,45.718094]},"properties":{"lines":"32","color":"#0059a9","mode":"bus","arr":["32"],"angle":-19.1,"extra":1,"ei":0}},{"type":"Feature","geometry":{"type":"Point","coordinates":[21.208374,45.719365]},"properties":{"lines":"32","color":"#0059a9","mode":"bus","arr":["32"],"angle":-19.4,"extra":1,"ei":1}},{"type":"Feature","geometry":{"type":"Point","coordinates":[21.213159,45.718005]},"properties":{"lines":"32","color":"#0059a9","mode":"bus","arr":["32"],"angle":68.4,"mi":1}},{"type":"Feature","geometry":{"type":"Point","coordinates":[21.213921,45.716645]},"properties":{"lines":"32","color":"#0059a9","mode":"bus","arr":["32"],"angle":68.8,"extra":1,"ei":0}},{"type":"Feature","geometry":{"type":"Point","coordinates":[21.211937,45.720159]},"properties":{"lines":"32","color":"#0059a9","mode":"bus","arr":["32"],"angle":68.3,"extra":1,"ei":1}},{"type":"Feature","geometry":{"type":"Point","coordinates":[21.213267,45.714926]},"properties":{"lines":"32","color":"#0059a9","mode":"bus","arr":["32"],"angle":-46.4,"mi":3}},{"type":"Feature","geometry":{"type":"Point","coordinates":[21.2105,45.716788]},"properties":{"lines":"32","color":"#0059a9","mode":"bus","arr":["32"],"angle":67.5}},{"type":"Feature","geometry":{"type":"Point","coordinates":[21.211583,45.714953]},"properties":{"lines":"32","color":"#0059a9","mode":"bus","arr":["32"],"angle":67.6,"extra":1,"ei":0}},{"type":"Feature","geometry":{"type":"Point","coordinates":[21.20952,45.718445]},"properties":{"lines":"32","color":"#0059a9","mode":"bus","arr":["32"],"angle":67.9,"extra":1,"ei":1}},{"type":"Feature","geometry":{"type":"Point","coordinates":[21.202645,45.716714]},"properties":{"lines":"32","color":"#0059a9","mode":"bus","arr":["32"],"angle":63,"mi":4}},{"type":"Feature","geometry":{"type":"Point","coordinates":[21.211337,45.741127]},"properties":{"lines":"33, 33b, E1, E3, E7, E8, M36, M37, M51","color":"#0059a9","mode":"bus","arr":["33","33b","E1","E3","E7","E8","M36","M37","M51"],"angle":-61.3}},{"type":"Feature","geometry":{"type":"Point","coordinates":[21.212153,45.742161]},"properties":{"lines":"33, 33b, E1, E3, E7, E8, M36, M37, M51","color":"#0059a9","mode":"bus","arr":["33","33b","E1","E3","E7","E8","M36","M37","M51"],"angle":-61.3,"extra":1,"ei":0}},{"type":"Feature","geometry":{"type":"Point","coordinates":[21.21062,45.739968]},"properties":{"lines":"33, 33b, E1, E3, E7, E8, M36, M37, M51","color":"#0059a9","mode":"bus","arr":["33","33b","E1","E3","E7","E8","M36","M37","M51"],"angle":-62.5,"extra":1,"ei":0,"side":-1}},{"type":"Feature","geometry":{"type":"Point","coordinates":[21.209657,45.737516]},"properties":{"lines":"33, 33b, E1, E8, M37, M51","color":"#0059a9","mode":"bus","arr":["33","33b","E1","E8","M37","M51"],"angle":-83.1,"mi":2}},{"type":"Feature","geometry":{"type":"Point","coordinates":[21.2088,45.733191]},"properties":{"lines":"33, 33b, E1, E8, M37, M51","color":"#0059a9","mode":"bus","arr":["33","33b","E1","E8","M37","M51"],"angle":-63.4,"mi":1}},{"type":"Feature","geometry":{"type":"Point","coordinates":[21.209144,45.734723]},"properties":{"lines":"33, 33b, E1, E8, M37, M51","color":"#0059a9","mode":"bus","arr":["33","33b","E1","E8","M37","M51"],"angle":-82.6}},{"type":"Feature","geometry":{"type":"Point","coordinates":[21.206183,45.729403]},"properties":{"lines":"33, 33b, E1, E8, M37, M51","color":"#0059a9","mode":"bus","arr":["33","33b","E1","E8","M37","M51"],"angle":-51.5,"extra":1,"ei":0}},{"type":"Feature","geometry":{"type":"Point","coordinates":[21.207629,45.730997]},"properties":{"lines":"33, 33b, E1, E8, M37, M51","color":"#0059a9","mode":"bus","arr":["33","33b","E1","E8","M37","M51"],"angle":-59.9,"extra":1,"ei":1}},{"type":"Feature","geometry":{"type":"Point","coordinates":[21.201053,45.723636]},"properties":{"lines":"33, E1, E8","color":"#0059a9","mode":"bus","arr":["33","E1","E8"],"angle":-57.6}},{"type":"Feature","geometry":{"type":"Point","coordinates":[21.200248,45.722101]},"properties":{"lines":"33","color":"#0059a9","mode":"bus","arr":["33"],"angle":-60,"side":-1}},{"type":"Feature","geometry":{"type":"Point","coordinates":[21.201735,45.723919]},"properties":{"lines":"33, E1","color":"#0059a9","mode":"bus","arr":["33","E1"],"angle":-59.9,"side":-1}},{"type":"Feature","geometry":{"type":"Point","coordinates":[21.202613,45.724956]},"properties":{"lines":"33, E1","color":"#0059a9","mode":"bus","arr":["33","E1"],"angle":-61.5,"extra":1,"ei":0,"side":-1}},{"type":"Feature","geometry":{"type":"Point","coordinates":[21.212826,45.742851]},"properties":{"lines":"33, 33b, E1, E3, E7, M36, M37, M51","color":"#0059a9","mode":"bus","arr":["33","33b","E1","E3","E7","M36","M37","M51"],"angle":-59.7}},{"type":"Feature","geometry":{"type":"Point","coordinates":[21.202147,45.726195]},"properties":{"lines":"33b","color":"#0059a9","mode":"bus","arr":["33b"],"angle":25.9,"mi":1}},{"type":"Feature","geometry":{"type":"Point","coordinates":[21.1997,45.724838]},"properties":{"lines":"33b","color":"#0059a9","mode":"bus","arr":["33b"],"angle":23,"mi":2}},{"type":"Feature","geometry":{"type":"Point","coordinates":[21.201999,45.726035]},"properties":{"lines":"33b","color":"#0059a9","mode":"bus","arr":["33b"],"angle":32.1,"side":-1}},{"type":"Feature","geometry":{"type":"Point","coordinates":[21.18693,45.705232]},"properties":{"lines":"33b","color":"#0059a9","mode":"bus","arr":["33b"],"angle":55.6,"side":-1,"mi":3}},{"type":"Feature","geometry":{"type":"Point","coordinates":[21.18689,45.704095]},"properties":{"lines":"33b","color":"#0059a9","mode":"bus","arr":["33b"],"angle":57.6,"mi":1}},{"type":"Feature","geometry":{"type":"Point","coordinates":[21.181099,45.701076]},"properties":{"lines":"33b","color":"#0059a9","mode":"bus","arr":["33b"],"angle":29.9}},{"type":"Feature","geometry":{"type":"Point","coordinates":[21.185559,45.698076]},"properties":{"lines":"33b","color":"#0059a9","mode":"bus","arr":["33b"],"angle":22.1,"mi":4}},{"type":"Feature","geometry":{"type":"Point","coordinates":[21.179843,45.699921]},"properties":{"lines":"33b","color":"#0059a9","mode":"bus","arr":["33b"],"angle":30,"extra":1,"ei":0}},{"type":"Feature","geometry":{"type":"Point","coordinates":[21.182221,45.699027]},"properties":{"lines":"33b","color":"#0059a9","mode":"bus","arr":["33b"],"angle":22,"extra":1,"ei":1}},{"type":"Feature","geometry":{"type":"Point","coordinates":[21.183997,45.698854]},"properties":{"lines":"33b","color":"#0059a9","mode":"bus","arr":["33b"],"angle":-68.5,"extra":1,"ei":2}},{"type":"Feature","geometry":{"type":"Point","coordinates":[21.194744,45.715646]},"properties":{"lines":"33b, M37, M38, M39, M46, M51","color":"#0059a9","mode":"bus","arr":["33b","M37","M38","M39","M46","M51"],"angle":-60.1,"side":-1}},{"type":"Feature","geometry":{"type":"Point","coordinates":[21.183768,45.7024]},"properties":{"lines":"33b, M37, M38, M39, M46, M51","color":"#0059a9","mode":"bus","arr":["33b","M37","M38","M39","M46","M51"],"angle":-60.1,"side":-1}},{"type":"Feature","geometry":{"type":"Point","coordinates":[21.202013,45.72456]},"properties":{"lines":"33b, M37, M38, M39, M46, M51","color":"#0059a9","mode":"bus","arr":["33b","M37","M38","M39","M46","M51"],"angle":-59.8,"extra":1,"ei":0}},{"type":"Feature","geometry":{"type":"Point","coordinates":[21.200624,45.722939]},"properties":{"lines":"33b, M37, M38, M39, M46, M51","color":"#0059a9","mode":"bus","arr":["33b","M37","M38","M39","M46","M51"],"angle":-59.5,"extra":1,"ei":1}},{"type":"Feature","geometry":{"type":"Point","coordinates":[21.199272,45.721303]},"properties":{"lines":"33b, M37, M38, M39, M46, M51","color":"#0059a9","mode":"bus","arr":["33b","M37","M38","M39","M46","M51"],"angle":-59.5,"extra":1,"ei":2}},{"type":"Feature","geometry":{"type":"Point","coordinates":[21.197903,45.719674]},"properties":{"lines":"33b, M37, M38, M39, M46, M51","color":"#0059a9","mode":"bus","arr":["33b","M37","M38","M39","M46","M51"],"angle":-60,"extra":1,"ei":3}},{"type":"Feature","geometry":{"type":"Point","coordinates":[21.19656,45.718034]},"properties":{"lines":"33b, M37, M38, M39, M46, M51","color":"#0059a9","mode":"bus","arr":["33b","M37","M38","M39","M46","M51"],"angle":-60.5,"extra":1,"ei":4}},{"type":"Feature","geometry":{"type":"Point","coordinates":[21.192481,45.713136]},"properties":{"lines":"33b, M37, M38, M39, M46, M51","color":"#0059a9","mode":"bus","arr":["33b","M37","M38","M39","M46","M51"],"angle":-60.4,"extra":1,"ei":5}},{"type":"Feature","geometry":{"type":"Point","coordinates":[21.191144,45.711494]},"properties":{"lines":"33b, M37, M38, M39, M46, M51","color":"#0059a9","mode":"bus","arr":["33b","M37","M38","M39","M46","M51"],"angle":-60.7,"extra":1,"ei":6}},{"type":"Feature","geometry":{"type":"Point","coordinates":[21.189805,45.709853]},"properties":{"lines":"33b, M37, M38, M39, M46, M51","color":"#0059a9","mode":"bus","arr":["33b","M37","M38","M39","M46","M51"],"angle":-59.9,"extra":1,"ei":7}},{"type":"Feature","geometry":{"type":"Point","coordinates":[21.188447,45.708219]},"properties":{"lines":"33b, M37, M38, M39, M46, M51","color":"#0059a9","mode":"bus","arr":["33b","M37","M38","M39","M46","M51"],"angle":-59.9,"extra":1,"ei":8}},{"type":"Feature","geometry":{"type":"Point","coordinates":[21.187087,45.706586]},"properties":{"lines":"33b, M37, M38, M39, M46, M51","color":"#0059a9","mode":"bus","arr":["33b","M37","M38","M39","M46","M51"],"angle":-59.7,"extra":1,"ei":9}},{"type":"Feature","geometry":{"type":"Point","coordinates":[21.181984,45.700141]},"properties":{"lines":"33b, M37, M38, M39, M46, M51","color":"#0059a9","mode":"bus","arr":["33b","M37","M38","M39","M46","M51"],"angle":-60.9,"extra":1,"ei":0,"side":-1}},{"type":"Feature","geometry":{"type":"Point","coordinates":[21.184642,45.70343]},"properties":{"lines":"33b, M37, M38, M39, M46, M51","color":"#0059a9","mode":"bus","arr":["33b","M37","M38","M39","M46","M51"],"angle":-60.5,"extra":1,"ei":1,"side":-1}},{"type":"Feature","geometry":{"type":"Point","coordinates":[21.185983,45.70507]},"properties":{"lines":"33b, M37, M38, M39, M46, M51","color":"#0059a9","mode":"bus","arr":["33b","M37","M38","M39","M46","M51"],"angle":-55.8,"extra":1,"ei":2,"side":-1}},{"type":"Feature","geometry":{"type":"Point","coordinates":[21.184389,45.703744]},"properties":{"lines":"33b, M37, M51","color":"#0059a9","mode":"bus","arr":["33b","M37","M51"],"angle":-59.5}},{"type":"Feature","geometry":{"type":"Point","coordinates":[21.233518,45.755214]},"properties":{"lines":"40, E2","color":"#0059a9","mode":"bus","arr":["40","E2"],"angle":-73.4,"side":-1}},{"type":"Feature","geometry":{"type":"Point","coordinates":[21.233842,45.75692]},"properties":{"lines":"40, E2, M42, M44, M48, M50","color":"#0059a9","mode":"bus","arr":["40","E2","M42","M44","M48","M50"],"angle":-81.5,"mi":1}},{"type":"Feature","geometry":{"type":"Point","coordinates":[21.23334,45.758074]},"properties":{"lines":"40, E2, M42, M44, M48, M50","color":"#0059a9","mode":"bus","arr":["40","E2","M42","M44","M48","M50"],"angle":38.3,"side":-1}},{"type":"Feature","geometry":{"type":"Point","coordinates":[21.232752,45.76085]},"properties":{"lines":"40, M49","color":"#0059a9","mode":"bus","arr":["40","M49"],"angle":-85.3}},{"type":"Feature","geometry":{"type":"Point","coordinates":[21.232919,45.762228]},"properties":{"lines":"40, M49","color":"#0059a9","mode":"bus","arr":["40","M49"],"angle":-85.3,"extra":1,"ei":0}},{"type":"Feature","geometry":{"type":"Point","coordinates":[21.230659,45.766362]},"properties":{"lines":"40, M49","color":"#0059a9","mode":"bus","arr":["40","M49"],"angle":84.6,"side":-1,"mi":3}},{"type":"Feature","geometry":{"type":"Point","coordinates":[21.232913,45.763883]},"properties":{"lines":"40, M49","color":"#0059a9","mode":"bus","arr":["40","M49"],"angle":64.8,"mi":1}},{"type":"Feature","geometry":{"type":"Point","coordinates":[21.230131,45.767505]},"properties":{"lines":"40, M49","color":"#0059a9","mode":"bus","arr":["40","M49"],"angle":61.3,"extra":1,"ei":0}},{"type":"Feature","geometry":{"type":"Point","coordinates":[21.233974,45.768716]},"properties":{"lines":"40","color":"#0059a9","mode":"bus","arr":["40"],"angle":21.6,"side":-1}},{"type":"Feature","geometry":{"type":"Point","coordinates":[21.231722,45.769179]},"properties":{"lines":"40","color":"#0059a9","mode":"bus","arr":["40"],"angle":14.5,"extra":1,"ei":0,"side":-1}},{"type":"Feature","geometry":{"type":"Point","coordinates":[21.236894,45.76809]},"properties":{"lines":"40","color":"#0059a9","mode":"bus","arr":["40"],"angle":25.1,"extra":1,"ei":1,"side":-1}},{"type":"Feature","geometry":{"type":"Point","coordinates":[21.240527,45.767125]},"properties":{"lines":"40, E2","color":"#0059a9","mode":"bus","arr":["40","E2"],"angle":22.6,"mi":4}},{"type":"Feature","geometry":{"type":"Point","coordinates":[21.245945,45.768383]},"properties":{"lines":"40, E2","color":"#0059a9","mode":"bus","arr":["40","E2"],"angle":-38.1,"mi":2}},{"type":"Feature","geometry":{"type":"Point","coordinates":[21.243893,45.767059]},"properties":{"lines":"40, E2","color":"#0059a9","mode":"bus","arr":["40","E2"],"angle":-43.1,"extra":1,"ei":0}},{"type":"Feature","geometry":{"type":"Point","coordinates":[21.248048,45.76947]},"properties":{"lines":"40, E2","color":"#0059a9","mode":"bus","arr":["40","E2"],"angle":-36.6,"extra":1,"ei":1}},{"type":"Feature","geometry":{"type":"Point","coordinates":[21.248677,45.77067]},"properties":{"lines":"40, E2","color":"#0059a9","mode":"bus","arr":["40","E2"],"angle":53.3,"mi":3}},{"type":"Feature","geometry":{"type":"Point","coordinates":[21.247188,45.771962]},"properties":{"lines":"40, E2","color":"#0059a9","mode":"bus","arr":["40","E2"],"angle":49.1}},{"type":"Feature","geometry":{"type":"Point","coordinates":[21.243209,45.773915]},"properties":{"lines":"40, E2","color":"#0059a9","mode":"bus","arr":["40","E2"],"angle":27.7,"mi":1}},{"type":"Feature","geometry":{"type":"Point","coordinates":[21.236807,45.775868]},"properties":{"lines":"40, E2","color":"#0059a9","mode":"bus","arr":["40","E2"],"angle":22.3,"mi":5}},{"type":"Feature","geometry":{"type":"Point","coordinates":[21.245154,45.773194]},"properties":{"lines":"40, E2","color":"#0059a9","mode":"bus","arr":["40","E2"],"angle":27.9,"extra":1,"ei":0}},{"type":"Feature","geometry":{"type":"Point","coordinates":[21.240281,45.77483]},"properties":{"lines":"40, E2","color":"#0059a9","mode":"bus","arr":["40","E2"],"angle":24.3,"extra":1,"ei":1}},{"type":"Feature","geometry":{"type":"Point","coordinates":[21.234045,45.776724]},"properties":{"lines":"40","color":"#0059a9","mode":"bus","arr":["40"],"angle":24.6,"mi":1}},{"type":"Feature","geometry":{"type":"Point","coordinates":[21.232389,45.758264]},"properties":{"lines":"40, M49","color":"#0059a9","mode":"bus","arr":["40","M49"],"angle":-86.8,"mi":2}},{"type":"Feature","geometry":{"type":"Point","coordinates":[21.232326,45.757652]},"properties":{"lines":"40, E2, M44","color":"#0059a9","mode":"bus","arr":["40","E2","M44"],"angle":-85.2,"mi":1}},{"type":"Feature","geometry":{"type":"Point","coordinates":[21.232182,45.756435]},"properties":{"lines":"40, E2, M44","color":"#0059a9","mode":"bus","arr":["40","E2","M44"],"angle":-88}},{"type":"Feature","geometry":{"type":"Point","coordinates":[21.234858,45.754875]},"properties":{"lines":"40","color":"#0059a9","mode":"bus","arr":["40"],"angle":-70.6}},{"type":"Feature","geometry":{"type":"Point","coordinates":[21.261802,45.775023]},"properties":{"lines":"46, M35","color":"#0059a9","mode":"bus","arr":["46","M35"],"angle":-36.1}},{"type":"Feature","geometry":{"type":"Point","coordinates":[21.259987,45.774102]},"properties":{"lines":"46, M35","color":"#0059a9","mode":"bus","arr":["46","M35"],"angle":-34.6,"extra":1,"ei":0}},{"type":"Feature","geometry":{"type":"Point","coordinates":[21.264391,45.776297]},"properties":{"lines":"46, M35","color":"#0059a9","mode":"bus","arr":["46","M35"],"angle":-33.4,"extra":1,"ei":1}},{"type":"Feature","geometry":{"type":"Point","coordinates":[21.264251,45.776961]},"properties":{"lines":"46","color":"#0059a9","mode":"bus","arr":["46"],"angle":55.1,"mi":3}},{"type":"Feature","geometry":{"type":"Point","coordinates":[21.256779,45.781183]},"properties":{"lines":"46","color":"#0059a9","mode":"bus","arr":["46"],"angle":-36,"mi":2}},{"type":"Feature","geometry":{"type":"Point","coordinates":[21.2495,45.77903]},"properties":{"lines":"46","color":"#0059a9","mode":"bus","arr":["46"],"angle":27.9,"extra":1,"ei":0}},{"type":"Feature","geometry":{"type":"Point","coordinates":[21.251941,45.778236]},"properties":{"lines":"46","color":"#0059a9","mode":"bus","arr":["46"],"angle":-1.5,"extra":1,"ei":1}},{"type":"Feature","geometry":{"type":"Point","coordinates":[21.253698,45.779592]},"properties":{"lines":"46","color":"#0059a9","mode":"bus","arr":["46"],"angle":-44.7,"extra":1,"ei":2}},{"type":"Feature","geometry":{"type":"Point","coordinates":[21.259838,45.780623]},"properties":{"lines":"46","color":"#0059a9","mode":"bus","arr":["46"],"angle":-15.3,"extra":1,"ei":3}},{"type":"Feature","geometry":{"type":"Point","coordinates":[21.261652,45.77951]},"properties":{"lines":"46","color":"#0059a9","mode":"bus","arr":["46"],"angle":55,"extra":1,"ei":4}},{"type":"Feature","geometry":{"type":"Point","coordinates":[21.263221,45.777972]},"properties":{"lines":"46","color":"#0059a9","mode":"bus","arr":["46"],"angle":54.3,"extra":1,"ei":5}},{"type":"Feature","geometry":{"type":"Point","coordinates":[21.248001,45.779069]},"properties":{"lines":"46","color":"#0059a9","mode":"bus","arr":["46"],"angle":-48.4,"mi":4}},{"type":"Feature","geometry":{"type":"Point","coordinates":[21.212009,45.744005]},"properties":{"lines":"E1, E3","color":"#0059a9","mode":"bus","arr":["E1","E3"],"angle":61.8,"side":-1}},{"type":"Feature","geometry":{"type":"Point","coordinates":[21.218381,45.760208]},"properties":{"lines":"E1","color":"#0059a9","mode":"bus","arr":["E1"],"angle":-72}},{"type":"Feature","geometry":{"type":"Point","coordinates":[21.216292,45.754921]},"properties":{"lines":"E1","color":"#0059a9","mode":"bus","arr":["E1"],"angle":-73.8,"mi":1}},{"type":"Feature","geometry":{"type":"Point","coordinates":[21.224359,45.764265]},"properties":{"lines":"E1","color":"#0059a9","mode":"bus","arr":["E1"],"angle":-36.5,"mi":2}},{"type":"Feature","geometry":{"type":"Point","coordinates":[21.220189,45.762691]},"properties":{"lines":"E1","color":"#0059a9","mode":"bus","arr":["E1"],"angle":-45.6,"extra":1,"ei":0}},{"type":"Feature","geometry":{"type":"Point","coordinates":[21.217365,45.757456]},"properties":{"lines":"E1","color":"#0059a9","mode":"bus","arr":["E1"],"angle":-74,"extra":1,"ei":1}},{"type":"Feature","geometry":{"type":"Point","coordinates":[21.220313,45.762685]},"properties":{"lines":"E1, M44","color":"#0059a9","mode":"bus","arr":["E1","M44"],"angle":-45,"side":-1,"mi":1}},{"type":"Feature","geometry":{"type":"Point","coordinates":[21.218854,45.760999]},"properties":{"lines":"E1, M44","color":"#0059a9","mode":"bus","arr":["E1","M44"],"angle":-70,"extra":1,"ei":0,"side":-1}},{"type":"Feature","geometry":{"type":"Point","coordinates":[21.222349,45.763748]},"properties":{"lines":"E1, M44","color":"#0059a9","mode":"bus","arr":["E1","M44"],"angle":-24.5,"extra":1,"ei":1}},{"type":"Feature","geometry":{"type":"Point","coordinates":[21.224322,45.764164]},"properties":{"lines":"E1, M44","color":"#0059a9","mode":"bus","arr":["E1","M44"],"angle":-14.1,"side":-1}},{"type":"Feature","geometry":{"type":"Point","coordinates":[21.212959,45.775962]},"properties":{"lines":"E1, E6, M44, M50","color":"#0059a9","mode":"bus","arr":["E1","E6","M44","M50"],"angle":-36,"mi":2}},{"type":"Feature","geometry":{"type":"Point","coordinates":[21.211581,45.777242]},"properties":{"lines":"E1, E6, M44, M50","color":"#0059a9","mode":"bus","arr":["E1","E6","M44","M50"],"angle":52.2,"mi":3}},{"type":"Feature","geometry":{"type":"Point","coordinates":[21.215599,45.773419]},"properties":{"lines":"E1, E6, M44, M50","color":"#0059a9","mode":"bus","arr":["E1","E6","M44","M50"],"angle":54.2}},{"type":"Feature","geometry":{"type":"Point","coordinates":[21.220234,45.769034]},"properties":{"lines":"E1, E6, M44, M50","color":"#0059a9","mode":"bus","arr":["E1","E6","M44","M50"],"angle":55,"mi":1}},{"type":"Feature","geometry":{"type":"Point","coordinates":[21.224621,45.764742]},"properties":{"lines":"E1, E6, M44, M50","color":"#0059a9","mode":"bus","arr":["E1","E6","M44","M50"],"angle":52.4,"mi":4}},{"type":"Feature","geometry":{"type":"Point","coordinates":[21.216064,45.778558]},"properties":{"lines":"E1","color":"#0059a9","mode":"bus","arr":["E1"],"angle":-22.3}},{"type":"Feature","geometry":{"type":"Point","coordinates":[21.218928,45.780181]},"properties":{"lines":"E1","color":"#0059a9","mode":"bus","arr":["E1"],"angle":-42.9,"extra":1,"ei":0}},{"type":"Feature","geometry":{"type":"Point","coordinates":[21.214392,45.778345]},"properties":{"lines":"E1","color":"#0059a9","mode":"bus","arr":["E1"],"angle":-7.1,"extra":1,"ei":1}},{"type":"Feature","geometry":{"type":"Point","coordinates":[21.211707,45.778108]},"properties":{"lines":"E1","color":"#0059a9","mode":"bus","arr":["E1"],"angle":-3,"extra":1,"ei":2}},{"type":"Feature","geometry":{"type":"Point","coordinates":[21.220286,45.788534]},"properties":{"lines":"E1","color":"#0059a9","mode":"bus","arr":["E1"],"angle":-41.8}},{"type":"Feature","geometry":{"type":"Point","coordinates":[21.221743,45.789479]},"properties":{"lines":"E1","color":"#0059a9","mode":"bus","arr":["E1"],"angle":-44.5,"extra":1,"ei":0}},{"type":"Feature","geometry":{"type":"Point","coordinates":[21.265556,45.73166]},"properties":{"lines":"E2","color":"#0059a9","mode":"bus","arr":["E2"],"angle":-83.3}},{"type":"Feature","geometry":{"type":"Point","coordinates":[21.255116,45.730665]},"properties":{"lines":"E2","color":"#0059a9","mode":"bus","arr":["E2"],"angle":-37.2,"side":-1,"mi":5}},{"type":"Feature","geometry":{"type":"Point","coordinates":[21.25846,45.732239]},"properties":{"lines":"E2","color":"#0059a9","mode":"bus","arr":["E2"],"angle":-41.4,"side":-1,"mi":3}},{"type":"Feature","geometry":{"type":"Point","coordinates":[21.256926,45.731509]},"properties":{"lines":"E2, M23","color":"#0059a9","mode":"bus","arr":["E2","M23"],"angle":-33.8,"mi":1}},{"type":"Feature","geometry":{"type":"Point","coordinates":[21.25473,45.730728]},"properties":{"lines":"E2, M23","color":"#0059a9","mode":"bus","arr":["E2","M23"],"angle":-8}},{"type":"Feature","geometry":{"type":"Point","coordinates":[21.226776,45.770087]},"properties":{"lines":"E2","color":"#0059a9","mode":"bus","arr":["E2"],"angle":6.5,"mi":1}},{"type":"Feature","geometry":{"type":"Point","coordinates":[21.22899,45.769787]},"properties":{"lines":"E2","color":"#0059a9","mode":"bus","arr":["E2"],"angle":20.4,"extra":1,"ei":0,"side":-1}},{"type":"Feature","geometry":{"type":"Point","coordinates":[21.223655,45.770274]},"properties":{"lines":"E2","color":"#0059a9","mode":"bus","arr":["E2"],"angle":-9.6,"extra":1,"ei":0}},{"type":"Feature","geometry":{"type":"Point","coordinates":[21.266152,45.734677]},"properties":{"lines":"E2","color":"#0059a9","mode":"bus","arr":["E2"],"angle":-87.3,"side":-1,"mi":1}},{"type":"Feature","geometry":{"type":"Point","coordinates":[21.234013,45.776662]},"properties":{"lines":"E2","color":"#0059a9","mode":"bus","arr":["E2"],"angle":21.8,"side":-1,"mi":2}},{"type":"Feature","geometry":{"type":"Point","coordinates":[21.234038,45.768785]},"properties":{"lines":"E2","color":"#0059a9","mode":"bus","arr":["E2"],"angle":17.2}},{"type":"Feature","geometry":{"type":"Point","coordinates":[21.236331,45.768321]},"properties":{"lines":"E2","color":"#0059a9","mode":"bus","arr":["E2"],"angle":20.5,"extra":1,"ei":0}},{"type":"Feature","geometry":{"type":"Point","coordinates":[21.231171,45.769453]},"properties":{"lines":"E2","color":"#0059a9","mode":"bus","arr":["E2"],"angle":18.4,"extra":1,"ei":1}},{"type":"Feature","geometry":{"type":"Point","coordinates":[21.232468,45.75335]},"properties":{"lines":"E2","color":"#0059a9","mode":"bus","arr":["E2"],"angle":-77.4}},{"type":"Feature","geometry":{"type":"Point","coordinates":[21.233321,45.755254]},"properties":{"lines":"E2","color":"#0059a9","mode":"bus","arr":["E2"],"angle":77.9,"side":-1,"mi":1}},{"type":"Feature","geometry":{"type":"Point","coordinates":[21.236697,45.724752]},"properties":{"lines":"E3","color":"#0059a9","mode":"bus","arr":["E3"],"angle":-86.5}},{"type":"Feature","geometry":{"type":"Point","coordinates":[21.237339,45.730339]},"properties":{"lines":"E3","color":"#0059a9","mode":"bus","arr":["E3"],"angle":-86.3,"mi":1}},{"type":"Feature","geometry":{"type":"Point","coordinates":[21.236644,45.721943]},"properties":{"lines":"E3","color":"#0059a9","mode":"bus","arr":["E3"],"angle":-89.8,"extra":1,"ei":0}},{"type":"Feature","geometry":{"type":"Point","coordinates":[21.237102,45.727591]},"properties":{"lines":"E3","color":"#0059a9","mode":"bus","arr":["E3"],"angle":-85.4,"extra":1,"ei":1}},{"type":"Feature","geometry":{"type":"Point","coordinates":[21.234864,45.748733]},"properties":{"lines":"E3, E7, E8","color":"#0059a9","mode":"bus","arr":["E3","E7","E8"],"angle":-26}},{"type":"Feature","geometry":{"type":"Point","coordinates":[21.221328,45.753246]},"properties":{"lines":"E3","color":"#0059a9","mode":"bus","arr":["E3"],"angle":-12.8}},{"type":"Feature","geometry":{"type":"Point","coordinates":[21.203645,45.738174]},"properties":{"lines":"E3, E7, M36","color":"#0059a9","mode":"bus","arr":["E3","E7","M36"],"angle":-16.8}},{"type":"Feature","geometry":{"type":"Point","coordinates":[21.208229,45.73888]},"properties":{"lines":"E3, E7, M36","color":"#0059a9","mode":"bus","arr":["E3","E7","M36"],"angle":-11.6,"extra":1,"ei":0}},{"type":"Feature","geometry":{"type":"Point","coordinates":[21.205581,45.73849]},"properties":{"lines":"E3, E7, M36","color":"#0059a9","mode":"bus","arr":["E3","E7","M36"],"angle":-12,"extra":1,"ei":1}},{"type":"Feature","geometry":{"type":"Point","coordinates":[21.200369,45.737484]},"properties":{"lines":"E3, E7, M36","color":"#0059a9","mode":"bus","arr":["E3","E7","M36"],"angle":-16.8,"extra":1,"ei":2}},{"type":"Feature","geometry":{"type":"Point","coordinates":[21.197278,45.737677]},"properties":{"lines":"E3","color":"#0059a9","mode":"bus","arr":["E3"],"angle":61.1,"mi":2}},{"type":"Feature","geometry":{"type":"Point","coordinates":[21.19384,45.739421]},"properties":{"lines":"E3","color":"#0059a9","mode":"bus","arr":["E3"],"angle":-16.3}},{"type":"Feature","geometry":{"type":"Point","coordinates":[21.184173,45.73372]},"properties":{"lines":"E3","color":"#0059a9","mode":"bus","arr":["E3"],"angle":-41.9,"mi":3}},{"type":"Feature","geometry":{"type":"Point","coordinates":[21.191403,45.738276]},"properties":{"lines":"E3","color":"#0059a9","mode":"bus","arr":["E3"],"angle":-42.7,"extra":1,"ei":0}},{"type":"Feature","geometry":{"type":"Point","coordinates":[21.189403,45.737004]},"properties":{"lines":"E3","color":"#0059a9","mode":"bus","arr":["E3"],"angle":-43,"extra":1,"ei":1}},{"type":"Feature","geometry":{"type":"Point","coordinates":[21.187397,45.735736]},"properties":{"lines":"E3","color":"#0059a9","mode":"bus","arr":["E3"],"angle":-41.9,"extra":1,"ei":2}},{"type":"Feature","geometry":{"type":"Point","coordinates":[21.181391,45.731925]},"properties":{"lines":"E3","color":"#0059a9","mode":"bus","arr":["E3"],"angle":-46.2,"extra":1,"ei":3}},{"type":"Feature","geometry":{"type":"Point","coordinates":[21.180799,45.730155]},"properties":{"lines":"E3","color":"#0059a9","mode":"bus","arr":["E3"],"angle":-89,"extra":1,"ei":4}},{"type":"Feature","geometry":{"type":"Point","coordinates":[21.180729,45.728267]},"properties":{"lines":"E3","color":"#0059a9","mode":"bus","arr":["E3"],"angle":-88.6,"extra":1,"ei":5}},{"type":"Feature","geometry":{"type":"Point","coordinates":[21.174577,45.723194]},"properties":{"lines":"E3, E7, M36","color":"#0059a9","mode":"bus","arr":["E3","E7","M36"],"angle":-42.4}},{"type":"Feature","geometry":{"type":"Point","coordinates":[21.179468,45.726355]},"properties":{"lines":"E3, E7, M36","color":"#0059a9","mode":"bus","arr":["E3","E7","M36"],"angle":-43.1,"extra":1,"ei":0}},{"type":"Feature","geometry":{"type":"Point","coordinates":[21.177486,45.72507]},"properties":{"lines":"E3, E7, M36","color":"#0059a9","mode":"bus","arr":["E3","E7","M36"],"angle":-42.9,"extra":1,"ei":1}},{"type":"Feature","geometry":{"type":"Point","coordinates":[21.171566,45.721193]},"properties":{"lines":"E3, E7, M36","color":"#0059a9","mode":"bus","arr":["E3","E7","M36"],"angle":-43.9,"extra":1,"ei":2}},{"type":"Feature","geometry":{"type":"Point","coordinates":[21.169635,45.71987]},"properties":{"lines":"E3, E7, M36","color":"#0059a9","mode":"bus","arr":["E3","E7","M36"],"angle":-43,"extra":1,"ei":3}},{"type":"Feature","geometry":{"type":"Point","coordinates":[21.165861,45.720612]},"properties":{"lines":"E3, E7, M36","color":"#0059a9","mode":"bus","arr":["E3","E7","M36"],"angle":27.4,"mi":1}},{"type":"Feature","geometry":{"type":"Point","coordinates":[21.167415,45.720057]},"properties":{"lines":"E3, E7, M36","color":"#0059a9","mode":"bus","arr":["E3","E7","M36"],"angle":27,"extra":1,"ei":0}},{"type":"Feature","geometry":{"type":"Point","coordinates":[21.161632,45.723605]},"properties":{"lines":"E3","color":"#0059a9","mode":"bus","arr":["E3"],"angle":50.1,"mi":1}},{"type":"Feature","geometry":{"type":"Point","coordinates":[21.163372,45.726935]},"properties":{"lines":"E3","color":"#0059a9","mode":"bus","arr":["E3"],"angle":-40.8}},{"type":"Feature","geometry":{"type":"Point","coordinates":[21.165188,45.728097]},"properties":{"lines":"E3","color":"#0059a9","mode":"bus","arr":["E3"],"angle":-41.9,"extra":1,"ei":0}},{"type":"Feature","geometry":{"type":"Point","coordinates":[21.161145,45.725587]},"properties":{"lines":"E3","color":"#0059a9","mode":"bus","arr":["E3"],"angle":-40.2,"extra":1,"ei":1}},{"type":"Feature","geometry":{"type":"Point","coordinates":[21.195656,45.73973]},"properties":{"lines":"E3","color":"#0059a9","mode":"bus","arr":["E3"],"angle":26.8,"side":-1,"mi":1}},{"type":"Feature","geometry":{"type":"Point","coordinates":[21.272231,45.770383]},"properties":{"lines":"E4, E4b, M11, M27, M30","color":"#0059a9","mode":"bus","arr":["E4","E4b","M11","M27","M30"],"tLines":"M11","ntLines":"E4, E4b, M27, M30","angle":-17.6}},{"type":"Feature","geometry":{"type":"Point","coordinates":[21.287677,45.773058]},"properties":{"lines":"E4, E4b, M11, M27","color":"#0059a9","mode":"bus","arr":["E4","E4b","M11","M27"],"tLines":"M11","ntLines":"E4, E4b, M27","angle":-12.8,"side":-1}},{"type":"Feature","geometry":{"type":"Point","coordinates":[21.276403,45.771179]},"properties":{"lines":"E4, E4b, M11, M27","color":"#0059a9","mode":"bus","arr":["E4","E4b","M11","M27"],"tLines":"M11","ntLines":"E4, E4b, M27","angle":-12.3,"extra":1,"ei":0,"side":-1}},{"type":"Feature","geometry":{"type":"Point","coordinates":[21.279039,45.771607]},"properties":{"lines":"E4, E4b, M11, M27","color":"#0059a9","mode":"bus","arr":["E4","E4b","M11","M27"],"tLines":"M11","ntLines":"E4, E4b, M27","angle":-13.7,"extra":1,"ei":1,"side":-1}},{"type":"Feature","geometry":{"type":"Point","coordinates":[21.281662,45.772069]},"properties":{"lines":"E4, E4b, M11, M27","color":"#0059a9","mode":"bus","arr":["E4","E4b","M11","M27"],"tLines":"M11","ntLines":"E4, E4b, M27","angle":-14.4,"extra":1,"ei":2,"side":-1}},{"type":"Feature","geometry":{"type":"Point","coordinates":[21.284294,45.772509]},"properties":{"lines":"E4, E4b, M11, M27","color":"#0059a9","mode":"bus","arr":["E4","E4b","M11","M27"],"tLines":"M11","ntLines":"E4, E4b, M27","angle":-13.5,"extra":1,"ei":3,"side":-1}},{"type":"Feature","geometry":{"type":"Point","coordinates":[21.289569,45.773355]},"properties":{"lines":"E4, E4b, M11, M27","color":"#0059a9","mode":"bus","arr":["E4","E4b","M11","M27"],"tLines":"M11","ntLines":"E4, E4b, M27","angle":-12.7,"extra":1,"ei":4,"side":-1}},{"type":"Feature","geometry":{"type":"Point","coordinates":[21.29221,45.773768]},"properties":{"lines":"E4, E4b, M11, M27","color":"#0059a9","mode":"bus","arr":["E4","E4b","M11","M27"],"tLines":"M11","ntLines":"E4, E4b, M27","angle":-12.4,"extra":1,"ei":5,"side":-1}},{"type":"Feature","geometry":{"type":"Point","coordinates":[21.294847,45.77419]},"properties":{"lines":"E4, E4b, M11, M27","color":"#0059a9","mode":"bus","arr":["E4","E4b","M11","M27"],"tLines":"M11","ntLines":"E4, E4b, M27","angle":-13.1,"extra":1,"ei":6,"side":-1}},{"type":"Feature","geometry":{"type":"Point","coordinates":[21.297483,45.774619]},"properties":{"lines":"E4, E4b, M11, M27","color":"#0059a9","mode":"bus","arr":["E4","E4b","M11","M27"],"tLines":"M11","ntLines":"E4, E4b, M27","angle":-13.1,"extra":1,"ei":7,"side":-1}},{"type":"Feature","geometry":{"type":"Point","coordinates":[21.300117,45.775052]},"properties":{"lines":"E4, E4b, M11, M27","color":"#0059a9","mode":"bus","arr":["E4","E4b","M11","M27"],"tLines":"M11","ntLines":"E4, E4b, M27","angle":-13.6,"extra":1,"ei":8,"side":-1}},{"type":"Feature","geometry":{"type":"Point","coordinates":[21.303055,45.775547]},"properties":{"lines":"E4, E4b, M27","color":"#0059a9","mode":"bus","arr":["E4","E4b","M27"],"angle":-13.7,"side":-1,"mi":1}},{"type":"Feature","geometry":{"type":"Point","coordinates":[21.313424,45.777258]},"properties":{"lines":"E4, E4b, M27","color":"#0059a9","mode":"bus","arr":["E4","E4b","M27"],"angle":-12.6,"side":-1}},{"type":"Feature","geometry":{"type":"Point","coordinates":[21.307632,45.776312]},"properties":{"lines":"E4, E4b, M27","color":"#0059a9","mode":"bus","arr":["E4","E4b","M27"],"angle":-13.1,"extra":1,"ei":0,"side":-1}},{"type":"Feature","geometry":{"type":"Point","coordinates":[21.310267,45.776741]},"properties":{"lines":"E4, E4b, M27","color":"#0059a9","mode":"bus","arr":["E4","E4b","M27"],"angle":-13.1,"extra":1,"ei":1,"side":-1}},{"type":"Feature","geometry":{"type":"Point","coordinates":[21.315538,45.777598]},"properties":{"lines":"E4, E4b, M27","color":"#0059a9","mode":"bus","arr":["E4","E4b","M27"],"angle":-12.7,"extra":1,"ei":2,"side":-1}},{"type":"Feature","geometry":{"type":"Point","coordinates":[21.318174,45.778026]},"properties":{"lines":"E4, E4b, M27","color":"#0059a9","mode":"bus","arr":["E4","E4b","M27"],"angle":-13.1,"extra":1,"ei":3,"side":-1}},{"type":"Feature","geometry":{"type":"Point","coordinates":[21.338079,45.781262]},"properties":{"lines":"M27","color":"#0059a9","mode":"bus","arr":["M27"],"angle":-13}},{"type":"Feature","geometry":{"type":"Point","coordinates":[21.321855,45.778622]},"properties":{"lines":"M27","color":"#0059a9","mode":"bus","arr":["M27"],"angle":-13.2,"extra":1,"ei":0,"side":-1}},{"type":"Feature","geometry":{"type":"Point","coordinates":[21.324492,45.779046]},"properties":{"lines":"M27","color":"#0059a9","mode":"bus","arr":["M27"],"angle":-12.9,"extra":1,"ei":1,"side":-1}},{"type":"Feature","geometry":{"type":"Point","coordinates":[21.316023,45.777744]},"properties":{"lines":"M27","color":"#0059a9","mode":"bus","arr":["M27"],"angle":-13.4,"extra":1,"ei":0}},{"type":"Feature","geometry":{"type":"Point","coordinates":[21.318659,45.778171]},"properties":{"lines":"M27","color":"#0059a9","mode":"bus","arr":["M27"],"angle":-12.8,"extra":1,"ei":1}},{"type":"Feature","geometry":{"type":"Point","coordinates":[21.326577,45.779419]},"properties":{"lines":"M27","color":"#0059a9","mode":"bus","arr":["M27"],"angle":-13.5,"extra":1,"ei":2}},{"type":"Feature","geometry":{"type":"Point","coordinates":[21.329212,45.779851]},"properties":{"lines":"M27","color":"#0059a9","mode":"bus","arr":["M27"],"angle":-12.9,"extra":1,"ei":3}},{"type":"Feature","geometry":{"type":"Point","coordinates":[21.331846,45.780285]},"properties":{"lines":"M27","color":"#0059a9","mode":"bus","arr":["M27"],"angle":-13.2,"extra":1,"ei":4}},{"type":"Feature","geometry":{"type":"Point","coordinates":[21.334482,45.78071]},"properties":{"lines":"M27","color":"#0059a9","mode":"bus","arr":["M27"],"angle":-12.6,"extra":1,"ei":5}},{"type":"Feature","geometry":{"type":"Point","coordinates":[21.339763,45.781538]},"properties":{"lines":"M27","color":"#0059a9","mode":"bus","arr":["M27"],"angle":-13.4,"extra":1,"ei":6}},{"type":"Feature","geometry":{"type":"Point","coordinates":[21.342399,45.781964]},"properties":{"lines":"M27","color":"#0059a9","mode":"bus","arr":["M27"],"angle":-13.4,"extra":1,"ei":7}},{"type":"Feature","geometry":{"type":"Point","coordinates":[21.345045,45.782358]},"properties":{"lines":"M27","color":"#0059a9","mode":"bus","arr":["M27"],"angle":-5.8,"extra":1,"ei":8}},{"type":"Feature","geometry":{"type":"Point","coordinates":[21.34762,45.781922]},"properties":{"lines":"M27","color":"#0059a9","mode":"bus","arr":["M27"],"angle":30.7,"extra":1,"ei":9}},{"type":"Feature","geometry":{"type":"Point","coordinates":[21.349907,45.780912]},"properties":{"lines":"M27","color":"#0059a9","mode":"bus","arr":["M27"],"angle":32.2,"extra":1,"ei":10}},{"type":"Feature","geometry":{"type":"Point","coordinates":[21.352193,45.779902]},"properties":{"lines":"M27","color":"#0059a9","mode":"bus","arr":["M27"],"angle":33.3,"extra":1,"ei":11}},{"type":"Feature","geometry":{"type":"Point","coordinates":[21.354459,45.77887]},"properties":{"lines":"M27","color":"#0059a9","mode":"bus","arr":["M27"],"angle":31.5,"extra":1,"ei":12}},{"type":"Feature","geometry":{"type":"Point","coordinates":[21.356852,45.777991]},"properties":{"lines":"M27","color":"#0059a9","mode":"bus","arr":["M27"],"angle":22.7,"extra":1,"ei":13}},{"type":"Feature","geometry":{"type":"Point","coordinates":[21.359497,45.777983]},"properties":{"lines":"M27","color":"#0059a9","mode":"bus","arr":["M27"],"angle":-11.8,"extra":1,"ei":14}},{"type":"Feature","geometry":{"type":"Point","coordinates":[21.321045,45.776568]},"properties":{"lines":"E4, E4b","color":"#0059a9","mode":"bus","arr":["E4","E4b"],"angle":-34.3,"mi":2}},{"type":"Feature","geometry":{"type":"Point","coordinates":[21.321437,45.777814]},"properties":{"lines":"E4, E4b","color":"#0059a9","mode":"bus","arr":["E4","E4b"],"angle":74.1,"extra":1,"ei":0}},{"type":"Feature","geometry":{"type":"Point","coordinates":[21.316963,45.781668]},"properties":{"lines":"E4, E4b","color":"#0059a9","mode":"bus","arr":["E4","E4b"],"angle":78.4,"side":-1}},{"type":"Feature","geometry":{"type":"Point","coordinates":[21.31806,45.778213]},"properties":{"lines":"E4, E4b","color":"#0059a9","mode":"bus","arr":["E4","E4b"],"angle":76.9,"mi":1}},{"type":"Feature","geometry":{"type":"Point","coordinates":[21.315783,45.785979]},"properties":{"lines":"E4, E4b","color":"#0059a9","mode":"bus","arr":["E4","E4b"],"angle":80.9,"extra":1,"ei":0}},{"type":"Feature","geometry":{"type":"Point","coordinates":[21.316317,45.784128]},"properties":{"lines":"E4, E4b","color":"#0059a9","mode":"bus","arr":["E4","E4b"],"angle":78.3,"extra":1,"ei":1}},{"type":"Feature","geometry":{"type":"Point","coordinates":[21.317375,45.780436]},"properties":{"lines":"E4, E4b","color":"#0059a9","mode":"bus","arr":["E4","E4b"],"angle":78.2,"extra":1,"ei":0}},{"type":"Feature","geometry":{"type":"Point","coordinates":[21.31511,45.777613]},"properties":{"lines":"E4, E4b","color":"#0059a9","mode":"bus","arr":["E4","E4b"],"angle":-16.5,"extra":1,"ei":1}},{"type":"Feature","geometry":{"type":"Point","coordinates":[21.317839,45.78983]},"properties":{"lines":"E4, E4b","color":"#0059a9","mode":"bus","arr":["E4","E4b"],"angle":-58.6,"mi":3}},{"type":"Feature","geometry":{"type":"Point","coordinates":[21.319332,45.791562]},"properties":{"lines":"E4, E4b","color":"#0059a9","mode":"bus","arr":["E4","E4b"],"angle":-60,"extra":1,"ei":0}},{"type":"Feature","geometry":{"type":"Point","coordinates":[21.316527,45.788332]},"properties":{"lines":"E4, E4b","color":"#0059a9","mode":"bus","arr":["E4","E4b"],"angle":-58,"extra":1,"ei":1}},{"type":"Feature","geometry":{"type":"Point","coordinates":[21.32546,45.795464]},"properties":{"lines":"E4","color":"#0059a9","mode":"bus","arr":["E4"],"angle":-38.9}},{"type":"Feature","geometry":{"type":"Point","coordinates":[21.321338,45.793137]},"properties":{"lines":"E4","color":"#0059a9","mode":"bus","arr":["E4"],"angle":-38.7,"extra":1,"ei":0}},{"type":"Feature","geometry":{"type":"Point","coordinates":[21.323442,45.794324]},"properties":{"lines":"E4","color":"#0059a9","mode":"bus","arr":["E4"],"angle":-39,"extra":1,"ei":1}},{"type":"Feature","geometry":{"type":"Point","coordinates":[21.32765,45.7967]},"properties":{"lines":"E4","color":"#0059a9","mode":"bus","arr":["E4"],"angle":-39,"extra":1,"ei":2}},{"type":"Feature","geometry":{"type":"Point","coordinates":[21.329755,45.797887]},"properties":{"lines":"E4","color":"#0059a9","mode":"bus","arr":["E4"],"angle":-38.9,"extra":1,"ei":3}},{"type":"Feature","geometry":{"type":"Point","coordinates":[21.319985,45.800887]},"properties":{"lines":"E4, E4b","color":"#0059a9","mode":"bus","arr":["E4","E4b"],"angle":-89.3,"mi":2}},{"type":"Feature","geometry":{"type":"Point","coordinates":[21.32011,45.80812]},"properties":{"lines":"E4, E4b","color":"#0059a9","mode":"bus","arr":["E4","E4b"],"angle":-89.4,"extra":1,"ei":0}},{"type":"Feature","geometry":{"type":"Point","coordinates":[21.320084,45.806231]},"properties":{"lines":"E4, E4b","color":"#0059a9","mode":"bus","arr":["E4","E4b"],"angle":-89.4,"extra":1,"ei":1}},{"type":"Feature","geometry":{"type":"Point","coordinates":[21.320047,45.804343]},"properties":{"lines":"E4, E4b","color":"#0059a9","mode":"bus","arr":["E4","E4b"],"angle":-89.1,"extra":1,"ei":2}},{"type":"Feature","geometry":{"type":"Point","coordinates":[21.320011,45.802454]},"properties":{"lines":"E4, E4b","color":"#0059a9","mode":"bus","arr":["E4","E4b"],"angle":-89.3,"extra":1,"ei":3}},{"type":"Feature","geometry":{"type":"Point","coordinates":[21.319962,45.798677]},"properties":{"lines":"E4, E4b","color":"#0059a9","mode":"bus","arr":["E4","E4b"],"angle":-89.7,"extra":1,"ei":4}},{"type":"Feature","geometry":{"type":"Point","coordinates":[21.319934,45.796789]},"properties":{"lines":"E4, E4b","color":"#0059a9","mode":"bus","arr":["E4","E4b"],"angle":-89.4,"extra":1,"ei":5}},{"type":"Feature","geometry":{"type":"Point","coordinates":[21.319925,45.7949]},"properties":{"lines":"E4, E4b","color":"#0059a9","mode":"bus","arr":["E4","E4b"],"angle":-89.7,"extra":1,"ei":6}},{"type":"Feature","geometry":{"type":"Point","coordinates":[21.31991,45.793012]},"properties":{"lines":"E4, E4b","color":"#0059a9","mode":"bus","arr":["E4","E4b"],"angle":-79.2,"extra":1,"ei":7}},{"type":"Feature","geometry":{"type":"Point","coordinates":[21.320767,45.809018]},"properties":{"lines":"E4, E4b","color":"#0059a9","mode":"bus","arr":["E4","E4b"],"angle":-26.2}},{"type":"Feature","geometry":{"type":"Point","coordinates":[21.317953,45.810542]},"properties":{"lines":"E4, E4b","color":"#0059a9","mode":"bus","arr":["E4","E4b"],"angle":7.8,"mi":1}},{"type":"Feature","geometry":{"type":"Point","coordinates":[21.32022,45.809884]},"properties":{"lines":"E4, E4b","color":"#0059a9","mode":"bus","arr":["E4","E4b"],"angle":19.9,"extra":1,"ei":0}},{"type":"Feature","geometry":{"type":"Point","coordinates":[21.290423,45.773565]},"properties":{"lines":"E4, E4b, M27, M30","color":"#0059a9","mode":"bus","arr":["E4","E4b","M27","M30"],"angle":-12.5}},{"type":"Feature","geometry":{"type":"Point","coordinates":[21.304468,45.77589]},"properties":{"lines":"E4, E4b, M27, M30","color":"#0059a9","mode":"bus","arr":["E4","E4b","M27","M30"],"angle":-13.3,"extra":1,"ei":0}},{"type":"Feature","geometry":{"type":"Point","coordinates":[21.301845,45.775427]},"properties":{"lines":"E4, E4b, M27, M30","color":"#0059a9","mode":"bus","arr":["E4","E4b","M27","M30"],"angle":-14.1,"extra":1,"ei":1}},{"type":"Feature","geometry":{"type":"Point","coordinates":[21.299216,45.774982]},"properties":{"lines":"E4, E4b, M27, M30","color":"#0059a9","mode":"bus","arr":["E4","E4b","M27","M30"],"angle":-13.3,"extra":1,"ei":2}},{"type":"Feature","geometry":{"type":"Point","coordinates":[21.29658,45.774554]},"properties":{"lines":"E4, E4b, M27, M30","color":"#0059a9","mode":"bus","arr":["E4","E4b","M27","M30"],"angle":-13.1,"extra":1,"ei":3}},{"type":"Feature","geometry":{"type":"Point","coordinates":[21.293943,45.774129]},"properties":{"lines":"E4, E4b, M27, M30","color":"#0059a9","mode":"bus","arr":["E4","E4b","M27","M30"],"angle":-13.1,"extra":1,"ei":4}},{"type":"Feature","geometry":{"type":"Point","coordinates":[21.288664,45.773296]},"properties":{"lines":"E4, E4b, M27, M30","color":"#0059a9","mode":"bus","arr":["E4","E4b","M27","M30"],"angle":-12.5,"extra":1,"ei":5}},{"type":"Feature","geometry":{"type":"Point","coordinates":[21.286027,45.772872]},"properties":{"lines":"E4, E4b, M27, M30","color":"#0059a9","mode":"bus","arr":["E4","E4b","M27","M30"],"angle":-13.1,"extra":1,"ei":6}},{"type":"Feature","geometry":{"type":"Point","coordinates":[21.283391,45.772444]},"properties":{"lines":"E4, E4b, M27, M30","color":"#0059a9","mode":"bus","arr":["E4","E4b","M27","M30"],"angle":-13.1,"extra":1,"ei":7}},{"type":"Feature","geometry":{"type":"Point","coordinates":[21.28076,45.772002]},"properties":{"lines":"E4, E4b, M27, M30","color":"#0059a9","mode":"bus","arr":["E4","E4b","M27","M30"],"angle":-13.7,"extra":1,"ei":8}},{"type":"Feature","geometry":{"type":"Point","coordinates":[21.278136,45.77154]},"properties":{"lines":"E4, E4b, M27, M30","color":"#0059a9","mode":"bus","arr":["E4","E4b","M27","M30"],"angle":-13.9,"extra":1,"ei":9}},{"type":"Feature","geometry":{"type":"Point","coordinates":[21.275497,45.771122]},"properties":{"lines":"E4, E4b, M27, M30","color":"#0059a9","mode":"bus","arr":["E4","E4b","M27","M30"],"angle":-17.4,"extra":1,"ei":10}},{"type":"Feature","geometry":{"type":"Point","coordinates":[21.268885,45.769698]},"properties":{"lines":"E4, E4b, M27, M30","color":"#0059a9","mode":"bus","arr":["E4","E4b","M27","M30"],"angle":-14.3}},{"type":"Feature","geometry":{"type":"Point","coordinates":[21.223335,45.75662]},"properties":{"lines":"E4b","color":"#0059a9","mode":"bus","arr":["E4b"],"angle":-76,"side":-1}},{"type":"Feature","geometry":{"type":"Point","coordinates":[21.199466,45.786591]},"properties":{"lines":"E6, M44, M50","color":"#0059a9","mode":"bus","arr":["E6","M44","M50"],"angle":47.4}},{"type":"Feature","geometry":{"type":"Point","coordinates":[21.211065,45.777764]},"properties":{"lines":"E6, M44, M50","color":"#0059a9","mode":"bus","arr":["E6","M44","M50"],"angle":74.6}},{"type":"Feature","geometry":{"type":"Point","coordinates":[21.189375,45.794059]},"properties":{"lines":"E6, M44, M50","color":"#0059a9","mode":"bus","arr":["E6","M44","M50"],"angle":46.9,"extra":1,"ei":0}},{"type":"Feature","geometry":{"type":"Point","coordinates":[21.191256,45.792701]},"properties":{"lines":"E6, M44, M50","color":"#0059a9","mode":"bus","arr":["E6","M44","M50"],"angle":45.9,"extra":1,"ei":1}},{"type":"Feature","geometry":{"type":"Point","coordinates":[21.193107,45.791323]},"properties":{"lines":"E6, M44, M50","color":"#0059a9","mode":"bus","arr":["E6","M44","M50"],"angle":47.5,"extra":1,"ei":2}},{"type":"Feature","geometry":{"type":"Point","coordinates":[21.194974,45.789956]},"properties":{"lines":"E6, M44, M50","color":"#0059a9","mode":"bus","arr":["E6","M44","M50"],"angle":46.8,"extra":1,"ei":3}},{"type":"Feature","geometry":{"type":"Point","coordinates":[21.196826,45.788579]},"properties":{"lines":"E6, M44, M50","color":"#0059a9","mode":"bus","arr":["E6","M44","M50"],"angle":46.8,"extra":1,"ei":4}},{"type":"Feature","geometry":{"type":"Point","coordinates":[21.202336,45.784418]},"properties":{"lines":"E6, M44, M50","color":"#0059a9","mode":"bus","arr":["E6","M44","M50"],"angle":46.5,"extra":1,"ei":5}},{"type":"Feature","geometry":{"type":"Point","coordinates":[21.204162,45.783025]},"properties":{"lines":"E6, M44, M50","color":"#0059a9","mode":"bus","arr":["E6","M44","M50"],"angle":48.8,"extra":1,"ei":6}},{"type":"Feature","geometry":{"type":"Point","coordinates":[21.205967,45.781618]},"properties":{"lines":"E6, M44, M50","color":"#0059a9","mode":"bus","arr":["E6","M44","M50"],"angle":48,"extra":1,"ei":7}},{"type":"Feature","geometry":{"type":"Point","coordinates":[21.207788,45.780221]},"properties":{"lines":"E6, M44, M50","color":"#0059a9","mode":"bus","arr":["E6","M44","M50"],"angle":47.5,"extra":1,"ei":8}},{"type":"Feature","geometry":{"type":"Point","coordinates":[21.209607,45.778823]},"properties":{"lines":"E6, M44, M50","color":"#0059a9","mode":"bus","arr":["E6","M44","M50"],"angle":48.3,"extra":1,"ei":9}},{"type":"Feature","geometry":{"type":"Point","coordinates":[21.187558,45.794391]},"properties":{"lines":"E6","color":"#0059a9","mode":"bus","arr":["E6"],"angle":-51.8,"side":-1}},{"type":"Feature","geometry":{"type":"Point","coordinates":[21.186644,45.794707]},"properties":{"lines":"E6","color":"#0059a9","mode":"bus","arr":["E6"],"angle":-12.2,"mi":2}},{"type":"Feature","geometry":{"type":"Point","coordinates":[21.186876,45.793969]},"properties":{"lines":"E6","color":"#0059a9","mode":"bus","arr":["E6"],"angle":-42,"mi":1}},{"type":"Feature","geometry":{"type":"Point","coordinates":[21.225101,45.747969]},"properties":{"lines":"E7","color":"#0059a9","mode":"bus","arr":["E7"],"angle":19.9,"side":-1,"mi":1}},{"type":"Feature","geometry":{"type":"Point","coordinates":[21.220258,45.749217]},"properties":{"lines":"E7","color":"#0059a9","mode":"bus","arr":["E7"],"angle":15.3,"side":-1}},{"type":"Feature","geometry":{"type":"Point","coordinates":[21.194847,45.735565]},"properties":{"lines":"E7, M36","color":"#0059a9","mode":"bus","arr":["E7","M36"],"angle":-43,"mi":1}},{"type":"Feature","geometry":{"type":"Point","coordinates":[21.196579,45.736656]},"properties":{"lines":"E7, M36","color":"#0059a9","mode":"bus","arr":["E7","M36"],"angle":-30.1,"extra":1,"ei":0}},{"type":"Feature","geometry":{"type":"Point","coordinates":[21.192587,45.734109]},"properties":{"lines":"E7, M36","color":"#0059a9","mode":"bus","arr":["E7","M36"],"angle":-40.8,"extra":1,"ei":1}},{"type":"Feature","geometry":{"type":"Point","coordinates":[21.18654,45.730154]},"properties":{"lines":"E7, M36","color":"#0059a9","mode":"bus","arr":["E7","M36"],"angle":-43.6}},{"type":"Feature","geometry":{"type":"Point","coordinates":[21.191142,45.73318]},"properties":{"lines":"E7, M36","color":"#0059a9","mode":"bus","arr":["E7","M36"],"angle":-43.5,"extra":1,"ei":0}},{"type":"Feature","geometry":{"type":"Point","coordinates":[21.189166,45.73189]},"properties":{"lines":"E7, M36","color":"#0059a9","mode":"bus","arr":["E7","M36"],"angle":-43.3,"extra":1,"ei":1}},{"type":"Feature","geometry":{"type":"Point","coordinates":[21.185223,45.729303]},"properties":{"lines":"E7, M36","color":"#0059a9","mode":"bus","arr":["E7","M36"],"angle":-43.6,"extra":1,"ei":2}},{"type":"Feature","geometry":{"type":"Point","coordinates":[21.183263,45.728001]},"properties":{"lines":"E7, M36","color":"#0059a9","mode":"bus","arr":["E7","M36"],"angle":-43.9,"extra":1,"ei":3}},{"type":"Feature","geometry":{"type":"Point","coordinates":[21.18093,45.727081]},"properties":{"lines":"E7, M36","color":"#0059a9","mode":"bus","arr":["E7","M36"],"angle":-20.3,"extra":1,"ei":4}},{"type":"Feature","geometry":{"type":"Point","coordinates":[21.155783,45.720397]},"properties":{"lines":"E7, M36","color":"#0059a9","mode":"bus","arr":["E7","M36"],"angle":-20.9}},{"type":"Feature","geometry":{"type":"Point","coordinates":[21.163188,45.722332]},"properties":{"lines":"E7, M36","color":"#0059a9","mode":"bus","arr":["E7","M36"],"angle":-26,"mi":1}},{"type":"Feature","geometry":{"type":"Point","coordinates":[21.149245,45.718868]},"properties":{"lines":"E7, M36","color":"#0059a9","mode":"bus","arr":["E7","M36"],"angle":-16,"extra":1,"ei":0}},{"type":"Feature","geometry":{"type":"Point","coordinates":[21.151838,45.71941]},"properties":{"lines":"E7, M36","color":"#0059a9","mode":"bus","arr":["E7","M36"],"angle":-17.1,"extra":1,"ei":1}},{"type":"Feature","geometry":{"type":"Point","coordinates":[21.159442,45.72139]},"properties":{"lines":"E7, M36","color":"#0059a9","mode":"bus","arr":["E7","M36"],"angle":-21.2,"extra":1,"ei":2}},{"type":"Feature","geometry":{"type":"Point","coordinates":[21.142809,45.717486]},"properties":{"lines":"M36","color":"#0059a9","mode":"bus","arr":["M36"],"angle":-17.1}},{"type":"Feature","geometry":{"type":"Point","coordinates":[21.146654,45.718324]},"properties":{"lines":"M36","color":"#0059a9","mode":"bus","arr":["M36"],"angle":-17.8,"extra":1,"ei":0}},{"type":"Feature","geometry":{"type":"Point","coordinates":[21.138879,45.716696]},"properties":{"lines":"M36","color":"#0059a9","mode":"bus","arr":["M36"],"angle":-15.6,"extra":1,"ei":1}},{"type":"Feature","geometry":{"type":"Point","coordinates":[21.200115,45.720787]},"properties":{"lines":"E8","color":"#0059a9","mode":"bus","arr":["E8"],"angle":70.9,"mi":1}},{"type":"Feature","geometry":{"type":"Point","coordinates":[21.203964,45.721069]},"properties":{"lines":"E8","color":"#0059a9","mode":"bus","arr":["E8"],"angle":-21.5}},{"type":"Feature","geometry":{"type":"Point","coordinates":[21.20172,45.720459]},"properties":{"lines":"E8","color":"#0059a9","mode":"bus","arr":["E8"],"angle":-21,"extra":1,"ei":0}},{"type":"Feature","geometry":{"type":"Point","coordinates":[21.20677,45.721818]},"properties":{"lines":"E8","color":"#0059a9","mode":"bus","arr":["E8"],"angle":-20.3,"extra":1,"ei":1}},{"type":"Feature","geometry":{"type":"Point","coordinates":[21.205976,45.724599]},"properties":{"lines":"E8","color":"#0059a9","mode":"bus","arr":["E8"],"angle":67.5,"mi":2}},{"type":"Feature","geometry":{"type":"Point","coordinates":[21.206984,45.722879]},"properties":{"lines":"E8","color":"#0059a9","mode":"bus","arr":["E8"],"angle":68.8,"extra":1,"ei":0}},{"type":"Feature","geometry":{"type":"Point","coordinates":[21.204971,45.726385]},"properties":{"lines":"E8","color":"#0059a9","mode":"bus","arr":["E8"],"angle":69.2,"extra":1,"ei":1}},{"type":"Feature","geometry":{"type":"Point","coordinates":[21.220619,45.739681]},"properties":{"lines":"E8","color":"#0059a9","mode":"bus","arr":["E8"],"angle":-24.5,"mi":2}},{"type":"Feature","geometry":{"type":"Point","coordinates":[21.217219,45.738839]},"properties":{"lines":"E8","color":"#0059a9","mode":"bus","arr":["E8"],"angle":-18.9,"extra":1,"ei":0}},{"type":"Feature","geometry":{"type":"Point","coordinates":[21.222193,45.740295]},"properties":{"lines":"E8","color":"#0059a9","mode":"bus","arr":["E8"],"angle":-29.6,"extra":1,"ei":1}},{"type":"Feature","geometry":{"type":"Point","coordinates":[21.224618,45.741131]},"properties":{"lines":"E8","color":"#0059a9","mode":"bus","arr":["E8"],"angle":-24.5,"extra":1,"ei":2}},{"type":"Feature","geometry":{"type":"Point","coordinates":[21.225876,45.741706]},"properties":{"lines":"E8","color":"#0059a9","mode":"bus","arr":["E8"],"angle":-64.6}},{"type":"Feature","geometry":{"type":"Point","coordinates":[21.225525,45.745034]},"properties":{"lines":"E8","color":"#0059a9","mode":"bus","arr":["E8"],"angle":84,"side":-1,"mi":1}},{"type":"Feature","geometry":{"type":"Point","coordinates":[21.225922,45.743189]},"properties":{"lines":"E8","color":"#0059a9","mode":"bus","arr":["E8"],"angle":84.2,"extra":1,"ei":0}},{"type":"Feature","geometry":{"type":"Point","coordinates":[21.225419,45.746948]},"properties":{"lines":"E8","color":"#0059a9","mode":"bus","arr":["E8"],"angle":-89.4,"extra":1,"ei":1,"side":-1}},{"type":"Feature","geometry":{"type":"Point","coordinates":[21.277286,45.752166]},"properties":{"lines":"E8","color":"#0059a9","mode":"bus","arr":["E8"],"angle":68.9}},{"type":"Feature","geometry":{"type":"Point","coordinates":[21.278134,45.750627]},"properties":{"lines":"E8","color":"#0059a9","mode":"bus","arr":["E8"],"angle":69,"extra":1,"ei":0}},{"type":"Feature","geometry":{"type":"Point","coordinates":[21.276191,45.754153]},"properties":{"lines":"E8","color":"#0059a9","mode":"bus","arr":["E8"],"angle":69.3,"extra":1,"ei":1}},{"type":"Feature","geometry":{"type":"Point","coordinates":[21.303356,45.768452]},"properties":{"lines":"M11","color":"#149a3f","mode":"bus","arr":["M11"],"angle":77.2,"mi":2}},{"type":"Feature","geometry":{"type":"Point","coordinates":[21.301803,45.773305]},"properties":{"lines":"M11","color":"#149a3f","mode":"bus","arr":["M11"],"angle":77.8,"mi":4}},{"type":"Feature","geometry":{"type":"Point","coordinates":[21.301342,45.774798]},"properties":{"lines":"M11","color":"#149a3f","mode":"bus","arr":["M11"],"angle":72.5,"extra":1,"ei":0}},{"type":"Feature","geometry":{"type":"Point","coordinates":[21.302515,45.771111]},"properties":{"lines":"M11","color":"#149a3f","mode":"bus","arr":["M11"],"angle":77.7,"extra":1,"ei":1}},{"type":"Feature","geometry":{"type":"Point","coordinates":[21.304056,45.766286]},"properties":{"lines":"M11","color":"#149a3f","mode":"bus","arr":["M11"],"angle":77.6,"extra":1,"ei":0}},{"type":"Feature","geometry":{"type":"Point","coordinates":[21.303356,45.768452]},"properties":{"lines":"M30","color":"#0059a9","mode":"bus","arr":["M30"],"angle":77.2}},{"type":"Feature","geometry":{"type":"Point","coordinates":[21.304432,45.764764]},"properties":{"lines":"M30","color":"#0059a9","mode":"bus","arr":["M30"],"angle":-88,"mi":1}},{"type":"Feature","geometry":{"type":"Point","coordinates":[21.305022,45.762569]},"properties":{"lines":"M30","color":"#0059a9","mode":"bus","arr":["M30"],"angle":52.1,"mi":3}},{"type":"Feature","geometry":{"type":"Point","coordinates":[21.302873,45.769971]},"properties":{"lines":"M30","color":"#0059a9","mode":"bus","arr":["M30"],"angle":77.7,"extra":1,"ei":0}},{"type":"Feature","geometry":{"type":"Point","coordinates":[21.304056,45.766286]},"properties":{"lines":"M30","color":"#0059a9","mode":"bus","arr":["M30"],"angle":77.6,"extra":1,"ei":1}},{"type":"Feature","geometry":{"type":"Point","coordinates":[21.298966,45.765279]},"properties":{"lines":"M11","color":"#149a3f","mode":"bus","arr":["M11"],"angle":-10.5}},{"type":"Feature","geometry":{"type":"Point","coordinates":[21.302817,45.765815]},"properties":{"lines":"M11","color":"#149a3f","mode":"bus","arr":["M11"],"angle":-12.1,"extra":1,"ei":0}},{"type":"Feature","geometry":{"type":"Point","coordinates":[21.294946,45.764463]},"properties":{"lines":"M11","color":"#149a3f","mode":"bus","arr":["M11"],"angle":-18.9,"extra":1,"ei":1}},{"type":"Feature","geometry":{"type":"Point","coordinates":[21.293798,45.763739]},"properties":{"lines":"M11","color":"#149a3f","mode":"bus","arr":["M11"],"angle":-51.8,"mi":1}},{"type":"Feature","geometry":{"type":"Point","coordinates":[21.289228,45.763539]},"properties":{"lines":"M11","color":"#149a3f","mode":"bus","arr":["M11"],"angle":1.7,"mi":3}},{"type":"Feature","geometry":{"type":"Point","coordinates":[21.291842,45.763483]},"properties":{"lines":"M11","color":"#149a3f","mode":"bus","arr":["M11"],"angle":2.1,"extra":1,"ei":0}},{"type":"Feature","geometry":{"type":"Point","coordinates":[21.286432,45.763598]},"properties":{"lines":"M11","color":"#149a3f","mode":"bus","arr":["M11"],"angle":2,"extra":1,"ei":1}},{"type":"Feature","geometry":{"type":"Point","coordinates":[21.298822,45.763304]},"properties":{"lines":"M29","color":"#0059a9","mode":"bus","arr":["M29"],"angle":2.4}},{"type":"Feature","geometry":{"type":"Point","coordinates":[21.289228,45.763539]},"properties":{"lines":"M29","color":"#0059a9","mode":"bus","arr":["M29"],"angle":1.7,"mi":2}},{"type":"Feature","geometry":{"type":"Point","coordinates":[21.291842,45.763483]},"properties":{"lines":"M29","color":"#0059a9","mode":"bus","arr":["M29"],"angle":2.1,"extra":1,"ei":0}},{"type":"Feature","geometry":{"type":"Point","coordinates":[21.286432,45.763598]},"properties":{"lines":"M29","color":"#0059a9","mode":"bus","arr":["M29"],"angle":2,"extra":1,"ei":1}},{"type":"Feature","geometry":{"type":"Point","coordinates":[21.294546,45.763411]},"properties":{"lines":"M29","color":"#0059a9","mode":"bus","arr":["M29"],"angle":1.5,"extra":1,"ei":0}},{"type":"Feature","geometry":{"type":"Point","coordinates":[21.302659,45.763198]},"properties":{"lines":"M29","color":"#0059a9","mode":"bus","arr":["M29"],"angle":2.6,"extra":1,"ei":1}},{"type":"Feature","geometry":{"type":"Point","coordinates":[21.298822,45.763304]},"properties":{"lines":"M30","color":"#0059a9","mode":"bus","arr":["M30"],"angle":2.4,"mi":2}},{"type":"Feature","geometry":{"type":"Point","coordinates":[21.289228,45.763539]},"properties":{"lines":"M30","color":"#0059a9","mode":"bus","arr":["M30"],"angle":1.7,"mi":6}},{"type":"Feature","geometry":{"type":"Point","coordinates":[21.291842,45.763483]},"properties":{"lines":"M30","color":"#0059a9","mode":"bus","arr":["M30"],"angle":2.1,"extra":1,"ei":0}},{"type":"Feature","geometry":{"type":"Point","coordinates":[21.286432,45.763598]},"properties":{"lines":"M30","color":"#0059a9","mode":"bus","arr":["M30"],"angle":2,"extra":1,"ei":1}},{"type":"Feature","geometry":{"type":"Point","coordinates":[21.294546,45.763411]},"properties":{"lines":"M30","color":"#0059a9","mode":"bus","arr":["M30"],"angle":1.5,"extra":1,"ei":0}},{"type":"Feature","geometry":{"type":"Point","coordinates":[21.302659,45.763198]},"properties":{"lines":"M30","color":"#0059a9","mode":"bus","arr":["M30"],"angle":2.6,"extra":1,"ei":1}},{"type":"Feature","geometry":{"type":"Point","coordinates":[21.276188,45.763824]},"properties":{"lines":"M11","color":"#149a3f","mode":"bus","arr":["M11"],"angle":0.6,"mi":3}},{"type":"Feature","geometry":{"type":"Point","coordinates":[21.28391,45.763665]},"properties":{"lines":"M11","color":"#149a3f","mode":"bus","arr":["M11"],"angle":1.6,"extra":1,"ei":0}},{"type":"Feature","geometry":{"type":"Point","coordinates":[21.281205,45.763719]},"properties":{"lines":"M11","color":"#149a3f","mode":"bus","arr":["M11"],"angle":1.6,"extra":1,"ei":1}},{"type":"Feature","geometry":{"type":"Point","coordinates":[21.2785,45.763768]},"properties":{"lines":"M11","color":"#149a3f","mode":"bus","arr":["M11"],"angle":1.8,"extra":1,"ei":2}},{"type":"Feature","geometry":{"type":"Point","coordinates":[21.273115,45.763715]},"properties":{"lines":"M11","color":"#149a3f","mode":"bus","arr":["M11"],"angle":1.6,"extra":1,"ei":3}},{"type":"Feature","geometry":{"type":"Point","coordinates":[21.27041,45.763765]},"properties":{"lines":"M11","color":"#149a3f","mode":"bus","arr":["M11"],"angle":1.3,"extra":1,"ei":4}},{"type":"Feature","geometry":{"type":"Point","coordinates":[21.267706,45.76384]},"properties":{"lines":"M11","color":"#149a3f","mode":"bus","arr":["M11"],"angle":1.9,"extra":1,"ei":5}},{"type":"Feature","geometry":{"type":"Point","coordinates":[21.276188,45.763824]},"properties":{"lines":"M29","color":"#0059a9","mode":"bus","arr":["M29"],"angle":0.6}},{"type":"Feature","geometry":{"type":"Point","coordinates":[21.264959,45.763894]},"properties":{"lines":"M29","color":"#0059a9","mode":"bus","arr":["M29"],"angle":3.1,"mi":1}},{"type":"Feature","geometry":{"type":"Point","coordinates":[21.28391,45.763665]},"properties":{"lines":"M29","color":"#0059a9","mode":"bus","arr":["M29"],"angle":1.6,"extra":1,"ei":0}},{"type":"Feature","geometry":{"type":"Point","coordinates":[21.281205,45.763719]},"properties":{"lines":"M29","color":"#0059a9","mode":"bus","arr":["M29"],"angle":1.6,"extra":1,"ei":1}},{"type":"Feature","geometry":{"type":"Point","coordinates":[21.2785,45.763768]},"properties":{"lines":"M29","color":"#0059a9","mode":"bus","arr":["M29"],"angle":1.8,"extra":1,"ei":2}},{"type":"Feature","geometry":{"type":"Point","coordinates":[21.273115,45.763715]},"properties":{"lines":"M29","color":"#0059a9","mode":"bus","arr":["M29"],"angle":1.6,"extra":1,"ei":3}},{"type":"Feature","geometry":{"type":"Point","coordinates":[21.27041,45.763765]},"properties":{"lines":"M29","color":"#0059a9","mode":"bus","arr":["M29"],"angle":1.3,"extra":1,"ei":4}},{"type":"Feature","geometry":{"type":"Point","coordinates":[21.267706,45.76384]},"properties":{"lines":"M29","color":"#0059a9","mode":"bus","arr":["M29"],"angle":1.9,"extra":1,"ei":5}},{"type":"Feature","geometry":{"type":"Point","coordinates":[21.276188,45.763824]},"properties":{"lines":"M30","color":"#0059a9","mode":"bus","arr":["M30"],"angle":0.6}},{"type":"Feature","geometry":{"type":"Point","coordinates":[21.264959,45.763894]},"properties":{"lines":"M30","color":"#0059a9","mode":"bus","arr":["M30"],"angle":3.1,"mi":1}},{"type":"Feature","geometry":{"type":"Point","coordinates":[21.28391,45.763665]},"properties":{"lines":"M30","color":"#0059a9","mode":"bus","arr":["M30"],"angle":1.6,"extra":1,"ei":0}},{"type":"Feature","geometry":{"type":"Point","coordinates":[21.281205,45.763719]},"properties":{"lines":"M30","color":"#0059a9","mode":"bus","arr":["M30"],"angle":1.6,"extra":1,"ei":1}},{"type":"Feature","geometry":{"type":"Point","coordinates":[21.2785,45.763768]},"properties":{"lines":"M30","color":"#0059a9","mode":"bus","arr":["M30"],"angle":1.8,"extra":1,"ei":2}},{"type":"Feature","geometry":{"type":"Point","coordinates":[21.273115,45.763715]},"properties":{"lines":"M30","color":"#0059a9","mode":"bus","arr":["M30"],"angle":1.6,"extra":1,"ei":3}},{"type":"Feature","geometry":{"type":"Point","coordinates":[21.27041,45.763765]},"properties":{"lines":"M30","color":"#0059a9","mode":"bus","arr":["M30"],"angle":1.3,"extra":1,"ei":4}},{"type":"Feature","geometry":{"type":"Point","coordinates":[21.267706,45.76384]},"properties":{"lines":"M30","color":"#0059a9","mode":"bus","arr":["M30"],"angle":1.9,"extra":1,"ei":5}},{"type":"Feature","geometry":{"type":"Point","coordinates":[21.267172,45.764562]},"properties":{"lines":"M11","color":"#149a3f","mode":"bus","arr":["M11"],"angle":-88.1,"mi":1}},{"type":"Feature","geometry":{"type":"Point","coordinates":[21.268029,45.765258]},"properties":{"lines":"M11","color":"#149a3f","mode":"bus","arr":["M11"],"angle":1.6}},{"type":"Feature","geometry":{"type":"Point","coordinates":[21.268616,45.76713]},"properties":{"lines":"M11","color":"#149a3f","mode":"bus","arr":["M11"],"angle":84.7,"mi":2}},{"type":"Feature","geometry":{"type":"Point","coordinates":[21.235589,45.78231]},"properties":{"lines":"M14","color":"#149a3f","mode":"bus","arr":["M14"],"angle":-75.1,"mi":2}},{"type":"Feature","geometry":{"type":"Point","coordinates":[21.235589,45.78231]},"properties":{"lines":"M49","color":"#0059a9","mode":"bus","arr":["M49"],"angle":-75.1,"mi":2}},{"type":"Feature","geometry":{"type":"Point","coordinates":[21.237543,45.788403]},"properties":{"lines":"M14","color":"#149a3f","mode":"bus","arr":["M14"],"angle":-77.6}},{"type":"Feature","geometry":{"type":"Point","coordinates":[21.236436,45.784655]},"properties":{"lines":"M14","color":"#149a3f","mode":"bus","arr":["M14"],"angle":-77.7,"mi":1}},{"type":"Feature","geometry":{"type":"Point","coordinates":[21.236977,45.786345]},"properties":{"lines":"M14","color":"#149a3f","mode":"bus","arr":["M14"],"angle":-79.3,"extra":1,"ei":0,"side":-1}},{"type":"Feature","geometry":{"type":"Point","coordinates":[21.238195,45.790024]},"properties":{"lines":"M14","color":"#149a3f","mode":"bus","arr":["M14"],"angle":-74,"extra":1,"ei":1,"side":-1}},{"type":"Feature","geometry":{"type":"Point","coordinates":[21.237543,45.788403]},"properties":{"lines":"M49","color":"#0059a9","mode":"bus","arr":["M49"],"angle":-77.6}},{"type":"Feature","geometry":{"type":"Point","coordinates":[21.236436,45.784655]},"properties":{"lines":"M49","color":"#0059a9","mode":"bus","arr":["M49"],"angle":-77.7,"mi":1}},{"type":"Feature","geometry":{"type":"Point","coordinates":[21.236977,45.786345]},"properties":{"lines":"M49","color":"#0059a9","mode":"bus","arr":["M49"],"angle":-79.3,"extra":1,"ei":0,"side":-1}},{"type":"Feature","geometry":{"type":"Point","coordinates":[21.238195,45.790024]},"properties":{"lines":"M49","color":"#0059a9","mode":"bus","arr":["M49"],"angle":-74,"extra":1,"ei":1,"side":-1}},{"type":"Feature","geometry":{"type":"Point","coordinates":[21.250499,45.803036]},"properties":{"lines":"M14","color":"#149a3f","mode":"bus","arr":["M14"],"angle":-49.1}},{"type":"Feature","geometry":{"type":"Point","coordinates":[21.240392,45.795107]},"properties":{"lines":"M14","color":"#149a3f","mode":"bus","arr":["M14"],"angle":-71,"mi":3}},{"type":"Feature","geometry":{"type":"Point","coordinates":[21.239157,45.792224]},"properties":{"lines":"M14","color":"#149a3f","mode":"bus","arr":["M14"],"angle":-72.4,"extra":1,"ei":0,"side":-1}},{"type":"Feature","geometry":{"type":"Point","coordinates":[21.242731,45.797197]},"properties":{"lines":"M14","color":"#149a3f","mode":"bus","arr":["M14"],"angle":-46.2,"extra":1,"ei":1,"side":-1}},{"type":"Feature","geometry":{"type":"Point","coordinates":[21.25567,45.807278]},"properties":{"lines":"M14","color":"#149a3f","mode":"bus","arr":["M14"],"angle":-50.4,"extra":1,"ei":0,"side":-1}},{"type":"Feature","geometry":{"type":"Point","coordinates":[21.253955,45.805818]},"properties":{"lines":"M14","color":"#149a3f","mode":"bus","arr":["M14"],"angle":-50.8,"extra":1,"ei":1,"side":-1}},{"type":"Feature","geometry":{"type":"Point","coordinates":[21.252222,45.804367]},"properties":{"lines":"M14","color":"#149a3f","mode":"bus","arr":["M14"],"angle":-49.8,"extra":1,"ei":2,"side":-1}},{"type":"Feature","geometry":{"type":"Point","coordinates":[21.248639,45.801537]},"properties":{"lines":"M14","color":"#149a3f","mode":"bus","arr":["M14"],"angle":-47.4,"extra":1,"ei":3,"side":-1}},{"type":"Feature","geometry":{"type":"Point","coordinates":[21.246772,45.800195]},"properties":{"lines":"M14","color":"#149a3f","mode":"bus","arr":["M14"],"angle":-46.5,"extra":1,"ei":0}},{"type":"Feature","geometry":{"type":"Point","coordinates":[21.244911,45.798824]},"properties":{"lines":"M14","color":"#149a3f","mode":"bus","arr":["M14"],"angle":-46.6,"extra":1,"ei":1}},{"type":"Feature","geometry":{"type":"Point","coordinates":[21.250499,45.803036]},"properties":{"lines":"M49","color":"#0059a9","mode":"bus","arr":["M49"],"angle":-49.1}},{"type":"Feature","geometry":{"type":"Point","coordinates":[21.240392,45.795107]},"properties":{"lines":"M49","color":"#0059a9","mode":"bus","arr":["M49"],"angle":-71,"mi":3}},{"type":"Feature","geometry":{"type":"Point","coordinates":[21.239157,45.792224]},"properties":{"lines":"M49","color":"#0059a9","mode":"bus","arr":["M49"],"angle":-72.4,"extra":1,"ei":0,"side":-1}},{"type":"Feature","geometry":{"type":"Point","coordinates":[21.242731,45.797197]},"properties":{"lines":"M49","color":"#0059a9","mode":"bus","arr":["M49"],"angle":-46.2,"extra":1,"ei":1,"side":-1}},{"type":"Feature","geometry":{"type":"Point","coordinates":[21.25567,45.807278]},"properties":{"lines":"M49","color":"#0059a9","mode":"bus","arr":["M49"],"angle":-50.4,"extra":1,"ei":0,"side":-1}},{"type":"Feature","geometry":{"type":"Point","coordinates":[21.253955,45.805818]},"properties":{"lines":"M49","color":"#0059a9","mode":"bus","arr":["M49"],"angle":-50.8,"extra":1,"ei":1,"side":-1}},{"type":"Feature","geometry":{"type":"Point","coordinates":[21.252222,45.804367]},"properties":{"lines":"M49","color":"#0059a9","mode":"bus","arr":["M49"],"angle":-49.8,"extra":1,"ei":2,"side":-1}},{"type":"Feature","geometry":{"type":"Point","coordinates":[21.248639,45.801537]},"properties":{"lines":"M49","color":"#0059a9","mode":"bus","arr":["M49"],"angle":-47.4,"extra":1,"ei":3,"side":-1}},{"type":"Feature","geometry":{"type":"Point","coordinates":[21.246772,45.800195]},"properties":{"lines":"M49","color":"#0059a9","mode":"bus","arr":["M49"],"angle":-46.5,"extra":1,"ei":0}},{"type":"Feature","geometry":{"type":"Point","coordinates":[21.244911,45.798824]},"properties":{"lines":"M49","color":"#0059a9","mode":"bus","arr":["M49"],"angle":-46.6,"extra":1,"ei":1}},{"type":"Feature","geometry":{"type":"Point","coordinates":[21.259361,45.810585]},"properties":{"lines":"M14","color":"#149a3f","mode":"bus","arr":["M14"],"angle":-52.1}},{"type":"Feature","geometry":{"type":"Point","coordinates":[21.261143,45.812186]},"properties":{"lines":"M14","color":"#149a3f","mode":"bus","arr":["M14"],"angle":-52.2,"extra":1,"ei":0}},{"type":"Feature","geometry":{"type":"Point","coordinates":[21.257819,45.809205]},"properties":{"lines":"M14","color":"#149a3f","mode":"bus","arr":["M14"],"angle":-52,"extra":1,"ei":1}},{"type":"Feature","geometry":{"type":"Point","coordinates":[21.259361,45.810585]},"properties":{"lines":"M49","color":"#0059a9","mode":"bus","arr":["M49"],"angle":-52.1,"mi":1}},{"type":"Feature","geometry":{"type":"Point","coordinates":[21.262365,45.813532]},"properties":{"lines":"M49","color":"#0059a9","mode":"bus","arr":["M49"],"angle":19.7}},{"type":"Feature","geometry":{"type":"Point","coordinates":[21.261143,45.812186]},"properties":{"lines":"M49","color":"#0059a9","mode":"bus","arr":["M49"],"angle":-52.2,"extra":1,"ei":0}},{"type":"Feature","geometry":{"type":"Point","coordinates":[21.257819,45.809205]},"properties":{"lines":"M49","color":"#0059a9","mode":"bus","arr":["M49"],"angle":-52,"extra":1,"ei":1}},{"type":"Feature","geometry":{"type":"Point","coordinates":[21.284789,45.725519]},"properties":{"lines":"M22","color":"#0059a9","mode":"bus","arr":["M22"],"angle":12.8,"mi":12}},{"type":"Feature","geometry":{"type":"Point","coordinates":[21.284789,45.725519]},"properties":{"lines":"M23","color":"#0059a9","mode":"bus","arr":["M23"],"angle":12.8,"mi":5}},{"type":"Feature","geometry":{"type":"Point","coordinates":[21.284789,45.725519]},"properties":{"lines":"M24","color":"#0059a9","mode":"bus","arr":["M24"],"angle":12.8,"mi":7}},{"type":"Feature","geometry":{"type":"Point","coordinates":[21.305201,45.722054]},"properties":{"lines":"M22","color":"#0059a9","mode":"bus","arr":["M22"],"angle":13.3,"mi":2}},{"type":"Feature","geometry":{"type":"Point","coordinates":[21.322193,45.719096]},"properties":{"lines":"M22","color":"#0059a9","mode":"bus","arr":["M22"],"angle":13.4,"mi":7}},{"type":"Feature","geometry":{"type":"Point","coordinates":[21.290658,45.724572]},"properties":{"lines":"M22","color":"#0059a9","mode":"bus","arr":["M22"],"angle":14.7,"mi":10}},{"type":"Feature","geometry":{"type":"Point","coordinates":[21.297069,45.723411]},"properties":{"lines":"M22","color":"#0059a9","mode":"bus","arr":["M22"],"angle":13.5,"mi":6}},{"type":"Feature","geometry":{"type":"Point","coordinates":[21.312942,45.720727]},"properties":{"lines":"M22","color":"#0059a9","mode":"bus","arr":["M22"],"angle":13.5,"mi":1}},{"type":"Feature","geometry":{"type":"Point","coordinates":[21.316773,45.720065]},"properties":{"lines":"M22","color":"#0059a9","mode":"bus","arr":["M22"],"angle":14.4,"mi":4}},{"type":"Feature","geometry":{"type":"Point","coordinates":[21.288456,45.724894]},"properties":{"lines":"M22","color":"#0059a9","mode":"bus","arr":["M22"],"angle":12.6,"extra":1,"ei":0,"side":-1}},{"type":"Feature","geometry":{"type":"Point","coordinates":[21.2937,45.723958]},"properties":{"lines":"M22","color":"#0059a9","mode":"bus","arr":["M22"],"angle":18.9,"extra":1,"ei":1,"side":-1}},{"type":"Feature","geometry":{"type":"Point","coordinates":[21.32479,45.718658]},"properties":{"lines":"M22","color":"#0059a9","mode":"bus","arr":["M22"],"angle":14,"extra":1,"ei":0}},{"type":"Feature","geometry":{"type":"Point","coordinates":[21.319543,45.719585]},"properties":{"lines":"M22","color":"#0059a9","mode":"bus","arr":["M22"],"angle":14.8,"extra":1,"ei":1}},{"type":"Feature","geometry":{"type":"Point","coordinates":[21.311303,45.72101]},"properties":{"lines":"M22","color":"#0059a9","mode":"bus","arr":["M22"],"angle":13.9,"extra":1,"ei":0}},{"type":"Feature","geometry":{"type":"Point","coordinates":[21.309051,45.721403]},"properties":{"lines":"M22","color":"#0059a9","mode":"bus","arr":["M22"],"angle":13.5,"extra":1,"ei":0}},{"type":"Feature","geometry":{"type":"Point","coordinates":[21.301159,45.722734]},"properties":{"lines":"M22","color":"#0059a9","mode":"bus","arr":["M22"],"angle":13.6,"extra":1,"ei":1}},{"type":"Feature","geometry":{"type":"Point","coordinates":[21.305181,45.721993]},"properties":{"lines":"M23","color":"#0059a9","mode":"bus","arr":["M23"],"angle":13.4,"side":-1}},{"type":"Feature","geometry":{"type":"Point","coordinates":[21.322157,45.719032]},"properties":{"lines":"M23","color":"#0059a9","mode":"bus","arr":["M23"],"angle":13.8,"side":-1,"mi":7}},{"type":"Feature","geometry":{"type":"Point","coordinates":[21.290647,45.724514]},"properties":{"lines":"M23","color":"#0059a9","mode":"bus","arr":["M23"],"angle":14.2,"side":-1,"mi":3}},{"type":"Feature","geometry":{"type":"Point","coordinates":[21.297057,45.723354]},"properties":{"lines":"M23","color":"#0059a9","mode":"bus","arr":["M23"],"angle":13.6,"side":-1,"mi":1}},{"type":"Feature","geometry":{"type":"Point","coordinates":[21.312913,45.720668]},"properties":{"lines":"M23","color":"#0059a9","mode":"bus","arr":["M23"],"angle":13.8,"side":-1,"mi":2}},{"type":"Feature","geometry":{"type":"Point","coordinates":[21.316755,45.719995]},"properties":{"lines":"M23","color":"#0059a9","mode":"bus","arr":["M23"],"angle":13.8,"side":-1,"mi":4}},{"type":"Feature","geometry":{"type":"Point","coordinates":[21.288456,45.724894]},"properties":{"lines":"M23","color":"#0059a9","mode":"bus","arr":["M23"],"angle":12.6,"extra":1,"ei":0,"side":-1}},{"type":"Feature","geometry":{"type":"Point","coordinates":[21.2937,45.723958]},"properties":{"lines":"M23","color":"#0059a9","mode":"bus","arr":["M23"],"angle":18.9,"extra":1,"ei":1,"side":-1}},{"type":"Feature","geometry":{"type":"Point","coordinates":[21.301321,45.722641]},"properties":{"lines":"M23","color":"#0059a9","mode":"bus","arr":["M23"],"angle":13.5,"extra":1,"ei":0,"side":-1}},{"type":"Feature","geometry":{"type":"Point","coordinates":[21.309209,45.7213]},"properties":{"lines":"M23","color":"#0059a9","mode":"bus","arr":["M23"],"angle":14.1,"extra":1,"ei":1,"side":-1}},{"type":"Feature","geometry":{"type":"Point","coordinates":[21.314577,45.720377]},"properties":{"lines":"M23","color":"#0059a9","mode":"bus","arr":["M23"],"angle":16.7,"extra":1,"ei":0,"side":-1}},{"type":"Feature","geometry":{"type":"Point","coordinates":[21.319555,45.719487]},"properties":{"lines":"M23","color":"#0059a9","mode":"bus","arr":["M23"],"angle":13.6,"extra":1,"ei":0,"side":-1}},{"type":"Feature","geometry":{"type":"Point","coordinates":[21.324802,45.718559]},"properties":{"lines":"M23","color":"#0059a9","mode":"bus","arr":["M23"],"angle":14.4,"extra":1,"ei":1,"side":-1}},{"type":"Feature","geometry":{"type":"Point","coordinates":[21.305181,45.721993]},"properties":{"lines":"M24","color":"#0059a9","mode":"bus","arr":["M24"],"angle":13.4,"side":-1}},{"type":"Feature","geometry":{"type":"Point","coordinates":[21.330571,45.717621]},"properties":{"lines":"M24","color":"#0059a9","mode":"bus","arr":["M24"],"angle":14.5,"mi":6}},{"type":"Feature","geometry":{"type":"Point","coordinates":[21.322157,45.719032]},"properties":{"lines":"M24","color":"#0059a9","mode":"bus","arr":["M24"],"angle":13.8,"side":-1,"mi":4}},{"type":"Feature","geometry":{"type":"Point","coordinates":[21.290647,45.724514]},"properties":{"lines":"M24","color":"#0059a9","mode":"bus","arr":["M24"],"angle":14.2,"side":-1,"mi":5}},{"type":"Feature","geometry":{"type":"Point","coordinates":[21.297057,45.723354]},"properties":{"lines":"M24","color":"#0059a9","mode":"bus","arr":["M24"],"angle":13.6,"side":-1,"mi":3}},{"type":"Feature","geometry":{"type":"Point","coordinates":[21.312913,45.720668]},"properties":{"lines":"M24","color":"#0059a9","mode":"bus","arr":["M24"],"angle":13.8,"side":-1,"mi":1}},{"type":"Feature","geometry":{"type":"Point","coordinates":[21.316755,45.719995]},"properties":{"lines":"M24","color":"#0059a9","mode":"bus","arr":["M24"],"angle":13.8,"side":-1,"mi":2}},{"type":"Feature","geometry":{"type":"Point","coordinates":[21.335785,45.716681]},"properties":{"lines":"M24","color":"#0059a9","mode":"bus","arr":["M24"],"angle":14.8,"mi":9}},{"type":"Feature","geometry":{"type":"Point","coordinates":[21.288456,45.724894]},"properties":{"lines":"M24","color":"#0059a9","mode":"bus","arr":["M24"],"angle":12.6,"extra":1,"ei":0,"side":-1}},{"type":"Feature","geometry":{"type":"Point","coordinates":[21.2937,45.723958]},"properties":{"lines":"M24","color":"#0059a9","mode":"bus","arr":["M24"],"angle":18.9,"extra":1,"ei":1,"side":-1}},{"type":"Feature","geometry":{"type":"Point","coordinates":[21.301321,45.722641]},"properties":{"lines":"M24","color":"#0059a9","mode":"bus","arr":["M24"],"angle":13.5,"extra":1,"ei":0,"side":-1}},{"type":"Feature","geometry":{"type":"Point","coordinates":[21.309209,45.7213]},"properties":{"lines":"M24","color":"#0059a9","mode":"bus","arr":["M24"],"angle":14.1,"extra":1,"ei":1,"side":-1}},{"type":"Feature","geometry":{"type":"Point","coordinates":[21.314577,45.720377]},"properties":{"lines":"M24","color":"#0059a9","mode":"bus","arr":["M24"],"angle":16.7,"extra":1,"ei":0,"side":-1}},{"type":"Feature","geometry":{"type":"Point","coordinates":[21.319555,45.719487]},"properties":{"lines":"M24","color":"#0059a9","mode":"bus","arr":["M24"],"angle":13.6,"extra":1,"ei":0,"side":-1}},{"type":"Feature","geometry":{"type":"Point","coordinates":[21.324802,45.718559]},"properties":{"lines":"M24","color":"#0059a9","mode":"bus","arr":["M24"],"angle":14.4,"extra":1,"ei":1,"side":-1}},{"type":"Feature","geometry":{"type":"Point","coordinates":[21.327635,45.71807]},"properties":{"lines":"M24","color":"#0059a9","mode":"bus","arr":["M24"],"angle":14,"extra":1,"ei":0,"side":-1}},{"type":"Feature","geometry":{"type":"Point","coordinates":[21.332885,45.717151]},"properties":{"lines":"M24","color":"#0059a9","mode":"bus","arr":["M24"],"angle":14.9,"extra":1,"ei":1,"side":-1}},{"type":"Feature","geometry":{"type":"Point","coordinates":[21.301426,45.727224]},"properties":{"lines":"M22","color":"#0059a9","mode":"bus","arr":["M22"],"angle":-76.4,"mi":3}},{"type":"Feature","geometry":{"type":"Point","coordinates":[21.300272,45.723904]},"properties":{"lines":"M22","color":"#0059a9","mode":"bus","arr":["M22"],"angle":-76.4,"extra":1,"ei":0}},{"type":"Feature","geometry":{"type":"Point","coordinates":[21.300908,45.72574]},"properties":{"lines":"M22","color":"#0059a9","mode":"bus","arr":["M22"],"angle":-76.2,"extra":1,"ei":1}},{"type":"Feature","geometry":{"type":"Point","coordinates":[21.302182,45.729411]},"properties":{"lines":"M22","color":"#0059a9","mode":"bus","arr":["M22"],"angle":-76.5,"extra":1,"ei":2}},{"type":"Feature","geometry":{"type":"Point","coordinates":[21.30277,45.731254]},"properties":{"lines":"M22","color":"#0059a9","mode":"bus","arr":["M22"],"angle":-73.2,"extra":1,"ei":3}},{"type":"Feature","geometry":{"type":"Point","coordinates":[21.308473,45.732196]},"properties":{"lines":"M22","color":"#0059a9","mode":"bus","arr":["M22"],"angle":-19.6}},{"type":"Feature","geometry":{"type":"Point","coordinates":[21.316672,45.734291]},"properties":{"lines":"M22","color":"#0059a9","mode":"bus","arr":["M22"],"angle":-21.1,"mi":5}},{"type":"Feature","geometry":{"type":"Point","coordinates":[21.303921,45.731024]},"properties":{"lines":"M22","color":"#0059a9","mode":"bus","arr":["M22"],"angle":-17.7,"extra":1,"ei":0}},{"type":"Feature","geometry":{"type":"Point","coordinates":[21.306464,45.73167]},"properties":{"lines":"M22","color":"#0059a9","mode":"bus","arr":["M22"],"angle":-20.9,"extra":1,"ei":1}},{"type":"Feature","geometry":{"type":"Point","coordinates":[21.311542,45.732978]},"properties":{"lines":"M22","color":"#0059a9","mode":"bus","arr":["M22"],"angle":-20.2,"extra":1,"ei":2}},{"type":"Feature","geometry":{"type":"Point","coordinates":[21.314092,45.733595]},"properties":{"lines":"M22","color":"#0059a9","mode":"bus","arr":["M22"],"angle":-15.8,"extra":1,"ei":3}},{"type":"Feature","geometry":{"type":"Point","coordinates":[21.318325,45.734714]},"properties":{"lines":"M22","color":"#0059a9","mode":"bus","arr":["M22"],"angle":-18.4,"extra":1,"ei":0}},{"type":"Feature","geometry":{"type":"Point","coordinates":[21.324401,45.736393]},"properties":{"lines":"M22","color":"#0059a9","mode":"bus","arr":["M22"],"angle":-22.9,"mi":9}},{"type":"Feature","geometry":{"type":"Point","coordinates":[21.328685,45.737655]},"properties":{"lines":"M22","color":"#0059a9","mode":"bus","arr":["M22"],"angle":-22.9,"extra":1,"ei":0}},{"type":"Feature","geometry":{"type":"Point","coordinates":[21.326193,45.736918]},"properties":{"lines":"M22","color":"#0059a9","mode":"bus","arr":["M22"],"angle":-22.7,"extra":1,"ei":1}},{"type":"Feature","geometry":{"type":"Point","coordinates":[21.321193,45.735471]},"properties":{"lines":"M22","color":"#0059a9","mode":"bus","arr":["M22"],"angle":-21.8,"extra":1,"ei":2}},{"type":"Feature","geometry":{"type":"Point","coordinates":[21.333146,45.734545]},"properties":{"lines":"M22","color":"#0059a9","mode":"bus","arr":["M22"],"angle":67.7,"mi":11}},{"type":"Feature","geometry":{"type":"Point","coordinates":[21.33142,45.737446]},"properties":{"lines":"M22","color":"#0059a9","mode":"bus","arr":["M22"],"angle":66.9,"extra":1,"ei":0}},{"type":"Feature","geometry":{"type":"Point","coordinates":[21.332462,45.735704]},"properties":{"lines":"M22","color":"#0059a9","mode":"bus","arr":["M22"],"angle":67.2,"extra":1,"ei":1}},{"type":"Feature","geometry":{"type":"Point","coordinates":[21.334595,45.732232]},"properties":{"lines":"M22","color":"#0059a9","mode":"bus","arr":["M22"],"angle":67.7,"extra":1,"ei":2}},{"type":"Feature","geometry":{"type":"Point","coordinates":[21.330301,45.724905]},"properties":{"lines":"M22","color":"#0059a9","mode":"bus","arr":["M22"],"angle":-67.5,"mi":8}},{"type":"Feature","geometry":{"type":"Point","coordinates":[21.326832,45.719317]},"properties":{"lines":"M22","color":"#0059a9","mode":"bus","arr":["M22"],"angle":-66.5,"extra":1,"ei":0}},{"type":"Feature","geometry":{"type":"Point","coordinates":[21.327909,45.72105]},"properties":{"lines":"M22","color":"#0059a9","mode":"bus","arr":["M22"],"angle":-66.3,"extra":1,"ei":1}},{"type":"Feature","geometry":{"type":"Point","coordinates":[21.329016,45.722772]},"properties":{"lines":"M22","color":"#0059a9","mode":"bus","arr":["M22"],"angle":-64.4,"extra":1,"ei":2}},{"type":"Feature","geometry":{"type":"Point","coordinates":[21.331156,45.726241]},"properties":{"lines":"M22","color":"#0059a9","mode":"bus","arr":["M22"],"angle":-64.7,"extra":1,"ei":3}},{"type":"Feature","geometry":{"type":"Point","coordinates":[21.33233,45.72794]},"properties":{"lines":"M22","color":"#0059a9","mode":"bus","arr":["M22"],"angle":-56.7,"extra":1,"ei":4}},{"type":"Feature","geometry":{"type":"Point","coordinates":[21.334097,45.729368]},"properties":{"lines":"M22","color":"#0059a9","mode":"bus","arr":["M22"],"angle":-47.6,"extra":1,"ei":5}},{"type":"Feature","geometry":{"type":"Point","coordinates":[21.31953,45.707613]},"properties":{"lines":"M23","color":"#0059a9","mode":"bus","arr":["M23"],"angle":-66.5}},{"type":"Feature","geometry":{"type":"Point","coordinates":[21.325648,45.717385]},"properties":{"lines":"M23","color":"#0059a9","mode":"bus","arr":["M23"],"angle":-66.6,"extra":1,"ei":0}},{"type":"Feature","geometry":{"type":"Point","coordinates":[21.324571,45.715653]},"properties":{"lines":"M23","color":"#0059a9","mode":"bus","arr":["M23"],"angle":-65.7,"extra":1,"ei":1}},{"type":"Feature","geometry":{"type":"Point","coordinates":[21.323492,45.713921]},"properties":{"lines":"M23","color":"#0059a9","mode":"bus","arr":["M23"],"angle":-66.8,"extra":1,"ei":2}},{"type":"Feature","geometry":{"type":"Point","coordinates":[21.322404,45.712192]},"properties":{"lines":"M23","color":"#0059a9","mode":"bus","arr":["M23"],"angle":-66.2,"extra":1,"ei":3}},{"type":"Feature","geometry":{"type":"Point","coordinates":[21.321314,45.710463]},"properties":{"lines":"M23","color":"#0059a9","mode":"bus","arr":["M23"],"angle":-66.5,"extra":1,"ei":4}},{"type":"Feature","geometry":{"type":"Point","coordinates":[21.320231,45.708732]},"properties":{"lines":"M23","color":"#0059a9","mode":"bus","arr":["M23"],"angle":-66.4,"extra":1,"ei":5}},{"type":"Feature","geometry":{"type":"Point","coordinates":[21.318054,45.705274]},"properties":{"lines":"M23","color":"#0059a9","mode":"bus","arr":["M23"],"angle":-66.7,"extra":1,"ei":6}},{"type":"Feature","geometry":{"type":"Point","coordinates":[21.316985,45.703539]},"properties":{"lines":"M23","color":"#0059a9","mode":"bus","arr":["M23"],"angle":-65.9,"extra":1,"ei":7}},{"type":"Feature","geometry":{"type":"Point","coordinates":[21.315882,45.701815]},"properties":{"lines":"M23","color":"#0059a9","mode":"bus","arr":["M23"],"angle":-66.2,"extra":1,"ei":8}},{"type":"Feature","geometry":{"type":"Point","coordinates":[21.314803,45.700083]},"properties":{"lines":"M23","color":"#0059a9","mode":"bus","arr":["M23"],"angle":-66.9,"extra":1,"ei":9}},{"type":"Feature","geometry":{"type":"Point","coordinates":[21.313719,45.698353]},"properties":{"lines":"M23","color":"#0059a9","mode":"bus","arr":["M23"],"angle":-66.9,"extra":1,"ei":10}},{"type":"Feature","geometry":{"type":"Point","coordinates":[21.31953,45.707613]},"properties":{"lines":"M24","color":"#0059a9","mode":"bus","arr":["M24"],"angle":-66.5}},{"type":"Feature","geometry":{"type":"Point","coordinates":[21.325648,45.717385]},"properties":{"lines":"M24","color":"#0059a9","mode":"bus","arr":["M24"],"angle":-66.6,"extra":1,"ei":0}},{"type":"Feature","geometry":{"type":"Point","coordinates":[21.324571,45.715653]},"properties":{"lines":"M24","color":"#0059a9","mode":"bus","arr":["M24"],"angle":-65.7,"extra":1,"ei":1}},{"type":"Feature","geometry":{"type":"Point","coordinates":[21.323492,45.713921]},"properties":{"lines":"M24","color":"#0059a9","mode":"bus","arr":["M24"],"angle":-66.8,"extra":1,"ei":2}},{"type":"Feature","geometry":{"type":"Point","coordinates":[21.322404,45.712192]},"properties":{"lines":"M24","color":"#0059a9","mode":"bus","arr":["M24"],"angle":-66.2,"extra":1,"ei":3}},{"type":"Feature","geometry":{"type":"Point","coordinates":[21.321314,45.710463]},"properties":{"lines":"M24","color":"#0059a9","mode":"bus","arr":["M24"],"angle":-66.5,"extra":1,"ei":4}},{"type":"Feature","geometry":{"type":"Point","coordinates":[21.320231,45.708732]},"properties":{"lines":"M24","color":"#0059a9","mode":"bus","arr":["M24"],"angle":-66.4,"extra":1,"ei":5}},{"type":"Feature","geometry":{"type":"Point","coordinates":[21.318054,45.705274]},"properties":{"lines":"M24","color":"#0059a9","mode":"bus","arr":["M24"],"angle":-66.7,"extra":1,"ei":6}},{"type":"Feature","geometry":{"type":"Point","coordinates":[21.316985,45.703539]},"properties":{"lines":"M24","color":"#0059a9","mode":"bus","arr":["M24"],"angle":-65.9,"extra":1,"ei":7}},{"type":"Feature","geometry":{"type":"Point","coordinates":[21.315882,45.701815]},"properties":{"lines":"M24","color":"#0059a9","mode":"bus","arr":["M24"],"angle":-66.2,"extra":1,"ei":8}},{"type":"Feature","geometry":{"type":"Point","coordinates":[21.314803,45.700083]},"properties":{"lines":"M24","color":"#0059a9","mode":"bus","arr":["M24"],"angle":-66.9,"extra":1,"ei":9}},{"type":"Feature","geometry":{"type":"Point","coordinates":[21.313719,45.698353]},"properties":{"lines":"M24","color":"#0059a9","mode":"bus","arr":["M24"],"angle":-66.9,"extra":1,"ei":10}},{"type":"Feature","geometry":{"type":"Point","coordinates":[21.309388,45.696181]},"properties":{"lines":"M23","color":"#0059a9","mode":"bus","arr":["M23"],"angle":-22.6,"mi":3}},{"type":"Feature","geometry":{"type":"Point","coordinates":[21.307375,45.695402]},"properties":{"lines":"M23","color":"#0059a9","mode":"bus","arr":["M23"],"angle":-31.9,"extra":1,"ei":0}},{"type":"Feature","geometry":{"type":"Point","coordinates":[21.312293,45.696908]},"properties":{"lines":"M23","color":"#0059a9","mode":"bus","arr":["M23"],"angle":-4.2,"extra":1,"ei":1}},{"type":"Feature","geometry":{"type":"Point","coordinates":[21.309388,45.696181]},"properties":{"lines":"M24","color":"#0059a9","mode":"bus","arr":["M24"],"angle":-22.6,"mi":3}},{"type":"Feature","geometry":{"type":"Point","coordinates":[21.307375,45.695402]},"properties":{"lines":"M24","color":"#0059a9","mode":"bus","arr":["M24"],"angle":-31.9,"extra":1,"ei":0}},{"type":"Feature","geometry":{"type":"Point","coordinates":[21.312293,45.696908]},"properties":{"lines":"M24","color":"#0059a9","mode":"bus","arr":["M24"],"angle":-4.2,"extra":1,"ei":1}},{"type":"Feature","geometry":{"type":"Point","coordinates":[21.307057,45.693625]},"properties":{"lines":"M23","color":"#0059a9","mode":"bus","arr":["M23"],"angle":64.9}},{"type":"Feature","geometry":{"type":"Point","coordinates":[21.307907,45.692375]},"properties":{"lines":"M23","color":"#0059a9","mode":"bus","arr":["M23"],"angle":63.2,"extra":1,"ei":0}},{"type":"Feature","geometry":{"type":"Point","coordinates":[21.307057,45.693625]},"properties":{"lines":"M24","color":"#0059a9","mode":"bus","arr":["M24"],"angle":64.9}},{"type":"Feature","geometry":{"type":"Point","coordinates":[21.307907,45.692375]},"properties":{"lines":"M24","color":"#0059a9","mode":"bus","arr":["M24"],"angle":63.2,"extra":1,"ei":0}},{"type":"Feature","geometry":{"type":"Point","coordinates":[21.305367,45.691444]},"properties":{"lines":"M23","color":"#0059a9","mode":"bus","arr":["M23"],"angle":-25.4,"mi":1}},{"type":"Feature","geometry":{"type":"Point","coordinates":[21.305367,45.691444]},"properties":{"lines":"M24","color":"#0059a9","mode":"bus","arr":["M24"],"angle":-25.4,"mi":1}},{"type":"Feature","geometry":{"type":"Point","coordinates":[21.301009,45.693254]},"properties":{"lines":"M23","color":"#0059a9","mode":"bus","arr":["M23"],"angle":56.3,"mi":2}},{"type":"Feature","geometry":{"type":"Point","coordinates":[21.302192,45.691458]},"properties":{"lines":"M23","color":"#0059a9","mode":"bus","arr":["M23"],"angle":65,"extra":1,"ei":0}},{"type":"Feature","geometry":{"type":"Point","coordinates":[21.299759,45.694799]},"properties":{"lines":"M23","color":"#0059a9","mode":"bus","arr":["M23"],"angle":63.3,"extra":1,"ei":1}},{"type":"Feature","geometry":{"type":"Point","coordinates":[21.301009,45.693254]},"properties":{"lines":"M24","color":"#0059a9","mode":"bus","arr":["M24"],"angle":56.3,"mi":2}},{"type":"Feature","geometry":{"type":"Point","coordinates":[21.302192,45.691458]},"properties":{"lines":"M24","color":"#0059a9","mode":"bus","arr":["M24"],"angle":65,"extra":1,"ei":0}},{"type":"Feature","geometry":{"type":"Point","coordinates":[21.299759,45.694799]},"properties":{"lines":"M24","color":"#0059a9","mode":"bus","arr":["M24"],"angle":63.3,"extra":1,"ei":1}},{"type":"Feature","geometry":{"type":"Point","coordinates":[21.286992,45.702208]},"properties":{"lines":"M23","color":"#0059a9","mode":"bus","arr":["M23"],"angle":56.3}},{"type":"Feature","geometry":{"type":"Point","coordinates":[21.298463,45.696655]},"properties":{"lines":"M23","color":"#0059a9","mode":"bus","arr":["M23"],"angle":64,"extra":1,"ei":0}},{"type":"Feature","geometry":{"type":"Point","coordinates":[21.296172,45.697536]},"properties":{"lines":"M23","color":"#0059a9","mode":"bus","arr":["M23"],"angle":20.6,"extra":1,"ei":1}},{"type":"Feature","geometry":{"type":"Point","coordinates":[21.293637,45.698197]},"properties":{"lines":"M23","color":"#0059a9","mode":"bus","arr":["M23"],"angle":19.9,"extra":1,"ei":2}},{"type":"Feature","geometry":{"type":"Point","coordinates":[21.291098,45.69885]},"properties":{"lines":"M23","color":"#0059a9","mode":"bus","arr":["M23"],"angle":22.1,"extra":1,"ei":3}},{"type":"Feature","geometry":{"type":"Point","coordinates":[21.289097,45.700023]},"properties":{"lines":"M23","color":"#0059a9","mode":"bus","arr":["M23"],"angle":55.9,"extra":1,"ei":4}},{"type":"Feature","geometry":{"type":"Point","coordinates":[21.284567,45.704725]},"properties":{"lines":"M23","color":"#0059a9","mode":"bus","arr":["M23"],"angle":55.6,"extra":1,"ei":5}},{"type":"Feature","geometry":{"type":"Point","coordinates":[21.283067,45.706296]},"properties":{"lines":"M23","color":"#0059a9","mode":"bus","arr":["M23"],"angle":56.8,"extra":1,"ei":6}},{"type":"Feature","geometry":{"type":"Point","coordinates":[21.281583,45.707876]},"properties":{"lines":"M23","color":"#0059a9","mode":"bus","arr":["M23"],"angle":56.8,"extra":1,"ei":7}},{"type":"Feature","geometry":{"type":"Point","coordinates":[21.280078,45.709445]},"properties":{"lines":"M23","color":"#0059a9","mode":"bus","arr":["M23"],"angle":55.4,"extra":1,"ei":8}},{"type":"Feature","geometry":{"type":"Point","coordinates":[21.278557,45.711007]},"properties":{"lines":"M23","color":"#0059a9","mode":"bus","arr":["M23"],"angle":58.2,"extra":1,"ei":9}},{"type":"Feature","geometry":{"type":"Point","coordinates":[21.286992,45.702208]},"properties":{"lines":"M24","color":"#0059a9","mode":"bus","arr":["M24"],"angle":56.3}},{"type":"Feature","geometry":{"type":"Point","coordinates":[21.298463,45.696655]},"properties":{"lines":"M24","color":"#0059a9","mode":"bus","arr":["M24"],"angle":64,"extra":1,"ei":0}},{"type":"Feature","geometry":{"type":"Point","coordinates":[21.296172,45.697536]},"properties":{"lines":"M24","color":"#0059a9","mode":"bus","arr":["M24"],"angle":20.6,"extra":1,"ei":1}},{"type":"Feature","geometry":{"type":"Point","coordinates":[21.293637,45.698197]},"properties":{"lines":"M24","color":"#0059a9","mode":"bus","arr":["M24"],"angle":19.9,"extra":1,"ei":2}},{"type":"Feature","geometry":{"type":"Point","coordinates":[21.291098,45.69885]},"properties":{"lines":"M24","color":"#0059a9","mode":"bus","arr":["M24"],"angle":22.1,"extra":1,"ei":3}},{"type":"Feature","geometry":{"type":"Point","coordinates":[21.289097,45.700023]},"properties":{"lines":"M24","color":"#0059a9","mode":"bus","arr":["M24"],"angle":55.9,"extra":1,"ei":4}},{"type":"Feature","geometry":{"type":"Point","coordinates":[21.284567,45.704725]},"properties":{"lines":"M24","color":"#0059a9","mode":"bus","arr":["M24"],"angle":55.6,"extra":1,"ei":5}},{"type":"Feature","geometry":{"type":"Point","coordinates":[21.283067,45.706296]},"properties":{"lines":"M24","color":"#0059a9","mode":"bus","arr":["M24"],"angle":56.8,"extra":1,"ei":6}},{"type":"Feature","geometry":{"type":"Point","coordinates":[21.281583,45.707876]},"properties":{"lines":"M24","color":"#0059a9","mode":"bus","arr":["M24"],"angle":56.8,"extra":1,"ei":7}},{"type":"Feature","geometry":{"type":"Point","coordinates":[21.280078,45.709445]},"properties":{"lines":"M24","color":"#0059a9","mode":"bus","arr":["M24"],"angle":55.4,"extra":1,"ei":8}},{"type":"Feature","geometry":{"type":"Point","coordinates":[21.278557,45.711007]},"properties":{"lines":"M24","color":"#0059a9","mode":"bus","arr":["M24"],"angle":58.2,"extra":1,"ei":9}},{"type":"Feature","geometry":{"type":"Point","coordinates":[21.282699,45.71833]},"properties":{"lines":"M23","color":"#0059a9","mode":"bus","arr":["M23"],"angle":-65.7,"mi":6}},{"type":"Feature","geometry":{"type":"Point","coordinates":[21.278971,45.712547]},"properties":{"lines":"M23","color":"#0059a9","mode":"bus","arr":["M23"],"angle":-65.9,"extra":1,"ei":0}},{"type":"Feature","geometry":{"type":"Point","coordinates":[21.280075,45.714272]},"properties":{"lines":"M23","color":"#0059a9","mode":"bus","arr":["M23"],"angle":-65.9,"extra":1,"ei":1}},{"type":"Feature","geometry":{"type":"Point","coordinates":[21.281184,45.715994]},"properties":{"lines":"M23","color":"#0059a9","mode":"bus","arr":["M23"],"angle":-65.6,"extra":1,"ei":2}},{"type":"Feature","geometry":{"type":"Point","coordinates":[21.283415,45.719436]},"properties":{"lines":"M23","color":"#0059a9","mode":"bus","arr":["M23"],"angle":-65.7,"extra":1,"ei":3}},{"type":"Feature","geometry":{"type":"Point","coordinates":[21.284505,45.721164]},"properties":{"lines":"M23","color":"#0059a9","mode":"bus","arr":["M23"],"angle":-66.5,"extra":1,"ei":4}},{"type":"Feature","geometry":{"type":"Point","coordinates":[21.285682,45.72286]},"properties":{"lines":"M23","color":"#0059a9","mode":"bus","arr":["M23"],"angle":-68,"extra":1,"ei":5}},{"type":"Feature","geometry":{"type":"Point","coordinates":[21.286689,45.724613]},"properties":{"lines":"M23","color":"#0059a9","mode":"bus","arr":["M23"],"angle":-66.6,"extra":1,"ei":6}},{"type":"Feature","geometry":{"type":"Point","coordinates":[21.282699,45.71833]},"properties":{"lines":"M24","color":"#0059a9","mode":"bus","arr":["M24"],"angle":-65.7,"mi":8}},{"type":"Feature","geometry":{"type":"Point","coordinates":[21.278971,45.712547]},"properties":{"lines":"M24","color":"#0059a9","mode":"bus","arr":["M24"],"angle":-65.9,"extra":1,"ei":0}},{"type":"Feature","geometry":{"type":"Point","coordinates":[21.280075,45.714272]},"properties":{"lines":"M24","color":"#0059a9","mode":"bus","arr":["M24"],"angle":-65.9,"extra":1,"ei":1}},{"type":"Feature","geometry":{"type":"Point","coordinates":[21.281184,45.715994]},"properties":{"lines":"M24","color":"#0059a9","mode":"bus","arr":["M24"],"angle":-65.6,"extra":1,"ei":2}},{"type":"Feature","geometry":{"type":"Point","coordinates":[21.283415,45.719436]},"properties":{"lines":"M24","color":"#0059a9","mode":"bus","arr":["M24"],"angle":-65.7,"extra":1,"ei":3}},{"type":"Feature","geometry":{"type":"Point","coordinates":[21.284505,45.721164]},"properties":{"lines":"M24","color":"#0059a9","mode":"bus","arr":["M24"],"angle":-66.5,"extra":1,"ei":4}},{"type":"Feature","geometry":{"type":"Point","coordinates":[21.285682,45.72286]},"properties":{"lines":"M24","color":"#0059a9","mode":"bus","arr":["M24"],"angle":-68,"extra":1,"ei":5}},{"type":"Feature","geometry":{"type":"Point","coordinates":[21.286689,45.724613]},"properties":{"lines":"M24","color":"#0059a9","mode":"bus","arr":["M24"],"angle":-66.6,"extra":1,"ei":6}},{"type":"Feature","geometry":{"type":"Point","coordinates":[21.258312,45.732327]},"properties":{"lines":"M23","color":"#0059a9","mode":"bus","arr":["M23"],"angle":-55.9}},{"type":"Feature","geometry":{"type":"Point","coordinates":[21.353076,45.713613]},"properties":{"lines":"M24","color":"#0059a9","mode":"bus","arr":["M24"],"angle":14.7}},{"type":"Feature","geometry":{"type":"Point","coordinates":[21.337871,45.716314]},"properties":{"lines":"M24","color":"#0059a9","mode":"bus","arr":["M24"],"angle":13.8,"extra":1,"ei":0}},{"type":"Feature","geometry":{"type":"Point","coordinates":[21.340499,45.715863]},"properties":{"lines":"M24","color":"#0059a9","mode":"bus","arr":["M24"],"angle":13.9,"extra":1,"ei":1}},{"type":"Feature","geometry":{"type":"Point","coordinates":[21.343118,45.715387]},"properties":{"lines":"M24","color":"#0059a9","mode":"bus","arr":["M24"],"angle":15.1,"extra":1,"ei":2}},{"type":"Feature","geometry":{"type":"Point","coordinates":[21.345732,45.714899]},"properties":{"lines":"M24","color":"#0059a9","mode":"bus","arr":["M24"],"angle":13.8,"extra":1,"ei":3}},{"type":"Feature","geometry":{"type":"Point","coordinates":[21.34836,45.714448]},"properties":{"lines":"M24","color":"#0059a9","mode":"bus","arr":["M24"],"angle":14,"extra":1,"ei":4}},{"type":"Feature","geometry":{"type":"Point","coordinates":[21.350985,45.71399]},"properties":{"lines":"M24","color":"#0059a9","mode":"bus","arr":["M24"],"angle":14.3,"extra":1,"ei":5}},{"type":"Feature","geometry":{"type":"Point","coordinates":[21.356225,45.713044]},"properties":{"lines":"M24","color":"#0059a9","mode":"bus","arr":["M24"],"angle":14.2,"extra":1,"ei":6}},{"type":"Feature","geometry":{"type":"Point","coordinates":[21.358836,45.712549]},"properties":{"lines":"M24","color":"#0059a9","mode":"bus","arr":["M24"],"angle":16.3,"extra":1,"ei":7}},{"type":"Feature","geometry":{"type":"Point","coordinates":[21.361463,45.712097]},"properties":{"lines":"M24","color":"#0059a9","mode":"bus","arr":["M24"],"angle":13.5,"extra":1,"ei":8}},{"type":"Feature","geometry":{"type":"Point","coordinates":[21.364087,45.711635]},"properties":{"lines":"M24","color":"#0059a9","mode":"bus","arr":["M24"],"angle":14.4,"extra":1,"ei":9}},{"type":"Feature","geometry":{"type":"Point","coordinates":[21.366705,45.711156]},"properties":{"lines":"M24","color":"#0059a9","mode":"bus","arr":["M24"],"angle":14.8,"extra":1,"ei":10}},{"type":"Feature","geometry":{"type":"Point","coordinates":[21.36931,45.710646]},"properties":{"lines":"M24","color":"#0059a9","mode":"bus","arr":["M24"],"angle":18.6,"extra":1,"ei":11}},{"type":"Feature","geometry":{"type":"Point","coordinates":[21.370282,45.711227]},"properties":{"lines":"M24","color":"#0059a9","mode":"bus","arr":["M24"],"angle":-43.6,"mi":4}},{"type":"Feature","geometry":{"type":"Point","coordinates":[21.371252,45.712974]},"properties":{"lines":"M24","color":"#0059a9","mode":"bus","arr":["M24"],"angle":85.8,"mi":1}},{"type":"Feature","geometry":{"type":"Point","coordinates":[21.372406,45.712815]},"properties":{"lines":"M24","color":"#0059a9","mode":"bus","arr":["M24"],"angle":-4}},{"type":"Feature","geometry":{"type":"Point","coordinates":[21.37346,45.713657]},"properties":{"lines":"M24","color":"#0059a9","mode":"bus","arr":["M24"],"angle":86,"mi":2}},{"type":"Feature","geometry":{"type":"Point","coordinates":[21.372057,45.714378]},"properties":{"lines":"M24","color":"#0059a9","mode":"bus","arr":["M24"],"angle":-3.9,"mi":3}},{"type":"Feature","geometry":{"type":"Point","coordinates":[21.377351,45.779617]},"properties":{"lines":"M27","color":"#0059a9","mode":"bus","arr":["M27"],"angle":-4.5,"mi":1}},{"type":"Feature","geometry":{"type":"Point","coordinates":[21.361408,45.778269]},"properties":{"lines":"M27","color":"#0059a9","mode":"bus","arr":["M27"],"angle":-12,"extra":1,"ei":0}},{"type":"Feature","geometry":{"type":"Point","coordinates":[21.364071,45.778597]},"properties":{"lines":"M27","color":"#0059a9","mode":"bus","arr":["M27"],"angle":-6.7,"extra":1,"ei":1}},{"type":"Feature","geometry":{"type":"Point","coordinates":[21.366762,45.778794]},"properties":{"lines":"M27","color":"#0059a9","mode":"bus","arr":["M27"],"angle":-5.4,"extra":1,"ei":2}},{"type":"Feature","geometry":{"type":"Point","coordinates":[21.369453,45.778992]},"properties":{"lines":"M27","color":"#0059a9","mode":"bus","arr":["M27"],"angle":-6.5,"extra":1,"ei":3}},{"type":"Feature","geometry":{"type":"Point","coordinates":[21.372143,45.779202]},"properties":{"lines":"M27","color":"#0059a9","mode":"bus","arr":["M27"],"angle":-6.3,"extra":1,"ei":4}},{"type":"Feature","geometry":{"type":"Point","coordinates":[21.374832,45.779411]},"properties":{"lines":"M27","color":"#0059a9","mode":"bus","arr":["M27"],"angle":-6.1,"extra":1,"ei":5}},{"type":"Feature","geometry":{"type":"Point","coordinates":[21.380218,45.779773]},"properties":{"lines":"M27","color":"#0059a9","mode":"bus","arr":["M27"],"angle":-3.2,"extra":1,"ei":6}},{"type":"Feature","geometry":{"type":"Point","coordinates":[21.382911,45.779947]},"properties":{"lines":"M27","color":"#0059a9","mode":"bus","arr":["M27"],"angle":-6.8,"extra":1,"ei":7}},{"type":"Feature","geometry":{"type":"Point","coordinates":[21.385454,45.780507]},"properties":{"lines":"M27","color":"#0059a9","mode":"bus","arr":["M27"],"angle":-34.8,"extra":1,"ei":8}},{"type":"Feature","geometry":{"type":"Point","coordinates":[21.387601,45.781656]},"properties":{"lines":"M27","color":"#0059a9","mode":"bus","arr":["M27"],"angle":-37.8,"extra":1,"ei":9}},{"type":"Feature","geometry":{"type":"Point","coordinates":[21.389737,45.782816]},"properties":{"lines":"M27","color":"#0059a9","mode":"bus","arr":["M27"],"angle":-37.6,"extra":1,"ei":10}},{"type":"Feature","geometry":{"type":"Point","coordinates":[21.391882,45.783967]},"properties":{"lines":"M27","color":"#0059a9","mode":"bus","arr":["M27"],"angle":-37,"extra":1,"ei":11}},{"type":"Feature","geometry":{"type":"Point","coordinates":[21.421714,45.845159]},"properties":{"lines":"M27","color":"#0059a9","mode":"bus","arr":["M27"],"angle":81.2,"mi":1}},{"type":"Feature","geometry":{"type":"Point","coordinates":[21.404859,45.810645]},"properties":{"lines":"M27","color":"#0059a9","mode":"bus","arr":["M27"],"angle":-55.6}},{"type":"Feature","geometry":{"type":"Point","coordinates":[21.420248,45.842008]},"properties":{"lines":"M27","color":"#0059a9","mode":"bus","arr":["M27"],"angle":-71.2}},{"type":"Feature","geometry":{"type":"Point","coordinates":[21.3845,45.78935]},"properties":{"lines":"M27","color":"#0059a9","mode":"bus","arr":["M27"],"angle":-55.7,"extra":1,"ei":0}},{"type":"Feature","geometry":{"type":"Point","coordinates":[21.385974,45.790934]},"properties":{"lines":"M27","color":"#0059a9","mode":"bus","arr":["M27"],"angle":-56.9,"extra":1,"ei":1}},{"type":"Feature","geometry":{"type":"Point","coordinates":[21.387465,45.79251]},"properties":{"lines":"M27","color":"#0059a9","mode":"bus","arr":["M27"],"angle":-55.8,"extra":1,"ei":2}},{"type":"Feature","geometry":{"type":"Point","coordinates":[21.388979,45.794075]},"properties":{"lines":"M27","color":"#0059a9","mode":"bus","arr":["M27"],"angle":-55.7,"extra":1,"ei":3}},{"type":"Feature","geometry":{"type":"Point","coordinates":[21.390506,45.795634]},"properties":{"lines":"M27","color":"#0059a9","mode":"bus","arr":["M27"],"angle":-55.5,"extra":1,"ei":4}},{"type":"Feature","geometry":{"type":"Point","coordinates":[21.392031,45.797194]},"properties":{"lines":"M27","color":"#0059a9","mode":"bus","arr":["M27"],"angle":-55.8,"extra":1,"ei":5}},{"type":"Feature","geometry":{"type":"Point","coordinates":[21.393546,45.798759]},"properties":{"lines":"M27","color":"#0059a9","mode":"bus","arr":["M27"],"angle":-56.1,"extra":1,"ei":6}},{"type":"Feature","geometry":{"type":"Point","coordinates":[21.395047,45.800331]},"properties":{"lines":"M27","color":"#0059a9","mode":"bus","arr":["M27"],"angle":-56.6,"extra":1,"ei":7}},{"type":"Feature","geometry":{"type":"Point","coordinates":[21.396533,45.801909]},"properties":{"lines":"M27","color":"#0059a9","mode":"bus","arr":["M27"],"angle":-56.7,"extra":1,"ei":8}},{"type":"Feature","geometry":{"type":"Point","coordinates":[21.398045,45.803473]},"properties":{"lines":"M27","color":"#0059a9","mode":"bus","arr":["M27"],"angle":-47.2,"extra":1,"ei":9}},{"type":"Feature","geometry":{"type":"Point","coordinates":[21.399532,45.804966]},"properties":{"lines":"M27","color":"#0059a9","mode":"bus","arr":["M27"],"angle":-76.6,"extra":1,"ei":10}},{"type":"Feature","geometry":{"type":"Point","coordinates":[21.400774,45.806564]},"properties":{"lines":"M27","color":"#0059a9","mode":"bus","arr":["M27"],"angle":-41.5,"extra":1,"ei":11}},{"type":"Feature","geometry":{"type":"Point","coordinates":[21.402403,45.808062]},"properties":{"lines":"M27","color":"#0059a9","mode":"bus","arr":["M27"],"angle":-56,"extra":1,"ei":12}},{"type":"Feature","geometry":{"type":"Point","coordinates":[21.403907,45.809632]},"properties":{"lines":"M27","color":"#0059a9","mode":"bus","arr":["M27"],"angle":-57.4,"extra":1,"ei":13}},{"type":"Feature","geometry":{"type":"Point","coordinates":[21.406852,45.812801]},"properties":{"lines":"M27","color":"#0059a9","mode":"bus","arr":["M27"],"angle":-56.5,"extra":1,"ei":14}},{"type":"Feature","geometry":{"type":"Point","coordinates":[21.40798,45.814506]},"properties":{"lines":"M27","color":"#0059a9","mode":"bus","arr":["M27"],"angle":-69.5,"extra":1,"ei":15}},{"type":"Feature","geometry":{"type":"Point","coordinates":[21.408917,45.816278]},"properties":{"lines":"M27","color":"#0059a9","mode":"bus","arr":["M27"],"angle":-69.6,"extra":1,"ei":16}},{"type":"Feature","geometry":{"type":"Point","coordinates":[21.409853,45.81805]},"properties":{"lines":"M27","color":"#0059a9","mode":"bus","arr":["M27"],"angle":-70.2,"extra":1,"ei":17}},{"type":"Feature","geometry":{"type":"Point","coordinates":[21.410768,45.819827]},"properties":{"lines":"M27","color":"#0059a9","mode":"bus","arr":["M27"],"angle":-69.9,"extra":1,"ei":18}},{"type":"Feature","geometry":{"type":"Point","coordinates":[21.411686,45.821604]},"properties":{"lines":"M27","color":"#0059a9","mode":"bus","arr":["M27"],"angle":-69.9,"extra":1,"ei":19}},{"type":"Feature","geometry":{"type":"Point","coordinates":[21.412608,45.823379]},"properties":{"lines":"M27","color":"#0059a9","mode":"bus","arr":["M27"],"angle":-70.8,"extra":1,"ei":20}},{"type":"Feature","geometry":{"type":"Point","coordinates":[21.413504,45.825161]},"properties":{"lines":"M27","color":"#0059a9","mode":"bus","arr":["M27"],"angle":-70.5,"extra":1,"ei":21}},{"type":"Feature","geometry":{"type":"Point","coordinates":[21.414152,45.82697]},"properties":{"lines":"M27","color":"#0059a9","mode":"bus","arr":["M27"],"angle":80.6,"extra":1,"ei":22}},{"type":"Feature","geometry":{"type":"Point","coordinates":[21.413447,45.828793]},"properties":{"lines":"M27","color":"#0059a9","mode":"bus","arr":["M27"],"angle":74.3,"extra":1,"ei":23}},{"type":"Feature","geometry":{"type":"Point","coordinates":[21.412745,45.830616]},"properties":{"lines":"M27","color":"#0059a9","mode":"bus","arr":["M27"],"angle":75.7,"extra":1,"ei":24}},{"type":"Feature","geometry":{"type":"Point","coordinates":[21.412656,45.832461]},"properties":{"lines":"M27","color":"#0059a9","mode":"bus","arr":["M27"],"angle":-68.7,"extra":1,"ei":25}},{"type":"Feature","geometry":{"type":"Point","coordinates":[21.413583,45.834226]},"properties":{"lines":"M27","color":"#0059a9","mode":"bus","arr":["M27"],"angle":-86.4,"extra":1,"ei":26}},{"type":"Feature","geometry":{"type":"Point","coordinates":[21.419103,45.839505]},"properties":{"lines":"M27","color":"#0059a9","mode":"bus","arr":["M27"],"angle":-72.1,"extra":1,"ei":0}},{"type":"Feature","geometry":{"type":"Point","coordinates":[21.421153,45.844801]},"properties":{"lines":"M27","color":"#0059a9","mode":"bus","arr":["M27"],"angle":62.9,"extra":1,"ei":1}},{"type":"Feature","geometry":{"type":"Point","coordinates":[21.380333,45.784698]},"properties":{"lines":"M27","color":"#0059a9","mode":"bus","arr":["M27"],"angle":85.4}},{"type":"Feature","geometry":{"type":"Point","coordinates":[21.383058,45.787859]},"properties":{"lines":"M27","color":"#0059a9","mode":"bus","arr":["M27"],"angle":-54.7,"extra":1,"ei":0}},{"type":"Feature","geometry":{"type":"Point","coordinates":[21.381506,45.786312]},"properties":{"lines":"M27","color":"#0059a9","mode":"bus","arr":["M27"],"angle":-54.7,"extra":1,"ei":1}},{"type":"Feature","geometry":{"type":"Point","coordinates":[21.380591,45.782795]},"properties":{"lines":"M27","color":"#0059a9","mode":"bus","arr":["M27"],"angle":85.7,"extra":1,"ei":2}},{"type":"Feature","geometry":{"type":"Point","coordinates":[21.380799,45.780912]},"properties":{"lines":"M27","color":"#0059a9","mode":"bus","arr":["M27"],"angle":85.4,"extra":1,"ei":3}},{"type":"Feature","geometry":{"type":"Point","coordinates":[21.416424,45.836916]},"properties":{"lines":"M27","color":"#0059a9","mode":"bus","arr":["M27"],"angle":-15.2,"mi":2}},{"type":"Feature","geometry":{"type":"Point","coordinates":[21.418543,45.837671]},"properties":{"lines":"M27","color":"#0059a9","mode":"bus","arr":["M27"],"angle":-88.5,"extra":1,"ei":0}},{"type":"Feature","geometry":{"type":"Point","coordinates":[21.413736,45.836413]},"properties":{"lines":"M27","color":"#0059a9","mode":"bus","arr":["M27"],"angle":-27.3,"extra":1,"ei":1}},{"type":"Feature","geometry":{"type":"Point","coordinates":[21.305022,45.762569]},"properties":{"lines":"M29","color":"#0059a9","mode":"bus","arr":["M29"],"angle":52.1,"mi":1}},{"type":"Feature","geometry":{"type":"Point","coordinates":[21.305234,45.771279]},"properties":{"lines":"M30","color":"#0059a9","mode":"bus","arr":["M30"],"angle":-11.9,"mi":4}},{"type":"Feature","geometry":{"type":"Point","coordinates":[21.307173,45.773865]},"properties":{"lines":"M30","color":"#0059a9","mode":"bus","arr":["M30"],"angle":80.3,"mi":5}},{"type":"Feature","geometry":{"type":"Point","coordinates":[21.307572,45.772566]},"properties":{"lines":"M30","color":"#0059a9","mode":"bus","arr":["M30"],"angle":76.7,"extra":1,"ei":0}},{"type":"Feature","geometry":{"type":"Point","coordinates":[21.260183,45.771943]},"properties":{"lines":"M35","color":"#0059a9","mode":"bus","arr":["M35"],"angle":69.6,"mi":3}},{"type":"Feature","geometry":{"type":"Point","coordinates":[21.265392,45.776775]},"properties":{"lines":"M35","color":"#0059a9","mode":"bus","arr":["M35"],"angle":-34.8,"mi":1}},{"type":"Feature","geometry":{"type":"Point","coordinates":[21.268684,45.776477]},"properties":{"lines":"M35","color":"#0059a9","mode":"bus","arr":["M35"],"angle":69.7}},{"type":"Feature","geometry":{"type":"Point","coordinates":[21.272865,45.774316]},"properties":{"lines":"M35","color":"#0059a9","mode":"bus","arr":["M35"],"angle":-46.3,"mi":2}},{"type":"Feature","geometry":{"type":"Point","coordinates":[21.268746,45.774313]},"properties":{"lines":"M35","color":"#0059a9","mode":"bus","arr":["M35"],"angle":25.2,"extra":1,"ei":0}},{"type":"Feature","geometry":{"type":"Point","coordinates":[21.271198,45.77352]},"properties":{"lines":"M35","color":"#0059a9","mode":"bus","arr":["M35"],"angle":5.9,"extra":1,"ei":1}},{"type":"Feature","geometry":{"type":"Point","coordinates":[21.274643,45.77626]},"properties":{"lines":"M35","color":"#0059a9","mode":"bus","arr":["M35"],"angle":-64,"extra":1,"ei":2}},{"type":"Feature","geometry":{"type":"Point","coordinates":[21.275856,45.777826]},"properties":{"lines":"M35","color":"#0059a9","mode":"bus","arr":["M35"],"angle":-11.6,"extra":1,"ei":3}},{"type":"Feature","geometry":{"type":"Point","coordinates":[21.284007,45.788761]},"properties":{"lines":"M35","color":"#0059a9","mode":"bus","arr":["M35"],"angle":-63.2}},{"type":"Feature","geometry":{"type":"Point","coordinates":[21.276568,45.778529]},"properties":{"lines":"M35","color":"#0059a9","mode":"bus","arr":["M35"],"angle":-65.4,"extra":1,"ei":0}},{"type":"Feature","geometry":{"type":"Point","coordinates":[21.277782,45.780217]},"properties":{"lines":"M35","color":"#0059a9","mode":"bus","arr":["M35"],"angle":-63.4,"extra":1,"ei":1}},{"type":"Feature","geometry":{"type":"Point","coordinates":[21.279015,45.781898]},"properties":{"lines":"M35","color":"#0059a9","mode":"bus","arr":["M35"],"angle":-63.1,"extra":1,"ei":2}},{"type":"Feature","geometry":{"type":"Point","coordinates":[21.280243,45.783581]},"properties":{"lines":"M35","color":"#0059a9","mode":"bus","arr":["M35"],"angle":-63,"extra":1,"ei":3}},{"type":"Feature","geometry":{"type":"Point","coordinates":[21.281467,45.785265]},"properties":{"lines":"M35","color":"#0059a9","mode":"bus","arr":["M35"],"angle":-63.2,"extra":1,"ei":4}},{"type":"Feature","geometry":{"type":"Point","coordinates":[21.282694,45.786949]},"properties":{"lines":"M35","color":"#0059a9","mode":"bus","arr":["M35"],"angle":-63.1,"extra":1,"ei":5}},{"type":"Feature","geometry":{"type":"Point","coordinates":[21.285137,45.790319]},"properties":{"lines":"M35","color":"#0059a9","mode":"bus","arr":["M35"],"angle":-63.2,"extra":1,"ei":6}},{"type":"Feature","geometry":{"type":"Point","coordinates":[21.286357,45.792005]},"properties":{"lines":"M35","color":"#0059a9","mode":"bus","arr":["M35"],"angle":-63.2,"extra":1,"ei":7}},{"type":"Feature","geometry":{"type":"Point","coordinates":[21.287577,45.793691]},"properties":{"lines":"M35","color":"#0059a9","mode":"bus","arr":["M35"],"angle":-63.2,"extra":1,"ei":8}},{"type":"Feature","geometry":{"type":"Point","coordinates":[21.288795,45.795377]},"properties":{"lines":"M35","color":"#0059a9","mode":"bus","arr":["M35"],"angle":-63.5,"extra":1,"ei":9}},{"type":"Feature","geometry":{"type":"Point","coordinates":[21.290029,45.797058]},"properties":{"lines":"M35","color":"#0059a9","mode":"bus","arr":["M35"],"angle":-61.8,"extra":1,"ei":10}},{"type":"Feature","geometry":{"type":"Point","coordinates":[21.291376,45.798688]},"properties":{"lines":"M35","color":"#0059a9","mode":"bus","arr":["M35"],"angle":-49.5,"extra":1,"ei":11}},{"type":"Feature","geometry":{"type":"Point","coordinates":[21.289117,45.801837]},"properties":{"lines":"M35","color":"#0059a9","mode":"bus","arr":["M35"],"angle":45.3,"mi":3}},{"type":"Feature","geometry":{"type":"Point","coordinates":[21.291558,45.800273]},"properties":{"lines":"M35","color":"#0059a9","mode":"bus","arr":["M35"],"angle":40.8,"extra":1,"ei":0}},{"type":"Feature","geometry":{"type":"Point","coordinates":[21.287572,45.802827]},"properties":{"lines":"M35","color":"#0059a9","mode":"bus","arr":["M35"],"angle":41.3,"extra":1,"ei":1}},{"type":"Feature","geometry":{"type":"Point","coordinates":[21.287345,45.806981]},"properties":{"lines":"M35","color":"#0059a9","mode":"bus","arr":["M35"],"angle":-68.7,"mi":5}},{"type":"Feature","geometry":{"type":"Point","coordinates":[21.286131,45.804906]},"properties":{"lines":"M35","color":"#0059a9","mode":"bus","arr":["M35"],"angle":-69.5,"extra":1,"ei":0}},{"type":"Feature","geometry":{"type":"Point","coordinates":[21.288089,45.808424]},"properties":{"lines":"M35","color":"#0059a9","mode":"bus","arr":["M35"],"angle":-67.4,"extra":1,"ei":1}},{"type":"Feature","geometry":{"type":"Point","coordinates":[21.297936,45.803684]},"properties":{"lines":"M35","color":"#0059a9","mode":"bus","arr":["M35"],"angle":43.1,"mi":1}},{"type":"Feature","geometry":{"type":"Point","coordinates":[21.290388,45.808619]},"properties":{"lines":"M35","color":"#0059a9","mode":"bus","arr":["M35"],"angle":44.2,"extra":1,"ei":0}},{"type":"Feature","geometry":{"type":"Point","coordinates":[21.292368,45.807332]},"properties":{"lines":"M35","color":"#0059a9","mode":"bus","arr":["M35"],"angle":43.4,"extra":1,"ei":1}},{"type":"Feature","geometry":{"type":"Point","coordinates":[21.294326,45.806029]},"properties":{"lines":"M35","color":"#0059a9","mode":"bus","arr":["M35"],"angle":41.9,"extra":1,"ei":2}},{"type":"Feature","geometry":{"type":"Point","coordinates":[21.296327,45.804758]},"properties":{"lines":"M35","color":"#0059a9","mode":"bus","arr":["M35"],"angle":43.6,"extra":1,"ei":3}},{"type":"Feature","geometry":{"type":"Point","coordinates":[21.300261,45.802164]},"properties":{"lines":"M35","color":"#0059a9","mode":"bus","arr":["M35"],"angle":43.1,"extra":1,"ei":4}},{"type":"Feature","geometry":{"type":"Point","coordinates":[21.302227,45.800867]},"properties":{"lines":"M35","color":"#0059a9","mode":"bus","arr":["M35"],"angle":43.6,"extra":1,"ei":5}},{"type":"Feature","geometry":{"type":"Point","coordinates":[21.304188,45.799565]},"properties":{"lines":"M35","color":"#0059a9","mode":"bus","arr":["M35"],"angle":43.6,"extra":1,"ei":6}},{"type":"Feature","geometry":{"type":"Point","coordinates":[21.306156,45.798269]},"properties":{"lines":"M35","color":"#0059a9","mode":"bus","arr":["M35"],"angle":44.3,"extra":1,"ei":7}},{"type":"Feature","geometry":{"type":"Point","coordinates":[21.30328,45.798278]},"properties":{"lines":"M35","color":"#0059a9","mode":"bus","arr":["M35"],"angle":-47.5,"mi":4}},{"type":"Feature","geometry":{"type":"Point","coordinates":[21.298245,45.799674]},"properties":{"lines":"M35","color":"#0059a9","mode":"bus","arr":["M35"],"angle":42.9,"mi":2}},{"type":"Feature","geometry":{"type":"Point","coordinates":[21.300953,45.797903]},"properties":{"lines":"M35","color":"#0059a9","mode":"bus","arr":["M35"],"angle":43.3,"extra":1,"ei":0}},{"type":"Feature","geometry":{"type":"Point","coordinates":[21.296997,45.800481]},"properties":{"lines":"M35","color":"#0059a9","mode":"bus","arr":["M35"],"angle":42.8,"extra":1,"ei":1}},{"type":"Feature","geometry":{"type":"Point","coordinates":[21.295013,45.801765]},"properties":{"lines":"M35","color":"#0059a9","mode":"bus","arr":["M35"],"angle":42.9,"extra":1,"ei":2}},{"type":"Feature","geometry":{"type":"Point","coordinates":[21.293205,45.801078]},"properties":{"lines":"M35","color":"#0059a9","mode":"bus","arr":["M35"],"angle":-47.5}},{"type":"Feature","geometry":{"type":"Point","coordinates":[21.053791,45.708234]},"properties":{"lines":"M36","color":"#0059a9","mode":"bus","arr":["M36"],"angle":18.2}},{"type":"Feature","geometry":{"type":"Point","coordinates":[21.114402,45.710185]},"properties":{"lines":"M36","color":"#0059a9","mode":"bus","arr":["M36"],"angle":-12.2}},{"type":"Feature","geometry":{"type":"Point","coordinates":[21.136311,45.716261]},"properties":{"lines":"M36","color":"#0059a9","mode":"bus","arr":["M36"],"angle":-7.3,"extra":1,"ei":0}},{"type":"Feature","geometry":{"type":"Point","coordinates":[21.133614,45.716119]},"properties":{"lines":"M36","color":"#0059a9","mode":"bus","arr":["M36"],"angle":-3.6,"extra":1,"ei":1}},{"type":"Feature","geometry":{"type":"Point","coordinates":[21.130918,45.715966]},"properties":{"lines":"M36","color":"#0059a9","mode":"bus","arr":["M36"],"angle":-9.4,"extra":1,"ei":2}},{"type":"Feature","geometry":{"type":"Point","coordinates":[21.128249,45.715654]},"properties":{"lines":"M36","color":"#0059a9","mode":"bus","arr":["M36"],"angle":-9.5,"extra":1,"ei":3}},{"type":"Feature","geometry":{"type":"Point","coordinates":[21.125592,45.715297]},"properties":{"lines":"M36","color":"#0059a9","mode":"bus","arr":["M36"],"angle":-11.1,"extra":1,"ei":4}},{"type":"Feature","geometry":{"type":"Point","coordinates":[21.12307,45.714655]},"properties":{"lines":"M36","color":"#0059a9","mode":"bus","arr":["M36"],"angle":-25.8,"extra":1,"ei":5}},{"type":"Feature","geometry":{"type":"Point","coordinates":[21.120632,45.713835]},"properties":{"lines":"M36","color":"#0059a9","mode":"bus","arr":["M36"],"angle":-25.7,"extra":1,"ei":6}},{"type":"Feature","geometry":{"type":"Point","coordinates":[21.118202,45.713004]},"properties":{"lines":"M36","color":"#0059a9","mode":"bus","arr":["M36"],"angle":-26.8,"extra":1,"ei":7}},{"type":"Feature","geometry":{"type":"Point","coordinates":[21.115965,45.712048]},"properties":{"lines":"M36","color":"#0059a9","mode":"bus","arr":["M36"],"angle":-81.3,"extra":1,"ei":8}},{"type":"Feature","geometry":{"type":"Point","coordinates":[21.11275,45.709938]},"properties":{"lines":"M36","color":"#0059a9","mode":"bus","arr":["M36"],"angle":-11.6,"extra":1,"ei":9}},{"type":"Feature","geometry":{"type":"Point","coordinates":[21.110099,45.709557]},"properties":{"lines":"M36","color":"#0059a9","mode":"bus","arr":["M36"],"angle":-11.6,"extra":1,"ei":10}},{"type":"Feature","geometry":{"type":"Point","coordinates":[21.107449,45.709174]},"properties":{"lines":"M36","color":"#0059a9","mode":"bus","arr":["M36"],"angle":-12,"extra":1,"ei":11}},{"type":"Feature","geometry":{"type":"Point","coordinates":[21.104803,45.70878]},"properties":{"lines":"M36","color":"#0059a9","mode":"bus","arr":["M36"],"angle":-12,"extra":1,"ei":12}},{"type":"Feature","geometry":{"type":"Point","coordinates":[21.102156,45.708386]},"properties":{"lines":"M36","color":"#0059a9","mode":"bus","arr":["M36"],"angle":-10.1,"extra":1,"ei":13}},{"type":"Feature","geometry":{"type":"Point","coordinates":[21.099455,45.708301]},"properties":{"lines":"M36","color":"#0059a9","mode":"bus","arr":["M36"],"angle":-1.8,"extra":1,"ei":14}},{"type":"Feature","geometry":{"type":"Point","coordinates":[21.0968,45.708028]},"properties":{"lines":"M36","color":"#0059a9","mode":"bus","arr":["M36"],"angle":-22.4,"extra":1,"ei":15}},{"type":"Feature","geometry":{"type":"Point","coordinates":[21.094373,45.707196]},"properties":{"lines":"M36","color":"#0059a9","mode":"bus","arr":["M36"],"angle":-25.4,"extra":1,"ei":16}},{"type":"Feature","geometry":{"type":"Point","coordinates":[21.091926,45.706389]},"properties":{"lines":"M36","color":"#0059a9","mode":"bus","arr":["M36"],"angle":-25,"extra":1,"ei":17}},{"type":"Feature","geometry":{"type":"Point","coordinates":[21.08955,45.706493]},"properties":{"lines":"M36","color":"#0059a9","mode":"bus","arr":["M36"],"angle":46.9,"extra":1,"ei":18}},{"type":"Feature","geometry":{"type":"Point","coordinates":[21.022924,45.713031]},"properties":{"lines":"M36","color":"#0059a9","mode":"bus","arr":["M36"],"angle":1.2,"extra":1,"ei":0}},{"type":"Feature","geometry":{"type":"Point","coordinates":[21.02563,45.712991]},"properties":{"lines":"M36","color":"#0059a9","mode":"bus","arr":["M36"],"angle":1.2,"extra":1,"ei":1}},{"type":"Feature","geometry":{"type":"Point","coordinates":[21.028336,45.71295]},"properties":{"lines":"M36","color":"#0059a9","mode":"bus","arr":["M36"],"angle":1.2,"extra":1,"ei":2}},{"type":"Feature","geometry":{"type":"Point","coordinates":[21.030401,45.71249]},"properties":{"lines":"M36","color":"#0059a9","mode":"bus","arr":["M36"],"angle":-87.5,"extra":1,"ei":3}},{"type":"Feature","geometry":{"type":"Point","coordinates":[21.030284,45.710603]},"properties":{"lines":"M36","color":"#0059a9","mode":"bus","arr":["M36"],"angle":74.3,"extra":1,"ei":4}},{"type":"Feature","geometry":{"type":"Point","coordinates":[21.032785,45.710417]},"properties":{"lines":"M36","color":"#0059a9","mode":"bus","arr":["M36"],"angle":1.6,"extra":1,"ei":5}},{"type":"Feature","geometry":{"type":"Point","coordinates":[21.03549,45.710365]},"properties":{"lines":"M36","color":"#0059a9","mode":"bus","arr":["M36"],"angle":1.6,"extra":1,"ei":6}},{"type":"Feature","geometry":{"type":"Point","coordinates":[21.038195,45.710312]},"properties":{"lines":"M36","color":"#0059a9","mode":"bus","arr":["M36"],"angle":1.3,"extra":1,"ei":7}},{"type":"Feature","geometry":{"type":"Point","coordinates":[21.040901,45.710296]},"properties":{"lines":"M36","color":"#0059a9","mode":"bus","arr":["M36"],"angle":0.4,"extra":1,"ei":8}},{"type":"Feature","geometry":{"type":"Point","coordinates":[21.043607,45.710297]},"properties":{"lines":"M36","color":"#0059a9","mode":"bus","arr":["M36"],"angle":-0.5,"extra":1,"ei":9}},{"type":"Feature","geometry":{"type":"Point","coordinates":[21.046235,45.709923]},"properties":{"lines":"M36","color":"#0059a9","mode":"bus","arr":["M36"],"angle":17.8,"extra":1,"ei":10}},{"type":"Feature","geometry":{"type":"Point","coordinates":[21.048813,45.709348]},"properties":{"lines":"M36","color":"#0059a9","mode":"bus","arr":["M36"],"angle":18.2,"extra":1,"ei":11}},{"type":"Feature","geometry":{"type":"Point","coordinates":[21.051386,45.708765]},"properties":{"lines":"M36","color":"#0059a9","mode":"bus","arr":["M36"],"angle":17.4,"extra":1,"ei":12}},{"type":"Feature","geometry":{"type":"Point","coordinates":[21.056541,45.707614]},"properties":{"lines":"M36","color":"#0059a9","mode":"bus","arr":["M36"],"angle":17.9,"extra":1,"ei":13}},{"type":"Feature","geometry":{"type":"Point","coordinates":[21.059116,45.707033]},"properties":{"lines":"M36","color":"#0059a9","mode":"bus","arr":["M36"],"angle":17.9,"extra":1,"ei":14}},{"type":"Feature","geometry":{"type":"Point","coordinates":[21.061693,45.706457]},"properties":{"lines":"M36","color":"#0059a9","mode":"bus","arr":["M36"],"angle":17.3,"extra":1,"ei":15}},{"type":"Feature","geometry":{"type":"Point","coordinates":[21.06428,45.705901]},"properties":{"lines":"M36","color":"#0059a9","mode":"bus","arr":["M36"],"angle":16,"extra":1,"ei":16}},{"type":"Feature","geometry":{"type":"Point","coordinates":[21.066881,45.70538]},"properties":{"lines":"M36","color":"#0059a9","mode":"bus","arr":["M36"],"angle":16,"extra":1,"ei":17}},{"type":"Feature","geometry":{"type":"Point","coordinates":[21.069474,45.70484]},"properties":{"lines":"M36","color":"#0059a9","mode":"bus","arr":["M36"],"angle":17,"extra":1,"ei":18}},{"type":"Feature","geometry":{"type":"Point","coordinates":[21.072141,45.704582]},"properties":{"lines":"M36","color":"#0059a9","mode":"bus","arr":["M36"],"angle":3.5,"extra":1,"ei":19}},{"type":"Feature","geometry":{"type":"Point","coordinates":[21.074835,45.704705]},"properties":{"lines":"M36","color":"#0059a9","mode":"bus","arr":["M36"],"angle":-4,"extra":1,"ei":20}},{"type":"Feature","geometry":{"type":"Point","coordinates":[21.077541,45.704732]},"properties":{"lines":"M36","color":"#0059a9","mode":"bus","arr":["M36"],"angle":0.1,"extra":1,"ei":21}},{"type":"Feature","geometry":{"type":"Point","coordinates":[21.080233,45.704786]},"properties":{"lines":"M36","color":"#0059a9","mode":"bus","arr":["M36"],"angle":-18.2,"extra":1,"ei":22}},{"type":"Feature","geometry":{"type":"Point","coordinates":[21.082721,45.70553]},"properties":{"lines":"M36","color":"#0059a9","mode":"bus","arr":["M36"],"angle":-23.6,"extra":1,"ei":23}},{"type":"Feature","geometry":{"type":"Point","coordinates":[21.085213,45.706266]},"properties":{"lines":"M36","color":"#0059a9","mode":"bus","arr":["M36"],"angle":-22.8,"extra":1,"ei":24}},{"type":"Feature","geometry":{"type":"Point","coordinates":[21.087719,45.706979]},"properties":{"lines":"M36","color":"#0059a9","mode":"bus","arr":["M36"],"angle":-21.7,"extra":1,"ei":25}},{"type":"Feature","geometry":{"type":"Point","coordinates":[21.089525,45.699014]},"properties":{"lines":"M36","color":"#0059a9","mode":"bus","arr":["M36"],"angle":-23.3,"mi":2}},{"type":"Feature","geometry":{"type":"Point","coordinates":[21.092597,45.704402]},"properties":{"lines":"M36","color":"#0059a9","mode":"bus","arr":["M36"],"angle":64.8}},{"type":"Feature","geometry":{"type":"Point","coordinates":[21.084607,45.697546]},"properties":{"lines":"M36","color":"#0059a9","mode":"bus","arr":["M36"],"angle":-23,"extra":1,"ei":0}},{"type":"Feature","geometry":{"type":"Point","coordinates":[21.087097,45.698286]},"properties":{"lines":"M36","color":"#0059a9","mode":"bus","arr":["M36"],"angle":-23.2,"extra":1,"ei":1}},{"type":"Feature","geometry":{"type":"Point","coordinates":[21.091915,45.69993]},"properties":{"lines":"M36","color":"#0059a9","mode":"bus","arr":["M36"],"angle":-56.1,"extra":1,"ei":2}},{"type":"Feature","geometry":{"type":"Point","coordinates":[21.093221,45.701584]},"properties":{"lines":"M36","color":"#0059a9","mode":"bus","arr":["M36"],"angle":-61.2,"extra":1,"ei":3}},{"type":"Feature","geometry":{"type":"Point","coordinates":[21.089497,45.707555]},"properties":{"lines":"M36","color":"#0059a9","mode":"bus","arr":["M36"],"angle":-29.9,"mi":1}},{"type":"Feature","geometry":{"type":"Point","coordinates":[21.021519,45.711841]},"properties":{"lines":"M36","color":"#0059a9","mode":"bus","arr":["M36"],"angle":-88.2,"mi":1}},{"type":"Feature","geometry":{"type":"Point","coordinates":[21.025871,45.71054]},"properties":{"lines":"M36","color":"#0059a9","mode":"bus","arr":["M36"],"angle":1.4}},{"type":"Feature","geometry":{"type":"Point","coordinates":[21.022818,45.71059]},"properties":{"lines":"M36","color":"#0059a9","mode":"bus","arr":["M36"],"angle":1.4,"extra":1,"ei":0}},{"type":"Feature","geometry":{"type":"Point","coordinates":[21.028229,45.7105]},"properties":{"lines":"M36","color":"#0059a9","mode":"bus","arr":["M36"],"angle":1.4,"extra":1,"ei":1}},{"type":"Feature","geometry":{"type":"Point","coordinates":[21.175326,45.692347]},"properties":{"lines":"M37","color":"#0059a9","mode":"bus","arr":["M37"],"angle":-62}},{"type":"Feature","geometry":{"type":"Point","coordinates":[21.181722,45.700042]},"properties":{"lines":"M37","color":"#0059a9","mode":"bus","arr":["M37"],"angle":-59.8,"extra":1,"ei":0}},{"type":"Feature","geometry":{"type":"Point","coordinates":[21.180358,45.698411]},"properties":{"lines":"M37","color":"#0059a9","mode":"bus","arr":["M37"],"angle":-59.9,"extra":1,"ei":1}},{"type":"Feature","geometry":{"type":"Point","coordinates":[21.179,45.696778]},"properties":{"lines":"M37","color":"#0059a9","mode":"bus","arr":["M37"],"angle":-60.2,"extra":1,"ei":2}},{"type":"Feature","geometry":{"type":"Point","coordinates":[21.177647,45.695142]},"properties":{"lines":"M37","color":"#0059a9","mode":"bus","arr":["M37"],"angle":-59.8,"extra":1,"ei":3}},{"type":"Feature","geometry":{"type":"Point","coordinates":[21.176296,45.693506]},"properties":{"lines":"M37","color":"#0059a9","mode":"bus","arr":["M37"],"angle":-59.3,"extra":1,"ei":4}},{"type":"Feature","geometry":{"type":"Point","coordinates":[21.173599,45.690232]},"properties":{"lines":"M37","color":"#0059a9","mode":"bus","arr":["M37"],"angle":-60.1,"extra":1,"ei":5}},{"type":"Feature","geometry":{"type":"Point","coordinates":[21.172255,45.688593]},"properties":{"lines":"M37","color":"#0059a9","mode":"bus","arr":["M37"],"angle":-60.1,"extra":1,"ei":6}},{"type":"Feature","geometry":{"type":"Point","coordinates":[21.170901,45.686957]},"properties":{"lines":"M37","color":"#0059a9","mode":"bus","arr":["M37"],"angle":-60.2,"extra":1,"ei":7}},{"type":"Feature","geometry":{"type":"Point","coordinates":[21.169541,45.685325]},"properties":{"lines":"M37","color":"#0059a9","mode":"bus","arr":["M37"],"angle":-59.8,"extra":1,"ei":8}},{"type":"Feature","geometry":{"type":"Point","coordinates":[21.175326,45.692347]},"properties":{"lines":"M38","color":"#0059a9","mode":"bus","arr":["M38"],"angle":-62}},{"type":"Feature","geometry":{"type":"Point","coordinates":[21.184692,45.703653]},"properties":{"lines":"M38","color":"#0059a9","mode":"bus","arr":["M38"],"angle":-60}},{"type":"Feature","geometry":{"type":"Point","coordinates":[21.181722,45.700042]},"properties":{"lines":"M38","color":"#0059a9","mode":"bus","arr":["M38"],"angle":-59.8,"extra":1,"ei":0}},{"type":"Feature","geometry":{"type":"Point","coordinates":[21.180358,45.698411]},"properties":{"lines":"M38","color":"#0059a9","mode":"bus","arr":["M38"],"angle":-59.9,"extra":1,"ei":1}},{"type":"Feature","geometry":{"type":"Point","coordinates":[21.179,45.696778]},"properties":{"lines":"M38","color":"#0059a9","mode":"bus","arr":["M38"],"angle":-60.2,"extra":1,"ei":2}},{"type":"Feature","geometry":{"type":"Point","coordinates":[21.177647,45.695142]},"properties":{"lines":"M38","color":"#0059a9","mode":"bus","arr":["M38"],"angle":-59.8,"extra":1,"ei":3}},{"type":"Feature","geometry":{"type":"Point","coordinates":[21.176296,45.693506]},"properties":{"lines":"M38","color":"#0059a9","mode":"bus","arr":["M38"],"angle":-59.3,"extra":1,"ei":4}},{"type":"Feature","geometry":{"type":"Point","coordinates":[21.173599,45.690232]},"properties":{"lines":"M38","color":"#0059a9","mode":"bus","arr":["M38"],"angle":-60.1,"extra":1,"ei":5}},{"type":"Feature","geometry":{"type":"Point","coordinates":[21.172255,45.688593]},"properties":{"lines":"M38","color":"#0059a9","mode":"bus","arr":["M38"],"angle":-60.1,"extra":1,"ei":6}},{"type":"Feature","geometry":{"type":"Point","coordinates":[21.170901,45.686957]},"properties":{"lines":"M38","color":"#0059a9","mode":"bus","arr":["M38"],"angle":-60.2,"extra":1,"ei":7}},{"type":"Feature","geometry":{"type":"Point","coordinates":[21.169541,45.685325]},"properties":{"lines":"M38","color":"#0059a9","mode":"bus","arr":["M38"],"angle":-59.8,"extra":1,"ei":8}},{"type":"Feature","geometry":{"type":"Point","coordinates":[21.175326,45.692347]},"properties":{"lines":"M39","color":"#0059a9","mode":"bus","arr":["M39"],"angle":-62}},{"type":"Feature","geometry":{"type":"Point","coordinates":[21.184692,45.703653]},"properties":{"lines":"M39","color":"#0059a9","mode":"bus","arr":["M39"],"angle":-60}},{"type":"Feature","geometry":{"type":"Point","coordinates":[21.181722,45.700042]},"properties":{"lines":"M39","color":"#0059a9","mode":"bus","arr":["M39"],"angle":-59.8,"extra":1,"ei":0}},{"type":"Feature","geometry":{"type":"Point","coordinates":[21.180358,45.698411]},"properties":{"lines":"M39","color":"#0059a9","mode":"bus","arr":["M39"],"angle":-59.9,"extra":1,"ei":1}},{"type":"Feature","geometry":{"type":"Point","coordinates":[21.179,45.696778]},"properties":{"lines":"M39","color":"#0059a9","mode":"bus","arr":["M39"],"angle":-60.2,"extra":1,"ei":2}},{"type":"Feature","geometry":{"type":"Point","coordinates":[21.177647,45.695142]},"properties":{"lines":"M39","color":"#0059a9","mode":"bus","arr":["M39"],"angle":-59.8,"extra":1,"ei":3}},{"type":"Feature","geometry":{"type":"Point","coordinates":[21.176296,45.693506]},"properties":{"lines":"M39","color":"#0059a9","mode":"bus","arr":["M39"],"angle":-59.3,"extra":1,"ei":4}},{"type":"Feature","geometry":{"type":"Point","coordinates":[21.173599,45.690232]},"properties":{"lines":"M39","color":"#0059a9","mode":"bus","arr":["M39"],"angle":-60.1,"extra":1,"ei":5}},{"type":"Feature","geometry":{"type":"Point","coordinates":[21.172255,45.688593]},"properties":{"lines":"M39","color":"#0059a9","mode":"bus","arr":["M39"],"angle":-60.1,"extra":1,"ei":6}},{"type":"Feature","geometry":{"type":"Point","coordinates":[21.170901,45.686957]},"properties":{"lines":"M39","color":"#0059a9","mode":"bus","arr":["M39"],"angle":-60.2,"extra":1,"ei":7}},{"type":"Feature","geometry":{"type":"Point","coordinates":[21.169541,45.685325]},"properties":{"lines":"M39","color":"#0059a9","mode":"bus","arr":["M39"],"angle":-59.8,"extra":1,"ei":8}},{"type":"Feature","geometry":{"type":"Point","coordinates":[21.175326,45.692347]},"properties":{"lines":"M46","color":"#0059a9","mode":"bus","arr":["M46"],"angle":-62}},{"type":"Feature","geometry":{"type":"Point","coordinates":[21.184692,45.703653]},"properties":{"lines":"M46","color":"#0059a9","mode":"bus","arr":["M46"],"angle":-60}},{"type":"Feature","geometry":{"type":"Point","coordinates":[21.181722,45.700042]},"properties":{"lines":"M46","color":"#0059a9","mode":"bus","arr":["M46"],"angle":-59.8,"extra":1,"ei":0}},{"type":"Feature","geometry":{"type":"Point","coordinates":[21.180358,45.698411]},"properties":{"lines":"M46","color":"#0059a9","mode":"bus","arr":["M46"],"angle":-59.9,"extra":1,"ei":1}},{"type":"Feature","geometry":{"type":"Point","coordinates":[21.179,45.696778]},"properties":{"lines":"M46","color":"#0059a9","mode":"bus","arr":["M46"],"angle":-60.2,"extra":1,"ei":2}},{"type":"Feature","geometry":{"type":"Point","coordinates":[21.177647,45.695142]},"properties":{"lines":"M46","color":"#0059a9","mode":"bus","arr":["M46"],"angle":-59.8,"extra":1,"ei":3}},{"type":"Feature","geometry":{"type":"Point","coordinates":[21.176296,45.693506]},"properties":{"lines":"M46","color":"#0059a9","mode":"bus","arr":["M46"],"angle":-59.3,"extra":1,"ei":4}},{"type":"Feature","geometry":{"type":"Point","coordinates":[21.173599,45.690232]},"properties":{"lines":"M46","color":"#0059a9","mode":"bus","arr":["M46"],"angle":-60.1,"extra":1,"ei":5}},{"type":"Feature","geometry":{"type":"Point","coordinates":[21.172255,45.688593]},"properties":{"lines":"M46","color":"#0059a9","mode":"bus","arr":["M46"],"angle":-60.1,"extra":1,"ei":6}},{"type":"Feature","geometry":{"type":"Point","coordinates":[21.170901,45.686957]},"properties":{"lines":"M46","color":"#0059a9","mode":"bus","arr":["M46"],"angle":-60.2,"extra":1,"ei":7}},{"type":"Feature","geometry":{"type":"Point","coordinates":[21.169541,45.685325]},"properties":{"lines":"M46","color":"#0059a9","mode":"bus","arr":["M46"],"angle":-59.8,"extra":1,"ei":8}},{"type":"Feature","geometry":{"type":"Point","coordinates":[21.175326,45.692347]},"properties":{"lines":"M51","color":"#0059a9","mode":"bus","arr":["M51"],"angle":-62}},{"type":"Feature","geometry":{"type":"Point","coordinates":[21.181722,45.700042]},"properties":{"lines":"M51","color":"#0059a9","mode":"bus","arr":["M51"],"angle":-59.8,"extra":1,"ei":0}},{"type":"Feature","geometry":{"type":"Point","coordinates":[21.180358,45.698411]},"properties":{"lines":"M51","color":"#0059a9","mode":"bus","arr":["M51"],"angle":-59.9,"extra":1,"ei":1}},{"type":"Feature","geometry":{"type":"Point","coordinates":[21.179,45.696778]},"properties":{"lines":"M51","color":"#0059a9","mode":"bus","arr":["M51"],"angle":-60.2,"extra":1,"ei":2}},{"type":"Feature","geometry":{"type":"Point","coordinates":[21.177647,45.695142]},"properties":{"lines":"M51","color":"#0059a9","mode":"bus","arr":["M51"],"angle":-59.8,"extra":1,"ei":3}},{"type":"Feature","geometry":{"type":"Point","coordinates":[21.176296,45.693506]},"properties":{"lines":"M51","color":"#0059a9","mode":"bus","arr":["M51"],"angle":-59.3,"extra":1,"ei":4}},{"type":"Feature","geometry":{"type":"Point","coordinates":[21.173599,45.690232]},"properties":{"lines":"M51","color":"#0059a9","mode":"bus","arr":["M51"],"angle":-60.1,"extra":1,"ei":5}},{"type":"Feature","geometry":{"type":"Point","coordinates":[21.172255,45.688593]},"properties":{"lines":"M51","color":"#0059a9","mode":"bus","arr":["M51"],"angle":-60.1,"extra":1,"ei":6}},{"type":"Feature","geometry":{"type":"Point","coordinates":[21.170901,45.686957]},"properties":{"lines":"M51","color":"#0059a9","mode":"bus","arr":["M51"],"angle":-60.2,"extra":1,"ei":7}},{"type":"Feature","geometry":{"type":"Point","coordinates":[21.169541,45.685325]},"properties":{"lines":"M51","color":"#0059a9","mode":"bus","arr":["M51"],"angle":-59.8,"extra":1,"ei":8}},{"type":"Feature","geometry":{"type":"Point","coordinates":[21.179221,45.64044]},"properties":{"lines":"M37","color":"#0059a9","mode":"bus","arr":["M37"],"angle":69.6}},{"type":"Feature","geometry":{"type":"Point","coordinates":[21.17297,45.661783]},"properties":{"lines":"M37","color":"#0059a9","mode":"bus","arr":["M37"],"angle":84.9}},{"type":"Feature","geometry":{"type":"Point","coordinates":[21.169682,45.678054]},"properties":{"lines":"M37","color":"#0059a9","mode":"bus","arr":["M37"],"angle":79.9,"side":-1,"mi":2}},{"type":"Feature","geometry":{"type":"Point","coordinates":[21.168636,45.682384]},"properties":{"lines":"M37","color":"#0059a9","mode":"bus","arr":["M37"],"angle":79.9,"extra":1,"ei":0,"side":-1}},{"type":"Feature","geometry":{"type":"Point","coordinates":[21.16911,45.680525]},"properties":{"lines":"M37","color":"#0059a9","mode":"bus","arr":["M37"],"angle":81.1,"extra":1,"ei":1,"side":-1}},{"type":"Feature","geometry":{"type":"Point","coordinates":[21.169987,45.676798]},"properties":{"lines":"M37","color":"#0059a9","mode":"bus","arr":["M37"],"angle":80.9,"extra":1,"ei":2,"side":-1}},{"type":"Feature","geometry":{"type":"Point","coordinates":[21.170427,45.674934]},"properties":{"lines":"M37","color":"#0059a9","mode":"bus","arr":["M37"],"angle":80.5,"extra":1,"ei":3,"side":-1}},{"type":"Feature","geometry":{"type":"Point","coordinates":[21.170846,45.673069]},"properties":{"lines":"M37","color":"#0059a9","mode":"bus","arr":["M37"],"angle":84.1,"extra":1,"ei":4,"side":-1}},{"type":"Feature","geometry":{"type":"Point","coordinates":[21.171257,45.671438]},"properties":{"lines":"M37","color":"#0059a9","mode":"bus","arr":["M37"],"angle":79.8,"extra":1,"ei":0,"side":-1}},{"type":"Feature","geometry":{"type":"Point","coordinates":[21.171695,45.669575]},"properties":{"lines":"M37","color":"#0059a9","mode":"bus","arr":["M37"],"angle":80.8,"extra":1,"ei":1,"side":-1}},{"type":"Feature","geometry":{"type":"Point","coordinates":[21.172093,45.667707]},"properties":{"lines":"M37","color":"#0059a9","mode":"bus","arr":["M37"],"angle":82.3,"extra":1,"ei":2,"side":-1}},{"type":"Feature","geometry":{"type":"Point","coordinates":[21.172373,45.665829]},"properties":{"lines":"M37","color":"#0059a9","mode":"bus","arr":["M37"],"angle":84.4,"extra":1,"ei":3,"side":-1}},{"type":"Feature","geometry":{"type":"Point","coordinates":[21.172613,45.663948]},"properties":{"lines":"M37","color":"#0059a9","mode":"bus","arr":["M37"],"angle":85.3,"extra":1,"ei":4,"side":-1}},{"type":"Feature","geometry":{"type":"Point","coordinates":[21.173086,45.660185]},"properties":{"lines":"M37","color":"#0059a9","mode":"bus","arr":["M37"],"angle":85.1,"extra":1,"ei":5,"side":-1}},{"type":"Feature","geometry":{"type":"Point","coordinates":[21.17333,45.658304]},"properties":{"lines":"M37","color":"#0059a9","mode":"bus","arr":["M37"],"angle":85.3,"extra":1,"ei":6,"side":-1}},{"type":"Feature","geometry":{"type":"Point","coordinates":[21.173558,45.656422]},"properties":{"lines":"M37","color":"#0059a9","mode":"bus","arr":["M37"],"angle":85.8,"extra":1,"ei":7,"side":-1}},{"type":"Feature","geometry":{"type":"Point","coordinates":[21.173804,45.654542]},"properties":{"lines":"M37","color":"#0059a9","mode":"bus","arr":["M37"],"angle":82.9,"extra":1,"ei":8,"side":-1}},{"type":"Feature","geometry":{"type":"Point","coordinates":[21.174249,45.652087]},"properties":{"lines":"M37","color":"#0059a9","mode":"bus","arr":["M37"],"angle":84.3,"extra":1,"ei":0}},{"type":"Feature","geometry":{"type":"Point","coordinates":[21.16948,45.679314]},"properties":{"lines":"M37","color":"#0059a9","mode":"bus","arr":["M37"],"angle":81,"extra":1,"ei":0}},{"type":"Feature","geometry":{"type":"Point","coordinates":[21.17453,45.650209]},"properties":{"lines":"M37","color":"#0059a9","mode":"bus","arr":["M37"],"angle":83.8,"extra":1,"ei":0}},{"type":"Feature","geometry":{"type":"Point","coordinates":[21.174792,45.648329]},"properties":{"lines":"M37","color":"#0059a9","mode":"bus","arr":["M37"],"angle":84.6,"extra":1,"ei":1}},{"type":"Feature","geometry":{"type":"Point","coordinates":[21.17514,45.646458]},"properties":{"lines":"M37","color":"#0059a9","mode":"bus","arr":["M37"],"angle":77.4,"extra":1,"ei":2}},{"type":"Feature","geometry":{"type":"Point","coordinates":[21.176161,45.64472]},"properties":{"lines":"M37","color":"#0059a9","mode":"bus","arr":["M37"],"angle":58,"extra":1,"ei":3}},{"type":"Feature","geometry":{"type":"Point","coordinates":[21.17771,45.643172]},"properties":{"lines":"M37","color":"#0059a9","mode":"bus","arr":["M37"],"angle":60.3,"extra":1,"ei":4}},{"type":"Feature","geometry":{"type":"Point","coordinates":[21.181124,45.638111]},"properties":{"lines":"M37","color":"#0059a9","mode":"bus","arr":["M37"],"angle":38.9,"extra":1,"ei":5}},{"type":"Feature","geometry":{"type":"Point","coordinates":[21.183222,45.636919]},"properties":{"lines":"M37","color":"#0059a9","mode":"bus","arr":["M37"],"angle":39.7,"extra":1,"ei":6}},{"type":"Feature","geometry":{"type":"Point","coordinates":[21.185144,45.635604]},"properties":{"lines":"M37","color":"#0059a9","mode":"bus","arr":["M37"],"angle":52.3,"extra":1,"ei":7}},{"type":"Feature","geometry":{"type":"Point","coordinates":[21.18679,45.634105]},"properties":{"lines":"M37","color":"#0059a9","mode":"bus","arr":["M37"],"angle":55,"extra":1,"ei":8}},{"type":"Feature","geometry":{"type":"Point","coordinates":[21.187874,45.632385]},"properties":{"lines":"M37","color":"#0059a9","mode":"bus","arr":["M37"],"angle":71.5,"extra":1,"ei":9}},{"type":"Feature","geometry":{"type":"Point","coordinates":[21.195768,45.609622]},"properties":{"lines":"M38","color":"#0059a9","mode":"bus","arr":["M38"],"angle":82}},{"type":"Feature","geometry":{"type":"Point","coordinates":[21.207383,45.568942]},"properties":{"lines":"M38","color":"#0059a9","mode":"bus","arr":["M38"],"angle":48.7}},{"type":"Feature","geometry":{"type":"Point","coordinates":[21.179221,45.64044]},"properties":{"lines":"M38","color":"#0059a9","mode":"bus","arr":["M38"],"angle":69.6}},{"type":"Feature","geometry":{"type":"Point","coordinates":[21.17297,45.661783]},"properties":{"lines":"M38","color":"#0059a9","mode":"bus","arr":["M38"],"angle":84.9}},{"type":"Feature","geometry":{"type":"Point","coordinates":[21.169682,45.678054]},"properties":{"lines":"M38","color":"#0059a9","mode":"bus","arr":["M38"],"angle":79.9,"side":-1}},{"type":"Feature","geometry":{"type":"Point","coordinates":[21.168636,45.682384]},"properties":{"lines":"M38","color":"#0059a9","mode":"bus","arr":["M38"],"angle":79.9,"extra":1,"ei":0,"side":-1}},{"type":"Feature","geometry":{"type":"Point","coordinates":[21.16911,45.680525]},"properties":{"lines":"M38","color":"#0059a9","mode":"bus","arr":["M38"],"angle":81.1,"extra":1,"ei":1,"side":-1}},{"type":"Feature","geometry":{"type":"Point","coordinates":[21.169987,45.676798]},"properties":{"lines":"M38","color":"#0059a9","mode":"bus","arr":["M38"],"angle":80.9,"extra":1,"ei":2,"side":-1}},{"type":"Feature","geometry":{"type":"Point","coordinates":[21.170427,45.674934]},"properties":{"lines":"M38","color":"#0059a9","mode":"bus","arr":["M38"],"angle":80.5,"extra":1,"ei":3,"side":-1}},{"type":"Feature","geometry":{"type":"Point","coordinates":[21.170846,45.673069]},"properties":{"lines":"M38","color":"#0059a9","mode":"bus","arr":["M38"],"angle":84.1,"extra":1,"ei":4,"side":-1}},{"type":"Feature","geometry":{"type":"Point","coordinates":[21.171257,45.671438]},"properties":{"lines":"M38","color":"#0059a9","mode":"bus","arr":["M38"],"angle":79.8,"extra":1,"ei":0,"side":-1}},{"type":"Feature","geometry":{"type":"Point","coordinates":[21.171695,45.669575]},"properties":{"lines":"M38","color":"#0059a9","mode":"bus","arr":["M38"],"angle":80.8,"extra":1,"ei":1,"side":-1}},{"type":"Feature","geometry":{"type":"Point","coordinates":[21.172093,45.667707]},"properties":{"lines":"M38","color":"#0059a9","mode":"bus","arr":["M38"],"angle":82.3,"extra":1,"ei":2,"side":-1}},{"type":"Feature","geometry":{"type":"Point","coordinates":[21.172373,45.665829]},"properties":{"lines":"M38","color":"#0059a9","mode":"bus","arr":["M38"],"angle":84.4,"extra":1,"ei":3,"side":-1}},{"type":"Feature","geometry":{"type":"Point","coordinates":[21.172613,45.663948]},"properties":{"lines":"M38","color":"#0059a9","mode":"bus","arr":["M38"],"angle":85.3,"extra":1,"ei":4,"side":-1}},{"type":"Feature","geometry":{"type":"Point","coordinates":[21.173086,45.660185]},"properties":{"lines":"M38","color":"#0059a9","mode":"bus","arr":["M38"],"angle":85.1,"extra":1,"ei":5,"side":-1}},{"type":"Feature","geometry":{"type":"Point","coordinates":[21.17333,45.658304]},"properties":{"lines":"M38","color":"#0059a9","mode":"bus","arr":["M38"],"angle":85.3,"extra":1,"ei":6,"side":-1}},{"type":"Feature","geometry":{"type":"Point","coordinates":[21.173558,45.656422]},"properties":{"lines":"M38","color":"#0059a9","mode":"bus","arr":["M38"],"angle":85.8,"extra":1,"ei":7,"side":-1}},{"type":"Feature","geometry":{"type":"Point","coordinates":[21.173804,45.654542]},"properties":{"lines":"M38","color":"#0059a9","mode":"bus","arr":["M38"],"angle":82.9,"extra":1,"ei":8,"side":-1}},{"type":"Feature","geometry":{"type":"Point","coordinates":[21.174249,45.652087]},"properties":{"lines":"M38","color":"#0059a9","mode":"bus","arr":["M38"],"angle":84.3,"extra":1,"ei":0}},{"type":"Feature","geometry":{"type":"Point","coordinates":[21.16948,45.679314]},"properties":{"lines":"M38","color":"#0059a9","mode":"bus","arr":["M38"],"angle":81,"extra":1,"ei":0}},{"type":"Feature","geometry":{"type":"Point","coordinates":[21.17453,45.650209]},"properties":{"lines":"M38","color":"#0059a9","mode":"bus","arr":["M38"],"angle":83.8,"extra":1,"ei":0}},{"type":"Feature","geometry":{"type":"Point","coordinates":[21.174792,45.648329]},"properties":{"lines":"M38","color":"#0059a9","mode":"bus","arr":["M38"],"angle":84.6,"extra":1,"ei":1}},{"type":"Feature","geometry":{"type":"Point","coordinates":[21.17514,45.646458]},"properties":{"lines":"M38","color":"#0059a9","mode":"bus","arr":["M38"],"angle":77.4,"extra":1,"ei":2}},{"type":"Feature","geometry":{"type":"Point","coordinates":[21.176161,45.64472]},"properties":{"lines":"M38","color":"#0059a9","mode":"bus","arr":["M38"],"angle":58,"extra":1,"ei":3}},{"type":"Feature","geometry":{"type":"Point","coordinates":[21.17771,45.643172]},"properties":{"lines":"M38","color":"#0059a9","mode":"bus","arr":["M38"],"angle":60.3,"extra":1,"ei":4}},{"type":"Feature","geometry":{"type":"Point","coordinates":[21.181124,45.638111]},"properties":{"lines":"M38","color":"#0059a9","mode":"bus","arr":["M38"],"angle":38.9,"extra":1,"ei":5}},{"type":"Feature","geometry":{"type":"Point","coordinates":[21.183222,45.636919]},"properties":{"lines":"M38","color":"#0059a9","mode":"bus","arr":["M38"],"angle":39.7,"extra":1,"ei":6}},{"type":"Feature","geometry":{"type":"Point","coordinates":[21.185144,45.635604]},"properties":{"lines":"M38","color":"#0059a9","mode":"bus","arr":["M38"],"angle":52.3,"extra":1,"ei":7}},{"type":"Feature","geometry":{"type":"Point","coordinates":[21.18679,45.634105]},"properties":{"lines":"M38","color":"#0059a9","mode":"bus","arr":["M38"],"angle":55,"extra":1,"ei":8}},{"type":"Feature","geometry":{"type":"Point","coordinates":[21.187874,45.632385]},"properties":{"lines":"M38","color":"#0059a9","mode":"bus","arr":["M38"],"angle":71.5,"extra":1,"ei":9}},{"type":"Feature","geometry":{"type":"Point","coordinates":[21.188798,45.630405]},"properties":{"lines":"M38","color":"#0059a9","mode":"bus","arr":["M38"],"angle":72.4,"extra":1,"ei":0}},{"type":"Feature","geometry":{"type":"Point","coordinates":[21.189635,45.628609]},"properties":{"lines":"M38","color":"#0059a9","mode":"bus","arr":["M38"],"angle":71.3,"extra":1,"ei":1}},{"type":"Feature","geometry":{"type":"Point","coordinates":[21.190603,45.626846]},"properties":{"lines":"M38","color":"#0059a9","mode":"bus","arr":["M38"],"angle":66.7,"extra":1,"ei":2}},{"type":"Feature","geometry":{"type":"Point","coordinates":[21.191542,45.625078]},"properties":{"lines":"M38","color":"#0059a9","mode":"bus","arr":["M38"],"angle":75.5,"extra":1,"ei":3}},{"type":"Feature","geometry":{"type":"Point","coordinates":[21.192151,45.623239]},"properties":{"lines":"M38","color":"#0059a9","mode":"bus","arr":["M38"],"angle":81.7,"extra":1,"ei":4}},{"type":"Feature","geometry":{"type":"Point","coordinates":[21.192373,45.621357]},"properties":{"lines":"M38","color":"#0059a9","mode":"bus","arr":["M38"],"angle":85.6,"extra":1,"ei":5}},{"type":"Feature","geometry":{"type":"Point","coordinates":[21.193207,45.619606]},"properties":{"lines":"M38","color":"#0059a9","mode":"bus","arr":["M38"],"angle":56.8,"extra":1,"ei":6}},{"type":"Feature","geometry":{"type":"Point","coordinates":[21.194719,45.61804]},"properties":{"lines":"M38","color":"#0059a9","mode":"bus","arr":["M38"],"angle":55.5,"extra":1,"ei":7}},{"type":"Feature","geometry":{"type":"Point","coordinates":[21.195495,45.616291]},"properties":{"lines":"M38","color":"#0059a9","mode":"bus","arr":["M38"],"angle":-85.7,"extra":1,"ei":8}},{"type":"Feature","geometry":{"type":"Point","coordinates":[21.195292,45.614407]},"properties":{"lines":"M38","color":"#0059a9","mode":"bus","arr":["M38"],"angle":-85.7,"extra":1,"ei":9}},{"type":"Feature","geometry":{"type":"Point","coordinates":[21.195203,45.612525]},"properties":{"lines":"M38","color":"#0059a9","mode":"bus","arr":["M38"],"angle":82.9,"extra":1,"ei":10}},{"type":"Feature","geometry":{"type":"Point","coordinates":[21.196332,45.606914]},"properties":{"lines":"M38","color":"#0059a9","mode":"bus","arr":["M38"],"angle":81.3,"extra":1,"ei":11}},{"type":"Feature","geometry":{"type":"Point","coordinates":[21.19674,45.605047]},"properties":{"lines":"M38","color":"#0059a9","mode":"bus","arr":["M38"],"angle":81.3,"extra":1,"ei":12}},{"type":"Feature","geometry":{"type":"Point","coordinates":[21.197148,45.60318]},"properties":{"lines":"M38","color":"#0059a9","mode":"bus","arr":["M38"],"angle":81.3,"extra":1,"ei":13}},{"type":"Feature","geometry":{"type":"Point","coordinates":[21.197556,45.601313]},"properties":{"lines":"M38","color":"#0059a9","mode":"bus","arr":["M38"],"angle":81.3,"extra":1,"ei":14}},{"type":"Feature","geometry":{"type":"Point","coordinates":[21.197964,45.599446]},"properties":{"lines":"M38","color":"#0059a9","mode":"bus","arr":["M38"],"angle":81.3,"extra":1,"ei":15}},{"type":"Feature","geometry":{"type":"Point","coordinates":[21.198373,45.59758]},"properties":{"lines":"M38","color":"#0059a9","mode":"bus","arr":["M38"],"angle":81.3,"extra":1,"ei":16}},{"type":"Feature","geometry":{"type":"Point","coordinates":[21.198782,45.595713]},"properties":{"lines":"M38","color":"#0059a9","mode":"bus","arr":["M38"],"angle":81.3,"extra":1,"ei":17}},{"type":"Feature","geometry":{"type":"Point","coordinates":[21.199169,45.593844]},"properties":{"lines":"M38","color":"#0059a9","mode":"bus","arr":["M38"],"angle":78.9,"extra":1,"ei":18}},{"type":"Feature","geometry":{"type":"Point","coordinates":[21.19958,45.591978]},"properties":{"lines":"M38","color":"#0059a9","mode":"bus","arr":["M38"],"angle":81.7,"extra":1,"ei":19}},{"type":"Feature","geometry":{"type":"Point","coordinates":[21.199973,45.590109]},"properties":{"lines":"M38","color":"#0059a9","mode":"bus","arr":["M38"],"angle":81.7,"extra":1,"ei":20}},{"type":"Feature","geometry":{"type":"Point","coordinates":[21.200391,45.588243]},"properties":{"lines":"M38","color":"#0059a9","mode":"bus","arr":["M38"],"angle":80.8,"extra":1,"ei":21}},{"type":"Feature","geometry":{"type":"Point","coordinates":[21.200839,45.586185]},"properties":{"lines":"M38","color":"#0059a9","mode":"bus","arr":["M38"],"angle":81.5,"extra":1,"ei":0}},{"type":"Feature","geometry":{"type":"Point","coordinates":[21.201239,45.584317]},"properties":{"lines":"M38","color":"#0059a9","mode":"bus","arr":["M38"],"angle":81.6,"extra":1,"ei":1}},{"type":"Feature","geometry":{"type":"Point","coordinates":[21.201634,45.582449]},"properties":{"lines":"M38","color":"#0059a9","mode":"bus","arr":["M38"],"angle":81.6,"extra":1,"ei":2}},{"type":"Feature","geometry":{"type":"Point","coordinates":[21.202028,45.58058]},"properties":{"lines":"M38","color":"#0059a9","mode":"bus","arr":["M38"],"angle":81.6,"extra":1,"ei":3}},{"type":"Feature","geometry":{"type":"Point","coordinates":[21.202423,45.578712]},"properties":{"lines":"M38","color":"#0059a9","mode":"bus","arr":["M38"],"angle":81.6,"extra":1,"ei":4}},{"type":"Feature","geometry":{"type":"Point","coordinates":[21.202827,45.576844]},"properties":{"lines":"M38","color":"#0059a9","mode":"bus","arr":["M38"],"angle":81,"extra":1,"ei":5}},{"type":"Feature","geometry":{"type":"Point","coordinates":[21.203233,45.574977]},"properties":{"lines":"M38","color":"#0059a9","mode":"bus","arr":["M38"],"angle":81.1,"extra":1,"ei":6}},{"type":"Feature","geometry":{"type":"Point","coordinates":[21.203643,45.573111]},"properties":{"lines":"M38","color":"#0059a9","mode":"bus","arr":["M38"],"angle":81.5,"extra":1,"ei":7}},{"type":"Feature","geometry":{"type":"Point","coordinates":[21.204327,45.571303]},"properties":{"lines":"M38","color":"#0059a9","mode":"bus","arr":["M38"],"angle":56.1,"extra":1,"ei":8}},{"type":"Feature","geometry":{"type":"Point","coordinates":[21.20615,45.56991]},"properties":{"lines":"M38","color":"#0059a9","mode":"bus","arr":["M38"],"angle":48.2,"extra":1,"ei":9}},{"type":"Feature","geometry":{"type":"Point","coordinates":[21.209503,45.566959]},"properties":{"lines":"M38","color":"#0059a9","mode":"bus","arr":["M38"],"angle":52.9,"extra":1,"ei":10}},{"type":"Feature","geometry":{"type":"Point","coordinates":[21.211749,45.565933]},"properties":{"lines":"M38","color":"#0059a9","mode":"bus","arr":["M38"],"angle":28.8,"extra":1,"ei":11}},{"type":"Feature","geometry":{"type":"Point","coordinates":[21.214114,45.565016]},"properties":{"lines":"M38","color":"#0059a9","mode":"bus","arr":["M38"],"angle":35.5,"extra":1,"ei":12}},{"type":"Feature","geometry":{"type":"Point","coordinates":[21.215414,45.563392]},"properties":{"lines":"M38","color":"#0059a9","mode":"bus","arr":["M38"],"angle":67.2,"extra":1,"ei":13}},{"type":"Feature","geometry":{"type":"Point","coordinates":[21.216468,45.561653]},"properties":{"lines":"M38","color":"#0059a9","mode":"bus","arr":["M38"],"angle":67.1,"extra":1,"ei":14}},{"type":"Feature","geometry":{"type":"Point","coordinates":[21.217538,45.559918]},"properties":{"lines":"M38","color":"#0059a9","mode":"bus","arr":["M38"],"angle":66.7,"extra":1,"ei":15}},{"type":"Feature","geometry":{"type":"Point","coordinates":[21.218598,45.558181]},"properties":{"lines":"M38","color":"#0059a9","mode":"bus","arr":["M38"],"angle":64.9,"extra":1,"ei":16}},{"type":"Feature","geometry":{"type":"Point","coordinates":[21.219777,45.556482]},"properties":{"lines":"M38","color":"#0059a9","mode":"bus","arr":["M38"],"angle":65.3,"extra":1,"ei":17}},{"type":"Feature","geometry":{"type":"Point","coordinates":[21.220836,45.554744]},"properties":{"lines":"M38","color":"#0059a9","mode":"bus","arr":["M38"],"angle":68.7,"extra":1,"ei":18}},{"type":"Feature","geometry":{"type":"Point","coordinates":[21.17297,45.661783]},"properties":{"lines":"M46","color":"#0059a9","mode":"bus","arr":["M46"],"angle":84.9}},{"type":"Feature","geometry":{"type":"Point","coordinates":[21.169682,45.678054]},"properties":{"lines":"M46","color":"#0059a9","mode":"bus","arr":["M46"],"angle":79.9,"side":-1,"mi":2}},{"type":"Feature","geometry":{"type":"Point","coordinates":[21.168636,45.682384]},"properties":{"lines":"M46","color":"#0059a9","mode":"bus","arr":["M46"],"angle":79.9,"extra":1,"ei":0,"side":-1}},{"type":"Feature","geometry":{"type":"Point","coordinates":[21.16911,45.680525]},"properties":{"lines":"M46","color":"#0059a9","mode":"bus","arr":["M46"],"angle":81.1,"extra":1,"ei":1,"side":-1}},{"type":"Feature","geometry":{"type":"Point","coordinates":[21.169987,45.676798]},"properties":{"lines":"M46","color":"#0059a9","mode":"bus","arr":["M46"],"angle":80.9,"extra":1,"ei":2,"side":-1}},{"type":"Feature","geometry":{"type":"Point","coordinates":[21.170427,45.674934]},"properties":{"lines":"M46","color":"#0059a9","mode":"bus","arr":["M46"],"angle":80.5,"extra":1,"ei":3,"side":-1}},{"type":"Feature","geometry":{"type":"Point","coordinates":[21.170846,45.673069]},"properties":{"lines":"M46","color":"#0059a9","mode":"bus","arr":["M46"],"angle":84.1,"extra":1,"ei":4,"side":-1}},{"type":"Feature","geometry":{"type":"Point","coordinates":[21.171257,45.671438]},"properties":{"lines":"M46","color":"#0059a9","mode":"bus","arr":["M46"],"angle":79.8,"extra":1,"ei":0,"side":-1}},{"type":"Feature","geometry":{"type":"Point","coordinates":[21.171695,45.669575]},"properties":{"lines":"M46","color":"#0059a9","mode":"bus","arr":["M46"],"angle":80.8,"extra":1,"ei":1,"side":-1}},{"type":"Feature","geometry":{"type":"Point","coordinates":[21.172093,45.667707]},"properties":{"lines":"M46","color":"#0059a9","mode":"bus","arr":["M46"],"angle":82.3,"extra":1,"ei":2,"side":-1}},{"type":"Feature","geometry":{"type":"Point","coordinates":[21.172373,45.665829]},"properties":{"lines":"M46","color":"#0059a9","mode":"bus","arr":["M46"],"angle":84.4,"extra":1,"ei":3,"side":-1}},{"type":"Feature","geometry":{"type":"Point","coordinates":[21.172613,45.663948]},"properties":{"lines":"M46","color":"#0059a9","mode":"bus","arr":["M46"],"angle":85.3,"extra":1,"ei":4,"side":-1}},{"type":"Feature","geometry":{"type":"Point","coordinates":[21.173086,45.660185]},"properties":{"lines":"M46","color":"#0059a9","mode":"bus","arr":["M46"],"angle":85.1,"extra":1,"ei":5,"side":-1}},{"type":"Feature","geometry":{"type":"Point","coordinates":[21.17333,45.658304]},"properties":{"lines":"M46","color":"#0059a9","mode":"bus","arr":["M46"],"angle":85.3,"extra":1,"ei":6,"side":-1}},{"type":"Feature","geometry":{"type":"Point","coordinates":[21.173558,45.656422]},"properties":{"lines":"M46","color":"#0059a9","mode":"bus","arr":["M46"],"angle":85.8,"extra":1,"ei":7,"side":-1}},{"type":"Feature","geometry":{"type":"Point","coordinates":[21.173804,45.654542]},"properties":{"lines":"M46","color":"#0059a9","mode":"bus","arr":["M46"],"angle":82.9,"extra":1,"ei":8,"side":-1}},{"type":"Feature","geometry":{"type":"Point","coordinates":[21.174249,45.652087]},"properties":{"lines":"M46","color":"#0059a9","mode":"bus","arr":["M46"],"angle":84.3,"extra":1,"ei":0}},{"type":"Feature","geometry":{"type":"Point","coordinates":[21.16948,45.679314]},"properties":{"lines":"M46","color":"#0059a9","mode":"bus","arr":["M46"],"angle":81,"extra":1,"ei":0}},{"type":"Feature","geometry":{"type":"Point","coordinates":[21.195768,45.609622]},"properties":{"lines":"M51","color":"#0059a9","mode":"bus","arr":["M51"],"angle":82,"mi":1}},{"type":"Feature","geometry":{"type":"Point","coordinates":[21.179221,45.64044]},"properties":{"lines":"M51","color":"#0059a9","mode":"bus","arr":["M51"],"angle":69.6}},{"type":"Feature","geometry":{"type":"Point","coordinates":[21.17297,45.661783]},"properties":{"lines":"M51","color":"#0059a9","mode":"bus","arr":["M51"],"angle":84.9}},{"type":"Feature","geometry":{"type":"Point","coordinates":[21.169682,45.678054]},"properties":{"lines":"M51","color":"#0059a9","mode":"bus","arr":["M51"],"angle":79.9,"side":-1,"mi":2}},{"type":"Feature","geometry":{"type":"Point","coordinates":[21.168636,45.682384]},"properties":{"lines":"M51","color":"#0059a9","mode":"bus","arr":["M51"],"angle":79.9,"extra":1,"ei":0,"side":-1}},{"type":"Feature","geometry":{"type":"Point","coordinates":[21.16911,45.680525]},"properties":{"lines":"M51","color":"#0059a9","mode":"bus","arr":["M51"],"angle":81.1,"extra":1,"ei":1,"side":-1}},{"type":"Feature","geometry":{"type":"Point","coordinates":[21.169987,45.676798]},"properties":{"lines":"M51","color":"#0059a9","mode":"bus","arr":["M51"],"angle":80.9,"extra":1,"ei":2,"side":-1}},{"type":"Feature","geometry":{"type":"Point","coordinates":[21.170427,45.674934]},"properties":{"lines":"M51","color":"#0059a9","mode":"bus","arr":["M51"],"angle":80.5,"extra":1,"ei":3,"side":-1}},{"type":"Feature","geometry":{"type":"Point","coordinates":[21.170846,45.673069]},"properties":{"lines":"M51","color":"#0059a9","mode":"bus","arr":["M51"],"angle":84.1,"extra":1,"ei":4,"side":-1}},{"type":"Feature","geometry":{"type":"Point","coordinates":[21.171257,45.671438]},"properties":{"lines":"M51","color":"#0059a9","mode":"bus","arr":["M51"],"angle":79.8,"extra":1,"ei":0,"side":-1}},{"type":"Feature","geometry":{"type":"Point","coordinates":[21.171695,45.669575]},"properties":{"lines":"M51","color":"#0059a9","mode":"bus","arr":["M51"],"angle":80.8,"extra":1,"ei":1,"side":-1}},{"type":"Feature","geometry":{"type":"Point","coordinates":[21.172093,45.667707]},"properties":{"lines":"M51","color":"#0059a9","mode":"bus","arr":["M51"],"angle":82.3,"extra":1,"ei":2,"side":-1}},{"type":"Feature","geometry":{"type":"Point","coordinates":[21.172373,45.665829]},"properties":{"lines":"M51","color":"#0059a9","mode":"bus","arr":["M51"],"angle":84.4,"extra":1,"ei":3,"side":-1}},{"type":"Feature","geometry":{"type":"Point","coordinates":[21.172613,45.663948]},"properties":{"lines":"M51","color":"#0059a9","mode":"bus","arr":["M51"],"angle":85.3,"extra":1,"ei":4,"side":-1}},{"type":"Feature","geometry":{"type":"Point","coordinates":[21.173086,45.660185]},"properties":{"lines":"M51","color":"#0059a9","mode":"bus","arr":["M51"],"angle":85.1,"extra":1,"ei":5,"side":-1}},{"type":"Feature","geometry":{"type":"Point","coordinates":[21.17333,45.658304]},"properties":{"lines":"M51","color":"#0059a9","mode":"bus","arr":["M51"],"angle":85.3,"extra":1,"ei":6,"side":-1}},{"type":"Feature","geometry":{"type":"Point","coordinates":[21.173558,45.656422]},"properties":{"lines":"M51","color":"#0059a9","mode":"bus","arr":["M51"],"angle":85.8,"extra":1,"ei":7,"side":-1}},{"type":"Feature","geometry":{"type":"Point","coordinates":[21.173804,45.654542]},"properties":{"lines":"M51","color":"#0059a9","mode":"bus","arr":["M51"],"angle":82.9,"extra":1,"ei":8,"side":-1}},{"type":"Feature","geometry":{"type":"Point","coordinates":[21.174249,45.652087]},"properties":{"lines":"M51","color":"#0059a9","mode":"bus","arr":["M51"],"angle":84.3,"extra":1,"ei":0}},{"type":"Feature","geometry":{"type":"Point","coordinates":[21.16948,45.679314]},"properties":{"lines":"M51","color":"#0059a9","mode":"bus","arr":["M51"],"angle":81,"extra":1,"ei":0}},{"type":"Feature","geometry":{"type":"Point","coordinates":[21.17453,45.650209]},"properties":{"lines":"M51","color":"#0059a9","mode":"bus","arr":["M51"],"angle":83.8,"extra":1,"ei":0}},{"type":"Feature","geometry":{"type":"Point","coordinates":[21.174792,45.648329]},"properties":{"lines":"M51","color":"#0059a9","mode":"bus","arr":["M51"],"angle":84.6,"extra":1,"ei":1}},{"type":"Feature","geometry":{"type":"Point","coordinates":[21.17514,45.646458]},"properties":{"lines":"M51","color":"#0059a9","mode":"bus","arr":["M51"],"angle":77.4,"extra":1,"ei":2}},{"type":"Feature","geometry":{"type":"Point","coordinates":[21.176161,45.64472]},"properties":{"lines":"M51","color":"#0059a9","mode":"bus","arr":["M51"],"angle":58,"extra":1,"ei":3}},{"type":"Feature","geometry":{"type":"Point","coordinates":[21.17771,45.643172]},"properties":{"lines":"M51","color":"#0059a9","mode":"bus","arr":["M51"],"angle":60.3,"extra":1,"ei":4}},{"type":"Feature","geometry":{"type":"Point","coordinates":[21.181124,45.638111]},"properties":{"lines":"M51","color":"#0059a9","mode":"bus","arr":["M51"],"angle":38.9,"extra":1,"ei":5}},{"type":"Feature","geometry":{"type":"Point","coordinates":[21.183222,45.636919]},"properties":{"lines":"M51","color":"#0059a9","mode":"bus","arr":["M51"],"angle":39.7,"extra":1,"ei":6}},{"type":"Feature","geometry":{"type":"Point","coordinates":[21.185144,45.635604]},"properties":{"lines":"M51","color":"#0059a9","mode":"bus","arr":["M51"],"angle":52.3,"extra":1,"ei":7}},{"type":"Feature","geometry":{"type":"Point","coordinates":[21.18679,45.634105]},"properties":{"lines":"M51","color":"#0059a9","mode":"bus","arr":["M51"],"angle":55,"extra":1,"ei":8}},{"type":"Feature","geometry":{"type":"Point","coordinates":[21.187874,45.632385]},"properties":{"lines":"M51","color":"#0059a9","mode":"bus","arr":["M51"],"angle":71.5,"extra":1,"ei":9}},{"type":"Feature","geometry":{"type":"Point","coordinates":[21.188798,45.630405]},"properties":{"lines":"M51","color":"#0059a9","mode":"bus","arr":["M51"],"angle":72.4,"extra":1,"ei":0}},{"type":"Feature","geometry":{"type":"Point","coordinates":[21.189635,45.628609]},"properties":{"lines":"M51","color":"#0059a9","mode":"bus","arr":["M51"],"angle":71.3,"extra":1,"ei":1}},{"type":"Feature","geometry":{"type":"Point","coordinates":[21.190603,45.626846]},"properties":{"lines":"M51","color":"#0059a9","mode":"bus","arr":["M51"],"angle":66.7,"extra":1,"ei":2}},{"type":"Feature","geometry":{"type":"Point","coordinates":[21.191542,45.625078]},"properties":{"lines":"M51","color":"#0059a9","mode":"bus","arr":["M51"],"angle":75.5,"extra":1,"ei":3}},{"type":"Feature","geometry":{"type":"Point","coordinates":[21.192151,45.623239]},"properties":{"lines":"M51","color":"#0059a9","mode":"bus","arr":["M51"],"angle":81.7,"extra":1,"ei":4}},{"type":"Feature","geometry":{"type":"Point","coordinates":[21.192373,45.621357]},"properties":{"lines":"M51","color":"#0059a9","mode":"bus","arr":["M51"],"angle":85.6,"extra":1,"ei":5}},{"type":"Feature","geometry":{"type":"Point","coordinates":[21.193207,45.619606]},"properties":{"lines":"M51","color":"#0059a9","mode":"bus","arr":["M51"],"angle":56.8,"extra":1,"ei":6}},{"type":"Feature","geometry":{"type":"Point","coordinates":[21.194719,45.61804]},"properties":{"lines":"M51","color":"#0059a9","mode":"bus","arr":["M51"],"angle":55.5,"extra":1,"ei":7}},{"type":"Feature","geometry":{"type":"Point","coordinates":[21.195495,45.616291]},"properties":{"lines":"M51","color":"#0059a9","mode":"bus","arr":["M51"],"angle":-85.7,"extra":1,"ei":8}},{"type":"Feature","geometry":{"type":"Point","coordinates":[21.195292,45.614407]},"properties":{"lines":"M51","color":"#0059a9","mode":"bus","arr":["M51"],"angle":-85.7,"extra":1,"ei":9}},{"type":"Feature","geometry":{"type":"Point","coordinates":[21.195203,45.612525]},"properties":{"lines":"M51","color":"#0059a9","mode":"bus","arr":["M51"],"angle":82.9,"extra":1,"ei":10}},{"type":"Feature","geometry":{"type":"Point","coordinates":[21.196332,45.606914]},"properties":{"lines":"M51","color":"#0059a9","mode":"bus","arr":["M51"],"angle":81.3,"extra":1,"ei":11}},{"type":"Feature","geometry":{"type":"Point","coordinates":[21.19674,45.605047]},"properties":{"lines":"M51","color":"#0059a9","mode":"bus","arr":["M51"],"angle":81.3,"extra":1,"ei":12}},{"type":"Feature","geometry":{"type":"Point","coordinates":[21.197148,45.60318]},"properties":{"lines":"M51","color":"#0059a9","mode":"bus","arr":["M51"],"angle":81.3,"extra":1,"ei":13}},{"type":"Feature","geometry":{"type":"Point","coordinates":[21.197556,45.601313]},"properties":{"lines":"M51","color":"#0059a9","mode":"bus","arr":["M51"],"angle":81.3,"extra":1,"ei":14}},{"type":"Feature","geometry":{"type":"Point","coordinates":[21.197964,45.599446]},"properties":{"lines":"M51","color":"#0059a9","mode":"bus","arr":["M51"],"angle":81.3,"extra":1,"ei":15}},{"type":"Feature","geometry":{"type":"Point","coordinates":[21.198373,45.59758]},"properties":{"lines":"M51","color":"#0059a9","mode":"bus","arr":["M51"],"angle":81.3,"extra":1,"ei":16}},{"type":"Feature","geometry":{"type":"Point","coordinates":[21.198782,45.595713]},"properties":{"lines":"M51","color":"#0059a9","mode":"bus","arr":["M51"],"angle":81.3,"extra":1,"ei":17}},{"type":"Feature","geometry":{"type":"Point","coordinates":[21.199169,45.593844]},"properties":{"lines":"M51","color":"#0059a9","mode":"bus","arr":["M51"],"angle":78.9,"extra":1,"ei":18}},{"type":"Feature","geometry":{"type":"Point","coordinates":[21.19958,45.591978]},"properties":{"lines":"M51","color":"#0059a9","mode":"bus","arr":["M51"],"angle":81.7,"extra":1,"ei":19}},{"type":"Feature","geometry":{"type":"Point","coordinates":[21.199973,45.590109]},"properties":{"lines":"M51","color":"#0059a9","mode":"bus","arr":["M51"],"angle":81.7,"extra":1,"ei":20}},{"type":"Feature","geometry":{"type":"Point","coordinates":[21.200391,45.588243]},"properties":{"lines":"M51","color":"#0059a9","mode":"bus","arr":["M51"],"angle":80.8,"extra":1,"ei":21}},{"type":"Feature","geometry":{"type":"Point","coordinates":[21.171612,45.672661]},"properties":{"lines":"M37","color":"#0059a9","mode":"bus","arr":["M37"],"angle":1.4,"mi":1}},{"type":"Feature","geometry":{"type":"Point","coordinates":[21.171612,45.672661]},"properties":{"lines":"M46","color":"#0059a9","mode":"bus","arr":["M46"],"angle":1.4,"mi":1}},{"type":"Feature","geometry":{"type":"Point","coordinates":[21.171612,45.672661]},"properties":{"lines":"M51","color":"#0059a9","mode":"bus","arr":["M51"],"angle":1.4,"mi":1}},{"type":"Feature","geometry":{"type":"Point","coordinates":[21.172102,45.673241]},"properties":{"lines":"M37","color":"#0059a9","mode":"bus","arr":["M37"],"angle":25.3}},{"type":"Feature","geometry":{"type":"Point","coordinates":[21.172102,45.673241]},"properties":{"lines":"M46","color":"#0059a9","mode":"bus","arr":["M46"],"angle":25.3}},{"type":"Feature","geometry":{"type":"Point","coordinates":[21.172102,45.673241]},"properties":{"lines":"M51","color":"#0059a9","mode":"bus","arr":["M51"],"angle":25.3}},{"type":"Feature","geometry":{"type":"Point","coordinates":[21.165864,45.627567]},"properties":{"lines":"M37","color":"#0059a9","mode":"bus","arr":["M37"],"angle":-13.6}},{"type":"Feature","geometry":{"type":"Point","coordinates":[21.187072,45.631093]},"properties":{"lines":"M37","color":"#0059a9","mode":"bus","arr":["M37"],"angle":-13.1,"extra":1,"ei":0}},{"type":"Feature","geometry":{"type":"Point","coordinates":[21.184438,45.630659]},"properties":{"lines":"M37","color":"#0059a9","mode":"bus","arr":["M37"],"angle":-13.3,"extra":1,"ei":1}},{"type":"Feature","geometry":{"type":"Point","coordinates":[21.181805,45.630223]},"properties":{"lines":"M37","color":"#0059a9","mode":"bus","arr":["M37"],"angle":-13.4,"extra":1,"ei":2}},{"type":"Feature","geometry":{"type":"Point","coordinates":[21.179173,45.629784]},"properties":{"lines":"M37","color":"#0059a9","mode":"bus","arr":["M37"],"angle":-13.4,"extra":1,"ei":3}},{"type":"Feature","geometry":{"type":"Point","coordinates":[21.17654,45.629346]},"properties":{"lines":"M37","color":"#0059a9","mode":"bus","arr":["M37"],"angle":-13.4,"extra":1,"ei":4}},{"type":"Feature","geometry":{"type":"Point","coordinates":[21.173907,45.628909]},"properties":{"lines":"M37","color":"#0059a9","mode":"bus","arr":["M37"],"angle":-13.4,"extra":1,"ei":5}},{"type":"Feature","geometry":{"type":"Point","coordinates":[21.171274,45.628472]},"properties":{"lines":"M37","color":"#0059a9","mode":"bus","arr":["M37"],"angle":-13.4,"extra":1,"ei":6}},{"type":"Feature","geometry":{"type":"Point","coordinates":[21.168642,45.628034]},"properties":{"lines":"M37","color":"#0059a9","mode":"bus","arr":["M37"],"angle":-13.6,"extra":1,"ei":7}},{"type":"Feature","geometry":{"type":"Point","coordinates":[21.16338,45.627149]},"properties":{"lines":"M37","color":"#0059a9","mode":"bus","arr":["M37"],"angle":-13.5,"extra":1,"ei":8}},{"type":"Feature","geometry":{"type":"Point","coordinates":[21.160736,45.626749]},"properties":{"lines":"M37","color":"#0059a9","mode":"bus","arr":["M37"],"angle":-11.5,"extra":1,"ei":9}},{"type":"Feature","geometry":{"type":"Point","coordinates":[21.158085,45.62637]},"properties":{"lines":"M37","color":"#0059a9","mode":"bus","arr":["M37"],"angle":-11.9,"extra":1,"ei":10}},{"type":"Feature","geometry":{"type":"Point","coordinates":[21.15544,45.625971]},"properties":{"lines":"M37","color":"#0059a9","mode":"bus","arr":["M37"],"angle":-12.7,"extra":1,"ei":11}},{"type":"Feature","geometry":{"type":"Point","coordinates":[21.152799,45.625559]},"properties":{"lines":"M37","color":"#0059a9","mode":"bus","arr":["M37"],"angle":-12.3,"extra":1,"ei":12}},{"type":"Feature","geometry":{"type":"Point","coordinates":[21.150155,45.625157]},"properties":{"lines":"M37","color":"#0059a9","mode":"bus","arr":["M37"],"angle":-12.3,"extra":1,"ei":13}},{"type":"Feature","geometry":{"type":"Point","coordinates":[21.147511,45.624754]},"properties":{"lines":"M37","color":"#0059a9","mode":"bus","arr":["M37"],"angle":-12.3,"extra":1,"ei":14}},{"type":"Feature","geometry":{"type":"Point","coordinates":[21.14486,45.624374]},"properties":{"lines":"M37","color":"#0059a9","mode":"bus","arr":["M37"],"angle":-10.9,"extra":1,"ei":15}},{"type":"Feature","geometry":{"type":"Point","coordinates":[21.137206,45.631732]},"properties":{"lines":"M37","color":"#0059a9","mode":"bus","arr":["M37"],"angle":-20.4,"mi":1}},{"type":"Feature","geometry":{"type":"Point","coordinates":[21.139194,45.632107]},"properties":{"lines":"M37","color":"#0059a9","mode":"bus","arr":["M37"],"angle":-13.4,"extra":1,"ei":0}},{"type":"Feature","geometry":{"type":"Point","coordinates":[21.136944,45.629799]},"properties":{"lines":"M37","color":"#0059a9","mode":"bus","arr":["M37"],"angle":77.2,"extra":1,"ei":1}},{"type":"Feature","geometry":{"type":"Point","coordinates":[21.125231,45.623238]},"properties":{"lines":"M37","color":"#0059a9","mode":"bus","arr":["M37"],"angle":74.2}},{"type":"Feature","geometry":{"type":"Point","coordinates":[21.137314,45.628688]},"properties":{"lines":"M37","color":"#0059a9","mode":"bus","arr":["M37"],"angle":77.2,"extra":1,"ei":0}},{"type":"Feature","geometry":{"type":"Point","coordinates":[21.137932,45.62685]},"properties":{"lines":"M37","color":"#0059a9","mode":"bus","arr":["M37"],"angle":76.4,"extra":1,"ei":1}},{"type":"Feature","geometry":{"type":"Point","coordinates":[21.136979,45.625694]},"properties":{"lines":"M37","color":"#0059a9","mode":"bus","arr":["M37"],"angle":-13.4,"extra":1,"ei":2}},{"type":"Feature","geometry":{"type":"Point","coordinates":[21.134346,45.625255]},"properties":{"lines":"M37","color":"#0059a9","mode":"bus","arr":["M37"],"angle":-13.2,"extra":1,"ei":3}},{"type":"Feature","geometry":{"type":"Point","coordinates":[21.131708,45.624837]},"properties":{"lines":"M37","color":"#0059a9","mode":"bus","arr":["M37"],"angle":-12.8,"extra":1,"ei":4}},{"type":"Feature","geometry":{"type":"Point","coordinates":[21.129071,45.62441]},"properties":{"lines":"M37","color":"#0059a9","mode":"bus","arr":["M37"],"angle":-13.5,"extra":1,"ei":5}},{"type":"Feature","geometry":{"type":"Point","coordinates":[21.126915,45.622094]},"properties":{"lines":"M37","color":"#0059a9","mode":"bus","arr":["M37"],"angle":-13.2,"extra":1,"ei":6}},{"type":"Feature","geometry":{"type":"Point","coordinates":[21.12955,45.622524]},"properties":{"lines":"M37","color":"#0059a9","mode":"bus","arr":["M37"],"angle":-13.2,"extra":1,"ei":7}},{"type":"Feature","geometry":{"type":"Point","coordinates":[21.132186,45.62295]},"properties":{"lines":"M37","color":"#0059a9","mode":"bus","arr":["M37"],"angle":-12.9,"extra":1,"ei":8}},{"type":"Feature","geometry":{"type":"Point","coordinates":[21.134824,45.623373]},"properties":{"lines":"M37","color":"#0059a9","mode":"bus","arr":["M37"],"angle":-12.8,"extra":1,"ei":9}},{"type":"Feature","geometry":{"type":"Point","coordinates":[21.137464,45.623787]},"properties":{"lines":"M37","color":"#0059a9","mode":"bus","arr":["M37"],"angle":-12.7,"extra":1,"ei":10}},{"type":"Feature","geometry":{"type":"Point","coordinates":[21.140098,45.624221]},"properties":{"lines":"M37","color":"#0059a9","mode":"bus","arr":["M37"],"angle":-14,"extra":1,"ei":11}},{"type":"Feature","geometry":{"type":"Point","coordinates":[21.142724,45.624677]},"properties":{"lines":"M37","color":"#0059a9","mode":"bus","arr":["M37"],"angle":-14,"extra":1,"ei":12}},{"type":"Feature","geometry":{"type":"Point","coordinates":[21.141891,45.628229]},"properties":{"lines":"M37","color":"#0059a9","mode":"bus","arr":["M37"],"angle":77.3}},{"type":"Feature","geometry":{"type":"Point","coordinates":[21.142932,45.625045]},"properties":{"lines":"M37","color":"#0059a9","mode":"bus","arr":["M37"],"angle":76.9,"extra":1,"ei":0}},{"type":"Feature","geometry":{"type":"Point","coordinates":[21.142323,45.626885]},"properties":{"lines":"M37","color":"#0059a9","mode":"bus","arr":["M37"],"angle":77.3,"extra":1,"ei":1}},{"type":"Feature","geometry":{"type":"Point","coordinates":[21.14111,45.630566]},"properties":{"lines":"M37","color":"#0059a9","mode":"bus","arr":["M37"],"angle":76.6,"extra":1,"ei":2}},{"type":"Feature","geometry":{"type":"Point","coordinates":[20.930171,45.526705]},"properties":{"lines":"M39","color":"#0059a9","mode":"bus","arr":["M39"],"angle":-20.5}},{"type":"Feature","geometry":{"type":"Point","coordinates":[21.021915,45.579567]},"properties":{"lines":"M39","color":"#0059a9","mode":"bus","arr":["M39"],"angle":-44}},{"type":"Feature","geometry":{"type":"Point","coordinates":[21.114833,45.637777]},"properties":{"lines":"M39","color":"#0059a9","mode":"bus","arr":["M39"],"angle":-31.3}},{"type":"Feature","geometry":{"type":"Point","coordinates":[21.15843,45.671649]},"properties":{"lines":"M39","color":"#0059a9","mode":"bus","arr":["M39"],"angle":-60.8}},{"type":"Feature","geometry":{"type":"Point","coordinates":[21.07834,45.617431]},"properties":{"lines":"M39","color":"#0059a9","mode":"bus","arr":["M39"],"angle":-42.7,"extra":1,"ei":0}},{"type":"Feature","geometry":{"type":"Point","coordinates":[21.080338,45.618705]},"properties":{"lines":"M39","color":"#0059a9","mode":"bus","arr":["M39"],"angle":-41.9,"extra":1,"ei":1}},{"type":"Feature","geometry":{"type":"Point","coordinates":[21.082344,45.619972]},"properties":{"lines":"M39","color":"#0059a9","mode":"bus","arr":["M39"],"angle":-42.1,"extra":1,"ei":2}},{"type":"Feature","geometry":{"type":"Point","coordinates":[21.084351,45.621239]},"properties":{"lines":"M39","color":"#0059a9","mode":"bus","arr":["M39"],"angle":-41.8,"extra":1,"ei":3}},{"type":"Feature","geometry":{"type":"Point","coordinates":[21.086359,45.622505]},"properties":{"lines":"M39","color":"#0059a9","mode":"bus","arr":["M39"],"angle":-42.2,"extra":1,"ei":4}},{"type":"Feature","geometry":{"type":"Point","coordinates":[21.088359,45.623777]},"properties":{"lines":"M39","color":"#0059a9","mode":"bus","arr":["M39"],"angle":-42.6,"extra":1,"ei":5}},{"type":"Feature","geometry":{"type":"Point","coordinates":[21.090369,45.625042]},"properties":{"lines":"M39","color":"#0059a9","mode":"bus","arr":["M39"],"angle":-42.1,"extra":1,"ei":6}},{"type":"Feature","geometry":{"type":"Point","coordinates":[21.09238,45.626306]},"properties":{"lines":"M39","color":"#0059a9","mode":"bus","arr":["M39"],"angle":-41.8,"extra":1,"ei":7}},{"type":"Feature","geometry":{"type":"Point","coordinates":[21.094382,45.627576]},"properties":{"lines":"M39","color":"#0059a9","mode":"bus","arr":["M39"],"angle":-42.5,"extra":1,"ei":8}},{"type":"Feature","geometry":{"type":"Point","coordinates":[21.096389,45.628843]},"properties":{"lines":"M39","color":"#0059a9","mode":"bus","arr":["M39"],"angle":-42.3,"extra":1,"ei":9}},{"type":"Feature","geometry":{"type":"Point","coordinates":[21.098393,45.630112]},"properties":{"lines":"M39","color":"#0059a9","mode":"bus","arr":["M39"],"angle":-42.2,"extra":1,"ei":10}},{"type":"Feature","geometry":{"type":"Point","coordinates":[21.100407,45.631373]},"properties":{"lines":"M39","color":"#0059a9","mode":"bus","arr":["M39"],"angle":-42,"extra":1,"ei":11}},{"type":"Feature","geometry":{"type":"Point","coordinates":[21.102434,45.632624]},"properties":{"lines":"M39","color":"#0059a9","mode":"bus","arr":["M39"],"angle":-39.5,"extra":1,"ei":12}},{"type":"Feature","geometry":{"type":"Point","coordinates":[21.104695,45.633543]},"properties":{"lines":"M39","color":"#0059a9","mode":"bus","arr":["M39"],"angle":-38.8,"extra":1,"ei":13}},{"type":"Feature","geometry":{"type":"Point","coordinates":[21.106992,45.634541]},"properties":{"lines":"M39","color":"#0059a9","mode":"bus","arr":["M39"],"angle":-30.8,"extra":1,"ei":14}},{"type":"Feature","geometry":{"type":"Point","coordinates":[21.10932,45.635503]},"properties":{"lines":"M39","color":"#0059a9","mode":"bus","arr":["M39"],"angle":-29.5,"extra":1,"ei":15}},{"type":"Feature","geometry":{"type":"Point","coordinates":[21.111672,45.636437]},"properties":{"lines":"M39","color":"#0059a9","mode":"bus","arr":["M39"],"angle":-31.3,"extra":1,"ei":16}},{"type":"Feature","geometry":{"type":"Point","coordinates":[21.116298,45.638398]},"properties":{"lines":"M39","color":"#0059a9","mode":"bus","arr":["M39"],"angle":-31,"extra":1,"ei":17}},{"type":"Feature","geometry":{"type":"Point","coordinates":[21.11864,45.639345]},"properties":{"lines":"M39","color":"#0059a9","mode":"bus","arr":["M39"],"angle":-30,"extra":1,"ei":18}},{"type":"Feature","geometry":{"type":"Point","coordinates":[21.120983,45.640289]},"properties":{"lines":"M39","color":"#0059a9","mode":"bus","arr":["M39"],"angle":-30.5,"extra":1,"ei":19}},{"type":"Feature","geometry":{"type":"Point","coordinates":[21.123301,45.641264]},"properties":{"lines":"M39","color":"#0059a9","mode":"bus","arr":["M39"],"angle":-31.1,"extra":1,"ei":20}},{"type":"Feature","geometry":{"type":"Point","coordinates":[21.125619,45.642239]},"properties":{"lines":"M39","color":"#0059a9","mode":"bus","arr":["M39"],"angle":-32.7,"extra":1,"ei":21}},{"type":"Feature","geometry":{"type":"Point","coordinates":[21.127908,45.643245]},"properties":{"lines":"M39","color":"#0059a9","mode":"bus","arr":["M39"],"angle":-32,"extra":1,"ei":22}},{"type":"Feature","geometry":{"type":"Point","coordinates":[21.130186,45.644264]},"properties":{"lines":"M39","color":"#0059a9","mode":"bus","arr":["M39"],"angle":-30.5,"extra":1,"ei":23}},{"type":"Feature","geometry":{"type":"Point","coordinates":[21.132654,45.645015]},"properties":{"lines":"M39","color":"#0059a9","mode":"bus","arr":["M39"],"angle":-11.1,"extra":1,"ei":24}},{"type":"Feature","geometry":{"type":"Point","coordinates":[21.135321,45.645336]},"properties":{"lines":"M39","color":"#0059a9","mode":"bus","arr":["M39"],"angle":-9.9,"extra":1,"ei":25}},{"type":"Feature","geometry":{"type":"Point","coordinates":[21.137617,45.646258]},"properties":{"lines":"M39","color":"#0059a9","mode":"bus","arr":["M39"],"angle":-38.5,"extra":1,"ei":26}},{"type":"Feature","geometry":{"type":"Point","coordinates":[21.139671,45.647476]},"properties":{"lines":"M39","color":"#0059a9","mode":"bus","arr":["M39"],"angle":-56.3,"extra":1,"ei":27}},{"type":"Feature","geometry":{"type":"Point","coordinates":[21.140915,45.649153]},"properties":{"lines":"M39","color":"#0059a9","mode":"bus","arr":["M39"],"angle":-63.7,"extra":1,"ei":28}},{"type":"Feature","geometry":{"type":"Point","coordinates":[21.14214,45.650837]},"properties":{"lines":"M39","color":"#0059a9","mode":"bus","arr":["M39"],"angle":-62.8,"extra":1,"ei":29}},{"type":"Feature","geometry":{"type":"Point","coordinates":[21.143376,45.652517]},"properties":{"lines":"M39","color":"#0059a9","mode":"bus","arr":["M39"],"angle":-62.8,"extra":1,"ei":30}},{"type":"Feature","geometry":{"type":"Point","coordinates":[21.144658,45.65418]},"properties":{"lines":"M39","color":"#0059a9","mode":"bus","arr":["M39"],"angle":-61.9,"extra":1,"ei":31}},{"type":"Feature","geometry":{"type":"Point","coordinates":[21.14589,45.655862]},"properties":{"lines":"M39","color":"#0059a9","mode":"bus","arr":["M39"],"angle":-62.7,"extra":1,"ei":32}},{"type":"Feature","geometry":{"type":"Point","coordinates":[21.147135,45.657539]},"properties":{"lines":"M39","color":"#0059a9","mode":"bus","arr":["M39"],"angle":-62.8,"extra":1,"ei":33}},{"type":"Feature","geometry":{"type":"Point","coordinates":[21.148351,45.659226]},"properties":{"lines":"M39","color":"#0059a9","mode":"bus","arr":["M39"],"angle":-63.3,"extra":1,"ei":34}},{"type":"Feature","geometry":{"type":"Point","coordinates":[21.054131,45.602932]},"properties":{"lines":"M39","color":"#0059a9","mode":"bus","arr":["M39"],"angle":44.7,"extra":1,"ei":0}},{"type":"Feature","geometry":{"type":"Point","coordinates":[21.05511,45.601545]},"properties":{"lines":"M39","color":"#0059a9","mode":"bus","arr":["M39"],"angle":-42,"extra":1,"ei":1}},{"type":"Feature","geometry":{"type":"Point","coordinates":[21.052884,45.600476]},"properties":{"lines":"M39","color":"#0059a9","mode":"bus","arr":["M39"],"angle":-31.7,"extra":1,"ei":2}},{"type":"Feature","geometry":{"type":"Point","coordinates":[21.050586,45.599483]},"properties":{"lines":"M39","color":"#0059a9","mode":"bus","arr":["M39"],"angle":-40.1,"extra":1,"ei":3}},{"type":"Feature","geometry":{"type":"Point","coordinates":[21.048647,45.598165]},"properties":{"lines":"M39","color":"#0059a9","mode":"bus","arr":["M39"],"angle":-44.8,"extra":1,"ei":4}},{"type":"Feature","geometry":{"type":"Point","coordinates":[21.04672,45.596839]},"properties":{"lines":"M39","color":"#0059a9","mode":"bus","arr":["M39"],"angle":-45.8,"extra":1,"ei":5}},{"type":"Feature","geometry":{"type":"Point","coordinates":[21.044831,45.595488]},"properties":{"lines":"M39","color":"#0059a9","mode":"bus","arr":["M39"],"angle":-45.1,"extra":1,"ei":6}},{"type":"Feature","geometry":{"type":"Point","coordinates":[21.042939,45.594138]},"properties":{"lines":"M39","color":"#0059a9","mode":"bus","arr":["M39"],"angle":-46.4,"extra":1,"ei":7}},{"type":"Feature","geometry":{"type":"Point","coordinates":[21.041046,45.592788]},"properties":{"lines":"M39","color":"#0059a9","mode":"bus","arr":["M39"],"angle":-46,"extra":1,"ei":8}},{"type":"Feature","geometry":{"type":"Point","coordinates":[21.039174,45.591424]},"properties":{"lines":"M39","color":"#0059a9","mode":"bus","arr":["M39"],"angle":-46,"extra":1,"ei":9}},{"type":"Feature","geometry":{"type":"Point","coordinates":[21.037295,45.590065]},"properties":{"lines":"M39","color":"#0059a9","mode":"bus","arr":["M39"],"angle":-46,"extra":1,"ei":10}},{"type":"Feature","geometry":{"type":"Point","coordinates":[21.035416,45.588706]},"properties":{"lines":"M39","color":"#0059a9","mode":"bus","arr":["M39"],"angle":-46,"extra":1,"ei":11}},{"type":"Feature","geometry":{"type":"Point","coordinates":[21.033568,45.587327]},"properties":{"lines":"M39","color":"#0059a9","mode":"bus","arr":["M39"],"angle":-45.6,"extra":1,"ei":12}},{"type":"Feature","geometry":{"type":"Point","coordinates":[21.031618,45.586018]},"properties":{"lines":"M39","color":"#0059a9","mode":"bus","arr":["M39"],"angle":-43.7,"extra":1,"ei":13}},{"type":"Feature","geometry":{"type":"Point","coordinates":[21.029662,45.584713]},"properties":{"lines":"M39","color":"#0059a9","mode":"bus","arr":["M39"],"angle":-43.7,"extra":1,"ei":14}},{"type":"Feature","geometry":{"type":"Point","coordinates":[21.027707,45.583407]},"properties":{"lines":"M39","color":"#0059a9","mode":"bus","arr":["M39"],"angle":-44.1,"extra":1,"ei":15}},{"type":"Feature","geometry":{"type":"Point","coordinates":[21.025766,45.582091]},"properties":{"lines":"M39","color":"#0059a9","mode":"bus","arr":["M39"],"angle":-43.9,"extra":1,"ei":16}},{"type":"Feature","geometry":{"type":"Point","coordinates":[21.023785,45.580804]},"properties":{"lines":"M39","color":"#0059a9","mode":"bus","arr":["M39"],"angle":-42,"extra":1,"ei":17}},{"type":"Feature","geometry":{"type":"Point","coordinates":[21.019876,45.578192]},"properties":{"lines":"M39","color":"#0059a9","mode":"bus","arr":["M39"],"angle":-44,"extra":1,"ei":18}},{"type":"Feature","geometry":{"type":"Point","coordinates":[21.017934,45.576877]},"properties":{"lines":"M39","color":"#0059a9","mode":"bus","arr":["M39"],"angle":-44.6,"extra":1,"ei":19}},{"type":"Feature","geometry":{"type":"Point","coordinates":[21.016008,45.57555]},"properties":{"lines":"M39","color":"#0059a9","mode":"bus","arr":["M39"],"angle":-44.6,"extra":1,"ei":20}},{"type":"Feature","geometry":{"type":"Point","coordinates":[21.014076,45.574228]},"properties":{"lines":"M39","color":"#0059a9","mode":"bus","arr":["M39"],"angle":-44,"extra":1,"ei":21}},{"type":"Feature","geometry":{"type":"Point","coordinates":[21.012128,45.572917]},"properties":{"lines":"M39","color":"#0059a9","mode":"bus","arr":["M39"],"angle":-44,"extra":1,"ei":22}},{"type":"Feature","geometry":{"type":"Point","coordinates":[21.010181,45.571605]},"properties":{"lines":"M39","color":"#0059a9","mode":"bus","arr":["M39"],"angle":-44,"extra":1,"ei":23}},{"type":"Feature","geometry":{"type":"Point","coordinates":[21.008234,45.570294]},"properties":{"lines":"M39","color":"#0059a9","mode":"bus","arr":["M39"],"angle":-44,"extra":1,"ei":24}},{"type":"Feature","geometry":{"type":"Point","coordinates":[21.006287,45.568982]},"properties":{"lines":"M39","color":"#0059a9","mode":"bus","arr":["M39"],"angle":-44,"extra":1,"ei":25}},{"type":"Feature","geometry":{"type":"Point","coordinates":[21.004344,45.567667]},"properties":{"lines":"M39","color":"#0059a9","mode":"bus","arr":["M39"],"angle":-44.2,"extra":1,"ei":26}},{"type":"Feature","geometry":{"type":"Point","coordinates":[21.002404,45.56635]},"properties":{"lines":"M39","color":"#0059a9","mode":"bus","arr":["M39"],"angle":-44.2,"extra":1,"ei":27}},{"type":"Feature","geometry":{"type":"Point","coordinates":[21.000464,45.565034]},"properties":{"lines":"M39","color":"#0059a9","mode":"bus","arr":["M39"],"angle":-44.2,"extra":1,"ei":28}},{"type":"Feature","geometry":{"type":"Point","coordinates":[20.998752,45.563595]},"properties":{"lines":"M39","color":"#0059a9","mode":"bus","arr":["M39"],"angle":-67.3,"extra":1,"ei":29}},{"type":"Feature","geometry":{"type":"Point","coordinates":[20.99789,45.561806]},"properties":{"lines":"M39","color":"#0059a9","mode":"bus","arr":["M39"],"angle":-72.1,"extra":1,"ei":30}},{"type":"Feature","geometry":{"type":"Point","coordinates":[20.997058,45.560008]},"properties":{"lines":"M39","color":"#0059a9","mode":"bus","arr":["M39"],"angle":-72.1,"extra":1,"ei":31}},{"type":"Feature","geometry":{"type":"Point","coordinates":[20.996227,45.558211]},"properties":{"lines":"M39","color":"#0059a9","mode":"bus","arr":["M39"],"angle":-72.1,"extra":1,"ei":32}},{"type":"Feature","geometry":{"type":"Point","coordinates":[20.995337,45.556428]},"properties":{"lines":"M39","color":"#0059a9","mode":"bus","arr":["M39"],"angle":-71,"extra":1,"ei":33}},{"type":"Feature","geometry":{"type":"Point","coordinates":[20.994478,45.554637]},"properties":{"lines":"M39","color":"#0059a9","mode":"bus","arr":["M39"],"angle":-72,"extra":1,"ei":34}},{"type":"Feature","geometry":{"type":"Point","coordinates":[20.99362,45.552846]},"properties":{"lines":"M39","color":"#0059a9","mode":"bus","arr":["M39"],"angle":-71.5,"extra":1,"ei":35}},{"type":"Feature","geometry":{"type":"Point","coordinates":[20.978528,45.547634]},"properties":{"lines":"M39","color":"#0059a9","mode":"bus","arr":["M39"],"angle":1.4,"extra":1,"ei":0}},{"type":"Feature","geometry":{"type":"Point","coordinates":[20.975859,45.54741]},"properties":{"lines":"M39","color":"#0059a9","mode":"bus","arr":["M39"],"angle":-13.4,"extra":1,"ei":1}},{"type":"Feature","geometry":{"type":"Point","coordinates":[20.973232,45.546955]},"properties":{"lines":"M39","color":"#0059a9","mode":"bus","arr":["M39"],"angle":-14.3,"extra":1,"ei":2}},{"type":"Feature","geometry":{"type":"Point","coordinates":[20.9707,45.546299]},"properties":{"lines":"M39","color":"#0059a9","mode":"bus","arr":["M39"],"angle":-23.2,"extra":1,"ei":3}},{"type":"Feature","geometry":{"type":"Point","coordinates":[20.968215,45.545551]},"properties":{"lines":"M39","color":"#0059a9","mode":"bus","arr":["M39"],"angle":-23.5,"extra":1,"ei":4}},{"type":"Feature","geometry":{"type":"Point","coordinates":[20.965724,45.544813]},"properties":{"lines":"M39","color":"#0059a9","mode":"bus","arr":["M39"],"angle":-23.4,"extra":1,"ei":5}},{"type":"Feature","geometry":{"type":"Point","coordinates":[20.963241,45.544063]},"properties":{"lines":"M39","color":"#0059a9","mode":"bus","arr":["M39"],"angle":-23.7,"extra":1,"ei":6}},{"type":"Feature","geometry":{"type":"Point","coordinates":[20.960759,45.543309]},"properties":{"lines":"M39","color":"#0059a9","mode":"bus","arr":["M39"],"angle":-23.2,"extra":1,"ei":7}},{"type":"Feature","geometry":{"type":"Point","coordinates":[20.958269,45.542569]},"properties":{"lines":"M39","color":"#0059a9","mode":"bus","arr":["M39"],"angle":-23,"extra":1,"ei":8}},{"type":"Feature","geometry":{"type":"Point","coordinates":[20.955776,45.541835]},"properties":{"lines":"M39","color":"#0059a9","mode":"bus","arr":["M39"],"angle":-23,"extra":1,"ei":9}},{"type":"Feature","geometry":{"type":"Point","coordinates":[20.953289,45.54109]},"properties":{"lines":"M39","color":"#0059a9","mode":"bus","arr":["M39"],"angle":-23,"extra":1,"ei":10}},{"type":"Feature","geometry":{"type":"Point","coordinates":[20.95089,45.540239]},"properties":{"lines":"M39","color":"#0059a9","mode":"bus","arr":["M39"],"angle":-39.8,"extra":1,"ei":11}},{"type":"Feature","geometry":{"type":"Point","coordinates":[20.949459,45.538663]},"properties":{"lines":"M39","color":"#0059a9","mode":"bus","arr":["M39"],"angle":-65.9,"extra":1,"ei":12}},{"type":"Feature","geometry":{"type":"Point","coordinates":[20.948365,45.536935]},"properties":{"lines":"M39","color":"#0059a9","mode":"bus","arr":["M39"],"angle":-66.8,"extra":1,"ei":13}},{"type":"Feature","geometry":{"type":"Point","coordinates":[20.94729,45.535204]},"properties":{"lines":"M39","color":"#0059a9","mode":"bus","arr":["M39"],"angle":-59.7,"extra":1,"ei":14}},{"type":"Feature","geometry":{"type":"Point","coordinates":[20.945888,45.533589]},"properties":{"lines":"M39","color":"#0059a9","mode":"bus","arr":["M39"],"angle":-57.5,"extra":1,"ei":15}},{"type":"Feature","geometry":{"type":"Point","coordinates":[20.94415,45.532173]},"properties":{"lines":"M39","color":"#0059a9","mode":"bus","arr":["M39"],"angle":-38.1,"extra":1,"ei":16}},{"type":"Feature","geometry":{"type":"Point","coordinates":[20.942017,45.531011]},"properties":{"lines":"M39","color":"#0059a9","mode":"bus","arr":["M39"],"angle":-37.3,"extra":1,"ei":17}},{"type":"Feature","geometry":{"type":"Point","coordinates":[20.939907,45.529829]},"properties":{"lines":"M39","color":"#0059a9","mode":"bus","arr":["M39"],"angle":-40.8,"extra":1,"ei":18}},{"type":"Feature","geometry":{"type":"Point","coordinates":[20.937686,45.528783]},"properties":{"lines":"M39","color":"#0059a9","mode":"bus","arr":["M39"],"angle":-22.8,"extra":1,"ei":19}},{"type":"Feature","geometry":{"type":"Point","coordinates":[20.935196,45.528044]},"properties":{"lines":"M39","color":"#0059a9","mode":"bus","arr":["M39"],"angle":-21.4,"extra":1,"ei":20}},{"type":"Feature","geometry":{"type":"Point","coordinates":[20.932673,45.52736]},"properties":{"lines":"M39","color":"#0059a9","mode":"bus","arr":["M39"],"angle":-21.2,"extra":1,"ei":21}},{"type":"Feature","geometry":{"type":"Point","coordinates":[20.927648,45.52596]},"properties":{"lines":"M39","color":"#0059a9","mode":"bus","arr":["M39"],"angle":-22.8,"extra":1,"ei":22}},{"type":"Feature","geometry":{"type":"Point","coordinates":[20.925164,45.52521]},"properties":{"lines":"M39","color":"#0059a9","mode":"bus","arr":["M39"],"angle":-23.5,"extra":1,"ei":23}},{"type":"Feature","geometry":{"type":"Point","coordinates":[20.922687,45.524451]},"properties":{"lines":"M39","color":"#0059a9","mode":"bus","arr":["M39"],"angle":-23.9,"extra":1,"ei":24}},{"type":"Feature","geometry":{"type":"Point","coordinates":[20.920209,45.523691]},"properties":{"lines":"M39","color":"#0059a9","mode":"bus","arr":["M39"],"angle":-23.3,"extra":1,"ei":25}},{"type":"Feature","geometry":{"type":"Point","coordinates":[20.917727,45.522938]},"properties":{"lines":"M39","color":"#0059a9","mode":"bus","arr":["M39"],"angle":-23.5,"extra":1,"ei":26}},{"type":"Feature","geometry":{"type":"Point","coordinates":[20.91523,45.522211]},"properties":{"lines":"M39","color":"#0059a9","mode":"bus","arr":["M39"],"angle":-21.5,"extra":1,"ei":27}},{"type":"Feature","geometry":{"type":"Point","coordinates":[20.912756,45.521448]},"properties":{"lines":"M39","color":"#0059a9","mode":"bus","arr":["M39"],"angle":-25.3,"extra":1,"ei":28}},{"type":"Feature","geometry":{"type":"Point","coordinates":[20.910278,45.52069]},"properties":{"lines":"M39","color":"#0059a9","mode":"bus","arr":["M39"],"angle":-23,"extra":1,"ei":29}},{"type":"Feature","geometry":{"type":"Point","coordinates":[20.907783,45.519958]},"properties":{"lines":"M39","color":"#0059a9","mode":"bus","arr":["M39"],"angle":-22.7,"extra":1,"ei":30}},{"type":"Feature","geometry":{"type":"Point","coordinates":[20.905302,45.519204]},"properties":{"lines":"M39","color":"#0059a9","mode":"bus","arr":["M39"],"angle":-24,"extra":1,"ei":31}},{"type":"Feature","geometry":{"type":"Point","coordinates":[20.902813,45.518463]},"properties":{"lines":"M39","color":"#0059a9","mode":"bus","arr":["M39"],"angle":-23,"extra":1,"ei":32}},{"type":"Feature","geometry":{"type":"Point","coordinates":[20.900319,45.51773]},"properties":{"lines":"M39","color":"#0059a9","mode":"bus","arr":["M39"],"angle":-22.7,"extra":1,"ei":33}},{"type":"Feature","geometry":{"type":"Point","coordinates":[20.897823,45.517001]},"properties":{"lines":"M39","color":"#0059a9","mode":"bus","arr":["M39"],"angle":-22.8,"extra":1,"ei":34}},{"type":"Feature","geometry":{"type":"Point","coordinates":[20.895832,45.515841]},"properties":{"lines":"M39","color":"#0059a9","mode":"bus","arr":["M39"],"angle":-58.9,"extra":1,"ei":35}},{"type":"Feature","geometry":{"type":"Point","coordinates":[20.894422,45.514229]},"properties":{"lines":"M39","color":"#0059a9","mode":"bus","arr":["M39"],"angle":-58.7,"extra":1,"ei":36}},{"type":"Feature","geometry":{"type":"Point","coordinates":[20.893014,45.512616]},"properties":{"lines":"M39","color":"#0059a9","mode":"bus","arr":["M39"],"angle":-58.6,"extra":1,"ei":37}},{"type":"Feature","geometry":{"type":"Point","coordinates":[20.891601,45.511006]},"properties":{"lines":"M39","color":"#0059a9","mode":"bus","arr":["M39"],"angle":-59.1,"extra":1,"ei":38}},{"type":"Feature","geometry":{"type":"Point","coordinates":[20.889775,45.509665]},"properties":{"lines":"M39","color":"#0059a9","mode":"bus","arr":["M39"],"angle":-33.8,"extra":1,"ei":39}},{"type":"Feature","geometry":{"type":"Point","coordinates":[20.887519,45.508622]},"properties":{"lines":"M39","color":"#0059a9","mode":"bus","arr":["M39"],"angle":-33.2,"extra":1,"ei":40}},{"type":"Feature","geometry":{"type":"Point","coordinates":[20.885258,45.507585]},"properties":{"lines":"M39","color":"#0059a9","mode":"bus","arr":["M39"],"angle":-33.8,"extra":1,"ei":41}},{"type":"Feature","geometry":{"type":"Point","coordinates":[20.883008,45.506535]},"properties":{"lines":"M39","color":"#0059a9","mode":"bus","arr":["M39"],"angle":-33.6,"extra":1,"ei":42}},{"type":"Feature","geometry":{"type":"Point","coordinates":[20.880748,45.505496]},"properties":{"lines":"M39","color":"#0059a9","mode":"bus","arr":["M39"],"angle":-34.3,"extra":1,"ei":43}},{"type":"Feature","geometry":{"type":"Point","coordinates":[21.149356,45.660596]},"properties":{"lines":"M39","color":"#0059a9","mode":"bus","arr":["M39"],"angle":-62.7,"extra":1,"ei":0}},{"type":"Feature","geometry":{"type":"Point","coordinates":[21.150596,45.662275]},"properties":{"lines":"M39","color":"#0059a9","mode":"bus","arr":["M39"],"angle":-62.7,"extra":1,"ei":1}},{"type":"Feature","geometry":{"type":"Point","coordinates":[21.151923,45.66392]},"properties":{"lines":"M39","color":"#0059a9","mode":"bus","arr":["M39"],"angle":-58.9,"extra":1,"ei":2}},{"type":"Feature","geometry":{"type":"Point","coordinates":[21.15332,45.665537]},"properties":{"lines":"M39","color":"#0059a9","mode":"bus","arr":["M39"],"angle":-58.9,"extra":1,"ei":3}},{"type":"Feature","geometry":{"type":"Point","coordinates":[21.154706,45.667159]},"properties":{"lines":"M39","color":"#0059a9","mode":"bus","arr":["M39"],"angle":-59.6,"extra":1,"ei":4}},{"type":"Feature","geometry":{"type":"Point","coordinates":[21.156075,45.668789]},"properties":{"lines":"M39","color":"#0059a9","mode":"bus","arr":["M39"],"angle":-59.6,"extra":1,"ei":5}},{"type":"Feature","geometry":{"type":"Point","coordinates":[21.157433,45.670422]},"properties":{"lines":"M39","color":"#0059a9","mode":"bus","arr":["M39"],"angle":-60.3,"extra":1,"ei":6}},{"type":"Feature","geometry":{"type":"Point","coordinates":[21.16009,45.673713]},"properties":{"lines":"M39","color":"#0059a9","mode":"bus","arr":["M39"],"angle":-60,"extra":1,"ei":7}},{"type":"Feature","geometry":{"type":"Point","coordinates":[21.16142,45.675357]},"properties":{"lines":"M39","color":"#0059a9","mode":"bus","arr":["M39"],"angle":-60.6,"extra":1,"ei":8}},{"type":"Feature","geometry":{"type":"Point","coordinates":[21.162754,45.677]},"properties":{"lines":"M39","color":"#0059a9","mode":"bus","arr":["M39"],"angle":-60.1,"extra":1,"ei":9}},{"type":"Feature","geometry":{"type":"Point","coordinates":[21.164103,45.678638]},"properties":{"lines":"M39","color":"#0059a9","mode":"bus","arr":["M39"],"angle":-60.1,"extra":1,"ei":10}},{"type":"Feature","geometry":{"type":"Point","coordinates":[21.165455,45.680274]},"properties":{"lines":"M39","color":"#0059a9","mode":"bus","arr":["M39"],"angle":-59.9,"extra":1,"ei":11}},{"type":"Feature","geometry":{"type":"Point","coordinates":[21.166811,45.681908]},"properties":{"lines":"M39","color":"#0059a9","mode":"bus","arr":["M39"],"angle":-60.3,"extra":1,"ei":12}},{"type":"Feature","geometry":{"type":"Point","coordinates":[21.065645,45.610147]},"properties":{"lines":"M39","color":"#0059a9","mode":"bus","arr":["M39"],"angle":-39.3}},{"type":"Feature","geometry":{"type":"Point","coordinates":[20.868244,45.49772]},"properties":{"lines":"M39","color":"#0059a9","mode":"bus","arr":["M39"],"angle":-42.2}},{"type":"Feature","geometry":{"type":"Point","coordinates":[20.98767,45.54918]},"properties":{"lines":"M39","color":"#0059a9","mode":"bus","arr":["M39"],"angle":-15.6}},{"type":"Feature","geometry":{"type":"Point","coordinates":[21.076317,45.616177]},"properties":{"lines":"M39","color":"#0059a9","mode":"bus","arr":["M39"],"angle":-39.9,"extra":1,"ei":0}},{"type":"Feature","geometry":{"type":"Point","coordinates":[21.074225,45.614978]},"properties":{"lines":"M39","color":"#0059a9","mode":"bus","arr":["M39"],"angle":-38.8,"extra":1,"ei":1}},{"type":"Feature","geometry":{"type":"Point","coordinates":[21.072117,45.613795]},"properties":{"lines":"M39","color":"#0059a9","mode":"bus","arr":["M39"],"angle":-39,"extra":1,"ei":2}},{"type":"Feature","geometry":{"type":"Point","coordinates":[21.070012,45.612609]},"properties":{"lines":"M39","color":"#0059a9","mode":"bus","arr":["M39"],"angle":-39.2,"extra":1,"ei":3}},{"type":"Feature","geometry":{"type":"Point","coordinates":[21.067902,45.611426]},"properties":{"lines":"M39","color":"#0059a9","mode":"bus","arr":["M39"],"angle":-39.2,"extra":1,"ei":4}},{"type":"Feature","geometry":{"type":"Point","coordinates":[21.06369,45.609055]},"properties":{"lines":"M39","color":"#0059a9","mode":"bus","arr":["M39"],"angle":-38,"extra":1,"ei":5}},{"type":"Feature","geometry":{"type":"Point","coordinates":[21.061568,45.607883]},"properties":{"lines":"M39","color":"#0059a9","mode":"bus","arr":["M39"],"angle":-38.5,"extra":1,"ei":6}},{"type":"Feature","geometry":{"type":"Point","coordinates":[21.059456,45.606703]},"properties":{"lines":"M39","color":"#0059a9","mode":"bus","arr":["M39"],"angle":-38.2,"extra":1,"ei":7}},{"type":"Feature","geometry":{"type":"Point","coordinates":[21.057337,45.605528]},"properties":{"lines":"M39","color":"#0059a9","mode":"bus","arr":["M39"],"angle":-37.5,"extra":1,"ei":8}},{"type":"Feature","geometry":{"type":"Point","coordinates":[21.055221,45.604351]},"properties":{"lines":"M39","color":"#0059a9","mode":"bus","arr":["M39"],"angle":-37.9,"extra":1,"ei":9}},{"type":"Feature","geometry":{"type":"Point","coordinates":[20.992938,45.551209]},"properties":{"lines":"M39","color":"#0059a9","mode":"bus","arr":["M39"],"angle":-80.4,"extra":1,"ei":0}},{"type":"Feature","geometry":{"type":"Point","coordinates":[20.99156,45.549932]},"properties":{"lines":"M39","color":"#0059a9","mode":"bus","arr":["M39"],"angle":-15.9,"extra":1,"ei":1}},{"type":"Feature","geometry":{"type":"Point","coordinates":[20.983744,45.548402]},"properties":{"lines":"M39","color":"#0059a9","mode":"bus","arr":["M39"],"angle":-15.3,"extra":1,"ei":2}},{"type":"Feature","geometry":{"type":"Point","coordinates":[20.981145,45.547876]},"properties":{"lines":"M39","color":"#0059a9","mode":"bus","arr":["M39"],"angle":-16.3,"extra":1,"ei":3}},{"type":"Feature","geometry":{"type":"Point","coordinates":[20.877553,45.503611]},"properties":{"lines":"M39","color":"#0059a9","mode":"bus","arr":["M39"],"angle":-42,"extra":1,"ei":0}},{"type":"Feature","geometry":{"type":"Point","coordinates":[20.875544,45.502346]},"properties":{"lines":"M39","color":"#0059a9","mode":"bus","arr":["M39"],"angle":-42.2,"extra":1,"ei":1}},{"type":"Feature","geometry":{"type":"Point","coordinates":[20.873543,45.501074]},"properties":{"lines":"M39","color":"#0059a9","mode":"bus","arr":["M39"],"angle":-42.3,"extra":1,"ei":2}},{"type":"Feature","geometry":{"type":"Point","coordinates":[20.871536,45.499806]},"properties":{"lines":"M39","color":"#0059a9","mode":"bus","arr":["M39"],"angle":-42.2,"extra":1,"ei":3}},{"type":"Feature","geometry":{"type":"Point","coordinates":[20.869534,45.498536]},"properties":{"lines":"M39","color":"#0059a9","mode":"bus","arr":["M39"],"angle":-42.2,"extra":1,"ei":4}},{"type":"Feature","geometry":{"type":"Point","coordinates":[20.868228,45.495856]},"properties":{"lines":"M39","color":"#0059a9","mode":"bus","arr":["M39"],"angle":47.7,"extra":1,"ei":5}},{"type":"Feature","geometry":{"type":"Point","coordinates":[20.870042,45.494454]},"properties":{"lines":"M39","color":"#0059a9","mode":"bus","arr":["M39"],"angle":48,"extra":1,"ei":6}},{"type":"Feature","geometry":{"type":"Point","coordinates":[20.871862,45.493058]},"properties":{"lines":"M39","color":"#0059a9","mode":"bus","arr":["M39"],"angle":42.6,"extra":1,"ei":7}},{"type":"Feature","geometry":{"type":"Point","coordinates":[20.873846,45.491775]},"properties":{"lines":"M39","color":"#0059a9","mode":"bus","arr":["M39"],"angle":47.7,"extra":1,"ei":8}},{"type":"Feature","geometry":{"type":"Point","coordinates":[20.878559,45.481574]},"properties":{"lines":"M39","color":"#0059a9","mode":"bus","arr":["M39"],"angle":82.9}},{"type":"Feature","geometry":{"type":"Point","coordinates":[20.879123,45.504616]},"properties":{"lines":"M39","color":"#0059a9","mode":"bus","arr":["M39"],"angle":-44.1}},{"type":"Feature","geometry":{"type":"Point","coordinates":[20.875678,45.489713]},"properties":{"lines":"M39","color":"#0059a9","mode":"bus","arr":["M39"],"angle":60.3,"extra":1,"ei":0}},{"type":"Feature","geometry":{"type":"Point","coordinates":[20.877028,45.488076]},"properties":{"lines":"M39","color":"#0059a9","mode":"bus","arr":["M39"],"angle":59.7,"extra":1,"ei":1}},{"type":"Feature","geometry":{"type":"Point","coordinates":[20.878385,45.486442]},"properties":{"lines":"M39","color":"#0059a9","mode":"bus","arr":["M39"],"angle":60,"extra":1,"ei":2}},{"type":"Feature","geometry":{"type":"Point","coordinates":[20.879681,45.484792]},"properties":{"lines":"M39","color":"#0059a9","mode":"bus","arr":["M39"],"angle":86.9,"extra":1,"ei":3}},{"type":"Feature","geometry":{"type":"Point","coordinates":[20.878545,45.483107]},"properties":{"lines":"M39","color":"#0059a9","mode":"bus","arr":["M39"],"angle":-80.5,"extra":1,"ei":4}},{"type":"Feature","geometry":{"type":"Point","coordinates":[20.879259,45.479391]},"properties":{"lines":"M39","color":"#0059a9","mode":"bus","arr":["M39"],"angle":75.2,"extra":1,"ei":5}},{"type":"Feature","geometry":{"type":"Point","coordinates":[20.879692,45.477538]},"properties":{"lines":"M39","color":"#0059a9","mode":"bus","arr":["M39"],"angle":-89.3,"extra":1,"ei":6}},{"type":"Feature","geometry":{"type":"Point","coordinates":[20.880004,45.475673]},"properties":{"lines":"M39","color":"#0059a9","mode":"bus","arr":["M39"],"angle":77.8,"extra":1,"ei":7}},{"type":"Feature","geometry":{"type":"Point","coordinates":[20.88093,45.473929]},"properties":{"lines":"M39","color":"#0059a9","mode":"bus","arr":["M39"],"angle":47.9,"extra":1,"ei":8}},{"type":"Feature","geometry":{"type":"Point","coordinates":[20.882142,45.472286]},"properties":{"lines":"M39","color":"#0059a9","mode":"bus","arr":["M39"],"angle":73.8,"extra":1,"ei":9}},{"type":"Feature","geometry":{"type":"Point","coordinates":[21.202578,45.8005]},"properties":{"lines":"M41","color":"#0059a9","mode":"bus","arr":["M41"],"angle":62.3}},{"type":"Feature","geometry":{"type":"Point","coordinates":[21.214313,45.789167]},"properties":{"lines":"M41","color":"#0059a9","mode":"bus","arr":["M41"],"angle":43}},{"type":"Feature","geometry":{"type":"Point","coordinates":[21.216893,45.787474]},"properties":{"lines":"M41","color":"#0059a9","mode":"bus","arr":["M41"],"angle":44.9,"extra":1,"ei":0}},{"type":"Feature","geometry":{"type":"Point","coordinates":[21.212943,45.790057]},"properties":{"lines":"M41","color":"#0059a9","mode":"bus","arr":["M41"],"angle":42.9,"extra":1,"ei":1}},{"type":"Feature","geometry":{"type":"Point","coordinates":[21.211135,45.791428]},"properties":{"lines":"M41","color":"#0059a9","mode":"bus","arr":["M41"],"angle":67.8,"extra":1,"ei":2}},{"type":"Feature","geometry":{"type":"Point","coordinates":[21.195108,45.809388]},"properties":{"lines":"M41","color":"#0059a9","mode":"bus","arr":["M41"],"angle":67.9,"extra":1,"ei":0}},{"type":"Feature","geometry":{"type":"Point","coordinates":[21.196101,45.807631]},"properties":{"lines":"M41","color":"#0059a9","mode":"bus","arr":["M41"],"angle":70.8,"extra":1,"ei":1}},{"type":"Feature","geometry":{"type":"Point","coordinates":[21.196952,45.805841]},"properties":{"lines":"M41","color":"#0059a9","mode":"bus","arr":["M41"],"angle":63.3,"extra":1,"ei":2}},{"type":"Feature","geometry":{"type":"Point","coordinates":[21.198661,45.804385]},"properties":{"lines":"M41","color":"#0059a9","mode":"bus","arr":["M41"],"angle":46.3,"extra":1,"ei":3}},{"type":"Feature","geometry":{"type":"Point","coordinates":[21.200507,45.803005]},"properties":{"lines":"M41","color":"#0059a9","mode":"bus","arr":["M41"],"angle":50.3,"extra":1,"ei":4}},{"type":"Feature","geometry":{"type":"Point","coordinates":[21.20434,45.798018]},"properties":{"lines":"M41","color":"#0059a9","mode":"bus","arr":["M41"],"angle":64.4,"extra":1,"ei":5}},{"type":"Feature","geometry":{"type":"Point","coordinates":[21.205487,45.796307]},"properties":{"lines":"M41","color":"#0059a9","mode":"bus","arr":["M41"],"angle":64.1,"extra":1,"ei":6}},{"type":"Feature","geometry":{"type":"Point","coordinates":[21.206664,45.794607]},"properties":{"lines":"M41","color":"#0059a9","mode":"bus","arr":["M41"],"angle":64.3,"extra":1,"ei":7}},{"type":"Feature","geometry":{"type":"Point","coordinates":[21.20821,45.793081]},"properties":{"lines":"M41","color":"#0059a9","mode":"bus","arr":["M41"],"angle":42.5,"extra":1,"ei":8}},{"type":"Feature","geometry":{"type":"Point","coordinates":[21.202578,45.8005]},"properties":{"lines":"M42","color":"#0059a9","mode":"bus","arr":["M42"],"angle":62.3}},{"type":"Feature","geometry":{"type":"Point","coordinates":[21.214313,45.789167]},"properties":{"lines":"M42","color":"#0059a9","mode":"bus","arr":["M42"],"angle":43}},{"type":"Feature","geometry":{"type":"Point","coordinates":[21.216893,45.787474]},"properties":{"lines":"M42","color":"#0059a9","mode":"bus","arr":["M42"],"angle":44.9,"extra":1,"ei":0}},{"type":"Feature","geometry":{"type":"Point","coordinates":[21.212943,45.790057]},"properties":{"lines":"M42","color":"#0059a9","mode":"bus","arr":["M42"],"angle":42.9,"extra":1,"ei":1}},{"type":"Feature","geometry":{"type":"Point","coordinates":[21.211135,45.791428]},"properties":{"lines":"M42","color":"#0059a9","mode":"bus","arr":["M42"],"angle":67.8,"extra":1,"ei":2}},{"type":"Feature","geometry":{"type":"Point","coordinates":[21.195108,45.809388]},"properties":{"lines":"M42","color":"#0059a9","mode":"bus","arr":["M42"],"angle":67.9,"extra":1,"ei":0}},{"type":"Feature","geometry":{"type":"Point","coordinates":[21.196101,45.807631]},"properties":{"lines":"M42","color":"#0059a9","mode":"bus","arr":["M42"],"angle":70.8,"extra":1,"ei":1}},{"type":"Feature","geometry":{"type":"Point","coordinates":[21.196952,45.805841]},"properties":{"lines":"M42","color":"#0059a9","mode":"bus","arr":["M42"],"angle":63.3,"extra":1,"ei":2}},{"type":"Feature","geometry":{"type":"Point","coordinates":[21.198661,45.804385]},"properties":{"lines":"M42","color":"#0059a9","mode":"bus","arr":["M42"],"angle":46.3,"extra":1,"ei":3}},{"type":"Feature","geometry":{"type":"Point","coordinates":[21.200507,45.803005]},"properties":{"lines":"M42","color":"#0059a9","mode":"bus","arr":["M42"],"angle":50.3,"extra":1,"ei":4}},{"type":"Feature","geometry":{"type":"Point","coordinates":[21.20434,45.798018]},"properties":{"lines":"M42","color":"#0059a9","mode":"bus","arr":["M42"],"angle":64.4,"extra":1,"ei":5}},{"type":"Feature","geometry":{"type":"Point","coordinates":[21.205487,45.796307]},"properties":{"lines":"M42","color":"#0059a9","mode":"bus","arr":["M42"],"angle":64.1,"extra":1,"ei":6}},{"type":"Feature","geometry":{"type":"Point","coordinates":[21.206664,45.794607]},"properties":{"lines":"M42","color":"#0059a9","mode":"bus","arr":["M42"],"angle":64.3,"extra":1,"ei":7}},{"type":"Feature","geometry":{"type":"Point","coordinates":[21.20821,45.793081]},"properties":{"lines":"M42","color":"#0059a9","mode":"bus","arr":["M42"],"angle":42.5,"extra":1,"ei":8}},{"type":"Feature","geometry":{"type":"Point","coordinates":[21.214313,45.789167]},"properties":{"lines":"M45","color":"#0059a9","mode":"bus","arr":["M45"],"angle":43,"mi":22}},{"type":"Feature","geometry":{"type":"Point","coordinates":[21.216893,45.787474]},"properties":{"lines":"M45","color":"#0059a9","mode":"bus","arr":["M45"],"angle":44.9,"extra":1,"ei":0}},{"type":"Feature","geometry":{"type":"Point","coordinates":[21.212943,45.790057]},"properties":{"lines":"M45","color":"#0059a9","mode":"bus","arr":["M45"],"angle":42.9,"extra":1,"ei":1}},{"type":"Feature","geometry":{"type":"Point","coordinates":[21.211135,45.791428]},"properties":{"lines":"M45","color":"#0059a9","mode":"bus","arr":["M45"],"angle":67.8,"extra":1,"ei":2}},{"type":"Feature","geometry":{"type":"Point","coordinates":[21.202578,45.8005]},"properties":{"lines":"M47","color":"#0059a9","mode":"bus","arr":["M47"],"angle":62.3}},{"type":"Feature","geometry":{"type":"Point","coordinates":[21.214313,45.789167]},"properties":{"lines":"M47","color":"#0059a9","mode":"bus","arr":["M47"],"angle":43}},{"type":"Feature","geometry":{"type":"Point","coordinates":[21.216893,45.787474]},"properties":{"lines":"M47","color":"#0059a9","mode":"bus","arr":["M47"],"angle":44.9,"extra":1,"ei":0}},{"type":"Feature","geometry":{"type":"Point","coordinates":[21.212943,45.790057]},"properties":{"lines":"M47","color":"#0059a9","mode":"bus","arr":["M47"],"angle":42.9,"extra":1,"ei":1}},{"type":"Feature","geometry":{"type":"Point","coordinates":[21.211135,45.791428]},"properties":{"lines":"M47","color":"#0059a9","mode":"bus","arr":["M47"],"angle":67.8,"extra":1,"ei":2}},{"type":"Feature","geometry":{"type":"Point","coordinates":[21.195108,45.809388]},"properties":{"lines":"M47","color":"#0059a9","mode":"bus","arr":["M47"],"angle":67.9,"extra":1,"ei":0}},{"type":"Feature","geometry":{"type":"Point","coordinates":[21.196101,45.807631]},"properties":{"lines":"M47","color":"#0059a9","mode":"bus","arr":["M47"],"angle":70.8,"extra":1,"ei":1}},{"type":"Feature","geometry":{"type":"Point","coordinates":[21.196952,45.805841]},"properties":{"lines":"M47","color":"#0059a9","mode":"bus","arr":["M47"],"angle":63.3,"extra":1,"ei":2}},{"type":"Feature","geometry":{"type":"Point","coordinates":[21.198661,45.804385]},"properties":{"lines":"M47","color":"#0059a9","mode":"bus","arr":["M47"],"angle":46.3,"extra":1,"ei":3}},{"type":"Feature","geometry":{"type":"Point","coordinates":[21.200507,45.803005]},"properties":{"lines":"M47","color":"#0059a9","mode":"bus","arr":["M47"],"angle":50.3,"extra":1,"ei":4}},{"type":"Feature","geometry":{"type":"Point","coordinates":[21.20434,45.798018]},"properties":{"lines":"M47","color":"#0059a9","mode":"bus","arr":["M47"],"angle":64.4,"extra":1,"ei":5}},{"type":"Feature","geometry":{"type":"Point","coordinates":[21.205487,45.796307]},"properties":{"lines":"M47","color":"#0059a9","mode":"bus","arr":["M47"],"angle":64.1,"extra":1,"ei":6}},{"type":"Feature","geometry":{"type":"Point","coordinates":[21.206664,45.794607]},"properties":{"lines":"M47","color":"#0059a9","mode":"bus","arr":["M47"],"angle":64.3,"extra":1,"ei":7}},{"type":"Feature","geometry":{"type":"Point","coordinates":[21.20821,45.793081]},"properties":{"lines":"M47","color":"#0059a9","mode":"bus","arr":["M47"],"angle":42.5,"extra":1,"ei":8}},{"type":"Feature","geometry":{"type":"Point","coordinates":[21.202578,45.8005]},"properties":{"lines":"M48","color":"#0059a9","mode":"bus","arr":["M48"],"angle":62.3}},{"type":"Feature","geometry":{"type":"Point","coordinates":[21.214313,45.789167]},"properties":{"lines":"M48","color":"#0059a9","mode":"bus","arr":["M48"],"angle":43}},{"type":"Feature","geometry":{"type":"Point","coordinates":[21.216893,45.787474]},"properties":{"lines":"M48","color":"#0059a9","mode":"bus","arr":["M48"],"angle":44.9,"extra":1,"ei":0}},{"type":"Feature","geometry":{"type":"Point","coordinates":[21.212943,45.790057]},"properties":{"lines":"M48","color":"#0059a9","mode":"bus","arr":["M48"],"angle":42.9,"extra":1,"ei":1}},{"type":"Feature","geometry":{"type":"Point","coordinates":[21.211135,45.791428]},"properties":{"lines":"M48","color":"#0059a9","mode":"bus","arr":["M48"],"angle":67.8,"extra":1,"ei":2}},{"type":"Feature","geometry":{"type":"Point","coordinates":[21.195108,45.809388]},"properties":{"lines":"M48","color":"#0059a9","mode":"bus","arr":["M48"],"angle":67.9,"extra":1,"ei":0}},{"type":"Feature","geometry":{"type":"Point","coordinates":[21.196101,45.807631]},"properties":{"lines":"M48","color":"#0059a9","mode":"bus","arr":["M48"],"angle":70.8,"extra":1,"ei":1}},{"type":"Feature","geometry":{"type":"Point","coordinates":[21.196952,45.805841]},"properties":{"lines":"M48","color":"#0059a9","mode":"bus","arr":["M48"],"angle":63.3,"extra":1,"ei":2}},{"type":"Feature","geometry":{"type":"Point","coordinates":[21.198661,45.804385]},"properties":{"lines":"M48","color":"#0059a9","mode":"bus","arr":["M48"],"angle":46.3,"extra":1,"ei":3}},{"type":"Feature","geometry":{"type":"Point","coordinates":[21.200507,45.803005]},"properties":{"lines":"M48","color":"#0059a9","mode":"bus","arr":["M48"],"angle":50.3,"extra":1,"ei":4}},{"type":"Feature","geometry":{"type":"Point","coordinates":[21.20434,45.798018]},"properties":{"lines":"M48","color":"#0059a9","mode":"bus","arr":["M48"],"angle":64.4,"extra":1,"ei":5}},{"type":"Feature","geometry":{"type":"Point","coordinates":[21.205487,45.796307]},"properties":{"lines":"M48","color":"#0059a9","mode":"bus","arr":["M48"],"angle":64.1,"extra":1,"ei":6}},{"type":"Feature","geometry":{"type":"Point","coordinates":[21.206664,45.794607]},"properties":{"lines":"M48","color":"#0059a9","mode":"bus","arr":["M48"],"angle":64.3,"extra":1,"ei":7}},{"type":"Feature","geometry":{"type":"Point","coordinates":[21.20821,45.793081]},"properties":{"lines":"M48","color":"#0059a9","mode":"bus","arr":["M48"],"angle":42.5,"extra":1,"ei":8}},{"type":"Feature","geometry":{"type":"Point","coordinates":[21.190272,45.817808]},"properties":{"lines":"M41","color":"#0059a9","mode":"bus","arr":["M41"],"angle":68.3}},{"type":"Feature","geometry":{"type":"Point","coordinates":[21.193337,45.812436]},"properties":{"lines":"M41","color":"#0059a9","mode":"bus","arr":["M41"],"angle":69.5,"extra":1,"ei":0}},{"type":"Feature","geometry":{"type":"Point","coordinates":[21.192339,45.814191]},"properties":{"lines":"M41","color":"#0059a9","mode":"bus","arr":["M41"],"angle":68.3,"extra":1,"ei":1}},{"type":"Feature","geometry":{"type":"Point","coordinates":[21.191338,45.815946]},"properties":{"lines":"M41","color":"#0059a9","mode":"bus","arr":["M41"],"angle":68.1,"extra":1,"ei":2}},{"type":"Feature","geometry":{"type":"Point","coordinates":[21.18933,45.819453]},"properties":{"lines":"M41","color":"#0059a9","mode":"bus","arr":["M41"],"angle":68.1,"extra":1,"ei":3}},{"type":"Feature","geometry":{"type":"Point","coordinates":[21.188321,45.821206]},"properties":{"lines":"M41","color":"#0059a9","mode":"bus","arr":["M41"],"angle":67.1,"extra":1,"ei":4}},{"type":"Feature","geometry":{"type":"Point","coordinates":[21.187369,45.822968]},"properties":{"lines":"M41","color":"#0059a9","mode":"bus","arr":["M41"],"angle":76.5,"extra":1,"ei":5}},{"type":"Feature","geometry":{"type":"Point","coordinates":[21.190272,45.817808]},"properties":{"lines":"M47","color":"#0059a9","mode":"bus","arr":["M47"],"angle":68.3}},{"type":"Feature","geometry":{"type":"Point","coordinates":[21.193337,45.812436]},"properties":{"lines":"M47","color":"#0059a9","mode":"bus","arr":["M47"],"angle":69.5,"extra":1,"ei":0}},{"type":"Feature","geometry":{"type":"Point","coordinates":[21.192339,45.814191]},"properties":{"lines":"M47","color":"#0059a9","mode":"bus","arr":["M47"],"angle":68.3,"extra":1,"ei":1}},{"type":"Feature","geometry":{"type":"Point","coordinates":[21.191338,45.815946]},"properties":{"lines":"M47","color":"#0059a9","mode":"bus","arr":["M47"],"angle":68.1,"extra":1,"ei":2}},{"type":"Feature","geometry":{"type":"Point","coordinates":[21.18933,45.819453]},"properties":{"lines":"M47","color":"#0059a9","mode":"bus","arr":["M47"],"angle":68.1,"extra":1,"ei":3}},{"type":"Feature","geometry":{"type":"Point","coordinates":[21.188321,45.821206]},"properties":{"lines":"M47","color":"#0059a9","mode":"bus","arr":["M47"],"angle":67.1,"extra":1,"ei":4}},{"type":"Feature","geometry":{"type":"Point","coordinates":[21.187369,45.822968]},"properties":{"lines":"M47","color":"#0059a9","mode":"bus","arr":["M47"],"angle":76.5,"extra":1,"ei":5}},{"type":"Feature","geometry":{"type":"Point","coordinates":[21.20573,45.893429]},"properties":{"lines":"M48","color":"#0059a9","mode":"bus","arr":["M48"],"angle":87.7}},{"type":"Feature","geometry":{"type":"Point","coordinates":[21.190272,45.817808]},"properties":{"lines":"M48","color":"#0059a9","mode":"bus","arr":["M48"],"angle":68.3}},{"type":"Feature","geometry":{"type":"Point","coordinates":[21.18772,45.82664]},"properties":{"lines":"M48","color":"#0059a9","mode":"bus","arr":["M48"],"angle":-76.5,"mi":1}},{"type":"Feature","geometry":{"type":"Point","coordinates":[21.188543,45.829145]},"properties":{"lines":"M48","color":"#0059a9","mode":"bus","arr":["M48"],"angle":25.4}},{"type":"Feature","geometry":{"type":"Point","coordinates":[21.193337,45.812436]},"properties":{"lines":"M48","color":"#0059a9","mode":"bus","arr":["M48"],"angle":69.5,"extra":1,"ei":0}},{"type":"Feature","geometry":{"type":"Point","coordinates":[21.192339,45.814191]},"properties":{"lines":"M48","color":"#0059a9","mode":"bus","arr":["M48"],"angle":68.3,"extra":1,"ei":1}},{"type":"Feature","geometry":{"type":"Point","coordinates":[21.191338,45.815946]},"properties":{"lines":"M48","color":"#0059a9","mode":"bus","arr":["M48"],"angle":68.1,"extra":1,"ei":2}},{"type":"Feature","geometry":{"type":"Point","coordinates":[21.18933,45.819453]},"properties":{"lines":"M48","color":"#0059a9","mode":"bus","arr":["M48"],"angle":68.1,"extra":1,"ei":3}},{"type":"Feature","geometry":{"type":"Point","coordinates":[21.188321,45.821206]},"properties":{"lines":"M48","color":"#0059a9","mode":"bus","arr":["M48"],"angle":67.1,"extra":1,"ei":4}},{"type":"Feature","geometry":{"type":"Point","coordinates":[21.187369,45.822968]},"properties":{"lines":"M48","color":"#0059a9","mode":"bus","arr":["M48"],"angle":76.5,"extra":1,"ei":5}},{"type":"Feature","geometry":{"type":"Point","coordinates":[21.187395,45.825047]},"properties":{"lines":"M48","color":"#0059a9","mode":"bus","arr":["M48"],"angle":-88.1,"extra":1,"ei":0}},{"type":"Feature","geometry":{"type":"Point","coordinates":[21.197055,45.956991]},"properties":{"lines":"M48","color":"#0059a9","mode":"bus","arr":["M48"],"angle":-89.8,"extra":1,"ei":0}},{"type":"Feature","geometry":{"type":"Point","coordinates":[21.197054,45.955102]},"properties":{"lines":"M48","color":"#0059a9","mode":"bus","arr":["M48"],"angle":90,"extra":1,"ei":1}},{"type":"Feature","geometry":{"type":"Point","coordinates":[21.197054,45.953214]},"properties":{"lines":"M48","color":"#0059a9","mode":"bus","arr":["M48"],"angle":90,"extra":1,"ei":2}},{"type":"Feature","geometry":{"type":"Point","coordinates":[21.197054,45.951325]},"properties":{"lines":"M48","color":"#0059a9","mode":"bus","arr":["M48"],"angle":90,"extra":1,"ei":3}},{"type":"Feature","geometry":{"type":"Point","coordinates":[21.197054,45.949436]},"properties":{"lines":"M48","color":"#0059a9","mode":"bus","arr":["M48"],"angle":-89.9,"extra":1,"ei":4}},{"type":"Feature","geometry":{"type":"Point","coordinates":[21.197051,45.947548]},"properties":{"lines":"M48","color":"#0059a9","mode":"bus","arr":["M48"],"angle":-89.8,"extra":1,"ei":5}},{"type":"Feature","geometry":{"type":"Point","coordinates":[21.197048,45.945659]},"properties":{"lines":"M48","color":"#0059a9","mode":"bus","arr":["M48"],"angle":-89.9,"extra":1,"ei":6}},{"type":"Feature","geometry":{"type":"Point","coordinates":[21.197041,45.943771]},"properties":{"lines":"M48","color":"#0059a9","mode":"bus","arr":["M48"],"angle":-88.9,"extra":1,"ei":7}},{"type":"Feature","geometry":{"type":"Point","coordinates":[21.196956,45.941883]},"properties":{"lines":"M48","color":"#0059a9","mode":"bus","arr":["M48"],"angle":-88.2,"extra":1,"ei":8}},{"type":"Feature","geometry":{"type":"Point","coordinates":[21.19688,45.939995]},"properties":{"lines":"M48","color":"#0059a9","mode":"bus","arr":["M48"],"angle":89.6,"extra":1,"ei":9}},{"type":"Feature","geometry":{"type":"Point","coordinates":[21.196969,45.938109]},"properties":{"lines":"M48","color":"#0059a9","mode":"bus","arr":["M48"],"angle":83.3,"extra":1,"ei":10}},{"type":"Feature","geometry":{"type":"Point","coordinates":[21.197608,45.936275]},"properties":{"lines":"M48","color":"#0059a9","mode":"bus","arr":["M48"],"angle":74.7,"extra":1,"ei":11}},{"type":"Feature","geometry":{"type":"Point","coordinates":[21.19831,45.934451]},"properties":{"lines":"M48","color":"#0059a9","mode":"bus","arr":["M48"],"angle":75.2,"extra":1,"ei":12}},{"type":"Feature","geometry":{"type":"Point","coordinates":[21.199003,45.932626]},"properties":{"lines":"M48","color":"#0059a9","mode":"bus","arr":["M48"],"angle":73.8,"extra":1,"ei":13}},{"type":"Feature","geometry":{"type":"Point","coordinates":[21.199704,45.930807]},"properties":{"lines":"M48","color":"#0059a9","mode":"bus","arr":["M48"],"angle":88.3,"extra":1,"ei":14}},{"type":"Feature","geometry":{"type":"Point","coordinates":[21.198859,45.929033]},"properties":{"lines":"M48","color":"#0059a9","mode":"bus","arr":["M48"],"angle":-66.8,"extra":1,"ei":15}},{"type":"Feature","geometry":{"type":"Point","coordinates":[21.198515,45.927215]},"properties":{"lines":"M48","color":"#0059a9","mode":"bus","arr":["M48"],"angle":78.6,"extra":1,"ei":16}},{"type":"Feature","geometry":{"type":"Point","coordinates":[21.199052,45.925364]},"properties":{"lines":"M48","color":"#0059a9","mode":"bus","arr":["M48"],"angle":78.6,"extra":1,"ei":17}},{"type":"Feature","geometry":{"type":"Point","coordinates":[21.199589,45.923513]},"properties":{"lines":"M48","color":"#0059a9","mode":"bus","arr":["M48"],"angle":78.6,"extra":1,"ei":18}},{"type":"Feature","geometry":{"type":"Point","coordinates":[21.200079,45.921656]},"properties":{"lines":"M48","color":"#0059a9","mode":"bus","arr":["M48"],"angle":79.8,"extra":1,"ei":19}},{"type":"Feature","geometry":{"type":"Point","coordinates":[21.200557,45.919797]},"properties":{"lines":"M48","color":"#0059a9","mode":"bus","arr":["M48"],"angle":79.8,"extra":1,"ei":20}},{"type":"Feature","geometry":{"type":"Point","coordinates":[21.201035,45.917938]},"properties":{"lines":"M48","color":"#0059a9","mode":"bus","arr":["M48"],"angle":79.9,"extra":1,"ei":21}},{"type":"Feature","geometry":{"type":"Point","coordinates":[21.201508,45.916079]},"properties":{"lines":"M48","color":"#0059a9","mode":"bus","arr":["M48"],"angle":80.1,"extra":1,"ei":22}},{"type":"Feature","geometry":{"type":"Point","coordinates":[21.201972,45.914218]},"properties":{"lines":"M48","color":"#0059a9","mode":"bus","arr":["M48"],"angle":80.1,"extra":1,"ei":23}},{"type":"Feature","geometry":{"type":"Point","coordinates":[21.20237,45.91235]},"properties":{"lines":"M48","color":"#0059a9","mode":"bus","arr":["M48"],"angle":82.8,"extra":1,"ei":24}},{"type":"Feature","geometry":{"type":"Point","coordinates":[21.202713,45.910477]},"properties":{"lines":"M48","color":"#0059a9","mode":"bus","arr":["M48"],"angle":82.7,"extra":1,"ei":25}},{"type":"Feature","geometry":{"type":"Point","coordinates":[21.203057,45.908604]},"properties":{"lines":"M48","color":"#0059a9","mode":"bus","arr":["M48"],"angle":82.7,"extra":1,"ei":26}},{"type":"Feature","geometry":{"type":"Point","coordinates":[21.203402,45.90673]},"properties":{"lines":"M48","color":"#0059a9","mode":"bus","arr":["M48"],"angle":82.7,"extra":1,"ei":27}},{"type":"Feature","geometry":{"type":"Point","coordinates":[21.203746,45.904857]},"properties":{"lines":"M48","color":"#0059a9","mode":"bus","arr":["M48"],"angle":82.7,"extra":1,"ei":28}},{"type":"Feature","geometry":{"type":"Point","coordinates":[21.204092,45.902984]},"properties":{"lines":"M48","color":"#0059a9","mode":"bus","arr":["M48"],"angle":82.6,"extra":1,"ei":29}},{"type":"Feature","geometry":{"type":"Point","coordinates":[21.204441,45.901111]},"properties":{"lines":"M48","color":"#0059a9","mode":"bus","arr":["M48"],"angle":82.6,"extra":1,"ei":30}},{"type":"Feature","geometry":{"type":"Point","coordinates":[21.204764,45.899236]},"properties":{"lines":"M48","color":"#0059a9","mode":"bus","arr":["M48"],"angle":83.3,"extra":1,"ei":31}},{"type":"Feature","geometry":{"type":"Point","coordinates":[21.205078,45.89736]},"properties":{"lines":"M48","color":"#0059a9","mode":"bus","arr":["M48"],"angle":83.3,"extra":1,"ei":32}},{"type":"Feature","geometry":{"type":"Point","coordinates":[21.205392,45.895485]},"properties":{"lines":"M48","color":"#0059a9","mode":"bus","arr":["M48"],"angle":83.3,"extra":1,"ei":33}},{"type":"Feature","geometry":{"type":"Point","coordinates":[21.205334,45.891748]},"properties":{"lines":"M48","color":"#0059a9","mode":"bus","arr":["M48"],"angle":-78.4,"extra":1,"ei":34}},{"type":"Feature","geometry":{"type":"Point","coordinates":[21.204783,45.889898]},"properties":{"lines":"M48","color":"#0059a9","mode":"bus","arr":["M48"],"angle":-77.9,"extra":1,"ei":35}},{"type":"Feature","geometry":{"type":"Point","coordinates":[21.204218,45.888052]},"properties":{"lines":"M48","color":"#0059a9","mode":"bus","arr":["M48"],"angle":-78,"extra":1,"ei":36}},{"type":"Feature","geometry":{"type":"Point","coordinates":[21.203639,45.886207]},"properties":{"lines":"M48","color":"#0059a9","mode":"bus","arr":["M48"],"angle":-77,"extra":1,"ei":37}},{"type":"Feature","geometry":{"type":"Point","coordinates":[21.203421,45.88433]},"properties":{"lines":"M48","color":"#0059a9","mode":"bus","arr":["M48"],"angle":-89.6,"extra":1,"ei":38}},{"type":"Feature","geometry":{"type":"Point","coordinates":[21.2034,45.882441]},"properties":{"lines":"M48","color":"#0059a9","mode":"bus","arr":["M48"],"angle":-89.4,"extra":1,"ei":39}},{"type":"Feature","geometry":{"type":"Point","coordinates":[21.203371,45.880553]},"properties":{"lines":"M48","color":"#0059a9","mode":"bus","arr":["M48"],"angle":-89.2,"extra":1,"ei":40}},{"type":"Feature","geometry":{"type":"Point","coordinates":[21.203346,45.878665]},"properties":{"lines":"M48","color":"#0059a9","mode":"bus","arr":["M48"],"angle":-89.9,"extra":1,"ei":41}},{"type":"Feature","geometry":{"type":"Point","coordinates":[21.203318,45.876776]},"properties":{"lines":"M48","color":"#0059a9","mode":"bus","arr":["M48"],"angle":-89.3,"extra":1,"ei":42}},{"type":"Feature","geometry":{"type":"Point","coordinates":[21.203257,45.874888]},"properties":{"lines":"M48","color":"#0059a9","mode":"bus","arr":["M48"],"angle":-88.5,"extra":1,"ei":43}},{"type":"Feature","geometry":{"type":"Point","coordinates":[21.203209,45.873]},"properties":{"lines":"M48","color":"#0059a9","mode":"bus","arr":["M48"],"angle":-89.1,"extra":1,"ei":44}},{"type":"Feature","geometry":{"type":"Point","coordinates":[21.20317,45.871111]},"properties":{"lines":"M48","color":"#0059a9","mode":"bus","arr":["M48"],"angle":-89.2,"extra":1,"ei":45}},{"type":"Feature","geometry":{"type":"Point","coordinates":[21.20312,45.869223]},"properties":{"lines":"M48","color":"#0059a9","mode":"bus","arr":["M48"],"angle":-88.5,"extra":1,"ei":46}},{"type":"Feature","geometry":{"type":"Point","coordinates":[21.203057,45.867335]},"properties":{"lines":"M48","color":"#0059a9","mode":"bus","arr":["M48"],"angle":-89.2,"extra":1,"ei":47}},{"type":"Feature","geometry":{"type":"Point","coordinates":[21.202985,45.865447]},"properties":{"lines":"M48","color":"#0059a9","mode":"bus","arr":["M48"],"angle":-87.5,"extra":1,"ei":48}},{"type":"Feature","geometry":{"type":"Point","coordinates":[21.202868,45.863561]},"properties":{"lines":"M48","color":"#0059a9","mode":"bus","arr":["M48"],"angle":-87.7,"extra":1,"ei":49}},{"type":"Feature","geometry":{"type":"Point","coordinates":[21.202776,45.861673]},"properties":{"lines":"M48","color":"#0059a9","mode":"bus","arr":["M48"],"angle":-87.9,"extra":1,"ei":50}},{"type":"Feature","geometry":{"type":"Point","coordinates":[21.202628,45.859788]},"properties":{"lines":"M48","color":"#0059a9","mode":"bus","arr":["M48"],"angle":-81.6,"extra":1,"ei":51}},{"type":"Feature","geometry":{"type":"Point","coordinates":[21.202098,45.857936]},"properties":{"lines":"M48","color":"#0059a9","mode":"bus","arr":["M48"],"angle":-79,"extra":1,"ei":52}},{"type":"Feature","geometry":{"type":"Point","coordinates":[21.201557,45.856086]},"properties":{"lines":"M48","color":"#0059a9","mode":"bus","arr":["M48"],"angle":-77.5,"extra":1,"ei":53}},{"type":"Feature","geometry":{"type":"Point","coordinates":[21.200921,45.854251]},"properties":{"lines":"M48","color":"#0059a9","mode":"bus","arr":["M48"],"angle":-71.3,"extra":1,"ei":54}},{"type":"Feature","geometry":{"type":"Point","coordinates":[21.199786,45.852537]},"properties":{"lines":"M48","color":"#0059a9","mode":"bus","arr":["M48"],"angle":-64.7,"extra":1,"ei":55}},{"type":"Feature","geometry":{"type":"Point","coordinates":[21.198629,45.85083]},"properties":{"lines":"M48","color":"#0059a9","mode":"bus","arr":["M48"],"angle":-64.7,"extra":1,"ei":56}},{"type":"Feature","geometry":{"type":"Point","coordinates":[21.197504,45.849112]},"properties":{"lines":"M48","color":"#0059a9","mode":"bus","arr":["M48"],"angle":-65.8,"extra":1,"ei":57}},{"type":"Feature","geometry":{"type":"Point","coordinates":[21.196389,45.847392]},"properties":{"lines":"M48","color":"#0059a9","mode":"bus","arr":["M48"],"angle":-64.8,"extra":1,"ei":58}},{"type":"Feature","geometry":{"type":"Point","coordinates":[21.195274,45.845671]},"properties":{"lines":"M48","color":"#0059a9","mode":"bus","arr":["M48"],"angle":-66.4,"extra":1,"ei":59}},{"type":"Feature","geometry":{"type":"Point","coordinates":[21.19414,45.843957]},"properties":{"lines":"M48","color":"#0059a9","mode":"bus","arr":["M48"],"angle":-65,"extra":1,"ei":60}},{"type":"Feature","geometry":{"type":"Point","coordinates":[21.193183,45.842195]},"properties":{"lines":"M48","color":"#0059a9","mode":"bus","arr":["M48"],"angle":-74.5,"extra":1,"ei":61}},{"type":"Feature","geometry":{"type":"Point","coordinates":[21.192469,45.840374]},"properties":{"lines":"M48","color":"#0059a9","mode":"bus","arr":["M48"],"angle":-75.1,"extra":1,"ei":62}},{"type":"Feature","geometry":{"type":"Point","coordinates":[21.191776,45.838548]},"properties":{"lines":"M48","color":"#0059a9","mode":"bus","arr":["M48"],"angle":-75.2,"extra":1,"ei":63}},{"type":"Feature","geometry":{"type":"Point","coordinates":[21.191076,45.836724]},"properties":{"lines":"M48","color":"#0059a9","mode":"bus","arr":["M48"],"angle":-75,"extra":1,"ei":64}},{"type":"Feature","geometry":{"type":"Point","coordinates":[21.190435,45.83489]},"properties":{"lines":"M48","color":"#0059a9","mode":"bus","arr":["M48"],"angle":-77.6,"extra":1,"ei":65}},{"type":"Feature","geometry":{"type":"Point","coordinates":[21.189849,45.833046]},"properties":{"lines":"M48","color":"#0059a9","mode":"bus","arr":["M48"],"angle":-77.4,"extra":1,"ei":66}},{"type":"Feature","geometry":{"type":"Point","coordinates":[21.189257,45.831203]},"properties":{"lines":"M48","color":"#0059a9","mode":"bus","arr":["M48"],"angle":-77.2,"extra":1,"ei":67}},{"type":"Feature","geometry":{"type":"Point","coordinates":[21.162946,45.880846]},"properties":{"lines":"M41","color":"#0059a9","mode":"bus","arr":["M41"],"angle":-58.9}},{"type":"Feature","geometry":{"type":"Point","coordinates":[21.17792,45.838908]},"properties":{"lines":"M41","color":"#0059a9","mode":"bus","arr":["M41"],"angle":67.4}},{"type":"Feature","geometry":{"type":"Point","coordinates":[21.164684,45.901234]},"properties":{"lines":"M41","color":"#0059a9","mode":"bus","arr":["M41"],"angle":89.3,"mi":4}},{"type":"Feature","geometry":{"type":"Point","coordinates":[21.184923,45.827128]},"properties":{"lines":"M41","color":"#0059a9","mode":"bus","arr":["M41"],"angle":67.6}},{"type":"Feature","geometry":{"type":"Point","coordinates":[21.186034,45.825241]},"properties":{"lines":"M41","color":"#0059a9","mode":"bus","arr":["M41"],"angle":67.7,"extra":1,"ei":0}},{"type":"Feature","geometry":{"type":"Point","coordinates":[21.183976,45.828734]},"properties":{"lines":"M41","color":"#0059a9","mode":"bus","arr":["M41"],"angle":67.6,"extra":1,"ei":1}},{"type":"Feature","geometry":{"type":"Point","coordinates":[21.173182,45.846579]},"properties":{"lines":"M41","color":"#0059a9","mode":"bus","arr":["M41"],"angle":63.8,"extra":1,"ei":0}},{"type":"Feature","geometry":{"type":"Point","coordinates":[21.174351,45.844876]},"properties":{"lines":"M41","color":"#0059a9","mode":"bus","arr":["M41"],"angle":66.8,"extra":1,"ei":1}},{"type":"Feature","geometry":{"type":"Point","coordinates":[21.175396,45.843134]},"properties":{"lines":"M41","color":"#0059a9","mode":"bus","arr":["M41"],"angle":67.4,"extra":1,"ei":2}},{"type":"Feature","geometry":{"type":"Point","coordinates":[21.176437,45.841391]},"properties":{"lines":"M41","color":"#0059a9","mode":"bus","arr":["M41"],"angle":67.4,"extra":1,"ei":3}},{"type":"Feature","geometry":{"type":"Point","coordinates":[21.179563,45.836162]},"properties":{"lines":"M41","color":"#0059a9","mode":"bus","arr":["M41"],"angle":67.3,"extra":1,"ei":4}},{"type":"Feature","geometry":{"type":"Point","coordinates":[21.180601,45.834418]},"properties":{"lines":"M41","color":"#0059a9","mode":"bus","arr":["M41"],"angle":67.5,"extra":1,"ei":5}},{"type":"Feature","geometry":{"type":"Point","coordinates":[21.181639,45.832674]},"properties":{"lines":"M41","color":"#0059a9","mode":"bus","arr":["M41"],"angle":67.4,"extra":1,"ei":6}},{"type":"Feature","geometry":{"type":"Point","coordinates":[21.182676,45.830929]},"properties":{"lines":"M41","color":"#0059a9","mode":"bus","arr":["M41"],"angle":67.5,"extra":1,"ei":7}},{"type":"Feature","geometry":{"type":"Point","coordinates":[21.166117,45.867466]},"properties":{"lines":"M41","color":"#0059a9","mode":"bus","arr":["M41"],"angle":78.8,"extra":1,"ei":0}},{"type":"Feature","geometry":{"type":"Point","coordinates":[21.165591,45.869319]},"properties":{"lines":"M41","color":"#0059a9","mode":"bus","arr":["M41"],"angle":78.8,"extra":1,"ei":1}},{"type":"Feature","geometry":{"type":"Point","coordinates":[21.16505,45.871169]},"properties":{"lines":"M41","color":"#0059a9","mode":"bus","arr":["M41"],"angle":78.3,"extra":1,"ei":2}},{"type":"Feature","geometry":{"type":"Point","coordinates":[21.164515,45.873021]},"properties":{"lines":"M41","color":"#0059a9","mode":"bus","arr":["M41"],"angle":78.7,"extra":1,"ei":3}},{"type":"Feature","geometry":{"type":"Point","coordinates":[21.163984,45.874872]},"properties":{"lines":"M41","color":"#0059a9","mode":"bus","arr":["M41"],"angle":78.7,"extra":1,"ei":4}},{"type":"Feature","geometry":{"type":"Point","coordinates":[21.163453,45.876724]},"properties":{"lines":"M41","color":"#0059a9","mode":"bus","arr":["M41"],"angle":78.7,"extra":1,"ei":5}},{"type":"Feature","geometry":{"type":"Point","coordinates":[21.162922,45.878576]},"properties":{"lines":"M41","color":"#0059a9","mode":"bus","arr":["M41"],"angle":78.7,"extra":1,"ei":6}},{"type":"Feature","geometry":{"type":"Point","coordinates":[21.163655,45.882151]},"properties":{"lines":"M41","color":"#0059a9","mode":"bus","arr":["M41"],"angle":-74,"extra":1,"ei":7}},{"type":"Feature","geometry":{"type":"Point","coordinates":[21.164394,45.883968]},"properties":{"lines":"M41","color":"#0059a9","mode":"bus","arr":["M41"],"angle":-74.4,"extra":1,"ei":8}},{"type":"Feature","geometry":{"type":"Point","coordinates":[21.165001,45.885801]},"properties":{"lines":"M41","color":"#0059a9","mode":"bus","arr":["M41"],"angle":-84.9,"extra":1,"ei":9}},{"type":"Feature","geometry":{"type":"Point","coordinates":[21.165096,45.887687]},"properties":{"lines":"M41","color":"#0059a9","mode":"bus","arr":["M41"],"angle":88.4,"extra":1,"ei":10}},{"type":"Feature","geometry":{"type":"Point","coordinates":[21.165022,45.889575]},"properties":{"lines":"M41","color":"#0059a9","mode":"bus","arr":["M41"],"angle":88.4,"extra":1,"ei":11}},{"type":"Feature","geometry":{"type":"Point","coordinates":[21.164947,45.891463]},"properties":{"lines":"M41","color":"#0059a9","mode":"bus","arr":["M41"],"angle":88.4,"extra":1,"ei":12}},{"type":"Feature","geometry":{"type":"Point","coordinates":[21.164872,45.893351]},"properties":{"lines":"M41","color":"#0059a9","mode":"bus","arr":["M41"],"angle":88.4,"extra":1,"ei":13}},{"type":"Feature","geometry":{"type":"Point","coordinates":[21.164803,45.895239]},"properties":{"lines":"M41","color":"#0059a9","mode":"bus","arr":["M41"],"angle":88.6,"extra":1,"ei":14}},{"type":"Feature","geometry":{"type":"Point","coordinates":[21.164473,45.903667]},"properties":{"lines":"M41","color":"#0059a9","mode":"bus","arr":["M41"],"angle":85.9,"extra":1,"ei":0}},{"type":"Feature","geometry":{"type":"Point","coordinates":[21.164706,45.899895]},"properties":{"lines":"M41","color":"#0059a9","mode":"bus","arr":["M41"],"angle":89.3,"extra":1,"ei":1}},{"type":"Feature","geometry":{"type":"Point","coordinates":[21.164737,45.898007]},"properties":{"lines":"M41","color":"#0059a9","mode":"bus","arr":["M41"],"angle":89.3,"extra":1,"ei":2}},{"type":"Feature","geometry":{"type":"Point","coordinates":[21.120631,45.934083]},"properties":{"lines":"M47","color":"#0059a9","mode":"bus","arr":["M47"],"angle":41.8}},{"type":"Feature","geometry":{"type":"Point","coordinates":[21.162946,45.880846]},"properties":{"lines":"M47","color":"#0059a9","mode":"bus","arr":["M47"],"angle":-58.9}},{"type":"Feature","geometry":{"type":"Point","coordinates":[21.17792,45.838908]},"properties":{"lines":"M47","color":"#0059a9","mode":"bus","arr":["M47"],"angle":67.4}},{"type":"Feature","geometry":{"type":"Point","coordinates":[21.164684,45.901234]},"properties":{"lines":"M47","color":"#0059a9","mode":"bus","arr":["M47"],"angle":89.3,"mi":2}},{"type":"Feature","geometry":{"type":"Point","coordinates":[21.184923,45.827128]},"properties":{"lines":"M47","color":"#0059a9","mode":"bus","arr":["M47"],"angle":67.6}},{"type":"Feature","geometry":{"type":"Point","coordinates":[21.186034,45.825241]},"properties":{"lines":"M47","color":"#0059a9","mode":"bus","arr":["M47"],"angle":67.7,"extra":1,"ei":0}},{"type":"Feature","geometry":{"type":"Point","coordinates":[21.183976,45.828734]},"properties":{"lines":"M47","color":"#0059a9","mode":"bus","arr":["M47"],"angle":67.6,"extra":1,"ei":1}},{"type":"Feature","geometry":{"type":"Point","coordinates":[21.173182,45.846579]},"properties":{"lines":"M47","color":"#0059a9","mode":"bus","arr":["M47"],"angle":63.8,"extra":1,"ei":0}},{"type":"Feature","geometry":{"type":"Point","coordinates":[21.174351,45.844876]},"properties":{"lines":"M47","color":"#0059a9","mode":"bus","arr":["M47"],"angle":66.8,"extra":1,"ei":1}},{"type":"Feature","geometry":{"type":"Point","coordinates":[21.175396,45.843134]},"properties":{"lines":"M47","color":"#0059a9","mode":"bus","arr":["M47"],"angle":67.4,"extra":1,"ei":2}},{"type":"Feature","geometry":{"type":"Point","coordinates":[21.176437,45.841391]},"properties":{"lines":"M47","color":"#0059a9","mode":"bus","arr":["M47"],"angle":67.4,"extra":1,"ei":3}},{"type":"Feature","geometry":{"type":"Point","coordinates":[21.179563,45.836162]},"properties":{"lines":"M47","color":"#0059a9","mode":"bus","arr":["M47"],"angle":67.3,"extra":1,"ei":4}},{"type":"Feature","geometry":{"type":"Point","coordinates":[21.180601,45.834418]},"properties":{"lines":"M47","color":"#0059a9","mode":"bus","arr":["M47"],"angle":67.5,"extra":1,"ei":5}},{"type":"Feature","geometry":{"type":"Point","coordinates":[21.181639,45.832674]},"properties":{"lines":"M47","color":"#0059a9","mode":"bus","arr":["M47"],"angle":67.4,"extra":1,"ei":6}},{"type":"Feature","geometry":{"type":"Point","coordinates":[21.182676,45.830929]},"properties":{"lines":"M47","color":"#0059a9","mode":"bus","arr":["M47"],"angle":67.5,"extra":1,"ei":7}},{"type":"Feature","geometry":{"type":"Point","coordinates":[21.166117,45.867466]},"properties":{"lines":"M47","color":"#0059a9","mode":"bus","arr":["M47"],"angle":78.8,"extra":1,"ei":0}},{"type":"Feature","geometry":{"type":"Point","coordinates":[21.165591,45.869319]},"properties":{"lines":"M47","color":"#0059a9","mode":"bus","arr":["M47"],"angle":78.8,"extra":1,"ei":1}},{"type":"Feature","geometry":{"type":"Point","coordinates":[21.16505,45.871169]},"properties":{"lines":"M47","color":"#0059a9","mode":"bus","arr":["M47"],"angle":78.3,"extra":1,"ei":2}},{"type":"Feature","geometry":{"type":"Point","coordinates":[21.164515,45.873021]},"properties":{"lines":"M47","color":"#0059a9","mode":"bus","arr":["M47"],"angle":78.7,"extra":1,"ei":3}},{"type":"Feature","geometry":{"type":"Point","coordinates":[21.163984,45.874872]},"properties":{"lines":"M47","color":"#0059a9","mode":"bus","arr":["M47"],"angle":78.7,"extra":1,"ei":4}},{"type":"Feature","geometry":{"type":"Point","coordinates":[21.163453,45.876724]},"properties":{"lines":"M47","color":"#0059a9","mode":"bus","arr":["M47"],"angle":78.7,"extra":1,"ei":5}},{"type":"Feature","geometry":{"type":"Point","coordinates":[21.162922,45.878576]},"properties":{"lines":"M47","color":"#0059a9","mode":"bus","arr":["M47"],"angle":78.7,"extra":1,"ei":6}},{"type":"Feature","geometry":{"type":"Point","coordinates":[21.163655,45.882151]},"properties":{"lines":"M47","color":"#0059a9","mode":"bus","arr":["M47"],"angle":-74,"extra":1,"ei":7}},{"type":"Feature","geometry":{"type":"Point","coordinates":[21.164394,45.883968]},"properties":{"lines":"M47","color":"#0059a9","mode":"bus","arr":["M47"],"angle":-74.4,"extra":1,"ei":8}},{"type":"Feature","geometry":{"type":"Point","coordinates":[21.165001,45.885801]},"properties":{"lines":"M47","color":"#0059a9","mode":"bus","arr":["M47"],"angle":-84.9,"extra":1,"ei":9}},{"type":"Feature","geometry":{"type":"Point","coordinates":[21.165096,45.887687]},"properties":{"lines":"M47","color":"#0059a9","mode":"bus","arr":["M47"],"angle":88.4,"extra":1,"ei":10}},{"type":"Feature","geometry":{"type":"Point","coordinates":[21.165022,45.889575]},"properties":{"lines":"M47","color":"#0059a9","mode":"bus","arr":["M47"],"angle":88.4,"extra":1,"ei":11}},{"type":"Feature","geometry":{"type":"Point","coordinates":[21.164947,45.891463]},"properties":{"lines":"M47","color":"#0059a9","mode":"bus","arr":["M47"],"angle":88.4,"extra":1,"ei":12}},{"type":"Feature","geometry":{"type":"Point","coordinates":[21.164872,45.893351]},"properties":{"lines":"M47","color":"#0059a9","mode":"bus","arr":["M47"],"angle":88.4,"extra":1,"ei":13}},{"type":"Feature","geometry":{"type":"Point","coordinates":[21.164803,45.895239]},"properties":{"lines":"M47","color":"#0059a9","mode":"bus","arr":["M47"],"angle":88.6,"extra":1,"ei":14}},{"type":"Feature","geometry":{"type":"Point","coordinates":[21.164473,45.903667]},"properties":{"lines":"M47","color":"#0059a9","mode":"bus","arr":["M47"],"angle":85.9,"extra":1,"ei":0}},{"type":"Feature","geometry":{"type":"Point","coordinates":[21.164706,45.899895]},"properties":{"lines":"M47","color":"#0059a9","mode":"bus","arr":["M47"],"angle":89.3,"extra":1,"ei":1}},{"type":"Feature","geometry":{"type":"Point","coordinates":[21.164737,45.898007]},"properties":{"lines":"M47","color":"#0059a9","mode":"bus","arr":["M47"],"angle":89.3,"extra":1,"ei":2}},{"type":"Feature","geometry":{"type":"Point","coordinates":[21.141789,45.91742]},"properties":{"lines":"M47","color":"#0059a9","mode":"bus","arr":["M47"],"angle":54.6,"extra":1,"ei":0}},{"type":"Feature","geometry":{"type":"Point","coordinates":[21.140207,45.918952]},"properties":{"lines":"M47","color":"#0059a9","mode":"bus","arr":["M47"],"angle":53,"extra":1,"ei":1}},{"type":"Feature","geometry":{"type":"Point","coordinates":[21.138582,45.920462]},"properties":{"lines":"M47","color":"#0059a9","mode":"bus","arr":["M47"],"angle":53.6,"extra":1,"ei":2}},{"type":"Feature","geometry":{"type":"Point","coordinates":[21.13698,45.921984]},"properties":{"lines":"M47","color":"#0059a9","mode":"bus","arr":["M47"],"angle":53.8,"extra":1,"ei":3}},{"type":"Feature","geometry":{"type":"Point","coordinates":[21.135398,45.923516]},"properties":{"lines":"M47","color":"#0059a9","mode":"bus","arr":["M47"],"angle":54,"extra":1,"ei":4}},{"type":"Feature","geometry":{"type":"Point","coordinates":[21.133806,45.925044]},"properties":{"lines":"M47","color":"#0059a9","mode":"bus","arr":["M47"],"angle":54,"extra":1,"ei":5}},{"type":"Feature","geometry":{"type":"Point","coordinates":[21.132229,45.926578]},"properties":{"lines":"M47","color":"#0059a9","mode":"bus","arr":["M47"],"angle":54.7,"extra":1,"ei":6}},{"type":"Feature","geometry":{"type":"Point","coordinates":[21.130437,45.927981]},"properties":{"lines":"M47","color":"#0059a9","mode":"bus","arr":["M47"],"angle":41.3,"extra":1,"ei":7}},{"type":"Feature","geometry":{"type":"Point","coordinates":[21.128413,45.929235]},"properties":{"lines":"M47","color":"#0059a9","mode":"bus","arr":["M47"],"angle":41.6,"extra":1,"ei":8}},{"type":"Feature","geometry":{"type":"Point","coordinates":[21.12639,45.930489]},"properties":{"lines":"M47","color":"#0059a9","mode":"bus","arr":["M47"],"angle":41.7,"extra":1,"ei":9}},{"type":"Feature","geometry":{"type":"Point","coordinates":[21.124372,45.931747]},"properties":{"lines":"M47","color":"#0059a9","mode":"bus","arr":["M47"],"angle":41.8,"extra":1,"ei":10}},{"type":"Feature","geometry":{"type":"Point","coordinates":[21.122355,45.933006]},"properties":{"lines":"M47","color":"#0059a9","mode":"bus","arr":["M47"],"angle":41.8,"extra":1,"ei":11}},{"type":"Feature","geometry":{"type":"Point","coordinates":[21.118334,45.935534]},"properties":{"lines":"M47","color":"#0059a9","mode":"bus","arr":["M47"],"angle":42.2,"extra":1,"ei":12}},{"type":"Feature","geometry":{"type":"Point","coordinates":[21.116329,45.936803]},"properties":{"lines":"M47","color":"#0059a9","mode":"bus","arr":["M47"],"angle":42.2,"extra":1,"ei":13}},{"type":"Feature","geometry":{"type":"Point","coordinates":[21.114324,45.938072]},"properties":{"lines":"M47","color":"#0059a9","mode":"bus","arr":["M47"],"angle":42.2,"extra":1,"ei":14}},{"type":"Feature","geometry":{"type":"Point","coordinates":[21.11232,45.93934]},"properties":{"lines":"M47","color":"#0059a9","mode":"bus","arr":["M47"],"angle":42.2,"extra":1,"ei":15}},{"type":"Feature","geometry":{"type":"Point","coordinates":[21.110315,45.940609]},"properties":{"lines":"M47","color":"#0059a9","mode":"bus","arr":["M47"],"angle":42.2,"extra":1,"ei":16}},{"type":"Feature","geometry":{"type":"Point","coordinates":[21.108313,45.94188]},"properties":{"lines":"M47","color":"#0059a9","mode":"bus","arr":["M47"],"angle":42.4,"extra":1,"ei":17}},{"type":"Feature","geometry":{"type":"Point","coordinates":[21.106343,45.943174]},"properties":{"lines":"M47","color":"#0059a9","mode":"bus","arr":["M47"],"angle":47.5,"extra":1,"ei":18}},{"type":"Feature","geometry":{"type":"Point","coordinates":[21.104751,45.9447]},"properties":{"lines":"M47","color":"#0059a9","mode":"bus","arr":["M47"],"angle":54.7,"extra":1,"ei":19}},{"type":"Feature","geometry":{"type":"Point","coordinates":[21.103526,45.946375]},"properties":{"lines":"M47","color":"#0059a9","mode":"bus","arr":["M47"],"angle":67.4,"extra":1,"ei":20}},{"type":"Feature","geometry":{"type":"Point","coordinates":[21.102487,45.948119]},"properties":{"lines":"M47","color":"#0059a9","mode":"bus","arr":["M47"],"angle":67.4,"extra":1,"ei":21}},{"type":"Feature","geometry":{"type":"Point","coordinates":[21.101449,45.949863]},"properties":{"lines":"M47","color":"#0059a9","mode":"bus","arr":["M47"],"angle":67.4,"extra":1,"ei":22}},{"type":"Feature","geometry":{"type":"Point","coordinates":[21.100425,45.951611]},"properties":{"lines":"M47","color":"#0059a9","mode":"bus","arr":["M47"],"angle":67.9,"extra":1,"ei":23}},{"type":"Feature","geometry":{"type":"Point","coordinates":[21.16887,45.856488]},"properties":{"lines":"M41","color":"#0059a9","mode":"bus","arr":["M41"],"angle":73.4}},{"type":"Feature","geometry":{"type":"Point","coordinates":[21.172186,45.848333]},"properties":{"lines":"M41","color":"#0059a9","mode":"bus","arr":["M41"],"angle":71.2,"extra":1,"ei":0}},{"type":"Feature","geometry":{"type":"Point","coordinates":[21.171212,45.850094]},"properties":{"lines":"M41","color":"#0059a9","mode":"bus","arr":["M41"],"angle":66.8,"extra":1,"ei":1}},{"type":"Feature","geometry":{"type":"Point","coordinates":[21.170139,45.851827]},"properties":{"lines":"M41","color":"#0059a9","mode":"bus","arr":["M41"],"angle":66.7,"extra":1,"ei":2}},{"type":"Feature","geometry":{"type":"Point","coordinates":[21.169037,45.853552]},"properties":{"lines":"M41","color":"#0059a9","mode":"bus","arr":["M41"],"angle":64,"extra":1,"ei":3}},{"type":"Feature","geometry":{"type":"Point","coordinates":[21.168046,45.855204]},"properties":{"lines":"M41","color":"#0059a9","mode":"bus","arr":["M41"],"angle":-51.5,"extra":1,"ei":4}},{"type":"Feature","geometry":{"type":"Point","coordinates":[21.16823,45.8585]},"properties":{"lines":"M41","color":"#0059a9","mode":"bus","arr":["M41"],"angle":80.9,"extra":1,"ei":5}},{"type":"Feature","geometry":{"type":"Point","coordinates":[21.167954,45.860378]},"properties":{"lines":"M41","color":"#0059a9","mode":"bus","arr":["M41"],"angle":84.4,"extra":1,"ei":6}},{"type":"Feature","geometry":{"type":"Point","coordinates":[21.167587,45.862249]},"properties":{"lines":"M41","color":"#0059a9","mode":"bus","arr":["M41"],"angle":80.8,"extra":1,"ei":7}},{"type":"Feature","geometry":{"type":"Point","coordinates":[21.167084,45.864104]},"properties":{"lines":"M41","color":"#0059a9","mode":"bus","arr":["M41"],"angle":78.8,"extra":1,"ei":8}},{"type":"Feature","geometry":{"type":"Point","coordinates":[21.166549,45.865956]},"properties":{"lines":"M41","color":"#0059a9","mode":"bus","arr":["M41"],"angle":78.6,"extra":1,"ei":9}},{"type":"Feature","geometry":{"type":"Point","coordinates":[21.16887,45.856488]},"properties":{"lines":"M47","color":"#0059a9","mode":"bus","arr":["M47"],"angle":73.4}},{"type":"Feature","geometry":{"type":"Point","coordinates":[21.172186,45.848333]},"properties":{"lines":"M47","color":"#0059a9","mode":"bus","arr":["M47"],"angle":71.2,"extra":1,"ei":0}},{"type":"Feature","geometry":{"type":"Point","coordinates":[21.171212,45.850094]},"properties":{"lines":"M47","color":"#0059a9","mode":"bus","arr":["M47"],"angle":66.8,"extra":1,"ei":1}},{"type":"Feature","geometry":{"type":"Point","coordinates":[21.170139,45.851827]},"properties":{"lines":"M47","color":"#0059a9","mode":"bus","arr":["M47"],"angle":66.7,"extra":1,"ei":2}},{"type":"Feature","geometry":{"type":"Point","coordinates":[21.169037,45.853552]},"properties":{"lines":"M47","color":"#0059a9","mode":"bus","arr":["M47"],"angle":64,"extra":1,"ei":3}},{"type":"Feature","geometry":{"type":"Point","coordinates":[21.168046,45.855204]},"properties":{"lines":"M47","color":"#0059a9","mode":"bus","arr":["M47"],"angle":-51.5,"extra":1,"ei":4}},{"type":"Feature","geometry":{"type":"Point","coordinates":[21.16823,45.8585]},"properties":{"lines":"M47","color":"#0059a9","mode":"bus","arr":["M47"],"angle":80.9,"extra":1,"ei":5}},{"type":"Feature","geometry":{"type":"Point","coordinates":[21.167954,45.860378]},"properties":{"lines":"M47","color":"#0059a9","mode":"bus","arr":["M47"],"angle":84.4,"extra":1,"ei":6}},{"type":"Feature","geometry":{"type":"Point","coordinates":[21.167587,45.862249]},"properties":{"lines":"M47","color":"#0059a9","mode":"bus","arr":["M47"],"angle":80.8,"extra":1,"ei":7}},{"type":"Feature","geometry":{"type":"Point","coordinates":[21.167084,45.864104]},"properties":{"lines":"M47","color":"#0059a9","mode":"bus","arr":["M47"],"angle":78.8,"extra":1,"ei":8}},{"type":"Feature","geometry":{"type":"Point","coordinates":[21.166549,45.865956]},"properties":{"lines":"M47","color":"#0059a9","mode":"bus","arr":["M47"],"angle":78.6,"extra":1,"ei":9}},{"type":"Feature","geometry":{"type":"Point","coordinates":[21.164771,45.89656]},"properties":{"lines":"M41","color":"#0059a9","mode":"bus","arr":["M41"],"angle":89,"mi":6}},{"type":"Feature","geometry":{"type":"Point","coordinates":[21.164771,45.89656]},"properties":{"lines":"M47","color":"#0059a9","mode":"bus","arr":["M47"],"angle":89,"mi":3}},{"type":"Feature","geometry":{"type":"Point","coordinates":[21.164274,45.907623]},"properties":{"lines":"M41","color":"#0059a9","mode":"bus","arr":["M41"],"angle":88.6}},{"type":"Feature","geometry":{"type":"Point","coordinates":[21.164166,45.911033]},"properties":{"lines":"M41","color":"#0059a9","mode":"bus","arr":["M41"],"angle":87.9,"mi":2}},{"type":"Feature","geometry":{"type":"Point","coordinates":[21.164335,45.905553]},"properties":{"lines":"M41","color":"#0059a9","mode":"bus","arr":["M41"],"angle":88.9,"extra":1,"ei":0}},{"type":"Feature","geometry":{"type":"Point","coordinates":[21.164244,45.909329]},"properties":{"lines":"M41","color":"#0059a9","mode":"bus","arr":["M41"],"angle":89.4,"extra":1,"ei":1}},{"type":"Feature","geometry":{"type":"Point","coordinates":[21.164274,45.907623]},"properties":{"lines":"M47","color":"#0059a9","mode":"bus","arr":["M47"],"angle":88.6}},{"type":"Feature","geometry":{"type":"Point","coordinates":[21.164335,45.905553]},"properties":{"lines":"M47","color":"#0059a9","mode":"bus","arr":["M47"],"angle":88.9,"extra":1,"ei":0}},{"type":"Feature","geometry":{"type":"Point","coordinates":[21.164244,45.909329]},"properties":{"lines":"M47","color":"#0059a9","mode":"bus","arr":["M47"],"angle":89.4,"extra":1,"ei":1}},{"type":"Feature","geometry":{"type":"Point","coordinates":[21.160036,45.912341]},"properties":{"lines":"M41","color":"#0059a9","mode":"bus","arr":["M41"],"angle":19,"mi":3}},{"type":"Feature","geometry":{"type":"Point","coordinates":[21.162833,45.91167]},"properties":{"lines":"M41","color":"#0059a9","mode":"bus","arr":["M41"],"angle":13.5,"extra":1,"ei":0}},{"type":"Feature","geometry":{"type":"Point","coordinates":[21.157717,45.912884]},"properties":{"lines":"M41","color":"#0059a9","mode":"bus","arr":["M41"],"angle":18.5,"extra":1,"ei":1}},{"type":"Feature","geometry":{"type":"Point","coordinates":[21.155547,45.912683]},"properties":{"lines":"M41","color":"#0059a9","mode":"bus","arr":["M41"],"angle":-66,"mi":5}},{"type":"Feature","geometry":{"type":"Point","coordinates":[21.159538,45.910912]},"properties":{"lines":"M41","color":"#0059a9","mode":"bus","arr":["M41"],"angle":16.7,"mi":1}},{"type":"Feature","geometry":{"type":"Point","coordinates":[21.156341,45.911576]},"properties":{"lines":"M41","color":"#0059a9","mode":"bus","arr":["M41"],"angle":16.3,"extra":1,"ei":0}},{"type":"Feature","geometry":{"type":"Point","coordinates":[21.161561,45.910627]},"properties":{"lines":"M41","color":"#0059a9","mode":"bus","arr":["M41"],"angle":0.3,"extra":1,"ei":1}},{"type":"Feature","geometry":{"type":"Point","coordinates":[21.147322,45.912948]},"properties":{"lines":"M47","color":"#0059a9","mode":"bus","arr":["M47"],"angle":79.7,"mi":4}},{"type":"Feature","geometry":{"type":"Point","coordinates":[21.093635,45.966324]},"properties":{"lines":"M47","color":"#0059a9","mode":"bus","arr":["M47"],"angle":71.5,"mi":3}},{"type":"Feature","geometry":{"type":"Point","coordinates":[21.159538,45.910912]},"properties":{"lines":"M47","color":"#0059a9","mode":"bus","arr":["M47"],"angle":16.7,"mi":1}},{"type":"Feature","geometry":{"type":"Point","coordinates":[21.156341,45.911576]},"properties":{"lines":"M47","color":"#0059a9","mode":"bus","arr":["M47"],"angle":16.3,"extra":1,"ei":0}},{"type":"Feature","geometry":{"type":"Point","coordinates":[21.161561,45.910627]},"properties":{"lines":"M47","color":"#0059a9","mode":"bus","arr":["M47"],"angle":0.3,"extra":1,"ei":1}},{"type":"Feature","geometry":{"type":"Point","coordinates":[21.153754,45.91213]},"properties":{"lines":"M47","color":"#0059a9","mode":"bus","arr":["M47"],"angle":17.5,"extra":1,"ei":0}},{"type":"Feature","geometry":{"type":"Point","coordinates":[21.151152,45.912638]},"properties":{"lines":"M47","color":"#0059a9","mode":"bus","arr":["M47"],"angle":11.3,"extra":1,"ei":1}},{"type":"Feature","geometry":{"type":"Point","coordinates":[21.146041,45.915153]},"properties":{"lines":"M47","color":"#0059a9","mode":"bus","arr":["M47"],"angle":32.8,"extra":1,"ei":2}},{"type":"Feature","geometry":{"type":"Point","coordinates":[21.143674,45.916066]},"properties":{"lines":"M47","color":"#0059a9","mode":"bus","arr":["M47"],"angle":27.3,"extra":1,"ei":3}},{"type":"Feature","geometry":{"type":"Point","coordinates":[21.094913,45.963675]},"properties":{"lines":"M47","color":"#0059a9","mode":"bus","arr":["M47"],"angle":71.1,"extra":1,"ei":0}},{"type":"Feature","geometry":{"type":"Point","coordinates":[21.092326,45.969046]},"properties":{"lines":"M47","color":"#0059a9","mode":"bus","arr":["M47"],"angle":71.3,"extra":1,"ei":1}},{"type":"Feature","geometry":{"type":"Point","coordinates":[21.207496,45.815454]},"properties":{"lines":"M42","color":"#0059a9","mode":"bus","arr":["M42"],"angle":-40.3}},{"type":"Feature","geometry":{"type":"Point","coordinates":[21.196563,45.811363]},"properties":{"lines":"M42","color":"#0059a9","mode":"bus","arr":["M42"],"angle":-23.8,"extra":1,"ei":0}},{"type":"Feature","geometry":{"type":"Point","coordinates":[21.19898,45.812209]},"properties":{"lines":"M42","color":"#0059a9","mode":"bus","arr":["M42"],"angle":-23.3,"extra":1,"ei":1,"side":-1}},{"type":"Feature","geometry":{"type":"Point","coordinates":[21.201479,45.812934]},"properties":{"lines":"M42","color":"#0059a9","mode":"bus","arr":["M42"],"angle":-22.2,"extra":1,"ei":2,"side":-1}},{"type":"Feature","geometry":{"type":"Point","coordinates":[21.203985,45.813646]},"properties":{"lines":"M42","color":"#0059a9","mode":"bus","arr":["M42"],"angle":-23.1,"extra":1,"ei":3,"side":-1}},{"type":"Feature","geometry":{"type":"Point","coordinates":[21.20625,45.814656]},"properties":{"lines":"M42","color":"#0059a9","mode":"bus","arr":["M42"],"angle":-40.4,"extra":1,"ei":4,"side":-1}},{"type":"Feature","geometry":{"type":"Point","coordinates":[21.210646,45.816826]},"properties":{"lines":"M42","color":"#0059a9","mode":"bus","arr":["M42"],"angle":-26.3,"extra":1,"ei":5,"side":-1}},{"type":"Feature","geometry":{"type":"Point","coordinates":[21.21299,45.817767]},"properties":{"lines":"M42","color":"#0059a9","mode":"bus","arr":["M42"],"angle":-32.1,"extra":1,"ei":6,"side":-1}},{"type":"Feature","geometry":{"type":"Point","coordinates":[21.215152,45.8189]},"properties":{"lines":"M42","color":"#0059a9","mode":"bus","arr":["M42"],"angle":-38.2,"extra":1,"ei":7,"side":-1}},{"type":"Feature","geometry":{"type":"Point","coordinates":[21.217254,45.82009]},"properties":{"lines":"M42","color":"#0059a9","mode":"bus","arr":["M42"],"angle":-38.2,"extra":1,"ei":8,"side":-1}},{"type":"Feature","geometry":{"type":"Point","coordinates":[21.208805,45.816186]},"properties":{"lines":"M42","color":"#0059a9","mode":"bus","arr":["M42"],"angle":-33.9,"extra":1,"ei":0}},{"type":"Feature","geometry":{"type":"Point","coordinates":[21.226094,45.824159]},"properties":{"lines":"M42","color":"#0059a9","mode":"bus","arr":["M42"],"angle":-34.3,"mi":4}},{"type":"Feature","geometry":{"type":"Point","coordinates":[21.228485,45.828845]},"properties":{"lines":"M42","color":"#0059a9","mode":"bus","arr":["M42"],"angle":-72.5,"extra":1,"ei":0}},{"type":"Feature","geometry":{"type":"Point","coordinates":[21.227674,45.827043]},"properties":{"lines":"M42","color":"#0059a9","mode":"bus","arr":["M42"],"angle":-72.6,"extra":1,"ei":1}},{"type":"Feature","geometry":{"type":"Point","coordinates":[21.226862,45.825241]},"properties":{"lines":"M42","color":"#0059a9","mode":"bus","arr":["M42"],"angle":-72.5,"extra":1,"ei":2}},{"type":"Feature","geometry":{"type":"Point","coordinates":[21.222979,45.822868]},"properties":{"lines":"M42","color":"#0059a9","mode":"bus","arr":["M42"],"angle":-34.8,"extra":1,"ei":3}},{"type":"Feature","geometry":{"type":"Point","coordinates":[21.220737,45.82181]},"properties":{"lines":"M42","color":"#0059a9","mode":"bus","arr":["M42"],"angle":-33.9,"extra":1,"ei":4}},{"type":"Feature","geometry":{"type":"Point","coordinates":[21.229926,45.831887]},"properties":{"lines":"M42","color":"#0059a9","mode":"bus","arr":["M42"],"angle":-72.7,"mi":1}},{"type":"Feature","geometry":{"type":"Point","coordinates":[21.229332,45.830638]},"properties":{"lines":"M42","color":"#0059a9","mode":"bus","arr":["M42"],"angle":-71,"extra":1,"ei":0}},{"type":"Feature","geometry":{"type":"Point","coordinates":[21.228464,45.831783]},"properties":{"lines":"M42","color":"#0059a9","mode":"bus","arr":["M42"],"angle":15.9}},{"type":"Feature","geometry":{"type":"Point","coordinates":[21.227761,45.833327]},"properties":{"lines":"M42","color":"#0059a9","mode":"bus","arr":["M42"],"angle":-72.1,"mi":2}},{"type":"Feature","geometry":{"type":"Point","coordinates":[21.229249,45.834414]},"properties":{"lines":"M42","color":"#0059a9","mode":"bus","arr":["M42"],"angle":17.9,"mi":3}},{"type":"Feature","geometry":{"type":"Point","coordinates":[21.237985,45.757585]},"properties":{"lines":"M42","color":"#0059a9","mode":"bus","arr":["M42"],"angle":84.2}},{"type":"Feature","geometry":{"type":"Point","coordinates":[21.237985,45.757585]},"properties":{"lines":"M48","color":"#0059a9","mode":"bus","arr":["M48"],"angle":84.2}},{"type":"Feature","geometry":{"type":"Point","coordinates":[21.237985,45.757585]},"properties":{"lines":"M50","color":"#0059a9","mode":"bus","arr":["M50"],"angle":84.2,"mi":1}},{"type":"Feature","geometry":{"type":"Point","coordinates":[21.177919,45.763076]},"properties":{"lines":"M43","color":"#0059a9","mode":"bus","arr":["M43"],"angle":-15.4}},{"type":"Feature","geometry":{"type":"Point","coordinates":[21.182086,45.763882]},"properties":{"lines":"M43","color":"#0059a9","mode":"bus","arr":["M43"],"angle":-15.7,"extra":1,"ei":0}},{"type":"Feature","geometry":{"type":"Point","coordinates":[21.174281,45.762328]},"properties":{"lines":"M43","color":"#0059a9","mode":"bus","arr":["M43"],"angle":-19.5,"extra":1,"ei":1}},{"type":"Feature","geometry":{"type":"Point","coordinates":[21.044283,45.757874]},"properties":{"lines":"M43","color":"#0059a9","mode":"bus","arr":["M43"],"angle":5.5}},{"type":"Feature","geometry":{"type":"Point","coordinates":[21.148714,45.762033]},"properties":{"lines":"M43","color":"#0059a9","mode":"bus","arr":["M43"],"angle":6.1}},{"type":"Feature","geometry":{"type":"Point","coordinates":[21.171234,45.761564]},"properties":{"lines":"M43","color":"#0059a9","mode":"bus","arr":["M43"],"angle":-18.5,"extra":1,"ei":0}},{"type":"Feature","geometry":{"type":"Point","coordinates":[21.168623,45.761074]},"properties":{"lines":"M43","color":"#0059a9","mode":"bus","arr":["M43"],"angle":-13.5,"extra":1,"ei":1}},{"type":"Feature","geometry":{"type":"Point","coordinates":[21.165983,45.760665]},"properties":{"lines":"M43","color":"#0059a9","mode":"bus","arr":["M43"],"angle":-4,"extra":1,"ei":2}},{"type":"Feature","geometry":{"type":"Point","coordinates":[21.163302,45.760895]},"properties":{"lines":"M43","color":"#0059a9","mode":"bus","arr":["M43"],"angle":8.1,"extra":1,"ei":3}},{"type":"Feature","geometry":{"type":"Point","coordinates":[21.160616,45.761124]},"properties":{"lines":"M43","color":"#0059a9","mode":"bus","arr":["M43"],"angle":6.5,"extra":1,"ei":4}},{"type":"Feature","geometry":{"type":"Point","coordinates":[21.157928,45.761342]},"properties":{"lines":"M43","color":"#0059a9","mode":"bus","arr":["M43"],"angle":6.9,"extra":1,"ei":5}},{"type":"Feature","geometry":{"type":"Point","coordinates":[21.155239,45.761555]},"properties":{"lines":"M43","color":"#0059a9","mode":"bus","arr":["M43"],"angle":5,"extra":1,"ei":6}},{"type":"Feature","geometry":{"type":"Point","coordinates":[21.152546,45.761739]},"properties":{"lines":"M43","color":"#0059a9","mode":"bus","arr":["M43"],"angle":6.4,"extra":1,"ei":7}},{"type":"Feature","geometry":{"type":"Point","coordinates":[21.144475,45.762351]},"properties":{"lines":"M43","color":"#0059a9","mode":"bus","arr":["M43"],"angle":6.1,"extra":1,"ei":8}},{"type":"Feature","geometry":{"type":"Point","coordinates":[21.141784,45.762552]},"properties":{"lines":"M43","color":"#0059a9","mode":"bus","arr":["M43"],"angle":6.1,"extra":1,"ei":9}},{"type":"Feature","geometry":{"type":"Point","coordinates":[21.13909,45.762621]},"properties":{"lines":"M43","color":"#0059a9","mode":"bus","arr":["M43"],"angle":-5.4,"extra":1,"ei":10}},{"type":"Feature","geometry":{"type":"Point","coordinates":[21.136403,45.762397]},"properties":{"lines":"M43","color":"#0059a9","mode":"bus","arr":["M43"],"angle":-7.1,"extra":1,"ei":11}},{"type":"Feature","geometry":{"type":"Point","coordinates":[21.133715,45.762176]},"properties":{"lines":"M43","color":"#0059a9","mode":"bus","arr":["M43"],"angle":-6.4,"extra":1,"ei":12}},{"type":"Feature","geometry":{"type":"Point","coordinates":[21.131026,45.761967]},"properties":{"lines":"M43","color":"#0059a9","mode":"bus","arr":["M43"],"angle":-6.4,"extra":1,"ei":13}},{"type":"Feature","geometry":{"type":"Point","coordinates":[21.128337,45.76175]},"properties":{"lines":"M43","color":"#0059a9","mode":"bus","arr":["M43"],"angle":-6.7,"extra":1,"ei":14}},{"type":"Feature","geometry":{"type":"Point","coordinates":[21.125649,45.761534]},"properties":{"lines":"M43","color":"#0059a9","mode":"bus","arr":["M43"],"angle":-6.5,"extra":1,"ei":15}},{"type":"Feature","geometry":{"type":"Point","coordinates":[21.08909,45.752207]},"properties":{"lines":"M43","color":"#0059a9","mode":"bus","arr":["M43"],"angle":-4.8,"extra":1,"ei":0}},{"type":"Feature","geometry":{"type":"Point","coordinates":[21.086432,45.752412]},"properties":{"lines":"M43","color":"#0059a9","mode":"bus","arr":["M43"],"angle":15,"extra":1,"ei":1}},{"type":"Feature","geometry":{"type":"Point","coordinates":[21.083818,45.752902]},"properties":{"lines":"M43","color":"#0059a9","mode":"bus","arr":["M43"],"angle":15,"extra":1,"ei":2}},{"type":"Feature","geometry":{"type":"Point","coordinates":[21.081205,45.753391]},"properties":{"lines":"M43","color":"#0059a9","mode":"bus","arr":["M43"],"angle":15,"extra":1,"ei":3}},{"type":"Feature","geometry":{"type":"Point","coordinates":[21.078591,45.753881]},"properties":{"lines":"M43","color":"#0059a9","mode":"bus","arr":["M43"],"angle":15,"extra":1,"ei":4}},{"type":"Feature","geometry":{"type":"Point","coordinates":[21.075978,45.754373]},"properties":{"lines":"M43","color":"#0059a9","mode":"bus","arr":["M43"],"angle":15.5,"extra":1,"ei":5}},{"type":"Feature","geometry":{"type":"Point","coordinates":[21.073353,45.754831]},"properties":{"lines":"M43","color":"#0059a9","mode":"bus","arr":["M43"],"angle":13.5,"extra":1,"ei":6}},{"type":"Feature","geometry":{"type":"Point","coordinates":[21.070722,45.755274]},"properties":{"lines":"M43","color":"#0059a9","mode":"bus","arr":["M43"],"angle":13.5,"extra":1,"ei":7}},{"type":"Feature","geometry":{"type":"Point","coordinates":[21.068091,45.755716]},"properties":{"lines":"M43","color":"#0059a9","mode":"bus","arr":["M43"],"angle":13.5,"extra":1,"ei":8}},{"type":"Feature","geometry":{"type":"Point","coordinates":[21.065474,45.756195]},"properties":{"lines":"M43","color":"#0059a9","mode":"bus","arr":["M43"],"angle":17.6,"extra":1,"ei":9}},{"type":"Feature","geometry":{"type":"Point","coordinates":[21.062857,45.75664]},"properties":{"lines":"M43","color":"#0059a9","mode":"bus","arr":["M43"],"angle":3.8,"extra":1,"ei":10}},{"type":"Feature","geometry":{"type":"Point","coordinates":[21.060162,45.756812]},"properties":{"lines":"M43","color":"#0059a9","mode":"bus","arr":["M43"],"angle":5.4,"extra":1,"ei":11}},{"type":"Feature","geometry":{"type":"Point","coordinates":[21.057468,45.756989]},"properties":{"lines":"M43","color":"#0059a9","mode":"bus","arr":["M43"],"angle":5.4,"extra":1,"ei":12}},{"type":"Feature","geometry":{"type":"Point","coordinates":[21.054774,45.757167]},"properties":{"lines":"M43","color":"#0059a9","mode":"bus","arr":["M43"],"angle":5.4,"extra":1,"ei":13}},{"type":"Feature","geometry":{"type":"Point","coordinates":[21.05208,45.757348]},"properties":{"lines":"M43","color":"#0059a9","mode":"bus","arr":["M43"],"angle":5.5,"extra":1,"ei":14}},{"type":"Feature","geometry":{"type":"Point","coordinates":[21.049386,45.75753]},"properties":{"lines":"M43","color":"#0059a9","mode":"bus","arr":["M43"],"angle":5.5,"extra":1,"ei":15}},{"type":"Feature","geometry":{"type":"Point","coordinates":[21.046693,45.757711]},"properties":{"lines":"M43","color":"#0059a9","mode":"bus","arr":["M43"],"angle":5.5,"extra":1,"ei":16}},{"type":"Feature","geometry":{"type":"Point","coordinates":[21.041306,45.758082]},"properties":{"lines":"M43","color":"#0059a9","mode":"bus","arr":["M43"],"angle":5.8,"extra":1,"ei":17}},{"type":"Feature","geometry":{"type":"Point","coordinates":[21.038614,45.758274]},"properties":{"lines":"M43","color":"#0059a9","mode":"bus","arr":["M43"],"angle":5.4,"extra":1,"ei":18}},{"type":"Feature","geometry":{"type":"Point","coordinates":[21.03592,45.758455]},"properties":{"lines":"M43","color":"#0059a9","mode":"bus","arr":["M43"],"angle":5.5,"extra":1,"ei":19}},{"type":"Feature","geometry":{"type":"Point","coordinates":[21.033227,45.75864]},"properties":{"lines":"M43","color":"#0059a9","mode":"bus","arr":["M43"],"angle":4.7,"extra":1,"ei":20}},{"type":"Feature","geometry":{"type":"Point","coordinates":[21.030528,45.758778]},"properties":{"lines":"M43","color":"#0059a9","mode":"bus","arr":["M43"],"angle":4,"extra":1,"ei":21}},{"type":"Feature","geometry":{"type":"Point","coordinates":[21.027829,45.75891]},"properties":{"lines":"M43","color":"#0059a9","mode":"bus","arr":["M43"],"angle":4,"extra":1,"ei":22}},{"type":"Feature","geometry":{"type":"Point","coordinates":[21.02513,45.759047]},"properties":{"lines":"M43","color":"#0059a9","mode":"bus","arr":["M43"],"angle":4.4,"extra":1,"ei":23}},{"type":"Feature","geometry":{"type":"Point","coordinates":[21.022433,45.759202]},"properties":{"lines":"M43","color":"#0059a9","mode":"bus","arr":["M43"],"angle":5.2,"extra":1,"ei":24}},{"type":"Feature","geometry":{"type":"Point","coordinates":[21.019739,45.75938]},"properties":{"lines":"M43","color":"#0059a9","mode":"bus","arr":["M43"],"angle":6.3,"extra":1,"ei":25}},{"type":"Feature","geometry":{"type":"Point","coordinates":[21.019123,45.760941]},"properties":{"lines":"M43","color":"#0059a9","mode":"bus","arr":["M43"],"angle":-87,"extra":1,"ei":26}},{"type":"Feature","geometry":{"type":"Point","coordinates":[21.019262,45.762827]},"properties":{"lines":"M43","color":"#0059a9","mode":"bus","arr":["M43"],"angle":-86.9,"extra":1,"ei":27}},{"type":"Feature","geometry":{"type":"Point","coordinates":[21.019415,45.764713]},"properties":{"lines":"M43","color":"#0059a9","mode":"bus","arr":["M43"],"angle":-86.8,"extra":1,"ei":28}},{"type":"Feature","geometry":{"type":"Point","coordinates":[21.019643,45.766594]},"properties":{"lines":"M43","color":"#0059a9","mode":"bus","arr":["M43"],"angle":-85.5,"extra":1,"ei":29}},{"type":"Feature","geometry":{"type":"Point","coordinates":[21.019654,45.768466]},"properties":{"lines":"M43","color":"#0059a9","mode":"bus","arr":["M43"],"angle":65,"extra":1,"ei":30}},{"type":"Feature","geometry":{"type":"Point","coordinates":[21.01764,45.769704]},"properties":{"lines":"M43","color":"#0059a9","mode":"bus","arr":["M43"],"angle":36.2,"extra":1,"ei":31}},{"type":"Feature","geometry":{"type":"Point","coordinates":[21.015465,45.770828]},"properties":{"lines":"M43","color":"#0059a9","mode":"bus","arr":["M43"],"angle":36.8,"extra":1,"ei":32}},{"type":"Feature","geometry":{"type":"Point","coordinates":[21.013323,45.771982]},"properties":{"lines":"M43","color":"#0059a9","mode":"bus","arr":["M43"],"angle":45.6,"extra":1,"ei":33}},{"type":"Feature","geometry":{"type":"Point","coordinates":[21.1054,45.758714]},"properties":{"lines":"M43","color":"#0059a9","mode":"bus","arr":["M43"],"angle":-72.3}},{"type":"Feature","geometry":{"type":"Point","coordinates":[21.091784,45.752382]},"properties":{"lines":"M43","color":"#0059a9","mode":"bus","arr":["M43"],"angle":-5.3,"extra":1,"ei":0}},{"type":"Feature","geometry":{"type":"Point","coordinates":[21.094481,45.752526]},"properties":{"lines":"M43","color":"#0059a9","mode":"bus","arr":["M43"],"angle":1.5,"extra":1,"ei":1}},{"type":"Feature","geometry":{"type":"Point","coordinates":[21.097182,45.752411]},"properties":{"lines":"M43","color":"#0059a9","mode":"bus","arr":["M43"],"angle":1.8,"extra":1,"ei":2}},{"type":"Feature","geometry":{"type":"Point","coordinates":[21.099848,45.752641]},"properties":{"lines":"M43","color":"#0059a9","mode":"bus","arr":["M43"],"angle":-25.7,"extra":1,"ei":3}},{"type":"Feature","geometry":{"type":"Point","coordinates":[21.101365,45.754138]},"properties":{"lines":"M43","color":"#0059a9","mode":"bus","arr":["M43"],"angle":-65.3,"extra":1,"ei":4}},{"type":"Feature","geometry":{"type":"Point","coordinates":[21.102738,45.755761]},"properties":{"lines":"M43","color":"#0059a9","mode":"bus","arr":["M43"],"angle":-56.6,"extra":1,"ei":5}},{"type":"Feature","geometry":{"type":"Point","coordinates":[21.104217,45.757342]},"properties":{"lines":"M43","color":"#0059a9","mode":"bus","arr":["M43"],"angle":-57.8,"extra":1,"ei":6}},{"type":"Feature","geometry":{"type":"Point","coordinates":[21.107231,45.759966]},"properties":{"lines":"M43","color":"#0059a9","mode":"bus","arr":["M43"],"angle":-6.6,"extra":1,"ei":7}},{"type":"Feature","geometry":{"type":"Point","coordinates":[21.109919,45.760184]},"properties":{"lines":"M43","color":"#0059a9","mode":"bus","arr":["M43"],"angle":-6.6,"extra":1,"ei":8}},{"type":"Feature","geometry":{"type":"Point","coordinates":[21.112607,45.760402]},"properties":{"lines":"M43","color":"#0059a9","mode":"bus","arr":["M43"],"angle":-6.8,"extra":1,"ei":9}},{"type":"Feature","geometry":{"type":"Point","coordinates":[21.115294,45.760627]},"properties":{"lines":"M43","color":"#0059a9","mode":"bus","arr":["M43"],"angle":-6.8,"extra":1,"ei":10}},{"type":"Feature","geometry":{"type":"Point","coordinates":[21.11798,45.760858]},"properties":{"lines":"M43","color":"#0059a9","mode":"bus","arr":["M43"],"angle":-7.1,"extra":1,"ei":11}},{"type":"Feature","geometry":{"type":"Point","coordinates":[21.120665,45.761094]},"properties":{"lines":"M43","color":"#0059a9","mode":"bus","arr":["M43"],"angle":-7.3,"extra":1,"ei":12}},{"type":"Feature","geometry":{"type":"Point","coordinates":[21.123349,45.761335]},"properties":{"lines":"M43","color":"#0059a9","mode":"bus","arr":["M43"],"angle":-4.2,"extra":1,"ei":13}},{"type":"Feature","geometry":{"type":"Point","coordinates":[20.986672,45.759652]},"properties":{"lines":"M43","color":"#0059a9","mode":"bus","arr":["M43"],"angle":-35.7}},{"type":"Feature","geometry":{"type":"Point","coordinates":[21.011742,45.771962]},"properties":{"lines":"M43","color":"#0059a9","mode":"bus","arr":["M43"],"angle":-35.5,"extra":1,"ei":0}},{"type":"Feature","geometry":{"type":"Point","coordinates":[21.009522,45.770882]},"properties":{"lines":"M43","color":"#0059a9","mode":"bus","arr":["M43"],"angle":-34.6,"extra":1,"ei":1}},{"type":"Feature","geometry":{"type":"Point","coordinates":[21.007304,45.7698]},"properties":{"lines":"M43","color":"#0059a9","mode":"bus","arr":["M43"],"angle":-36,"extra":1,"ei":2}},{"type":"Feature","geometry":{"type":"Point","coordinates":[21.005081,45.768724]},"properties":{"lines":"M43","color":"#0059a9","mode":"bus","arr":["M43"],"angle":-35.6,"extra":1,"ei":3}},{"type":"Feature","geometry":{"type":"Point","coordinates":[21.002875,45.76763]},"properties":{"lines":"M43","color":"#0059a9","mode":"bus","arr":["M43"],"angle":-34.1,"extra":1,"ei":4}},{"type":"Feature","geometry":{"type":"Point","coordinates":[21.000643,45.766563]},"properties":{"lines":"M43","color":"#0059a9","mode":"bus","arr":["M43"],"angle":-33.5,"extra":1,"ei":5}},{"type":"Feature","geometry":{"type":"Point","coordinates":[20.998431,45.765477]},"properties":{"lines":"M43","color":"#0059a9","mode":"bus","arr":["M43"],"angle":-36.7,"extra":1,"ei":6}},{"type":"Feature","geometry":{"type":"Point","coordinates":[20.996231,45.764376]},"properties":{"lines":"M43","color":"#0059a9","mode":"bus","arr":["M43"],"angle":-34.9,"extra":1,"ei":7}},{"type":"Feature","geometry":{"type":"Point","coordinates":[20.994013,45.763295]},"properties":{"lines":"M43","color":"#0059a9","mode":"bus","arr":["M43"],"angle":-34.9,"extra":1,"ei":8}},{"type":"Feature","geometry":{"type":"Point","coordinates":[20.991795,45.762213]},"properties":{"lines":"M43","color":"#0059a9","mode":"bus","arr":["M43"],"angle":-35.3,"extra":1,"ei":9}},{"type":"Feature","geometry":{"type":"Point","coordinates":[20.989585,45.761123]},"properties":{"lines":"M43","color":"#0059a9","mode":"bus","arr":["M43"],"angle":-35.5,"extra":1,"ei":10}},{"type":"Feature","geometry":{"type":"Point","coordinates":[20.985075,45.759062]},"properties":{"lines":"M43","color":"#0059a9","mode":"bus","arr":["M43"],"angle":-20.4,"extra":1,"ei":11}},{"type":"Feature","geometry":{"type":"Point","coordinates":[20.982534,45.758413]},"properties":{"lines":"M43","color":"#0059a9","mode":"bus","arr":["M43"],"angle":-20.3,"extra":1,"ei":12}},{"type":"Feature","geometry":{"type":"Point","coordinates":[20.979996,45.757757]},"properties":{"lines":"M43","color":"#0059a9","mode":"bus","arr":["M43"],"angle":-20.5,"extra":1,"ei":13}},{"type":"Feature","geometry":{"type":"Point","coordinates":[20.977461,45.757095]},"properties":{"lines":"M43","color":"#0059a9","mode":"bus","arr":["M43"],"angle":-20.5,"extra":1,"ei":14}},{"type":"Feature","geometry":{"type":"Point","coordinates":[20.974984,45.756355]},"properties":{"lines":"M43","color":"#0059a9","mode":"bus","arr":["M43"],"angle":-44.9,"extra":1,"ei":15}},{"type":"Feature","geometry":{"type":"Point","coordinates":[20.974913,45.754539]},"properties":{"lines":"M43","color":"#0059a9","mode":"bus","arr":["M43"],"angle":83.2,"extra":1,"ei":16}},{"type":"Feature","geometry":{"type":"Point","coordinates":[20.975238,45.752665]},"properties":{"lines":"M43","color":"#0059a9","mode":"bus","arr":["M43"],"angle":82.9,"extra":1,"ei":17}},{"type":"Feature","geometry":{"type":"Point","coordinates":[20.975573,45.750791]},"properties":{"lines":"M43","color":"#0059a9","mode":"bus","arr":["M43"],"angle":82.8,"extra":1,"ei":18}},{"type":"Feature","geometry":{"type":"Point","coordinates":[20.975426,45.749159]},"properties":{"lines":"M43","color":"#0059a9","mode":"bus","arr":["M43"],"angle":-4.8,"extra":1,"ei":19}},{"type":"Feature","geometry":{"type":"Point","coordinates":[20.972724,45.749046]},"properties":{"lines":"M43","color":"#0059a9","mode":"bus","arr":["M43"],"angle":-3.6,"extra":1,"ei":20}},{"type":"Feature","geometry":{"type":"Point","coordinates":[20.970024,45.748926]},"properties":{"lines":"M43","color":"#0059a9","mode":"bus","arr":["M43"],"angle":-3.6,"extra":1,"ei":21}},{"type":"Feature","geometry":{"type":"Point","coordinates":[20.967322,45.748813]},"properties":{"lines":"M43","color":"#0059a9","mode":"bus","arr":["M43"],"angle":-4.4,"extra":1,"ei":22}},{"type":"Feature","geometry":{"type":"Point","coordinates":[21.18373,45.798]},"properties":{"lines":"M44","color":"#0059a9","mode":"bus","arr":["M44"],"angle":44.3,"mi":3}},{"type":"Feature","geometry":{"type":"Point","coordinates":[21.172563,45.798724]},"properties":{"lines":"M44","color":"#0059a9","mode":"bus","arr":["M44"],"angle":-4.9}},{"type":"Feature","geometry":{"type":"Point","coordinates":[21.167306,45.799984]},"properties":{"lines":"M44","color":"#0059a9","mode":"bus","arr":["M44"],"angle":28.1,"mi":1}},{"type":"Feature","geometry":{"type":"Point","coordinates":[21.1653,45.800748]},"properties":{"lines":"M44","color":"#0059a9","mode":"bus","arr":["M44"],"angle":28.9,"extra":1,"ei":0}},{"type":"Feature","geometry":{"type":"Point","coordinates":[21.170102,45.799007]},"properties":{"lines":"M44","color":"#0059a9","mode":"bus","arr":["M44"],"angle":25.5,"extra":1,"ei":1}},{"type":"Feature","geometry":{"type":"Point","coordinates":[21.187623,45.795314]},"properties":{"lines":"M44","color":"#0059a9","mode":"bus","arr":["M44"],"angle":49.1,"extra":1,"ei":0,"side":-1}},{"type":"Feature","geometry":{"type":"Point","coordinates":[21.185702,45.796644]},"properties":{"lines":"M44","color":"#0059a9","mode":"bus","arr":["M44"],"angle":44.6,"extra":1,"ei":1}},{"type":"Feature","geometry":{"type":"Point","coordinates":[21.181498,45.798926]},"properties":{"lines":"M44","color":"#0059a9","mode":"bus","arr":["M44"],"angle":12,"extra":1,"ei":2}},{"type":"Feature","geometry":{"type":"Point","coordinates":[21.178801,45.798932]},"properties":{"lines":"M44","color":"#0059a9","mode":"bus","arr":["M44"],"angle":-3.1,"extra":1,"ei":3}},{"type":"Feature","geometry":{"type":"Point","coordinates":[21.175973,45.798875]},"properties":{"lines":"M44","color":"#0059a9","mode":"bus","arr":["M44"],"angle":-1,"extra":1,"ei":0}},{"type":"Feature","geometry":{"type":"Point","coordinates":[21.18373,45.798]},"properties":{"lines":"M50","color":"#0059a9","mode":"bus","arr":["M50"],"angle":44.3,"mi":3}},{"type":"Feature","geometry":{"type":"Point","coordinates":[21.172563,45.798724]},"properties":{"lines":"M50","color":"#0059a9","mode":"bus","arr":["M50"],"angle":-4.9}},{"type":"Feature","geometry":{"type":"Point","coordinates":[21.167306,45.799984]},"properties":{"lines":"M50","color":"#0059a9","mode":"bus","arr":["M50"],"angle":28.1,"mi":1}},{"type":"Feature","geometry":{"type":"Point","coordinates":[21.1653,45.800748]},"properties":{"lines":"M50","color":"#0059a9","mode":"bus","arr":["M50"],"angle":28.9,"extra":1,"ei":0}},{"type":"Feature","geometry":{"type":"Point","coordinates":[21.170102,45.799007]},"properties":{"lines":"M50","color":"#0059a9","mode":"bus","arr":["M50"],"angle":25.5,"extra":1,"ei":1}},{"type":"Feature","geometry":{"type":"Point","coordinates":[21.187623,45.795314]},"properties":{"lines":"M50","color":"#0059a9","mode":"bus","arr":["M50"],"angle":49.1,"extra":1,"ei":0,"side":-1}},{"type":"Feature","geometry":{"type":"Point","coordinates":[21.185702,45.796644]},"properties":{"lines":"M50","color":"#0059a9","mode":"bus","arr":["M50"],"angle":44.6,"extra":1,"ei":1}},{"type":"Feature","geometry":{"type":"Point","coordinates":[21.181498,45.798926]},"properties":{"lines":"M50","color":"#0059a9","mode":"bus","arr":["M50"],"angle":12,"extra":1,"ei":2}},{"type":"Feature","geometry":{"type":"Point","coordinates":[21.178801,45.798932]},"properties":{"lines":"M50","color":"#0059a9","mode":"bus","arr":["M50"],"angle":-3.1,"extra":1,"ei":3}},{"type":"Feature","geometry":{"type":"Point","coordinates":[21.175973,45.798875]},"properties":{"lines":"M50","color":"#0059a9","mode":"bus","arr":["M50"],"angle":-1,"extra":1,"ei":0}},{"type":"Feature","geometry":{"type":"Point","coordinates":[21.137087,45.806985]},"properties":{"lines":"M44","color":"#0059a9","mode":"bus","arr":["M44"],"angle":10.8}},{"type":"Feature","geometry":{"type":"Point","coordinates":[21.08716,45.822435]},"properties":{"lines":"M44","color":"#0059a9","mode":"bus","arr":["M44"],"angle":33.2}},{"type":"Feature","geometry":{"type":"Point","coordinates":[21.162842,45.80153]},"properties":{"lines":"M44","color":"#0059a9","mode":"bus","arr":["M44"],"angle":18.8,"extra":1,"ei":0}},{"type":"Feature","geometry":{"type":"Point","coordinates":[21.160248,45.802066]},"properties":{"lines":"M44","color":"#0059a9","mode":"bus","arr":["M44"],"angle":16.1,"extra":1,"ei":1}},{"type":"Feature","geometry":{"type":"Point","coordinates":[21.157648,45.80259]},"properties":{"lines":"M44","color":"#0059a9","mode":"bus","arr":["M44"],"angle":16.1,"extra":1,"ei":2}},{"type":"Feature","geometry":{"type":"Point","coordinates":[21.155045,45.803106]},"properties":{"lines":"M44","color":"#0059a9","mode":"bus","arr":["M44"],"angle":15.8,"extra":1,"ei":3}},{"type":"Feature","geometry":{"type":"Point","coordinates":[21.152441,45.803621]},"properties":{"lines":"M44","color":"#0059a9","mode":"bus","arr":["M44"],"angle":15.8,"extra":1,"ei":4}},{"type":"Feature","geometry":{"type":"Point","coordinates":[21.149842,45.804146]},"properties":{"lines":"M44","color":"#0059a9","mode":"bus","arr":["M44"],"angle":16.3,"extra":1,"ei":5}},{"type":"Feature","geometry":{"type":"Point","coordinates":[21.147244,45.804676]},"properties":{"lines":"M44","color":"#0059a9","mode":"bus","arr":["M44"],"angle":16.3,"extra":1,"ei":6}},{"type":"Feature","geometry":{"type":"Point","coordinates":[21.144647,45.805206]},"properties":{"lines":"M44","color":"#0059a9","mode":"bus","arr":["M44"],"angle":16.3,"extra":1,"ei":7}},{"type":"Feature","geometry":{"type":"Point","coordinates":[21.142052,45.805742]},"properties":{"lines":"M44","color":"#0059a9","mode":"bus","arr":["M44"],"angle":16.6,"extra":1,"ei":8}},{"type":"Feature","geometry":{"type":"Point","coordinates":[21.139459,45.806283]},"properties":{"lines":"M44","color":"#0059a9","mode":"bus","arr":["M44"],"angle":17.8,"extra":1,"ei":9}},{"type":"Feature","geometry":{"type":"Point","coordinates":[21.134316,45.807347]},"properties":{"lines":"M44","color":"#0059a9","mode":"bus","arr":["M44"],"angle":11.2,"extra":1,"ei":10}},{"type":"Feature","geometry":{"type":"Point","coordinates":[21.13167,45.807742]},"properties":{"lines":"M44","color":"#0059a9","mode":"bus","arr":["M44"],"angle":12.3,"extra":1,"ei":11}},{"type":"Feature","geometry":{"type":"Point","coordinates":[21.129026,45.808145]},"properties":{"lines":"M44","color":"#0059a9","mode":"bus","arr":["M44"],"angle":12.3,"extra":1,"ei":12}},{"type":"Feature","geometry":{"type":"Point","coordinates":[21.126381,45.808545]},"properties":{"lines":"M44","color":"#0059a9","mode":"bus","arr":["M44"],"angle":11.3,"extra":1,"ei":13}},{"type":"Feature","geometry":{"type":"Point","coordinates":[21.123724,45.808903]},"properties":{"lines":"M44","color":"#0059a9","mode":"bus","arr":["M44"],"angle":10.8,"extra":1,"ei":14}},{"type":"Feature","geometry":{"type":"Point","coordinates":[21.121067,45.80926]},"properties":{"lines":"M44","color":"#0059a9","mode":"bus","arr":["M44"],"angle":10.7,"extra":1,"ei":15}},{"type":"Feature","geometry":{"type":"Point","coordinates":[21.118414,45.809632]},"properties":{"lines":"M44","color":"#0059a9","mode":"bus","arr":["M44"],"angle":12.5,"extra":1,"ei":16}},{"type":"Feature","geometry":{"type":"Point","coordinates":[21.11578,45.810067]},"properties":{"lines":"M44","color":"#0059a9","mode":"bus","arr":["M44"],"angle":13.3,"extra":1,"ei":17}},{"type":"Feature","geometry":{"type":"Point","coordinates":[21.113224,45.810652]},"properties":{"lines":"M44","color":"#0059a9","mode":"bus","arr":["M44"],"angle":31,"extra":1,"ei":18}},{"type":"Feature","geometry":{"type":"Point","coordinates":[21.110933,45.811657]},"properties":{"lines":"M44","color":"#0059a9","mode":"bus","arr":["M44"],"angle":32.6,"extra":1,"ei":19}},{"type":"Feature","geometry":{"type":"Point","coordinates":[21.108182,45.81288]},"properties":{"lines":"M44","color":"#0059a9","mode":"bus","arr":["M44"],"angle":32.2,"extra":1,"ei":0}},{"type":"Feature","geometry":{"type":"Point","coordinates":[21.105948,45.813944]},"properties":{"lines":"M44","color":"#0059a9","mode":"bus","arr":["M44"],"angle":35.6,"extra":1,"ei":1}},{"type":"Feature","geometry":{"type":"Point","coordinates":[21.103659,45.814951]},"properties":{"lines":"M44","color":"#0059a9","mode":"bus","arr":["M44"],"angle":32,"extra":1,"ei":2}},{"type":"Feature","geometry":{"type":"Point","coordinates":[21.101406,45.815997]},"properties":{"lines":"M44","color":"#0059a9","mode":"bus","arr":["M44"],"angle":34.1,"extra":1,"ei":3}},{"type":"Feature","geometry":{"type":"Point","coordinates":[21.099156,45.817046]},"properties":{"lines":"M44","color":"#0059a9","mode":"bus","arr":["M44"],"angle":32.8,"extra":1,"ei":4}},{"type":"Feature","geometry":{"type":"Point","coordinates":[21.096885,45.818073]},"properties":{"lines":"M44","color":"#0059a9","mode":"bus","arr":["M44"],"angle":31.1,"extra":1,"ei":5}},{"type":"Feature","geometry":{"type":"Point","coordinates":[21.094596,45.819079]},"properties":{"lines":"M44","color":"#0059a9","mode":"bus","arr":["M44"],"angle":32.5,"extra":1,"ei":6}},{"type":"Feature","geometry":{"type":"Point","coordinates":[21.092314,45.820094]},"properties":{"lines":"M44","color":"#0059a9","mode":"bus","arr":["M44"],"angle":32.5,"extra":1,"ei":7}},{"type":"Feature","geometry":{"type":"Point","coordinates":[21.09004,45.821118]},"properties":{"lines":"M44","color":"#0059a9","mode":"bus","arr":["M44"],"angle":33.3,"extra":1,"ei":8}},{"type":"Feature","geometry":{"type":"Point","coordinates":[21.085512,45.823187]},"properties":{"lines":"M44","color":"#0059a9","mode":"bus","arr":["M44"],"angle":32.8,"extra":1,"ei":9}},{"type":"Feature","geometry":{"type":"Point","coordinates":[21.083226,45.824197]},"properties":{"lines":"M44","color":"#0059a9","mode":"bus","arr":["M44"],"angle":32.4,"extra":1,"ei":10}},{"type":"Feature","geometry":{"type":"Point","coordinates":[21.080865,45.825117]},"properties":{"lines":"M44","color":"#0059a9","mode":"bus","arr":["M44"],"angle":25.2,"extra":1,"ei":11}},{"type":"Feature","geometry":{"type":"Point","coordinates":[21.078416,45.82592]},"properties":{"lines":"M44","color":"#0059a9","mode":"bus","arr":["M44"],"angle":25.2,"extra":1,"ei":12}},{"type":"Feature","geometry":{"type":"Point","coordinates":[21.075967,45.826723]},"properties":{"lines":"M44","color":"#0059a9","mode":"bus","arr":["M44"],"angle":25.1,"extra":1,"ei":13}},{"type":"Feature","geometry":{"type":"Point","coordinates":[21.073514,45.827522]},"properties":{"lines":"M44","color":"#0059a9","mode":"bus","arr":["M44"],"angle":25,"extra":1,"ei":14}},{"type":"Feature","geometry":{"type":"Point","coordinates":[21.071061,45.82832]},"properties":{"lines":"M44","color":"#0059a9","mode":"bus","arr":["M44"],"angle":25,"extra":1,"ei":15}},{"type":"Feature","geometry":{"type":"Point","coordinates":[21.068597,45.829101]},"properties":{"lines":"M44","color":"#0059a9","mode":"bus","arr":["M44"],"angle":24.2,"extra":1,"ei":16}},{"type":"Feature","geometry":{"type":"Point","coordinates":[21.066141,45.829892]},"properties":{"lines":"M44","color":"#0059a9","mode":"bus","arr":["M44"],"angle":25,"extra":1,"ei":17}},{"type":"Feature","geometry":{"type":"Point","coordinates":[21.06369,45.830694]},"properties":{"lines":"M44","color":"#0059a9","mode":"bus","arr":["M44"],"angle":25.6,"extra":1,"ei":18}},{"type":"Feature","geometry":{"type":"Point","coordinates":[21.001377,45.856348]},"properties":{"lines":"M50","color":"#0059a9","mode":"bus","arr":["M50"],"angle":40.5}},{"type":"Feature","geometry":{"type":"Point","coordinates":[21.137087,45.806985]},"properties":{"lines":"M50","color":"#0059a9","mode":"bus","arr":["M50"],"angle":10.8}},{"type":"Feature","geometry":{"type":"Point","coordinates":[21.08716,45.822435]},"properties":{"lines":"M50","color":"#0059a9","mode":"bus","arr":["M50"],"angle":33.2}},{"type":"Feature","geometry":{"type":"Point","coordinates":[20.921954,45.90906]},"properties":{"lines":"M50","color":"#0059a9","mode":"bus","arr":["M50"],"angle":36.9}},{"type":"Feature","geometry":{"type":"Point","coordinates":[21.162842,45.80153]},"properties":{"lines":"M50","color":"#0059a9","mode":"bus","arr":["M50"],"angle":18.8,"extra":1,"ei":0}},{"type":"Feature","geometry":{"type":"Point","coordinates":[21.160248,45.802066]},"properties":{"lines":"M50","color":"#0059a9","mode":"bus","arr":["M50"],"angle":16.1,"extra":1,"ei":1}},{"type":"Feature","geometry":{"type":"Point","coordinates":[21.157648,45.80259]},"properties":{"lines":"M50","color":"#0059a9","mode":"bus","arr":["M50"],"angle":16.1,"extra":1,"ei":2}},{"type":"Feature","geometry":{"type":"Point","coordinates":[21.155045,45.803106]},"properties":{"lines":"M50","color":"#0059a9","mode":"bus","arr":["M50"],"angle":15.8,"extra":1,"ei":3}},{"type":"Feature","geometry":{"type":"Point","coordinates":[21.152441,45.803621]},"properties":{"lines":"M50","color":"#0059a9","mode":"bus","arr":["M50"],"angle":15.8,"extra":1,"ei":4}},{"type":"Feature","geometry":{"type":"Point","coordinates":[21.149842,45.804146]},"properties":{"lines":"M50","color":"#0059a9","mode":"bus","arr":["M50"],"angle":16.3,"extra":1,"ei":5}},{"type":"Feature","geometry":{"type":"Point","coordinates":[21.147244,45.804676]},"properties":{"lines":"M50","color":"#0059a9","mode":"bus","arr":["M50"],"angle":16.3,"extra":1,"ei":6}},{"type":"Feature","geometry":{"type":"Point","coordinates":[21.144647,45.805206]},"properties":{"lines":"M50","color":"#0059a9","mode":"bus","arr":["M50"],"angle":16.3,"extra":1,"ei":7}},{"type":"Feature","geometry":{"type":"Point","coordinates":[21.142052,45.805742]},"properties":{"lines":"M50","color":"#0059a9","mode":"bus","arr":["M50"],"angle":16.6,"extra":1,"ei":8}},{"type":"Feature","geometry":{"type":"Point","coordinates":[21.139459,45.806283]},"properties":{"lines":"M50","color":"#0059a9","mode":"bus","arr":["M50"],"angle":17.8,"extra":1,"ei":9}},{"type":"Feature","geometry":{"type":"Point","coordinates":[21.134316,45.807347]},"properties":{"lines":"M50","color":"#0059a9","mode":"bus","arr":["M50"],"angle":11.2,"extra":1,"ei":10}},{"type":"Feature","geometry":{"type":"Point","coordinates":[21.13167,45.807742]},"properties":{"lines":"M50","color":"#0059a9","mode":"bus","arr":["M50"],"angle":12.3,"extra":1,"ei":11}},{"type":"Feature","geometry":{"type":"Point","coordinates":[21.129026,45.808145]},"properties":{"lines":"M50","color":"#0059a9","mode":"bus","arr":["M50"],"angle":12.3,"extra":1,"ei":12}},{"type":"Feature","geometry":{"type":"Point","coordinates":[21.126381,45.808545]},"properties":{"lines":"M50","color":"#0059a9","mode":"bus","arr":["M50"],"angle":11.3,"extra":1,"ei":13}},{"type":"Feature","geometry":{"type":"Point","coordinates":[21.123724,45.808903]},"properties":{"lines":"M50","color":"#0059a9","mode":"bus","arr":["M50"],"angle":10.8,"extra":1,"ei":14}},{"type":"Feature","geometry":{"type":"Point","coordinates":[21.121067,45.80926]},"properties":{"lines":"M50","color":"#0059a9","mode":"bus","arr":["M50"],"angle":10.7,"extra":1,"ei":15}},{"type":"Feature","geometry":{"type":"Point","coordinates":[21.118414,45.809632]},"properties":{"lines":"M50","color":"#0059a9","mode":"bus","arr":["M50"],"angle":12.5,"extra":1,"ei":16}},{"type":"Feature","geometry":{"type":"Point","coordinates":[21.11578,45.810067]},"properties":{"lines":"M50","color":"#0059a9","mode":"bus","arr":["M50"],"angle":13.3,"extra":1,"ei":17}},{"type":"Feature","geometry":{"type":"Point","coordinates":[21.113224,45.810652]},"properties":{"lines":"M50","color":"#0059a9","mode":"bus","arr":["M50"],"angle":31,"extra":1,"ei":18}},{"type":"Feature","geometry":{"type":"Point","coordinates":[21.110933,45.811657]},"properties":{"lines":"M50","color":"#0059a9","mode":"bus","arr":["M50"],"angle":32.6,"extra":1,"ei":19}},{"type":"Feature","geometry":{"type":"Point","coordinates":[21.108182,45.81288]},"properties":{"lines":"M50","color":"#0059a9","mode":"bus","arr":["M50"],"angle":32.2,"extra":1,"ei":0}},{"type":"Feature","geometry":{"type":"Point","coordinates":[21.105948,45.813944]},"properties":{"lines":"M50","color":"#0059a9","mode":"bus","arr":["M50"],"angle":35.6,"extra":1,"ei":1}},{"type":"Feature","geometry":{"type":"Point","coordinates":[21.103659,45.814951]},"properties":{"lines":"M50","color":"#0059a9","mode":"bus","arr":["M50"],"angle":32,"extra":1,"ei":2}},{"type":"Feature","geometry":{"type":"Point","coordinates":[21.101406,45.815997]},"properties":{"lines":"M50","color":"#0059a9","mode":"bus","arr":["M50"],"angle":34.1,"extra":1,"ei":3}},{"type":"Feature","geometry":{"type":"Point","coordinates":[21.099156,45.817046]},"properties":{"lines":"M50","color":"#0059a9","mode":"bus","arr":["M50"],"angle":32.8,"extra":1,"ei":4}},{"type":"Feature","geometry":{"type":"Point","coordinates":[21.096885,45.818073]},"properties":{"lines":"M50","color":"#0059a9","mode":"bus","arr":["M50"],"angle":31.1,"extra":1,"ei":5}},{"type":"Feature","geometry":{"type":"Point","coordinates":[21.094596,45.819079]},"properties":{"lines":"M50","color":"#0059a9","mode":"bus","arr":["M50"],"angle":32.5,"extra":1,"ei":6}},{"type":"Feature","geometry":{"type":"Point","coordinates":[21.092314,45.820094]},"properties":{"lines":"M50","color":"#0059a9","mode":"bus","arr":["M50"],"angle":32.5,"extra":1,"ei":7}},{"type":"Feature","geometry":{"type":"Point","coordinates":[21.09004,45.821118]},"properties":{"lines":"M50","color":"#0059a9","mode":"bus","arr":["M50"],"angle":33.3,"extra":1,"ei":8}},{"type":"Feature","geometry":{"type":"Point","coordinates":[21.085512,45.823187]},"properties":{"lines":"M50","color":"#0059a9","mode":"bus","arr":["M50"],"angle":32.8,"extra":1,"ei":9}},{"type":"Feature","geometry":{"type":"Point","coordinates":[21.083226,45.824197]},"properties":{"lines":"M50","color":"#0059a9","mode":"bus","arr":["M50"],"angle":32.4,"extra":1,"ei":10}},{"type":"Feature","geometry":{"type":"Point","coordinates":[21.080865,45.825117]},"properties":{"lines":"M50","color":"#0059a9","mode":"bus","arr":["M50"],"angle":25.2,"extra":1,"ei":11}},{"type":"Feature","geometry":{"type":"Point","coordinates":[21.078416,45.82592]},"properties":{"lines":"M50","color":"#0059a9","mode":"bus","arr":["M50"],"angle":25.2,"extra":1,"ei":12}},{"type":"Feature","geometry":{"type":"Point","coordinates":[21.075967,45.826723]},"properties":{"lines":"M50","color":"#0059a9","mode":"bus","arr":["M50"],"angle":25.1,"extra":1,"ei":13}},{"type":"Feature","geometry":{"type":"Point","coordinates":[21.073514,45.827522]},"properties":{"lines":"M50","color":"#0059a9","mode":"bus","arr":["M50"],"angle":25,"extra":1,"ei":14}},{"type":"Feature","geometry":{"type":"Point","coordinates":[21.071061,45.82832]},"properties":{"lines":"M50","color":"#0059a9","mode":"bus","arr":["M50"],"angle":25,"extra":1,"ei":15}},{"type":"Feature","geometry":{"type":"Point","coordinates":[21.068597,45.829101]},"properties":{"lines":"M50","color":"#0059a9","mode":"bus","arr":["M50"],"angle":24.2,"extra":1,"ei":16}},{"type":"Feature","geometry":{"type":"Point","coordinates":[21.066141,45.829892]},"properties":{"lines":"M50","color":"#0059a9","mode":"bus","arr":["M50"],"angle":25,"extra":1,"ei":17}},{"type":"Feature","geometry":{"type":"Point","coordinates":[21.06369,45.830694]},"properties":{"lines":"M50","color":"#0059a9","mode":"bus","arr":["M50"],"angle":25.6,"extra":1,"ei":18}},{"type":"Feature","geometry":{"type":"Point","coordinates":[21.037696,45.834071]},"properties":{"lines":"M50","color":"#0059a9","mode":"bus","arr":["M50"],"angle":43.2,"extra":1,"ei":0}},{"type":"Feature","geometry":{"type":"Point","coordinates":[21.0357,45.835346]},"properties":{"lines":"M50","color":"#0059a9","mode":"bus","arr":["M50"],"angle":42.3,"extra":1,"ei":1}},{"type":"Feature","geometry":{"type":"Point","coordinates":[21.033693,45.836613]},"properties":{"lines":"M50","color":"#0059a9","mode":"bus","arr":["M50"],"angle":41.8,"extra":1,"ei":2}},{"type":"Feature","geometry":{"type":"Point","coordinates":[21.031677,45.837873]},"properties":{"lines":"M50","color":"#0059a9","mode":"bus","arr":["M50"],"angle":41.8,"extra":1,"ei":3}},{"type":"Feature","geometry":{"type":"Point","coordinates":[21.029661,45.839133]},"properties":{"lines":"M50","color":"#0059a9","mode":"bus","arr":["M50"],"angle":41.8,"extra":1,"ei":4}},{"type":"Feature","geometry":{"type":"Point","coordinates":[21.027654,45.8404]},"properties":{"lines":"M50","color":"#0059a9","mode":"bus","arr":["M50"],"angle":42.6,"extra":1,"ei":5}},{"type":"Feature","geometry":{"type":"Point","coordinates":[21.025653,45.841671]},"properties":{"lines":"M50","color":"#0059a9","mode":"bus","arr":["M50"],"angle":42.2,"extra":1,"ei":6}},{"type":"Feature","geometry":{"type":"Point","coordinates":[21.023649,45.842941]},"properties":{"lines":"M50","color":"#0059a9","mode":"bus","arr":["M50"],"angle":42.2,"extra":1,"ei":7}},{"type":"Feature","geometry":{"type":"Point","coordinates":[21.021631,45.844199]},"properties":{"lines":"M50","color":"#0059a9","mode":"bus","arr":["M50"],"angle":41.2,"extra":1,"ei":8}},{"type":"Feature","geometry":{"type":"Point","coordinates":[21.019591,45.84544]},"properties":{"lines":"M50","color":"#0059a9","mode":"bus","arr":["M50"],"angle":40.6,"extra":1,"ei":9}},{"type":"Feature","geometry":{"type":"Point","coordinates":[21.017536,45.846669]},"properties":{"lines":"M50","color":"#0059a9","mode":"bus","arr":["M50"],"angle":40.8,"extra":1,"ei":10}},{"type":"Feature","geometry":{"type":"Point","coordinates":[21.015489,45.847904]},"properties":{"lines":"M50","color":"#0059a9","mode":"bus","arr":["M50"],"angle":40.8,"extra":1,"ei":11}},{"type":"Feature","geometry":{"type":"Point","coordinates":[21.013443,45.84914]},"properties":{"lines":"M50","color":"#0059a9","mode":"bus","arr":["M50"],"angle":40.9,"extra":1,"ei":12}},{"type":"Feature","geometry":{"type":"Point","coordinates":[21.011391,45.850371]},"properties":{"lines":"M50","color":"#0059a9","mode":"bus","arr":["M50"],"angle":40.5,"extra":1,"ei":13}},{"type":"Feature","geometry":{"type":"Point","coordinates":[21.009334,45.851599]},"properties":{"lines":"M50","color":"#0059a9","mode":"bus","arr":["M50"],"angle":40.6,"extra":1,"ei":14}},{"type":"Feature","geometry":{"type":"Point","coordinates":[21.007279,45.852828]},"properties":{"lines":"M50","color":"#0059a9","mode":"bus","arr":["M50"],"angle":40.6,"extra":1,"ei":15}},{"type":"Feature","geometry":{"type":"Point","coordinates":[21.005223,45.854055]},"properties":{"lines":"M50","color":"#0059a9","mode":"bus","arr":["M50"],"angle":40.5,"extra":1,"ei":16}},{"type":"Feature","geometry":{"type":"Point","coordinates":[21.003166,45.855282]},"properties":{"lines":"M50","color":"#0059a9","mode":"bus","arr":["M50"],"angle":40.5,"extra":1,"ei":17}},{"type":"Feature","geometry":{"type":"Point","coordinates":[20.999015,45.857706]},"properties":{"lines":"M50","color":"#0059a9","mode":"bus","arr":["M50"],"angle":37.8,"extra":1,"ei":18}},{"type":"Feature","geometry":{"type":"Point","coordinates":[20.996876,45.858863]},"properties":{"lines":"M50","color":"#0059a9","mode":"bus","arr":["M50"],"angle":37.8,"extra":1,"ei":19}},{"type":"Feature","geometry":{"type":"Point","coordinates":[20.994744,45.860025]},"properties":{"lines":"M50","color":"#0059a9","mode":"bus","arr":["M50"],"angle":38.3,"extra":1,"ei":20}},{"type":"Feature","geometry":{"type":"Point","coordinates":[20.992619,45.861195]},"properties":{"lines":"M50","color":"#0059a9","mode":"bus","arr":["M50"],"angle":38.3,"extra":1,"ei":21}},{"type":"Feature","geometry":{"type":"Point","coordinates":[20.990494,45.862364]},"properties":{"lines":"M50","color":"#0059a9","mode":"bus","arr":["M50"],"angle":38.3,"extra":1,"ei":22}},{"type":"Feature","geometry":{"type":"Point","coordinates":[20.988369,45.863534]},"properties":{"lines":"M50","color":"#0059a9","mode":"bus","arr":["M50"],"angle":38.3,"extra":1,"ei":23}},{"type":"Feature","geometry":{"type":"Point","coordinates":[20.986244,45.864703]},"properties":{"lines":"M50","color":"#0059a9","mode":"bus","arr":["M50"],"angle":38.3,"extra":1,"ei":24}},{"type":"Feature","geometry":{"type":"Point","coordinates":[20.984119,45.865873]},"properties":{"lines":"M50","color":"#0059a9","mode":"bus","arr":["M50"],"angle":38.3,"extra":1,"ei":25}},{"type":"Feature","geometry":{"type":"Point","coordinates":[20.982001,45.867049]},"properties":{"lines":"M50","color":"#0059a9","mode":"bus","arr":["M50"],"angle":38.6,"extra":1,"ei":26}},{"type":"Feature","geometry":{"type":"Point","coordinates":[20.979887,45.868227]},"properties":{"lines":"M50","color":"#0059a9","mode":"bus","arr":["M50"],"angle":38.6,"extra":1,"ei":27}},{"type":"Feature","geometry":{"type":"Point","coordinates":[20.977772,45.869406]},"properties":{"lines":"M50","color":"#0059a9","mode":"bus","arr":["M50"],"angle":38.6,"extra":1,"ei":28}},{"type":"Feature","geometry":{"type":"Point","coordinates":[20.975649,45.870577]},"properties":{"lines":"M50","color":"#0059a9","mode":"bus","arr":["M50"],"angle":37.6,"extra":1,"ei":29}},{"type":"Feature","geometry":{"type":"Point","coordinates":[20.973417,45.871644]},"properties":{"lines":"M50","color":"#0059a9","mode":"bus","arr":["M50"],"angle":33.2,"extra":1,"ei":30}},{"type":"Feature","geometry":{"type":"Point","coordinates":[20.971164,45.87269]},"properties":{"lines":"M50","color":"#0059a9","mode":"bus","arr":["M50"],"angle":33.9,"extra":1,"ei":31}},{"type":"Feature","geometry":{"type":"Point","coordinates":[20.96891,45.873735]},"properties":{"lines":"M50","color":"#0059a9","mode":"bus","arr":["M50"],"angle":32.8,"extra":1,"ei":32}},{"type":"Feature","geometry":{"type":"Point","coordinates":[20.966608,45.874727]},"properties":{"lines":"M50","color":"#0059a9","mode":"bus","arr":["M50"],"angle":31.5,"extra":1,"ei":33}},{"type":"Feature","geometry":{"type":"Point","coordinates":[20.964917,45.876108]},"properties":{"lines":"M50","color":"#0059a9","mode":"bus","arr":["M50"],"angle":82.5,"extra":1,"ei":34}},{"type":"Feature","geometry":{"type":"Point","coordinates":[20.965128,45.877988]},"properties":{"lines":"M50","color":"#0059a9","mode":"bus","arr":["M50"],"angle":-84.5,"extra":1,"ei":35}},{"type":"Feature","geometry":{"type":"Point","coordinates":[20.941431,45.898842]},"properties":{"lines":"M50","color":"#0059a9","mode":"bus","arr":["M50"],"angle":36.5,"extra":1,"ei":0}},{"type":"Feature","geometry":{"type":"Point","coordinates":[20.939264,45.899974]},"properties":{"lines":"M50","color":"#0059a9","mode":"bus","arr":["M50"],"angle":37,"extra":1,"ei":1}},{"type":"Feature","geometry":{"type":"Point","coordinates":[20.937103,45.901111]},"properties":{"lines":"M50","color":"#0059a9","mode":"bus","arr":["M50"],"angle":37,"extra":1,"ei":2}},{"type":"Feature","geometry":{"type":"Point","coordinates":[20.93493,45.902236]},"properties":{"lines":"M50","color":"#0059a9","mode":"bus","arr":["M50"],"angle":35.8,"extra":1,"ei":3}},{"type":"Feature","geometry":{"type":"Point","coordinates":[20.932772,45.903375]},"properties":{"lines":"M50","color":"#0059a9","mode":"bus","arr":["M50"],"angle":37.1,"extra":1,"ei":4}},{"type":"Feature","geometry":{"type":"Point","coordinates":[20.930614,45.904514]},"properties":{"lines":"M50","color":"#0059a9","mode":"bus","arr":["M50"],"angle":37,"extra":1,"ei":5}},{"type":"Feature","geometry":{"type":"Point","coordinates":[20.928452,45.905651]},"properties":{"lines":"M50","color":"#0059a9","mode":"bus","arr":["M50"],"angle":37,"extra":1,"ei":6}},{"type":"Feature","geometry":{"type":"Point","coordinates":[20.926291,45.906787]},"properties":{"lines":"M50","color":"#0059a9","mode":"bus","arr":["M50"],"angle":36.9,"extra":1,"ei":7}},{"type":"Feature","geometry":{"type":"Point","coordinates":[20.924127,45.907921]},"properties":{"lines":"M50","color":"#0059a9","mode":"bus","arr":["M50"],"angle":36.9,"extra":1,"ei":8}},{"type":"Feature","geometry":{"type":"Point","coordinates":[20.919799,45.910189]},"properties":{"lines":"M50","color":"#0059a9","mode":"bus","arr":["M50"],"angle":36.9,"extra":1,"ei":9}},{"type":"Feature","geometry":{"type":"Point","coordinates":[20.917635,45.911323]},"properties":{"lines":"M50","color":"#0059a9","mode":"bus","arr":["M50"],"angle":36.9,"extra":1,"ei":10}},{"type":"Feature","geometry":{"type":"Point","coordinates":[20.915471,45.912457]},"properties":{"lines":"M50","color":"#0059a9","mode":"bus","arr":["M50"],"angle":36.9,"extra":1,"ei":11}},{"type":"Feature","geometry":{"type":"Point","coordinates":[20.913306,45.913591]},"properties":{"lines":"M50","color":"#0059a9","mode":"bus","arr":["M50"],"angle":36.9,"extra":1,"ei":12}},{"type":"Feature","geometry":{"type":"Point","coordinates":[20.91114,45.914723]},"properties":{"lines":"M50","color":"#0059a9","mode":"bus","arr":["M50"],"angle":36.8,"extra":1,"ei":13}},{"type":"Feature","geometry":{"type":"Point","coordinates":[20.908977,45.915858]},"properties":{"lines":"M50","color":"#0059a9","mode":"bus","arr":["M50"],"angle":37,"extra":1,"ei":14}},{"type":"Feature","geometry":{"type":"Point","coordinates":[20.906816,45.916994]},"properties":{"lines":"M50","color":"#0059a9","mode":"bus","arr":["M50"],"angle":36.8,"extra":1,"ei":15}},{"type":"Feature","geometry":{"type":"Point","coordinates":[20.904649,45.918126]},"properties":{"lines":"M50","color":"#0059a9","mode":"bus","arr":["M50"],"angle":36.9,"extra":1,"ei":16}},{"type":"Feature","geometry":{"type":"Point","coordinates":[20.902485,45.91926]},"properties":{"lines":"M50","color":"#0059a9","mode":"bus","arr":["M50"],"angle":36.9,"extra":1,"ei":17}},{"type":"Feature","geometry":{"type":"Point","coordinates":[21.108185,45.826513]},"properties":{"lines":"M44","color":"#0059a9","mode":"bus","arr":["M44"],"angle":79.5}},{"type":"Feature","geometry":{"type":"Point","coordinates":[21.060242,45.831829]},"properties":{"lines":"M44","color":"#0059a9","mode":"bus","arr":["M44"],"angle":25.2,"mi":4}},{"type":"Feature","geometry":{"type":"Point","coordinates":[21.062358,45.831133]},"properties":{"lines":"M44","color":"#0059a9","mode":"bus","arr":["M44"],"angle":25.4,"extra":1,"ei":0}},{"type":"Feature","geometry":{"type":"Point","coordinates":[21.057461,45.832742]},"properties":{"lines":"M44","color":"#0059a9","mode":"bus","arr":["M44"],"angle":25.2,"extra":1,"ei":1}},{"type":"Feature","geometry":{"type":"Point","coordinates":[21.101471,45.838377]},"properties":{"lines":"M44","color":"#0059a9","mode":"bus","arr":["M44"],"angle":57.6,"extra":1,"ei":0}},{"type":"Feature","geometry":{"type":"Point","coordinates":[21.102894,45.836771]},"properties":{"lines":"M44","color":"#0059a9","mode":"bus","arr":["M44"],"angle":58.4,"extra":1,"ei":1}},{"type":"Feature","geometry":{"type":"Point","coordinates":[21.104328,45.835169]},"properties":{"lines":"M44","color":"#0059a9","mode":"bus","arr":["M44"],"angle":58.3,"extra":1,"ei":2}},{"type":"Feature","geometry":{"type":"Point","coordinates":[21.105737,45.833557]},"properties":{"lines":"M44","color":"#0059a9","mode":"bus","arr":["M44"],"angle":58.8,"extra":1,"ei":3}},{"type":"Feature","geometry":{"type":"Point","coordinates":[21.106798,45.831841]},"properties":{"lines":"M44","color":"#0059a9","mode":"bus","arr":["M44"],"angle":77.7,"extra":1,"ei":4}},{"type":"Feature","geometry":{"type":"Point","coordinates":[21.107287,45.829984]},"properties":{"lines":"M44","color":"#0059a9","mode":"bus","arr":["M44"],"angle":81,"extra":1,"ei":5}},{"type":"Feature","geometry":{"type":"Point","coordinates":[21.10776,45.828125]},"properties":{"lines":"M44","color":"#0059a9","mode":"bus","arr":["M44"],"angle":79.6,"extra":1,"ei":6}},{"type":"Feature","geometry":{"type":"Point","coordinates":[21.108736,45.824409]},"properties":{"lines":"M44","color":"#0059a9","mode":"bus","arr":["M44"],"angle":79.7,"extra":1,"ei":7}},{"type":"Feature","geometry":{"type":"Point","coordinates":[21.109222,45.822552]},"properties":{"lines":"M44","color":"#0059a9","mode":"bus","arr":["M44"],"angle":79.7,"extra":1,"ei":8}},{"type":"Feature","geometry":{"type":"Point","coordinates":[21.10971,45.820694]},"properties":{"lines":"M44","color":"#0059a9","mode":"bus","arr":["M44"],"angle":79.5,"extra":1,"ei":9}},{"type":"Feature","geometry":{"type":"Point","coordinates":[21.109801,45.818812]},"properties":{"lines":"M44","color":"#0059a9","mode":"bus","arr":["M44"],"angle":-88.5,"extra":1,"ei":10}},{"type":"Feature","geometry":{"type":"Point","coordinates":[21.109728,45.816924]},"properties":{"lines":"M44","color":"#0059a9","mode":"bus","arr":["M44"],"angle":-88.3,"extra":1,"ei":11}},{"type":"Feature","geometry":{"type":"Point","coordinates":[21.10963,45.815037]},"properties":{"lines":"M44","color":"#0059a9","mode":"bus","arr":["M44"],"angle":-87.7,"extra":1,"ei":12}},{"type":"Feature","geometry":{"type":"Point","coordinates":[21.109529,45.81315]},"properties":{"lines":"M44","color":"#0059a9","mode":"bus","arr":["M44"],"angle":-88,"extra":1,"ei":13}},{"type":"Feature","geometry":{"type":"Point","coordinates":[21.060242,45.831829]},"properties":{"lines":"M50","color":"#0059a9","mode":"bus","arr":["M50"],"angle":25.2,"mi":2}},{"type":"Feature","geometry":{"type":"Point","coordinates":[21.054319,45.833775]},"properties":{"lines":"M50","color":"#0059a9","mode":"bus","arr":["M50"],"angle":25.2}},{"type":"Feature","geometry":{"type":"Point","coordinates":[21.062358,45.831133]},"properties":{"lines":"M50","color":"#0059a9","mode":"bus","arr":["M50"],"angle":25.4,"extra":1,"ei":0}},{"type":"Feature","geometry":{"type":"Point","coordinates":[21.057461,45.832742]},"properties":{"lines":"M50","color":"#0059a9","mode":"bus","arr":["M50"],"angle":25.2,"extra":1,"ei":1}},{"type":"Feature","geometry":{"type":"Point","coordinates":[21.052855,45.832385]},"properties":{"lines":"M44","color":"#0059a9","mode":"bus","arr":["M44"],"angle":-9.6}},{"type":"Feature","geometry":{"type":"Point","coordinates":[21.055599,45.832711]},"properties":{"lines":"M44","color":"#0059a9","mode":"bus","arr":["M44"],"angle":-9.5,"extra":1,"ei":0}},{"type":"Feature","geometry":{"type":"Point","coordinates":[21.050261,45.832088]},"properties":{"lines":"M44","color":"#0059a9","mode":"bus","arr":["M44"],"angle":-8.9,"extra":1,"ei":1}},{"type":"Feature","geometry":{"type":"Point","coordinates":[21.048526,45.832949]},"properties":{"lines":"M44","color":"#0059a9","mode":"bus","arr":["M44"],"angle":80.5,"mi":2}},{"type":"Feature","geometry":{"type":"Point","coordinates":[21.049975,45.834305]},"properties":{"lines":"M44","color":"#0059a9","mode":"bus","arr":["M44"],"angle":-15.4,"mi":1}},{"type":"Feature","geometry":{"type":"Point","coordinates":[21.043357,45.83308]},"properties":{"lines":"M50","color":"#0059a9","mode":"bus","arr":["M50"],"angle":-14.8,"mi":3}},{"type":"Feature","geometry":{"type":"Point","coordinates":[21.049975,45.834305]},"properties":{"lines":"M50","color":"#0059a9","mode":"bus","arr":["M50"],"angle":-15.4,"mi":1}},{"type":"Feature","geometry":{"type":"Point","coordinates":[21.04697,45.833741]},"properties":{"lines":"M50","color":"#0059a9","mode":"bus","arr":["M50"],"angle":-14.6,"extra":1,"ei":0}},{"type":"Feature","geometry":{"type":"Point","coordinates":[21.041733,45.832786]},"properties":{"lines":"M50","color":"#0059a9","mode":"bus","arr":["M50"],"angle":-13.8,"extra":1,"ei":1}},{"type":"Feature","geometry":{"type":"Point","coordinates":[21.039214,45.833102]},"properties":{"lines":"M50","color":"#0059a9","mode":"bus","arr":["M50"],"angle":40,"extra":1,"ei":2}},{"type":"Feature","geometry":{"type":"Point","coordinates":[21.058584,45.835987]},"properties":{"lines":"M44","color":"#0059a9","mode":"bus","arr":["M44"],"angle":-9.2,"mi":3}},{"type":"Feature","geometry":{"type":"Point","coordinates":[21.052909,45.83493]},"properties":{"lines":"M44","color":"#0059a9","mode":"bus","arr":["M44"],"angle":-17.5,"extra":1,"ei":0}},{"type":"Feature","geometry":{"type":"Point","coordinates":[21.055492,45.835493]},"properties":{"lines":"M44","color":"#0059a9","mode":"bus","arr":["M44"],"angle":-17.7,"extra":1,"ei":1}},{"type":"Feature","geometry":{"type":"Point","coordinates":[21.060789,45.836232]},"properties":{"lines":"M44","color":"#0059a9","mode":"bus","arr":["M44"],"angle":-10.2,"extra":1,"ei":2}},{"type":"Feature","geometry":{"type":"Point","coordinates":[21.063451,45.836573]},"properties":{"lines":"M44","color":"#0059a9","mode":"bus","arr":["M44"],"angle":-10.9,"extra":1,"ei":3}},{"type":"Feature","geometry":{"type":"Point","coordinates":[21.082027,45.836213]},"properties":{"lines":"M44","color":"#0059a9","mode":"bus","arr":["M44"],"angle":-1}},{"type":"Feature","geometry":{"type":"Point","coordinates":[21.067054,45.836987]},"properties":{"lines":"M44","color":"#0059a9","mode":"bus","arr":["M44"],"angle":-8.5,"extra":1,"ei":0}},{"type":"Feature","geometry":{"type":"Point","coordinates":[21.069741,45.837115]},"properties":{"lines":"M44","color":"#0059a9","mode":"bus","arr":["M44"],"angle":5.4,"extra":1,"ei":1}},{"type":"Feature","geometry":{"type":"Point","coordinates":[21.072429,45.836901]},"properties":{"lines":"M44","color":"#0059a9","mode":"bus","arr":["M44"],"angle":6.7,"extra":1,"ei":2}},{"type":"Feature","geometry":{"type":"Point","coordinates":[21.075114,45.836665]},"properties":{"lines":"M44","color":"#0059a9","mode":"bus","arr":["M44"],"angle":7.9,"extra":1,"ei":3}},{"type":"Feature","geometry":{"type":"Point","coordinates":[21.077801,45.836439]},"properties":{"lines":"M44","color":"#0059a9","mode":"bus","arr":["M44"],"angle":6.2,"extra":1,"ei":4}},{"type":"Feature","geometry":{"type":"Point","coordinates":[21.085901,45.836267]},"properties":{"lines":"M44","color":"#0059a9","mode":"bus","arr":["M44"],"angle":-1.3,"extra":1,"ei":5}},{"type":"Feature","geometry":{"type":"Point","coordinates":[21.088606,45.836323]},"properties":{"lines":"M44","color":"#0059a9","mode":"bus","arr":["M44"],"angle":-2.6,"extra":1,"ei":6}},{"type":"Feature","geometry":{"type":"Point","coordinates":[21.091311,45.83638]},"properties":{"lines":"M44","color":"#0059a9","mode":"bus","arr":["M44"],"angle":-6.9,"extra":1,"ei":7}},{"type":"Feature","geometry":{"type":"Point","coordinates":[21.093768,45.837147]},"properties":{"lines":"M44","color":"#0059a9","mode":"bus","arr":["M44"],"angle":-25.8,"extra":1,"ei":8}},{"type":"Feature","geometry":{"type":"Point","coordinates":[21.096206,45.837967]},"properties":{"lines":"M44","color":"#0059a9","mode":"bus","arr":["M44"],"angle":-25.3,"extra":1,"ei":9}},{"type":"Feature","geometry":{"type":"Point","coordinates":[21.098988,45.838888]},"properties":{"lines":"M44","color":"#0059a9","mode":"bus","arr":["M44"],"angle":-26}},{"type":"Feature","geometry":{"type":"Point","coordinates":[21.164699,45.800949]},"properties":{"lines":"M44","color":"#0059a9","mode":"bus","arr":["M44"],"angle":26.6,"mi":2}},{"type":"Feature","geometry":{"type":"Point","coordinates":[21.161387,45.801795]},"properties":{"lines":"M44","color":"#0059a9","mode":"bus","arr":["M44"],"angle":17.3,"extra":1,"ei":0,"side":-1}},{"type":"Feature","geometry":{"type":"Point","coordinates":[21.166346,45.800319]},"properties":{"lines":"M44","color":"#0059a9","mode":"bus","arr":["M44"],"angle":28.1,"extra":1,"ei":1}},{"type":"Feature","geometry":{"type":"Point","coordinates":[21.16875,45.799454]},"properties":{"lines":"M44","color":"#0059a9","mode":"bus","arr":["M44"],"angle":22.6,"extra":1,"ei":2}},{"type":"Feature","geometry":{"type":"Point","coordinates":[21.164699,45.800949]},"properties":{"lines":"M50","color":"#0059a9","mode":"bus","arr":["M50"],"angle":26.6,"mi":2}},{"type":"Feature","geometry":{"type":"Point","coordinates":[21.161387,45.801795]},"properties":{"lines":"M50","color":"#0059a9","mode":"bus","arr":["M50"],"angle":17.3,"extra":1,"ei":0,"side":-1}},{"type":"Feature","geometry":{"type":"Point","coordinates":[21.166346,45.800319]},"properties":{"lines":"M50","color":"#0059a9","mode":"bus","arr":["M50"],"angle":28.1,"extra":1,"ei":1}},{"type":"Feature","geometry":{"type":"Point","coordinates":[21.16875,45.799454]},"properties":{"lines":"M50","color":"#0059a9","mode":"bus","arr":["M50"],"angle":22.6,"extra":1,"ei":2}},{"type":"Feature","geometry":{"type":"Point","coordinates":[21.210847,45.792326]},"properties":{"lines":"M45","color":"#0059a9","mode":"bus","arr":["M45"],"angle":60.5,"mi":19}},{"type":"Feature","geometry":{"type":"Point","coordinates":[21.210438,45.792521]},"properties":{"lines":"M45","color":"#0059a9","mode":"bus","arr":["M45"],"angle":27.6,"mi":20}},{"type":"Feature","geometry":{"type":"Point","coordinates":[21.213589,45.792108]},"properties":{"lines":"M45","color":"#0059a9","mode":"bus","arr":["M45"],"angle":-45.3,"mi":18}},{"type":"Feature","geometry":{"type":"Point","coordinates":[21.21157,45.795824]},"properties":{"lines":"M45","color":"#0059a9","mode":"bus","arr":["M45"],"angle":42.5,"mi":16}},{"type":"Feature","geometry":{"type":"Point","coordinates":[21.214198,45.794181]},"properties":{"lines":"M45","color":"#0059a9","mode":"bus","arr":["M45"],"angle":41.2,"extra":1,"ei":0}},{"type":"Feature","geometry":{"type":"Point","coordinates":[21.210163,45.796698]},"properties":{"lines":"M45","color":"#0059a9","mode":"bus","arr":["M45"],"angle":41.5,"extra":1,"ei":1}},{"type":"Feature","geometry":{"type":"Point","coordinates":[21.208123,45.797939]},"properties":{"lines":"M45","color":"#0059a9","mode":"bus","arr":["M45"],"angle":40.7,"extra":1,"ei":2}},{"type":"Feature","geometry":{"type":"Point","coordinates":[21.209303,45.799753]},"properties":{"lines":"M45","color":"#0059a9","mode":"bus","arr":["M45"],"angle":-59.4,"mi":17}},{"type":"Feature","geometry":{"type":"Point","coordinates":[21.227196,45.795447]},"properties":{"lines":"M45","color":"#0059a9","mode":"bus","arr":["M45"],"angle":27.2,"mi":4}},{"type":"Feature","geometry":{"type":"Point","coordinates":[21.211246,45.801252]},"properties":{"lines":"M45","color":"#0059a9","mode":"bus","arr":["M45"],"angle":27.8,"mi":15}},{"type":"Feature","geometry":{"type":"Point","coordinates":[21.223354,45.796901]},"properties":{"lines":"M45","color":"#0059a9","mode":"bus","arr":["M45"],"angle":28.2,"extra":1,"ei":0}},{"type":"Feature","geometry":{"type":"Point","coordinates":[21.230542,45.794278]},"properties":{"lines":"M45","color":"#0059a9","mode":"bus","arr":["M45"],"angle":26.7,"extra":1,"ei":1}},{"type":"Feature","geometry":{"type":"Point","coordinates":[21.214288,45.804023]},"properties":{"lines":"M45","color":"#0059a9","mode":"bus","arr":["M45"],"angle":-57.2,"mi":10}},{"type":"Feature","geometry":{"type":"Point","coordinates":[21.212565,45.801828]},"properties":{"lines":"M45","color":"#0059a9","mode":"bus","arr":["M45"],"angle":-60.6,"extra":1,"ei":0}},{"type":"Feature","geometry":{"type":"Point","coordinates":[21.215229,45.805113]},"properties":{"lines":"M45","color":"#0059a9","mode":"bus","arr":["M45"],"angle":-61.6,"extra":1,"ei":1}},{"type":"Feature","geometry":{"type":"Point","coordinates":[21.216519,45.806773]},"properties":{"lines":"M45","color":"#0059a9","mode":"bus","arr":["M45"],"angle":-61.6,"extra":1,"ei":2}},{"type":"Feature","geometry":{"type":"Point","coordinates":[21.230043,45.802211]},"properties":{"lines":"M45","color":"#0059a9","mode":"bus","arr":["M45"],"angle":27.4,"mi":3}},{"type":"Feature","geometry":{"type":"Point","coordinates":[21.218115,45.806536]},"properties":{"lines":"M45","color":"#0059a9","mode":"bus","arr":["M45"],"angle":26.3,"mi":8}},{"type":"Feature","geometry":{"type":"Point","coordinates":[21.221682,45.808953]},"properties":{"lines":"M45","color":"#0059a9","mode":"bus","arr":["M45"],"angle":-61.6,"mi":12}},{"type":"Feature","geometry":{"type":"Point","coordinates":[21.223304,45.811037]},"properties":{"lines":"M45","color":"#0059a9","mode":"bus","arr":["M45"],"angle":-62.6,"extra":1,"ei":0}},{"type":"Feature","geometry":{"type":"Point","coordinates":[21.220731,45.807715]},"properties":{"lines":"M45","color":"#0059a9","mode":"bus","arr":["M45"],"angle":-62.2,"extra":1,"ei":1}},{"type":"Feature","geometry":{"type":"Point","coordinates":[21.219503,45.806032]},"properties":{"lines":"M45","color":"#0059a9","mode":"bus","arr":["M45"],"angle":-63.5,"extra":1,"ei":2}},{"type":"Feature","geometry":{"type":"Point","coordinates":[21.231019,45.809568]},"properties":{"lines":"M45","color":"#0059a9","mode":"bus","arr":["M45"],"angle":27.6,"mi":14}},{"type":"Feature","geometry":{"type":"Point","coordinates":[21.225159,45.811496]},"properties":{"lines":"M45","color":"#0059a9","mode":"bus","arr":["M45"],"angle":23.7,"extra":1,"ei":0}},{"type":"Feature","geometry":{"type":"Point","coordinates":[21.227656,45.81077]},"properties":{"lines":"M45","color":"#0059a9","mode":"bus","arr":["M45"],"angle":23.8,"extra":1,"ei":1}},{"type":"Feature","geometry":{"type":"Point","coordinates":[21.23487,45.808171]},"properties":{"lines":"M45","color":"#0059a9","mode":"bus","arr":["M45"],"angle":28.1,"extra":1,"ei":2}},{"type":"Feature","geometry":{"type":"Point","coordinates":[21.23728,45.807313]},"properties":{"lines":"M45","color":"#0059a9","mode":"bus","arr":["M45"],"angle":27.7,"extra":1,"ei":3}},{"type":"Feature","geometry":{"type":"Point","coordinates":[21.236861,45.805514]},"properties":{"lines":"M45","color":"#0059a9","mode":"bus","arr":["M45"],"angle":-62.8,"mi":11}},{"type":"Feature","geometry":{"type":"Point","coordinates":[21.236294,45.803779]},"properties":{"lines":"M45","color":"#0059a9","mode":"bus","arr":["M45"],"angle":26.7,"mi":7}},{"type":"Feature","geometry":{"type":"Point","coordinates":[21.23567,45.802042]},"properties":{"lines":"M45","color":"#0059a9","mode":"bus","arr":["M45"],"angle":-61.2,"mi":6}},{"type":"Feature","geometry":{"type":"Point","coordinates":[21.233235,45.801032]},"properties":{"lines":"M45","color":"#0059a9","mode":"bus","arr":["M45"],"angle":28.9,"mi":5}},{"type":"Feature","geometry":{"type":"Point","coordinates":[21.226756,45.801443]},"properties":{"lines":"M45","color":"#0059a9","mode":"bus","arr":["M45"],"angle":-62.3,"mi":1}},{"type":"Feature","geometry":{"type":"Point","coordinates":[21.224997,45.800116]},"properties":{"lines":"M45","color":"#0059a9","mode":"bus","arr":["M45"],"angle":26.7}},{"type":"Feature","geometry":{"type":"Point","coordinates":[21.223273,45.798839]},"properties":{"lines":"M45","color":"#0059a9","mode":"bus","arr":["M45"],"angle":-62.9,"mi":2}},{"type":"Feature","geometry":{"type":"Point","coordinates":[21.233542,45.793147]},"properties":{"lines":"M45","color":"#0059a9","mode":"bus","arr":["M45"],"angle":29.3,"mi":9}},{"type":"Feature","geometry":{"type":"Point","coordinates":[21.23941,45.798935]},"properties":{"lines":"M45","color":"#0059a9","mode":"bus","arr":["M45"],"angle":-63.6,"mi":13}},{"type":"Feature","geometry":{"type":"Point","coordinates":[21.235452,45.793539]},"properties":{"lines":"M45","color":"#0059a9","mode":"bus","arr":["M45"],"angle":-62.8,"extra":1,"ei":0}},{"type":"Feature","geometry":{"type":"Point","coordinates":[21.236673,45.795224]},"properties":{"lines":"M45","color":"#0059a9","mode":"bus","arr":["M45"],"angle":-62.8,"extra":1,"ei":1}},{"type":"Feature","geometry":{"type":"Point","coordinates":[21.237923,45.796899]},"properties":{"lines":"M45","color":"#0059a9","mode":"bus","arr":["M45"],"angle":-62,"extra":1,"ei":2}},{"type":"Feature","geometry":{"type":"Point","coordinates":[21.240423,45.800248]},"properties":{"lines":"M45","color":"#0059a9","mode":"bus","arr":["M45"],"angle":-57.8,"extra":1,"ei":3}},{"type":"Feature","geometry":{"type":"Point","coordinates":[21.242198,45.801671]},"properties":{"lines":"M45","color":"#0059a9","mode":"bus","arr":["M45"],"angle":-47.5,"extra":1,"ei":4}},{"type":"Feature","geometry":{"type":"Point","coordinates":[21.244026,45.803063]},"properties":{"lines":"M45","color":"#0059a9","mode":"bus","arr":["M45"],"angle":-47.5,"extra":1,"ei":5}},{"type":"Feature","geometry":{"type":"Point","coordinates":[21.246585,45.803777]},"properties":{"lines":"M45","color":"#0059a9","mode":"bus","arr":["M45"],"angle":42.9,"mi":24}},{"type":"Feature","geometry":{"type":"Point","coordinates":[21.246483,45.802502]},"properties":{"lines":"M45","color":"#0059a9","mode":"bus","arr":["M45"],"angle":-46.7,"mi":23}},{"type":"Feature","geometry":{"type":"Point","coordinates":[21.245318,45.802834]},"properties":{"lines":"M45","color":"#0059a9","mode":"bus","arr":["M45"],"angle":42.3,"mi":21}},{"type":"Feature","geometry":{"type":"Point","coordinates":[21.164279,45.652149]},"properties":{"lines":"M46","color":"#0059a9","mode":"bus","arr":["M46"],"angle":7.8,"mi":3}},{"type":"Feature","geometry":{"type":"Point","coordinates":[21.173038,45.651283]},"properties":{"lines":"M46","color":"#0059a9","mode":"bus","arr":["M46"],"angle":8.1,"extra":1,"ei":0}},{"type":"Feature","geometry":{"type":"Point","coordinates":[21.170359,45.651551]},"properties":{"lines":"M46","color":"#0059a9","mode":"bus","arr":["M46"],"angle":8.2,"extra":1,"ei":1}},{"type":"Feature","geometry":{"type":"Point","coordinates":[21.167681,45.65182]},"properties":{"lines":"M46","color":"#0059a9","mode":"bus","arr":["M46"],"angle":8.2,"extra":1,"ei":2}},{"type":"Feature","geometry":{"type":"Point","coordinates":[21.162319,45.652336]},"properties":{"lines":"M46","color":"#0059a9","mode":"bus","arr":["M46"],"angle":7.7,"extra":1,"ei":3}},{"type":"Feature","geometry":{"type":"Point","coordinates":[21.159637,45.652589]},"properties":{"lines":"M46","color":"#0059a9","mode":"bus","arr":["M46"],"angle":7.7,"extra":1,"ei":4}},{"type":"Feature","geometry":{"type":"Point","coordinates":[21.156957,45.652849]},"properties":{"lines":"M46","color":"#0059a9","mode":"bus","arr":["M46"],"angle":8.1,"extra":1,"ei":5}},{"type":"Feature","geometry":{"type":"Point","coordinates":[21.154278,45.653116]},"properties":{"lines":"M46","color":"#0059a9","mode":"bus","arr":["M46"],"angle":7.7,"extra":1,"ei":6}},{"type":"Feature","geometry":{"type":"Point","coordinates":[21.158086,45.650809]},"properties":{"lines":"M46","color":"#0059a9","mode":"bus","arr":["M46"],"angle":-82.3}},{"type":"Feature","geometry":{"type":"Point","coordinates":[21.155494,45.649142]},"properties":{"lines":"M46","color":"#0059a9","mode":"bus","arr":["M46"],"angle":8.2,"mi":1}},{"type":"Feature","geometry":{"type":"Point","coordinates":[21.157273,45.648962]},"properties":{"lines":"M46","color":"#0059a9","mode":"bus","arr":["M46"],"angle":8.2,"extra":1,"ei":0}},{"type":"Feature","geometry":{"type":"Point","coordinates":[21.153709,45.651261]},"properties":{"lines":"M46","color":"#0059a9","mode":"bus","arr":["M46"],"angle":-77.6,"mi":2}},{"type":"Feature","geometry":{"type":"Point","coordinates":[21.098026,45.957457]},"properties":{"lines":"M47","color":"#0059a9","mode":"bus","arr":["M47"],"angle":84.3}},{"type":"Feature","geometry":{"type":"Point","coordinates":[21.099738,45.952863]},"properties":{"lines":"M47","color":"#0059a9","mode":"bus","arr":["M47"],"angle":69.3,"extra":1,"ei":0}},{"type":"Feature","geometry":{"type":"Point","coordinates":[21.098774,45.954627]},"properties":{"lines":"M47","color":"#0059a9","mode":"bus","arr":["M47"],"angle":69.2,"extra":1,"ei":1}},{"type":"Feature","geometry":{"type":"Point","coordinates":[21.097281,45.960146]},"properties":{"lines":"M47","color":"#0059a9","mode":"bus","arr":["M47"],"angle":62.5,"extra":1,"ei":2}},{"type":"Feature","geometry":{"type":"Point","coordinates":[21.096028,45.961819]},"properties":{"lines":"M47","color":"#0059a9","mode":"bus","arr":["M47"],"angle":63.5,"extra":1,"ei":3}},{"type":"Feature","geometry":{"type":"Point","coordinates":[21.093593,45.97021]},"properties":{"lines":"M47","color":"#0059a9","mode":"bus","arr":["M47"],"angle":-16.1,"mi":2}},{"type":"Feature","geometry":{"type":"Point","coordinates":[21.09562,45.9698]},"properties":{"lines":"M47","color":"#0059a9","mode":"bus","arr":["M47"],"angle":72.2,"mi":1}},{"type":"Feature","geometry":{"type":"Point","coordinates":[21.038266,45.941913]},"properties":{"lines":"M47","color":"#0059a9","mode":"bus","arr":["M47"],"angle":-12.5}},{"type":"Feature","geometry":{"type":"Point","coordinates":[21.035925,45.941939]},"properties":{"lines":"M47","color":"#0059a9","mode":"bus","arr":["M47"],"angle":71.6,"extra":1,"ei":0}},{"type":"Feature","geometry":{"type":"Point","coordinates":[21.040959,45.94241]},"properties":{"lines":"M47","color":"#0059a9","mode":"bus","arr":["M47"],"angle":-15.4,"extra":1,"ei":1}},{"type":"Feature","geometry":{"type":"Point","coordinates":[21.220423,45.778015]},"properties":{"lines":"M47","color":"#0059a9","mode":"bus","arr":["M47"],"angle":71.4,"side":-1}},{"type":"Feature","geometry":{"type":"Point","coordinates":[21.094296,45.968719]},"properties":{"lines":"M47","color":"#0059a9","mode":"bus","arr":["M47"],"angle":-16.2}},{"type":"Feature","geometry":{"type":"Point","coordinates":[21.075162,45.953953]},"properties":{"lines":"M47","color":"#0059a9","mode":"bus","arr":["M47"],"angle":-16.7}},{"type":"Feature","geometry":{"type":"Point","coordinates":[21.052765,45.948064]},"properties":{"lines":"M47","color":"#0059a9","mode":"bus","arr":["M47"],"angle":-23.5,"extra":1,"ei":0}},{"type":"Feature","geometry":{"type":"Point","coordinates":[21.055247,45.948817]},"properties":{"lines":"M47","color":"#0059a9","mode":"bus","arr":["M47"],"angle":-23.5,"extra":1,"ei":1}},{"type":"Feature","geometry":{"type":"Point","coordinates":[21.057727,45.949573]},"properties":{"lines":"M47","color":"#0059a9","mode":"bus","arr":["M47"],"angle":-23.8,"extra":1,"ei":2}},{"type":"Feature","geometry":{"type":"Point","coordinates":[21.060203,45.950335]},"properties":{"lines":"M47","color":"#0059a9","mode":"bus","arr":["M47"],"angle":-23.7,"extra":1,"ei":3}},{"type":"Feature","geometry":{"type":"Point","coordinates":[21.062681,45.951094]},"properties":{"lines":"M47","color":"#0059a9","mode":"bus","arr":["M47"],"angle":-23.6,"extra":1,"ei":4}},{"type":"Feature","geometry":{"type":"Point","coordinates":[21.065184,45.951811]},"properties":{"lines":"M47","color":"#0059a9","mode":"bus","arr":["M47"],"angle":-19.6,"extra":1,"ei":5}},{"type":"Feature","geometry":{"type":"Point","coordinates":[21.067761,45.952387]},"properties":{"lines":"M47","color":"#0059a9","mode":"bus","arr":["M47"],"angle":-17.6,"extra":1,"ei":6}},{"type":"Feature","geometry":{"type":"Point","coordinates":[21.070348,45.952941]},"properties":{"lines":"M47","color":"#0059a9","mode":"bus","arr":["M47"],"angle":-16.8,"extra":1,"ei":7}},{"type":"Feature","geometry":{"type":"Point","coordinates":[21.072939,45.953486]},"properties":{"lines":"M47","color":"#0059a9","mode":"bus","arr":["M47"],"angle":-16.8,"extra":1,"ei":8}},{"type":"Feature","geometry":{"type":"Point","coordinates":[21.07812,45.954579]},"properties":{"lines":"M47","color":"#0059a9","mode":"bus","arr":["M47"],"angle":-16.9,"extra":1,"ei":9}},{"type":"Feature","geometry":{"type":"Point","coordinates":[21.080713,45.955121]},"properties":{"lines":"M47","color":"#0059a9","mode":"bus","arr":["M47"],"angle":-16.4,"extra":1,"ei":10}},{"type":"Feature","geometry":{"type":"Point","coordinates":[21.083309,45.955652]},"properties":{"lines":"M47","color":"#0059a9","mode":"bus","arr":["M47"],"angle":-16.4,"extra":1,"ei":11}},{"type":"Feature","geometry":{"type":"Point","coordinates":[21.085906,45.956184]},"properties":{"lines":"M47","color":"#0059a9","mode":"bus","arr":["M47"],"angle":-16.4,"extra":1,"ei":12}},{"type":"Feature","geometry":{"type":"Point","coordinates":[21.088503,45.956716]},"properties":{"lines":"M47","color":"#0059a9","mode":"bus","arr":["M47"],"angle":-16.4,"extra":1,"ei":13}},{"type":"Feature","geometry":{"type":"Point","coordinates":[21.090548,45.957799]},"properties":{"lines":"M47","color":"#0059a9","mode":"bus","arr":["M47"],"angle":-57.1,"extra":1,"ei":14}},{"type":"Feature","geometry":{"type":"Point","coordinates":[21.091964,45.959407]},"properties":{"lines":"M47","color":"#0059a9","mode":"bus","arr":["M47"],"angle":-60.7,"extra":1,"ei":15}},{"type":"Feature","geometry":{"type":"Point","coordinates":[21.093314,45.961044]},"properties":{"lines":"M47","color":"#0059a9","mode":"bus","arr":["M47"],"angle":-59.6,"extra":1,"ei":16}},{"type":"Feature","geometry":{"type":"Point","coordinates":[21.09486,45.962568]},"properties":{"lines":"M47","color":"#0059a9","mode":"bus","arr":["M47"],"angle":-34.6,"extra":1,"ei":17}},{"type":"Feature","geometry":{"type":"Point","coordinates":[21.044141,45.944553]},"properties":{"lines":"M47","color":"#0059a9","mode":"bus","arr":["M47"],"angle":-16,"mi":1}},{"type":"Feature","geometry":{"type":"Point","coordinates":[21.050599,45.947054]},"properties":{"lines":"M47","color":"#0059a9","mode":"bus","arr":["M47"],"angle":-24.1,"extra":1,"ei":0}},{"type":"Feature","geometry":{"type":"Point","coordinates":[21.048453,45.945914]},"properties":{"lines":"M47","color":"#0059a9","mode":"bus","arr":["M47"],"angle":-38.6,"extra":1,"ei":1}},{"type":"Feature","geometry":{"type":"Point","coordinates":[21.046163,45.944956]},"properties":{"lines":"M47","color":"#0059a9","mode":"bus","arr":["M47"],"angle":-15.9,"extra":1,"ei":2}},{"type":"Feature","geometry":{"type":"Point","coordinates":[21.040966,45.9439]},"properties":{"lines":"M47","color":"#0059a9","mode":"bus","arr":["M47"],"angle":-16.4,"extra":1,"ei":3}},{"type":"Feature","geometry":{"type":"Point","coordinates":[21.038363,45.943386]},"properties":{"lines":"M47","color":"#0059a9","mode":"bus","arr":["M47"],"angle":-15.2,"extra":1,"ei":4}},{"type":"Feature","geometry":{"type":"Point","coordinates":[21.035753,45.942885]},"properties":{"lines":"M47","color":"#0059a9","mode":"bus","arr":["M47"],"angle":-15.4,"extra":1,"ei":5}},{"type":"Feature","geometry":{"type":"Point","coordinates":[21.054695,45.921146]},"properties":{"lines":"M47","color":"#0059a9","mode":"bus","arr":["M47"],"angle":45.4}},{"type":"Feature","geometry":{"type":"Point","coordinates":[21.080365,45.90692]},"properties":{"lines":"M47","color":"#0059a9","mode":"bus","arr":["M47"],"angle":-62.2,"extra":1,"ei":0}},{"type":"Feature","geometry":{"type":"Point","coordinates":[21.0785,45.90646]},"properties":{"lines":"M47","color":"#0059a9","mode":"bus","arr":["M47"],"angle":30.2,"extra":1,"ei":1}},{"type":"Feature","geometry":{"type":"Point","coordinates":[21.076161,45.90741]},"properties":{"lines":"M47","color":"#0059a9","mode":"bus","arr":["M47"],"angle":30.2,"extra":1,"ei":2}},{"type":"Feature","geometry":{"type":"Point","coordinates":[21.073823,45.908361]},"properties":{"lines":"M47","color":"#0059a9","mode":"bus","arr":["M47"],"angle":30.3,"extra":1,"ei":3}},{"type":"Feature","geometry":{"type":"Point","coordinates":[21.071502,45.909331]},"properties":{"lines":"M47","color":"#0059a9","mode":"bus","arr":["M47"],"angle":32.9,"extra":1,"ei":4}},{"type":"Feature","geometry":{"type":"Point","coordinates":[21.069506,45.910596]},"properties":{"lines":"M47","color":"#0059a9","mode":"bus","arr":["M47"],"angle":44.8,"extra":1,"ei":5}},{"type":"Feature","geometry":{"type":"Point","coordinates":[21.067613,45.911946]},"properties":{"lines":"M47","color":"#0059a9","mode":"bus","arr":["M47"],"angle":45.8,"extra":1,"ei":6}},{"type":"Feature","geometry":{"type":"Point","coordinates":[21.065725,45.913299]},"properties":{"lines":"M47","color":"#0059a9","mode":"bus","arr":["M47"],"angle":45.8,"extra":1,"ei":7}},{"type":"Feature","geometry":{"type":"Point","coordinates":[21.063837,45.914653]},"properties":{"lines":"M47","color":"#0059a9","mode":"bus","arr":["M47"],"angle":45.8,"extra":1,"ei":8}},{"type":"Feature","geometry":{"type":"Point","coordinates":[21.061973,45.915958]},"properties":{"lines":"M47","color":"#0059a9","mode":"bus","arr":["M47"],"angle":52.8,"extra":1,"ei":9}},{"type":"Feature","geometry":{"type":"Point","coordinates":[21.060091,45.917314]},"properties":{"lines":"M47","color":"#0059a9","mode":"bus","arr":["M47"],"angle":45.9,"extra":1,"ei":10}},{"type":"Feature","geometry":{"type":"Point","coordinates":[21.058199,45.918664]},"properties":{"lines":"M47","color":"#0059a9","mode":"bus","arr":["M47"],"angle":45.4,"extra":1,"ei":11}},{"type":"Feature","geometry":{"type":"Point","coordinates":[21.0563,45.92001]},"properties":{"lines":"M47","color":"#0059a9","mode":"bus","arr":["M47"],"angle":45.4,"extra":1,"ei":12}},{"type":"Feature","geometry":{"type":"Point","coordinates":[21.052501,45.9227]},"properties":{"lines":"M47","color":"#0059a9","mode":"bus","arr":["M47"],"angle":45.4,"extra":1,"ei":13}},{"type":"Feature","geometry":{"type":"Point","coordinates":[21.050657,45.924081]},"properties":{"lines":"M47","color":"#0059a9","mode":"bus","arr":["M47"],"angle":49.9,"extra":1,"ei":14}},{"type":"Feature","geometry":{"type":"Point","coordinates":[21.048984,45.925565]},"properties":{"lines":"M47","color":"#0059a9","mode":"bus","arr":["M47"],"angle":53.5,"extra":1,"ei":15}},{"type":"Feature","geometry":{"type":"Point","coordinates":[21.047705,45.927212]},"properties":{"lines":"M47","color":"#0059a9","mode":"bus","arr":["M47"],"angle":77.3,"extra":1,"ei":16}},{"type":"Feature","geometry":{"type":"Point","coordinates":[21.047105,45.929051]},"properties":{"lines":"M47","color":"#0059a9","mode":"bus","arr":["M47"],"angle":73.2,"extra":1,"ei":17}},{"type":"Feature","geometry":{"type":"Point","coordinates":[21.046331,45.930861]},"properties":{"lines":"M47","color":"#0059a9","mode":"bus","arr":["M47"],"angle":73.9,"extra":1,"ei":18}},{"type":"Feature","geometry":{"type":"Point","coordinates":[21.045583,45.932676]},"properties":{"lines":"M47","color":"#0059a9","mode":"bus","arr":["M47"],"angle":74.1,"extra":1,"ei":19}},{"type":"Feature","geometry":{"type":"Point","coordinates":[21.044954,45.934512]},"properties":{"lines":"M47","color":"#0059a9","mode":"bus","arr":["M47"],"angle":76.7,"extra":1,"ei":20}},{"type":"Feature","geometry":{"type":"Point","coordinates":[21.044314,45.936347]},"properties":{"lines":"M47","color":"#0059a9","mode":"bus","arr":["M47"],"angle":75.9,"extra":1,"ei":21}},{"type":"Feature","geometry":{"type":"Point","coordinates":[21.043694,45.938185]},"properties":{"lines":"M47","color":"#0059a9","mode":"bus","arr":["M47"],"angle":76,"extra":1,"ei":22}},{"type":"Feature","geometry":{"type":"Point","coordinates":[21.04305,45.940019]},"properties":{"lines":"M47","color":"#0059a9","mode":"bus","arr":["M47"],"angle":76.3,"extra":1,"ei":23}},{"type":"Feature","geometry":{"type":"Point","coordinates":[21.042393,45.941852]},"properties":{"lines":"M47","color":"#0059a9","mode":"bus","arr":["M47"],"angle":75.7,"extra":1,"ei":24}},{"type":"Feature","geometry":{"type":"Point","coordinates":[21.041718,45.94368]},"properties":{"lines":"M47","color":"#0059a9","mode":"bus","arr":["M47"],"angle":75.4,"extra":1,"ei":25}},{"type":"Feature","geometry":{"type":"Point","coordinates":[21.082643,45.90528]},"properties":{"lines":"M47","color":"#0059a9","mode":"bus","arr":["M47"],"angle":70.2}},{"type":"Feature","geometry":{"type":"Point","coordinates":[21.08172,45.906981]},"properties":{"lines":"M47","color":"#0059a9","mode":"bus","arr":["M47"],"angle":68.7,"extra":1,"ei":0}},{"type":"Feature","geometry":{"type":"Point","coordinates":[21.083621,45.903444]},"properties":{"lines":"M47","color":"#0059a9","mode":"bus","arr":["M47"],"angle":69.2,"extra":1,"ei":1}},{"type":"Feature","geometry":{"type":"Point","coordinates":[21.200722,45.965064]},"properties":{"lines":"M48","color":"#0059a9","mode":"bus","arr":["M48"],"angle":-61.7}},{"type":"Feature","geometry":{"type":"Point","coordinates":[21.197075,45.958879]},"properties":{"lines":"M48","color":"#0059a9","mode":"bus","arr":["M48"],"angle":-88.2,"extra":1,"ei":0}},{"type":"Feature","geometry":{"type":"Point","coordinates":[21.19739,45.960742]},"properties":{"lines":"M48","color":"#0059a9","mode":"bus","arr":["M48"],"angle":-67.3,"extra":1,"ei":1}},{"type":"Feature","geometry":{"type":"Point","coordinates":[21.198665,45.962407]},"properties":{"lines":"M48","color":"#0059a9","mode":"bus","arr":["M48"],"angle":-61.6,"extra":1,"ei":2}},{"type":"Feature","geometry":{"type":"Point","coordinates":[21.203399,45.965334]},"properties":{"lines":"M48","color":"#0059a9","mode":"bus","arr":["M48"],"angle":27.8,"extra":1,"ei":3}},{"type":"Feature","geometry":{"type":"Point","coordinates":[21.205798,45.96446]},"properties":{"lines":"M48","color":"#0059a9","mode":"bus","arr":["M48"],"angle":27.3,"extra":1,"ei":4}},{"type":"Feature","geometry":{"type":"Point","coordinates":[21.208241,45.963663]},"properties":{"lines":"M48","color":"#0059a9","mode":"bus","arr":["M48"],"angle":5.6,"extra":1,"ei":5}},{"type":"Feature","geometry":{"type":"Point","coordinates":[21.265701,45.965534]},"properties":{"lines":"M48","color":"#0059a9","mode":"bus","arr":["M48"],"angle":14}},{"type":"Feature","geometry":{"type":"Point","coordinates":[21.168538,45.957454]},"properties":{"lines":"M48","color":"#0059a9","mode":"bus","arr":["M48"],"angle":-10.6}},{"type":"Feature","geometry":{"type":"Point","coordinates":[21.211434,45.964036]},"properties":{"lines":"M48","color":"#0059a9","mode":"bus","arr":["M48"],"angle":-10.1,"extra":1,"ei":0}},{"type":"Feature","geometry":{"type":"Point","coordinates":[21.2141,45.964359]},"properties":{"lines":"M48","color":"#0059a9","mode":"bus","arr":["M48"],"angle":-10.1,"extra":1,"ei":1}},{"type":"Feature","geometry":{"type":"Point","coordinates":[21.216765,45.96469]},"properties":{"lines":"M48","color":"#0059a9","mode":"bus","arr":["M48"],"angle":-10.1,"extra":1,"ei":2}},{"type":"Feature","geometry":{"type":"Point","coordinates":[21.219429,45.965021]},"properties":{"lines":"M48","color":"#0059a9","mode":"bus","arr":["M48"],"angle":-10.1,"extra":1,"ei":3}},{"type":"Feature","geometry":{"type":"Point","coordinates":[21.222098,45.965331]},"properties":{"lines":"M48","color":"#0059a9","mode":"bus","arr":["M48"],"angle":-8.7,"extra":1,"ei":4}},{"type":"Feature","geometry":{"type":"Point","coordinates":[21.224774,45.965615]},"properties":{"lines":"M48","color":"#0059a9","mode":"bus","arr":["M48"],"angle":-8.7,"extra":1,"ei":5}},{"type":"Feature","geometry":{"type":"Point","coordinates":[21.227449,45.965899]},"properties":{"lines":"M48","color":"#0059a9","mode":"bus","arr":["M48"],"angle":-10.1,"extra":1,"ei":6}},{"type":"Feature","geometry":{"type":"Point","coordinates":[21.230019,45.966476]},"properties":{"lines":"M48","color":"#0059a9","mode":"bus","arr":["M48"],"angle":-21.2,"extra":1,"ei":7}},{"type":"Feature","geometry":{"type":"Point","coordinates":[21.232542,45.967159]},"properties":{"lines":"M48","color":"#0059a9","mode":"bus","arr":["M48"],"angle":-21.2,"extra":1,"ei":8}},{"type":"Feature","geometry":{"type":"Point","coordinates":[21.235064,45.967843]},"properties":{"lines":"M48","color":"#0059a9","mode":"bus","arr":["M48"],"angle":-21.2,"extra":1,"ei":9}},{"type":"Feature","geometry":{"type":"Point","coordinates":[21.237587,45.968526]},"properties":{"lines":"M48","color":"#0059a9","mode":"bus","arr":["M48"],"angle":-21.2,"extra":1,"ei":10}},{"type":"Feature","geometry":{"type":"Point","coordinates":[21.24011,45.96921]},"properties":{"lines":"M48","color":"#0059a9","mode":"bus","arr":["M48"],"angle":-21.2,"extra":1,"ei":11}},{"type":"Feature","geometry":{"type":"Point","coordinates":[21.242633,45.969893]},"properties":{"lines":"M48","color":"#0059a9","mode":"bus","arr":["M48"],"angle":-21.2,"extra":1,"ei":12}},{"type":"Feature","geometry":{"type":"Point","coordinates":[21.245162,45.970564]},"properties":{"lines":"M48","color":"#0059a9","mode":"bus","arr":["M48"],"angle":-16.9,"extra":1,"ei":13}},{"type":"Feature","geometry":{"type":"Point","coordinates":[21.247726,45.970093]},"properties":{"lines":"M48","color":"#0059a9","mode":"bus","arr":["M48"],"angle":19.7,"extra":1,"ei":14}},{"type":"Feature","geometry":{"type":"Point","coordinates":[21.250273,45.969455]},"properties":{"lines":"M48","color":"#0059a9","mode":"bus","arr":["M48"],"angle":19.7,"extra":1,"ei":15}},{"type":"Feature","geometry":{"type":"Point","coordinates":[21.25282,45.968818]},"properties":{"lines":"M48","color":"#0059a9","mode":"bus","arr":["M48"],"angle":19.7,"extra":1,"ei":16}},{"type":"Feature","geometry":{"type":"Point","coordinates":[21.255367,45.96818]},"properties":{"lines":"M48","color":"#0059a9","mode":"bus","arr":["M48"],"angle":19.8,"extra":1,"ei":17}},{"type":"Feature","geometry":{"type":"Point","coordinates":[21.257914,45.967541]},"properties":{"lines":"M48","color":"#0059a9","mode":"bus","arr":["M48"],"angle":19.8,"extra":1,"ei":18}},{"type":"Feature","geometry":{"type":"Point","coordinates":[21.260461,45.966903]},"properties":{"lines":"M48","color":"#0059a9","mode":"bus","arr":["M48"],"angle":19.8,"extra":1,"ei":19}},{"type":"Feature","geometry":{"type":"Point","coordinates":[21.262994,45.966239]},"properties":{"lines":"M48","color":"#0059a9","mode":"bus","arr":["M48"],"angle":20.8,"extra":1,"ei":20}},{"type":"Feature","geometry":{"type":"Point","coordinates":[21.268208,45.965619]},"properties":{"lines":"M48","color":"#0059a9","mode":"bus","arr":["M48"],"angle":-5.2,"extra":1,"ei":21}},{"type":"Feature","geometry":{"type":"Point","coordinates":[21.270903,45.965792]},"properties":{"lines":"M48","color":"#0059a9","mode":"bus","arr":["M48"],"angle":-5.2,"extra":1,"ei":22}},{"type":"Feature","geometry":{"type":"Point","coordinates":[21.273598,45.965965]},"properties":{"lines":"M48","color":"#0059a9","mode":"bus","arr":["M48"],"angle":-5.2,"extra":1,"ei":23}},{"type":"Feature","geometry":{"type":"Point","coordinates":[21.276291,45.966146]},"properties":{"lines":"M48","color":"#0059a9","mode":"bus","arr":["M48"],"angle":-5.9,"extra":1,"ei":24}},{"type":"Feature","geometry":{"type":"Point","coordinates":[21.278983,45.96634]},"properties":{"lines":"M48","color":"#0059a9","mode":"bus","arr":["M48"],"angle":-5.9,"extra":1,"ei":25}},{"type":"Feature","geometry":{"type":"Point","coordinates":[21.281676,45.966529]},"properties":{"lines":"M48","color":"#0059a9","mode":"bus","arr":["M48"],"angle":-5.3,"extra":1,"ei":26}},{"type":"Feature","geometry":{"type":"Point","coordinates":[21.284369,45.966716]},"properties":{"lines":"M48","color":"#0059a9","mode":"bus","arr":["M48"],"angle":-5.7,"extra":1,"ei":27}},{"type":"Feature","geometry":{"type":"Point","coordinates":[21.287062,45.966904]},"properties":{"lines":"M48","color":"#0059a9","mode":"bus","arr":["M48"],"angle":-5.7,"extra":1,"ei":28}},{"type":"Feature","geometry":{"type":"Point","coordinates":[21.289754,45.967092]},"properties":{"lines":"M48","color":"#0059a9","mode":"bus","arr":["M48"],"angle":-5.7,"extra":1,"ei":29}},{"type":"Feature","geometry":{"type":"Point","coordinates":[21.292449,45.96727]},"properties":{"lines":"M48","color":"#0059a9","mode":"bus","arr":["M48"],"angle":-5.1,"extra":1,"ei":30}},{"type":"Feature","geometry":{"type":"Point","coordinates":[21.295133,45.967479]},"properties":{"lines":"M48","color":"#0059a9","mode":"bus","arr":["M48"],"angle":-18,"extra":1,"ei":31}},{"type":"Feature","geometry":{"type":"Point","coordinates":[21.297594,45.968264]},"properties":{"lines":"M48","color":"#0059a9","mode":"bus","arr":["M48"],"angle":-25.3,"extra":1,"ei":32}},{"type":"Feature","geometry":{"type":"Point","coordinates":[21.300048,45.969053]},"properties":{"lines":"M48","color":"#0059a9","mode":"bus","arr":["M48"],"angle":-14.9,"extra":1,"ei":33}},{"type":"Feature","geometry":{"type":"Point","coordinates":[21.302694,45.96945]},"properties":{"lines":"M48","color":"#0059a9","mode":"bus","arr":["M48"],"angle":-12.1,"extra":1,"ei":34}},{"type":"Feature","geometry":{"type":"Point","coordinates":[21.30534,45.969847]},"properties":{"lines":"M48","color":"#0059a9","mode":"bus","arr":["M48"],"angle":-12.1,"extra":1,"ei":35}},{"type":"Feature","geometry":{"type":"Point","coordinates":[21.307984,45.970248]},"properties":{"lines":"M48","color":"#0059a9","mode":"bus","arr":["M48"],"angle":-13.3,"extra":1,"ei":36}},{"type":"Feature","geometry":{"type":"Point","coordinates":[21.309885,45.9715]},"properties":{"lines":"M48","color":"#0059a9","mode":"bus","arr":["M48"],"angle":-52.8,"extra":1,"ei":37}},{"type":"Feature","geometry":{"type":"Point","coordinates":[21.311776,45.972832]},"properties":{"lines":"M48","color":"#0059a9","mode":"bus","arr":["M48"],"angle":-38.9,"extra":1,"ei":38}},{"type":"Feature","geometry":{"type":"Point","coordinates":[21.313884,45.974017]},"properties":{"lines":"M48","color":"#0059a9","mode":"bus","arr":["M48"],"angle":-38.9,"extra":1,"ei":39}},{"type":"Feature","geometry":{"type":"Point","coordinates":[21.315988,45.975205]},"properties":{"lines":"M48","color":"#0059a9","mode":"bus","arr":["M48"],"angle":-38.6,"extra":1,"ei":40}},{"type":"Feature","geometry":{"type":"Point","coordinates":[21.318112,45.976375]},"properties":{"lines":"M48","color":"#0059a9","mode":"bus","arr":["M48"],"angle":-38.3,"extra":1,"ei":41}},{"type":"Feature","geometry":{"type":"Point","coordinates":[21.196166,45.960795]},"properties":{"lines":"M48","color":"#0059a9","mode":"bus","arr":["M48"],"angle":29.7,"extra":1,"ei":0}},{"type":"Feature","geometry":{"type":"Point","coordinates":[21.193583,45.960861]},"properties":{"lines":"M48","color":"#0059a9","mode":"bus","arr":["M48"],"angle":-11,"extra":1,"ei":1}},{"type":"Feature","geometry":{"type":"Point","coordinates":[21.190925,45.960504]},"properties":{"lines":"M48","color":"#0059a9","mode":"bus","arr":["M48"],"angle":-10.7,"extra":1,"ei":2}},{"type":"Feature","geometry":{"type":"Point","coordinates":[21.188264,45.960172]},"properties":{"lines":"M48","color":"#0059a9","mode":"bus","arr":["M48"],"angle":-11.3,"extra":1,"ei":3}},{"type":"Feature","geometry":{"type":"Point","coordinates":[21.185608,45.959809]},"properties":{"lines":"M48","color":"#0059a9","mode":"bus","arr":["M48"],"angle":-11,"extra":1,"ei":4}},{"type":"Feature","geometry":{"type":"Point","coordinates":[21.182957,45.959431]},"properties":{"lines":"M48","color":"#0059a9","mode":"bus","arr":["M48"],"angle":-11.7,"extra":1,"ei":5}},{"type":"Feature","geometry":{"type":"Point","coordinates":[21.180307,45.959048]},"properties":{"lines":"M48","color":"#0059a9","mode":"bus","arr":["M48"],"angle":-11.7,"extra":1,"ei":6}},{"type":"Feature","geometry":{"type":"Point","coordinates":[21.177649,45.958691]},"properties":{"lines":"M48","color":"#0059a9","mode":"bus","arr":["M48"],"angle":-11.1,"extra":1,"ei":7}},{"type":"Feature","geometry":{"type":"Point","coordinates":[21.175002,45.958298]},"properties":{"lines":"M48","color":"#0059a9","mode":"bus","arr":["M48"],"angle":-11.1,"extra":1,"ei":8}},{"type":"Feature","geometry":{"type":"Point","coordinates":[21.172342,45.95795]},"properties":{"lines":"M48","color":"#0059a9","mode":"bus","arr":["M48"],"angle":-10.6,"extra":1,"ei":9}},{"type":"Feature","geometry":{"type":"Point","coordinates":[21.164371,45.956877]},"properties":{"lines":"M48","color":"#0059a9","mode":"bus","arr":["M48"],"angle":-11.4,"extra":1,"ei":10}},{"type":"Feature","geometry":{"type":"Point","coordinates":[21.161718,45.956505]},"properties":{"lines":"M48","color":"#0059a9","mode":"bus","arr":["M48"],"angle":-11.2,"extra":1,"ei":11}},{"type":"Feature","geometry":{"type":"Point","coordinates":[21.159068,45.956131]},"properties":{"lines":"M48","color":"#0059a9","mode":"bus","arr":["M48"],"angle":-19.6,"extra":1,"ei":12}},{"type":"Feature","geometry":{"type":"Point","coordinates":[21.156585,45.95538]},"properties":{"lines":"M48","color":"#0059a9","mode":"bus","arr":["M48"],"angle":-23.5,"extra":1,"ei":13}},{"type":"Feature","geometry":{"type":"Point","coordinates":[21.154112,45.954613]},"properties":{"lines":"M48","color":"#0059a9","mode":"bus","arr":["M48"],"angle":-24.3,"extra":1,"ei":14}},{"type":"Feature","geometry":{"type":"Point","coordinates":[21.151594,45.953924]},"properties":{"lines":"M48","color":"#0059a9","mode":"bus","arr":["M48"],"angle":-19.4,"extra":1,"ei":15}},{"type":"Feature","geometry":{"type":"Point","coordinates":[21.14904,45.9533]},"properties":{"lines":"M48","color":"#0059a9","mode":"bus","arr":["M48"],"angle":-18.9,"extra":1,"ei":16}},{"type":"Feature","geometry":{"type":"Point","coordinates":[21.146479,45.95269]},"properties":{"lines":"M48","color":"#0059a9","mode":"bus","arr":["M48"],"angle":-18.3,"extra":1,"ei":17,"side":-1}},{"type":"Feature","geometry":{"type":"Point","coordinates":[21.143914,45.952087]},"properties":{"lines":"M48","color":"#0059a9","mode":"bus","arr":["M48"],"angle":-19,"extra":1,"ei":18}},{"type":"Feature","geometry":{"type":"Point","coordinates":[21.142726,45.953459]},"properties":{"lines":"M48","color":"#0059a9","mode":"bus","arr":["M48"],"angle":71.2,"extra":1,"ei":19}},{"type":"Feature","geometry":{"type":"Point","coordinates":[21.144039,45.954485]},"properties":{"lines":"M48","color":"#0059a9","mode":"bus","arr":["M48"],"angle":-18.6,"mi":1}},{"type":"Feature","geometry":{"type":"Point","coordinates":[21.146161,45.9538]},"properties":{"lines":"M48","color":"#0059a9","mode":"bus","arr":["M48"],"angle":72.1}},{"type":"Feature","geometry":{"type":"Point","coordinates":[21.226511,45.913797]},"properties":{"lines":"M48","color":"#0059a9","mode":"bus","arr":["M48"],"angle":-15.9,"mi":1}},{"type":"Feature","geometry":{"type":"Point","coordinates":[21.229967,45.912756]},"properties":{"lines":"M48","color":"#0059a9","mode":"bus","arr":["M48"],"angle":86.6,"extra":1,"ei":0}},{"type":"Feature","geometry":{"type":"Point","coordinates":[21.229564,45.914406]},"properties":{"lines":"M48","color":"#0059a9","mode":"bus","arr":["M48"],"angle":-4.8,"extra":1,"ei":1}},{"type":"Feature","geometry":{"type":"Point","coordinates":[21.224358,45.913373]},"properties":{"lines":"M48","color":"#0059a9","mode":"bus","arr":["M48"],"angle":-15.3,"extra":1,"ei":2}},{"type":"Feature","geometry":{"type":"Point","coordinates":[21.223284,45.912101]},"properties":{"lines":"M48","color":"#0059a9","mode":"bus","arr":["M48"],"angle":87.6,"extra":1,"ei":3}},{"type":"Feature","geometry":{"type":"Point","coordinates":[21.216638,45.911728]},"properties":{"lines":"M48","color":"#0059a9","mode":"bus","arr":["M48"],"angle":46.4}},{"type":"Feature","geometry":{"type":"Point","coordinates":[21.203448,45.913602]},"properties":{"lines":"M48","color":"#0059a9","mode":"bus","arr":["M48"],"angle":5.9,"extra":1,"ei":0}},{"type":"Feature","geometry":{"type":"Point","coordinates":[21.206139,45.9134]},"properties":{"lines":"M48","color":"#0059a9","mode":"bus","arr":["M48"],"angle":6.2,"extra":1,"ei":1}},{"type":"Feature","geometry":{"type":"Point","coordinates":[21.208829,45.913197]},"properties":{"lines":"M48","color":"#0059a9","mode":"bus","arr":["M48"],"angle":6.2,"extra":1,"ei":2}},{"type":"Feature","geometry":{"type":"Point","coordinates":[21.211519,45.91299]},"properties":{"lines":"M48","color":"#0059a9","mode":"bus","arr":["M48"],"angle":6.5,"extra":1,"ei":3}},{"type":"Feature","geometry":{"type":"Point","coordinates":[21.214208,45.912774]},"properties":{"lines":"M48","color":"#0059a9","mode":"bus","arr":["M48"],"angle":6.7,"extra":1,"ei":4}},{"type":"Feature","geometry":{"type":"Point","coordinates":[21.218234,45.910454]},"properties":{"lines":"M48","color":"#0059a9","mode":"bus","arr":["M48"],"angle":51.1,"extra":1,"ei":5}},{"type":"Feature","geometry":{"type":"Point","coordinates":[21.220414,45.909868]},"properties":{"lines":"M48","color":"#0059a9","mode":"bus","arr":["M48"],"angle":-18.4,"extra":1,"ei":6}},{"type":"Feature","geometry":{"type":"Point","coordinates":[21.223001,45.910422]},"properties":{"lines":"M48","color":"#0059a9","mode":"bus","arr":["M48"],"angle":-16.5,"extra":1,"ei":7}},{"type":"Feature","geometry":{"type":"Point","coordinates":[21.225599,45.91095]},"properties":{"lines":"M48","color":"#0059a9","mode":"bus","arr":["M48"],"angle":-15,"extra":1,"ei":8}},{"type":"Feature","geometry":{"type":"Point","coordinates":[21.22821,45.911442]},"properties":{"lines":"M48","color":"#0059a9","mode":"bus","arr":["M48"],"angle":-14.6,"extra":1,"ei":9}},{"type":"Feature","geometry":{"type":"Point","coordinates":[21.281446,45.828502]},"properties":{"lines":"M49","color":"#0059a9","mode":"bus","arr":["M49"],"angle":-49,"side":-1,"mi":8}},{"type":"Feature","geometry":{"type":"Point","coordinates":[21.268542,45.818261]},"properties":{"lines":"M49","color":"#0059a9","mode":"bus","arr":["M49"],"angle":-49.6,"side":-1,"mi":2}},{"type":"Feature","geometry":{"type":"Point","coordinates":[21.291117,45.836275]},"properties":{"lines":"M49","color":"#0059a9","mode":"bus","arr":["M49"],"angle":-48.2,"mi":1}},{"type":"Feature","geometry":{"type":"Point","coordinates":[21.26345,45.814911]},"properties":{"lines":"M49","color":"#0059a9","mode":"bus","arr":["M49"],"angle":-40.2,"extra":1,"ei":0,"side":-1}},{"type":"Feature","geometry":{"type":"Point","coordinates":[21.265645,45.815969]},"properties":{"lines":"M49","color":"#0059a9","mode":"bus","arr":["M49"],"angle":-47.5,"extra":1,"ei":1,"side":-1}},{"type":"Feature","geometry":{"type":"Point","coordinates":[21.271,45.820228]},"properties":{"lines":"M49","color":"#0059a9","mode":"bus","arr":["M49"],"angle":-48.1,"extra":1,"ei":2,"side":-1}},{"type":"Feature","geometry":{"type":"Point","coordinates":[21.272785,45.821647]},"properties":{"lines":"M49","color":"#0059a9","mode":"bus","arr":["M49"],"angle":-48.8,"extra":1,"ei":3,"side":-1}},{"type":"Feature","geometry":{"type":"Point","coordinates":[21.275164,45.823537]},"properties":{"lines":"M49","color":"#0059a9","mode":"bus","arr":["M49"],"angle":-48.5,"extra":1,"ei":0,"side":-1}},{"type":"Feature","geometry":{"type":"Point","coordinates":[21.276956,45.824952]},"properties":{"lines":"M49","color":"#0059a9","mode":"bus","arr":["M49"],"angle":-48.5,"extra":1,"ei":1,"side":-1}},{"type":"Feature","geometry":{"type":"Point","coordinates":[21.278748,45.826367]},"properties":{"lines":"M49","color":"#0059a9","mode":"bus","arr":["M49"],"angle":-48.5,"extra":1,"ei":2,"side":-1}},{"type":"Feature","geometry":{"type":"Point","coordinates":[21.284122,45.830614]},"properties":{"lines":"M49","color":"#0059a9","mode":"bus","arr":["M49"],"angle":-48.3,"extra":1,"ei":3,"side":-1}},{"type":"Feature","geometry":{"type":"Point","coordinates":[21.285917,45.832027]},"properties":{"lines":"M49","color":"#0059a9","mode":"bus","arr":["M49"],"angle":-48.5,"extra":1,"ei":4,"side":-1}},{"type":"Feature","geometry":{"type":"Point","coordinates":[21.287712,45.83344]},"properties":{"lines":"M49","color":"#0059a9","mode":"bus","arr":["M49"],"angle":-48.4,"extra":1,"ei":5,"side":-1}},{"type":"Feature","geometry":{"type":"Point","coordinates":[21.28973,45.835182]},"properties":{"lines":"M49","color":"#0059a9","mode":"bus","arr":["M49"],"angle":-48.3,"extra":1,"ei":0,"side":-1}},{"type":"Feature","geometry":{"type":"Point","coordinates":[21.293367,45.837977]},"properties":{"lines":"M49","color":"#0059a9","mode":"bus","arr":["M49"],"angle":-41.8,"extra":1,"ei":1,"side":-1}},{"type":"Feature","geometry":{"type":"Point","coordinates":[21.286104,45.83682]},"properties":{"lines":"M49","color":"#0059a9","mode":"bus","arr":["M49"],"angle":31.4,"mi":3}},{"type":"Feature","geometry":{"type":"Point","coordinates":[21.283607,45.837994]},"properties":{"lines":"M49","color":"#0059a9","mode":"bus","arr":["M49"],"angle":34.3,"extra":1,"ei":0}},{"type":"Feature","geometry":{"type":"Point","coordinates":[21.288186,45.835984]},"properties":{"lines":"M49","color":"#0059a9","mode":"bus","arr":["M49"],"angle":29.5,"extra":1,"ei":1}},{"type":"Feature","geometry":{"type":"Point","coordinates":[21.279354,45.83927]},"properties":{"lines":"M49","color":"#0059a9","mode":"bus","arr":["M49"],"angle":6.4,"mi":6}},{"type":"Feature","geometry":{"type":"Point","coordinates":[21.266151,45.840179]},"properties":{"lines":"M49","color":"#0059a9","mode":"bus","arr":["M49"],"angle":8.4,"extra":1,"ei":0}},{"type":"Feature","geometry":{"type":"Point","coordinates":[21.268842,45.839993]},"properties":{"lines":"M49","color":"#0059a9","mode":"bus","arr":["M49"],"angle":4.4,"extra":1,"ei":1}},{"type":"Feature","geometry":{"type":"Point","coordinates":[21.271539,45.83985]},"properties":{"lines":"M49","color":"#0059a9","mode":"bus","arr":["M49"],"angle":6.5,"extra":1,"ei":2}},{"type":"Feature","geometry":{"type":"Point","coordinates":[21.27423,45.839651]},"properties":{"lines":"M49","color":"#0059a9","mode":"bus","arr":["M49"],"angle":5.4,"extra":1,"ei":3}},{"type":"Feature","geometry":{"type":"Point","coordinates":[21.276921,45.839448]},"properties":{"lines":"M49","color":"#0059a9","mode":"bus","arr":["M49"],"angle":6.1,"extra":1,"ei":4}},{"type":"Feature","geometry":{"type":"Point","coordinates":[21.282149,45.83869]},"properties":{"lines":"M49","color":"#0059a9","mode":"bus","arr":["M49"],"angle":33.9,"extra":1,"ei":5}},{"type":"Feature","geometry":{"type":"Point","coordinates":[21.284588,45.83886]},"properties":{"lines":"M49","color":"#0059a9","mode":"bus","arr":["M49"],"angle":8.5,"extra":1,"ei":6}},{"type":"Feature","geometry":{"type":"Point","coordinates":[21.287271,45.838616]},"properties":{"lines":"M49","color":"#0059a9","mode":"bus","arr":["M49"],"angle":6.9,"extra":1,"ei":7}},{"type":"Feature","geometry":{"type":"Point","coordinates":[21.289957,45.838385]},"properties":{"lines":"M49","color":"#0059a9","mode":"bus","arr":["M49"],"angle":7.1,"extra":1,"ei":8}},{"type":"Feature","geometry":{"type":"Point","coordinates":[21.292643,45.83815]},"properties":{"lines":"M49","color":"#0059a9","mode":"bus","arr":["M49"],"angle":7.4,"extra":1,"ei":9}},{"type":"Feature","geometry":{"type":"Point","coordinates":[21.26151,45.84172]},"properties":{"lines":"M49","color":"#0059a9","mode":"bus","arr":["M49"],"angle":24.2,"mi":2}},{"type":"Feature","geometry":{"type":"Point","coordinates":[21.263716,45.84093]},"properties":{"lines":"M49","color":"#0059a9","mode":"bus","arr":["M49"],"angle":31.3,"extra":1,"ei":0}},{"type":"Feature","geometry":{"type":"Point","coordinates":[21.258841,45.842562]},"properties":{"lines":"M49","color":"#0059a9","mode":"bus","arr":["M49"],"angle":24.1,"extra":1,"ei":1}},{"type":"Feature","geometry":{"type":"Point","coordinates":[21.266561,45.843428]},"properties":{"lines":"M49","color":"#0059a9","mode":"bus","arr":["M49"],"angle":-55.6}},{"type":"Feature","geometry":{"type":"Point","coordinates":[21.268357,45.845266]},"properties":{"lines":"M49","color":"#0059a9","mode":"bus","arr":["M49"],"angle":-56.5,"extra":1,"ei":0}},{"type":"Feature","geometry":{"type":"Point","coordinates":[21.265332,45.842134]},"properties":{"lines":"M49","color":"#0059a9","mode":"bus","arr":["M49"],"angle":-56.4,"extra":1,"ei":1}},{"type":"Feature","geometry":{"type":"Point","coordinates":[21.265529,45.847287]},"properties":{"lines":"M49","color":"#0059a9","mode":"bus","arr":["M49"],"angle":25.7,"mi":3}},{"type":"Feature","geometry":{"type":"Point","coordinates":[21.263146,45.848079]},"properties":{"lines":"M49","color":"#0059a9","mode":"bus","arr":["M49"],"angle":25.4,"extra":1,"ei":0}},{"type":"Feature","geometry":{"type":"Point","coordinates":[21.268024,45.846443]},"properties":{"lines":"M49","color":"#0059a9","mode":"bus","arr":["M49"],"angle":29,"extra":1,"ei":1}},{"type":"Feature","geometry":{"type":"Point","coordinates":[21.260072,45.845617]},"properties":{"lines":"M49","color":"#0059a9","mode":"bus","arr":["M49"],"angle":-64.8,"mi":1}},{"type":"Feature","geometry":{"type":"Point","coordinates":[21.258641,45.843656]},"properties":{"lines":"M49","color":"#0059a9","mode":"bus","arr":["M49"],"angle":-62.3,"extra":1,"ei":0}},{"type":"Feature","geometry":{"type":"Point","coordinates":[21.260969,45.847064]},"properties":{"lines":"M49","color":"#0059a9","mode":"bus","arr":["M49"],"angle":-65.8,"extra":1,"ei":1}},{"type":"Feature","geometry":{"type":"Point","coordinates":[21.302117,45.837686]},"properties":{"lines":"M49","color":"#0059a9","mode":"bus","arr":["M49"],"angle":2.5}},{"type":"Feature","geometry":{"type":"Point","coordinates":[21.312519,45.836313]},"properties":{"lines":"M49","color":"#0059a9","mode":"bus","arr":["M49"],"angle":17.2,"mi":2}},{"type":"Feature","geometry":{"type":"Point","coordinates":[21.308978,45.837216]},"properties":{"lines":"M49","color":"#0059a9","mode":"bus","arr":["M49"],"angle":21.8,"extra":1,"ei":0}},{"type":"Feature","geometry":{"type":"Point","coordinates":[21.306384,45.837697]},"properties":{"lines":"M49","color":"#0059a9","mode":"bus","arr":["M49"],"angle":0.3,"extra":1,"ei":1}},{"type":"Feature","geometry":{"type":"Point","coordinates":[21.298275,45.837811]},"properties":{"lines":"M49","color":"#0059a9","mode":"bus","arr":["M49"],"angle":2.8,"extra":1,"ei":2}},{"type":"Feature","geometry":{"type":"Point","coordinates":[21.295572,45.837897]},"properties":{"lines":"M49","color":"#0059a9","mode":"bus","arr":["M49"],"angle":2.6,"extra":1,"ei":3}},{"type":"Feature","geometry":{"type":"Point","coordinates":[21.310824,45.836714]},"properties":{"lines":"M49","color":"#0059a9","mode":"bus","arr":["M49"],"angle":19.6,"extra":1,"ei":0}},{"type":"Feature","geometry":{"type":"Point","coordinates":[21.313856,45.843072]},"properties":{"lines":"M49","color":"#0059a9","mode":"bus","arr":["M49"],"angle":-84.8,"mi":4}},{"type":"Feature","geometry":{"type":"Point","coordinates":[21.310991,45.837711]},"properties":{"lines":"M49","color":"#0059a9","mode":"bus","arr":["M49"],"angle":-61,"extra":1,"ei":0}},{"type":"Feature","geometry":{"type":"Point","coordinates":[21.312253,45.83938]},"properties":{"lines":"M49","color":"#0059a9","mode":"bus","arr":["M49"],"angle":-65.9,"extra":1,"ei":1}},{"type":"Feature","geometry":{"type":"Point","coordinates":[21.313207,45.841146]},"properties":{"lines":"M49","color":"#0059a9","mode":"bus","arr":["M49"],"angle":-72.2,"extra":1,"ei":2}},{"type":"Feature","geometry":{"type":"Point","coordinates":[21.314068,45.844855]},"properties":{"lines":"M49","color":"#0059a9","mode":"bus","arr":["M49"],"angle":-86.2,"extra":1,"ei":3}},{"type":"Feature","geometry":{"type":"Point","coordinates":[21.314261,45.846738]},"properties":{"lines":"M49","color":"#0059a9","mode":"bus","arr":["M49"],"angle":-84.6,"extra":1,"ei":4}},{"type":"Feature","geometry":{"type":"Point","coordinates":[21.31448,45.848621]},"properties":{"lines":"M49","color":"#0059a9","mode":"bus","arr":["M49"],"angle":-83.8,"extra":1,"ei":5}},{"type":"Feature","geometry":{"type":"Point","coordinates":[21.317273,45.849385]},"properties":{"lines":"M49","color":"#0059a9","mode":"bus","arr":["M49"],"angle":11.8,"mi":7}},{"type":"Feature","geometry":{"type":"Point","coordinates":[21.317486,45.842265]},"properties":{"lines":"M49","color":"#0059a9","mode":"bus","arr":["M49"],"angle":-72.6,"mi":5}},{"type":"Feature","geometry":{"type":"Point","coordinates":[21.319659,45.84779]},"properties":{"lines":"M49","color":"#0059a9","mode":"bus","arr":["M49"],"angle":-78.2,"extra":1,"ei":0}},{"type":"Feature","geometry":{"type":"Point","coordinates":[21.319026,45.845954]},"properties":{"lines":"M49","color":"#0059a9","mode":"bus","arr":["M49"],"angle":-74.7,"extra":1,"ei":1}},{"type":"Feature","geometry":{"type":"Point","coordinates":[21.318296,45.844136]},"properties":{"lines":"M49","color":"#0059a9","mode":"bus","arr":["M49"],"angle":-73.2,"extra":1,"ei":2}},{"type":"Feature","geometry":{"type":"Point","coordinates":[21.316719,45.840523]},"properties":{"lines":"M49","color":"#0059a9","mode":"bus","arr":["M49"],"angle":-72.4,"extra":1,"ei":3}},{"type":"Feature","geometry":{"type":"Point","coordinates":[21.315889,45.838726]},"properties":{"lines":"M49","color":"#0059a9","mode":"bus","arr":["M49"],"angle":-73.8,"extra":1,"ei":4}},{"type":"Feature","geometry":{"type":"Point","coordinates":[21.315133,45.836913]},"properties":{"lines":"M49","color":"#0059a9","mode":"bus","arr":["M49"],"angle":-73.8,"extra":1,"ei":5}},{"type":"Feature","geometry":{"type":"Point","coordinates":[20.860288,45.911856]},"properties":{"lines":"M50","color":"#0059a9","mode":"bus","arr":["M50"],"angle":-83.7}},{"type":"Feature","geometry":{"type":"Point","coordinates":[20.95648,45.889612]},"properties":{"lines":"M50","color":"#0059a9","mode":"bus","arr":["M50"],"angle":55.1}},{"type":"Feature","geometry":{"type":"Point","coordinates":[20.96535,45.879374]},"properties":{"lines":"M50","color":"#0059a9","mode":"bus","arr":["M50"],"angle":-83.1,"extra":1,"ei":0}},{"type":"Feature","geometry":{"type":"Point","coordinates":[20.965043,45.881208]},"properties":{"lines":"M50","color":"#0059a9","mode":"bus","arr":["M50"],"angle":60.9,"extra":1,"ei":1}},{"type":"Feature","geometry":{"type":"Point","coordinates":[20.963465,45.882741]},"properties":{"lines":"M50","color":"#0059a9","mode":"bus","arr":["M50"],"angle":54.2,"extra":1,"ei":2}},{"type":"Feature","geometry":{"type":"Point","coordinates":[20.961923,45.884293]},"properties":{"lines":"M50","color":"#0059a9","mode":"bus","arr":["M50"],"angle":55.4,"extra":1,"ei":3}},{"type":"Feature","geometry":{"type":"Point","coordinates":[20.960349,45.885829]},"properties":{"lines":"M50","color":"#0059a9","mode":"bus","arr":["M50"],"angle":54.2,"extra":1,"ei":4}},{"type":"Feature","geometry":{"type":"Point","coordinates":[20.958768,45.887362]},"properties":{"lines":"M50","color":"#0059a9","mode":"bus","arr":["M50"],"angle":54.4,"extra":1,"ei":5}},{"type":"Feature","geometry":{"type":"Point","coordinates":[20.954023,45.891957]},"properties":{"lines":"M50","color":"#0059a9","mode":"bus","arr":["M50"],"angle":50.1,"extra":1,"ei":6}},{"type":"Feature","geometry":{"type":"Point","coordinates":[20.952111,45.893286]},"properties":{"lines":"M50","color":"#0059a9","mode":"bus","arr":["M50"],"angle":36.8,"extra":1,"ei":7}},{"type":"Feature","geometry":{"type":"Point","coordinates":[20.949946,45.894419]},"properties":{"lines":"M50","color":"#0059a9","mode":"bus","arr":["M50"],"angle":37.2,"extra":1,"ei":8}},{"type":"Feature","geometry":{"type":"Point","coordinates":[20.947785,45.895556]},"properties":{"lines":"M50","color":"#0059a9","mode":"bus","arr":["M50"],"angle":36.8,"extra":1,"ei":9}},{"type":"Feature","geometry":{"type":"Point","coordinates":[20.945615,45.896685]},"properties":{"lines":"M50","color":"#0059a9","mode":"bus","arr":["M50"],"angle":36.5,"extra":1,"ei":10}},{"type":"Feature","geometry":{"type":"Point","coordinates":[20.943439,45.897808]},"properties":{"lines":"M50","color":"#0059a9","mode":"bus","arr":["M50"],"angle":36.2,"extra":1,"ei":11}},{"type":"Feature","geometry":{"type":"Point","coordinates":[20.895881,45.92274]},"properties":{"lines":"M50","color":"#0059a9","mode":"bus","arr":["M50"],"angle":37.5,"mi":1}},{"type":"Feature","geometry":{"type":"Point","coordinates":[20.900311,45.92041]},"properties":{"lines":"M50","color":"#0059a9","mode":"bus","arr":["M50"],"angle":37.4,"extra":1,"ei":0}},{"type":"Feature","geometry":{"type":"Point","coordinates":[20.898156,45.921552]},"properties":{"lines":"M50","color":"#0059a9","mode":"bus","arr":["M50"],"angle":36.7,"extra":1,"ei":1}},{"type":"Feature","geometry":{"type":"Point","coordinates":[20.893837,45.923828]},"properties":{"lines":"M50","color":"#0059a9","mode":"bus","arr":["M50"],"angle":37.3,"extra":1,"ei":2}},{"type":"Feature","geometry":{"type":"Point","coordinates":[20.891728,45.925007]},"properties":{"lines":"M50","color":"#0059a9","mode":"bus","arr":["M50"],"angle":47.9,"extra":1,"ei":3}},{"type":"Feature","geometry":{"type":"Point","coordinates":[20.878641,45.916256]},"properties":{"lines":"M50","color":"#0059a9","mode":"bus","arr":["M50"],"angle":-21.9}},{"type":"Feature","geometry":{"type":"Point","coordinates":[20.890501,45.925429]},"properties":{"lines":"M50","color":"#0059a9","mode":"bus","arr":["M50"],"angle":-86.5}},{"type":"Feature","geometry":{"type":"Point","coordinates":[20.861788,45.912339]},"properties":{"lines":"M50","color":"#0059a9","mode":"bus","arr":["M50"],"angle":-17.2,"extra":1,"ei":0}},{"type":"Feature","geometry":{"type":"Point","coordinates":[20.864373,45.912898]},"properties":{"lines":"M50","color":"#0059a9","mode":"bus","arr":["M50"],"angle":-17.2,"extra":1,"ei":1}},{"type":"Feature","geometry":{"type":"Point","coordinates":[20.866958,45.913457]},"properties":{"lines":"M50","color":"#0059a9","mode":"bus","arr":["M50"],"angle":-17.2,"extra":1,"ei":2}},{"type":"Feature","geometry":{"type":"Point","coordinates":[20.869575,45.913916]},"properties":{"lines":"M50","color":"#0059a9","mode":"bus","arr":["M50"],"angle":-6.2,"extra":1,"ei":3}},{"type":"Feature","geometry":{"type":"Point","coordinates":[20.872157,45.914438]},"properties":{"lines":"M50","color":"#0059a9","mode":"bus","arr":["M50"],"angle":-21.9,"extra":1,"ei":4}},{"type":"Feature","geometry":{"type":"Point","coordinates":[20.874668,45.915143]},"properties":{"lines":"M50","color":"#0059a9","mode":"bus","arr":["M50"],"angle":-21.9,"extra":1,"ei":5}},{"type":"Feature","geometry":{"type":"Point","coordinates":[20.882204,45.91725]},"properties":{"lines":"M50","color":"#0059a9","mode":"bus","arr":["M50"],"angle":-21.1,"extra":1,"ei":6}},{"type":"Feature","geometry":{"type":"Point","coordinates":[20.884187,45.918368]},"properties":{"lines":"M50","color":"#0059a9","mode":"bus","arr":["M50"],"angle":-64.4,"extra":1,"ei":7}},{"type":"Feature","geometry":{"type":"Point","coordinates":[20.885365,45.920068]},"properties":{"lines":"M50","color":"#0059a9","mode":"bus","arr":["M50"],"angle":-62,"extra":1,"ei":8}},{"type":"Feature","geometry":{"type":"Point","coordinates":[20.886809,45.921665]},"properties":{"lines":"M50","color":"#0059a9","mode":"bus","arr":["M50"],"angle":-54,"extra":1,"ei":9}},{"type":"Feature","geometry":{"type":"Point","coordinates":[20.888417,45.923183]},"properties":{"lines":"M50","color":"#0059a9","mode":"bus","arr":["M50"],"angle":-53,"extra":1,"ei":10}},{"type":"Feature","geometry":{"type":"Point","coordinates":[21.196236,45.593899]},"properties":{"lines":"M51","color":"#0059a9","mode":"bus","arr":["M51"],"angle":-8.8}},{"type":"Feature","geometry":{"type":"Point","coordinates":[21.208319,45.592879]},"properties":{"lines":"M51","color":"#0059a9","mode":"bus","arr":["M51"],"angle":-8.9,"mi":1}},{"type":"Feature","geometry":{"type":"Point","coordinates":[21.201548,45.587736]},"properties":{"lines":"M51","color":"#0059a9","mode":"bus","arr":["M51"],"angle":-61.6,"extra":1,"ei":0}},{"type":"Feature","geometry":{"type":"Point","coordinates":[21.202836,45.589397]},"properties":{"lines":"M51","color":"#0059a9","mode":"bus","arr":["M51"],"angle":-61.6,"extra":1,"ei":1}},{"type":"Feature","geometry":{"type":"Point","coordinates":[21.20411,45.591063]},"properties":{"lines":"M51","color":"#0059a9","mode":"bus","arr":["M51"],"angle":-62.1,"extra":1,"ei":2}},{"type":"Feature","geometry":{"type":"Point","coordinates":[21.205738,45.592519]},"properties":{"lines":"M51","color":"#0059a9","mode":"bus","arr":["M51"],"angle":-27.1,"extra":1,"ei":3}},{"type":"Feature","geometry":{"type":"Point","coordinates":[21.210929,45.593465]},"properties":{"lines":"M51","color":"#0059a9","mode":"bus","arr":["M51"],"angle":-27.9,"extra":1,"ei":4}},{"type":"Feature","geometry":{"type":"Point","coordinates":[21.213341,45.594322]},"properties":{"lines":"M51","color":"#0059a9","mode":"bus","arr":["M51"],"angle":-26.6,"extra":1,"ei":5}},{"type":"Feature","geometry":{"type":"Point","coordinates":[21.215436,45.59549]},"properties":{"lines":"M51","color":"#0059a9","mode":"bus","arr":["M51"],"angle":-45.5,"extra":1,"ei":6}},{"type":"Feature","geometry":{"type":"Point","coordinates":[21.217347,45.596828]},"properties":{"lines":"M51","color":"#0059a9","mode":"bus","arr":["M51"],"angle":-45.4,"extra":1,"ei":7}},{"type":"Feature","geometry":{"type":"Point","coordinates":[21.211231,45.602408]},"properties":{"lines":"M51","color":"#0059a9","mode":"bus","arr":["M51"],"angle":44.8,"mi":2}},{"type":"Feature","geometry":{"type":"Point","coordinates":[21.207594,45.607076]},"properties":{"lines":"M51","color":"#0059a9","mode":"bus","arr":["M51"],"angle":80.9,"extra":1,"ei":0}},{"type":"Feature","geometry":{"type":"Point","coordinates":[21.208023,45.605211]},"properties":{"lines":"M51","color":"#0059a9","mode":"bus","arr":["M51"],"angle":80.9,"extra":1,"ei":1}},{"type":"Feature","geometry":{"type":"Point","coordinates":[21.209841,45.604036]},"properties":{"lines":"M51","color":"#0059a9","mode":"bus","arr":["M51"],"angle":45.1,"extra":1,"ei":2}},{"type":"Feature","geometry":{"type":"Point","coordinates":[21.213079,45.601126]},"properties":{"lines":"M51","color":"#0059a9","mode":"bus","arr":["M51"],"angle":44.8,"extra":1,"ei":3}},{"type":"Feature","geometry":{"type":"Point","coordinates":[21.214986,45.599786]},"properties":{"lines":"M51","color":"#0059a9","mode":"bus","arr":["M51"],"angle":45.6,"extra":1,"ei":4}},{"type":"Feature","geometry":{"type":"Point","coordinates":[21.216899,45.598451]},"properties":{"lines":"M51","color":"#0059a9","mode":"bus","arr":["M51"],"angle":44.2,"extra":1,"ei":5}},{"type":"Feature","geometry":{"type":"Point","coordinates":[21.2023,45.608533]},"properties":{"lines":"M51","color":"#0059a9","mode":"bus","arr":["M51"],"angle":-8.5}},{"type":"Feature","geometry":{"type":"Point","coordinates":[21.206049,45.607838]},"properties":{"lines":"M51","color":"#0059a9","mode":"bus","arr":["M51"],"angle":-9,"extra":1,"ei":0}},{"type":"Feature","geometry":{"type":"Point","coordinates":[21.204467,45.608758]},"properties":{"lines":"M51","color":"#0059a9","mode":"bus","arr":["M51"],"angle":-8.5,"extra":1,"ei":1}},{"type":"Feature","geometry":{"type":"Point","coordinates":[21.199114,45.608201]},"properties":{"lines":"M51","color":"#0059a9","mode":"bus","arr":["M51"],"angle":-8.5,"extra":1,"ei":2}},{"type":"Feature","geometry":{"type":"Point","coordinates":[21.196437,45.607923]},"properties":{"lines":"M51","color":"#0059a9","mode":"bus","arr":["M51"],"angle":-8.5,"extra":1,"ei":3}},{"type":"Feature","geometry":{"type":"Point","coordinates":[21.179307,45.700946]},"properties":{"lines":"33b","color":"#0059a9","mode":"bus","arr":["33b"],"angle":-55.9,"mi":2}},{"type":"Feature","geometry":{"type":"Point","coordinates":[21.211372,45.745033]},"properties":{"lines":"1, 8","color":"#d6212b","mode":"tram","arr":["1","8"],"angle":24.5,"mi":1}},{"type":"Feature","geometry":{"type":"Point","coordinates":[21.211416,45.745075]},"properties":{"lines":"1, 8","color":"#d6212b","mode":"tram","arr":["1","8"],"angle":21.5}},{"type":"Feature","geometry":{"type":"Point","coordinates":[21.209318,45.747889]},"properties":{"lines":"1, 8, 9","color":"#d6212b","mode":"tram","arr":["1","8","9","5b","E1","E3"],"busLines":"5b, E1, E3","angle":65}},{"type":"Feature","geometry":{"type":"Point","coordinates":[21.208081,45.749739]},"properties":{"lines":"1, 8, 9","color":"#d6212b","mode":"tram","arr":["1","8","9","5b","E1","E3"],"busLines":"5b, E1, E3","angle":65,"extra":1,"ei":0}},{"type":"Feature","geometry":{"type":"Point","coordinates":[21.210388,45.746322]},"properties":{"lines":"1, 8, 9","color":"#d6212b","mode":"tram","arr":["1","8","9","5b","E1","E3"],"busLines":"5b, E1, E3","angle":64.4,"extra":1,"ei":1}},{"type":"Feature","geometry":{"type":"Point","coordinates":[21.20934,45.747921]},"properties":{"lines":"1, 8, 9","color":"#d6212b","mode":"tram","arr":["1","8","9","5b","E1","E3"],"busLines":"5b, E1, E3","angle":65,"mi":1}},{"type":"Feature","geometry":{"type":"Point","coordinates":[21.210618,45.746059]},"properties":{"lines":"1, 8, 9","color":"#d6212b","mode":"tram","arr":["1","8","9","5b","E1","E3"],"busLines":"5b, E1, E3","angle":64.3,"extra":1,"ei":0}},{"type":"Feature","geometry":{"type":"Point","coordinates":[21.208305,45.749474]},"properties":{"lines":"1, 8, 9","color":"#d6212b","mode":"tram","arr":["1","8","9","5b","E1","E3"],"busLines":"5b, E1, E3","angle":65,"extra":1,"ei":1}},{"type":"Feature","geometry":{"type":"Point","coordinates":[21.215632,45.746352]},"properties":{"lines":"1, 2, 8","color":"#d6212b","mode":"tram","arr":["1","2","8"],"angle":-25.5,"side":-1}},{"type":"Feature","geometry":{"type":"Point","coordinates":[21.212894,45.745453]},"properties":{"lines":"1, 2, 8","color":"#d6212b","mode":"tram","arr":["1","2","8"],"angle":-26.5,"extra":1,"ei":0}},{"type":"Feature","geometry":{"type":"Point","coordinates":[21.217315,45.747469]},"properties":{"lines":"1, 2, 8","color":"#d6212b","mode":"tram","arr":["1","2","8"],"angle":-55.9,"extra":1,"ei":1,"side":-1}},{"type":"Feature","geometry":{"type":"Point","coordinates":[21.215634,45.746397]},"properties":{"lines":"1, 2, 8","color":"#d6212b","mode":"tram","arr":["1","2","8"],"angle":-25.4,"mi":1}},{"type":"Feature","geometry":{"type":"Point","coordinates":[21.217672,45.747879]},"properties":{"lines":"1, 2, 8","color":"#d6212b","mode":"tram","arr":["1","2","8"],"angle":-51.2,"extra":1,"ei":0}},{"type":"Feature","geometry":{"type":"Point","coordinates":[21.213462,45.74569]},"properties":{"lines":"1, 2, 8","color":"#d6212b","mode":"tram","arr":["1","2","8"],"angle":-26.1,"extra":1,"ei":1}},{"type":"Feature","geometry":{"type":"Point","coordinates":[21.221813,45.744959]},"properties":{"lines":"1, 4, 7, 8","color":"#d6212b","mode":"tram","arr":["1","4","7","8"],"angle":54.5,"side":-1}},{"type":"Feature","geometry":{"type":"Point","coordinates":[21.224445,45.742414]},"properties":{"lines":"1, 4, 7, 8","color":"#d6212b","mode":"tram","arr":["1","4","7","8"],"angle":56.1,"extra":1,"ei":0,"side":-1}},{"type":"Feature","geometry":{"type":"Point","coordinates":[21.222858,45.743943]},"properties":{"lines":"1, 4, 7, 8","color":"#d6212b","mode":"tram","arr":["1","4","7","8"],"angle":53.9,"extra":1,"ei":1,"side":-1}},{"type":"Feature","geometry":{"type":"Point","coordinates":[21.219966,45.747125]},"properties":{"lines":"1, 4, 7, 8","color":"#d6212b","mode":"tram","arr":["1","4","7","8"],"angle":63.7,"extra":1,"ei":2,"side":-1}},{"type":"Feature","geometry":{"type":"Point","coordinates":[21.22485,45.738313]},"properties":{"lines":"1, 7","color":"#d6212b","mode":"tram","arr":["1","7"],"angle":-81.6}},{"type":"Feature","geometry":{"type":"Point","coordinates":[21.225162,45.740713]},"properties":{"lines":"1, 7","color":"#d6212b","mode":"tram","arr":["1","7"],"angle":-81.9,"extra":1,"ei":0}},{"type":"Feature","geometry":{"type":"Point","coordinates":[21.225577,45.737097]},"properties":{"lines":"1, 7","color":"#d6212b","mode":"tram","arr":["1","7"],"angle":63.7,"extra":1,"ei":1}},{"type":"Feature","geometry":{"type":"Point","coordinates":[21.226542,45.735344]},"properties":{"lines":"1, 7","color":"#d6212b","mode":"tram","arr":["1","7"],"angle":74.1,"extra":1,"ei":2}},{"type":"Feature","geometry":{"type":"Point","coordinates":[21.224889,45.738267]},"properties":{"lines":"1, 7","color":"#d6212b","mode":"tram","arr":["1","7"],"angle":-84.7,"mi":1}},{"type":"Feature","geometry":{"type":"Point","coordinates":[21.226291,45.736132]},"properties":{"lines":"1, 7","color":"#d6212b","mode":"tram","arr":["1","7"],"angle":71.1,"extra":1,"ei":0}},{"type":"Feature","geometry":{"type":"Point","coordinates":[21.225049,45.739656]},"properties":{"lines":"1, 7","color":"#d6212b","mode":"tram","arr":["1","7"],"angle":-88.8,"extra":1,"ei":1}},{"type":"Feature","geometry":{"type":"Point","coordinates":[21.233705,45.737211]},"properties":{"lines":"1, 9","color":"#d6212b","mode":"tram","arr":["1","9"],"angle":-23.6,"side":-1}},{"type":"Feature","geometry":{"type":"Point","coordinates":[21.228085,45.735497]},"properties":{"lines":"1, 9","color":"#d6212b","mode":"tram","arr":["1","9"],"angle":-24.7,"extra":1,"ei":0,"side":-1}},{"type":"Feature","geometry":{"type":"Point","coordinates":[21.230543,45.736287]},"properties":{"lines":"1, 9","color":"#d6212b","mode":"tram","arr":["1","9"],"angle":-23.8,"extra":1,"ei":1}},{"type":"Feature","geometry":{"type":"Point","coordinates":[21.235519,45.737768]},"properties":{"lines":"1, 9","color":"#d6212b","mode":"tram","arr":["1","9"],"angle":-23.7,"extra":1,"ei":2,"side":-1}},{"type":"Feature","geometry":{"type":"Point","coordinates":[21.23799,45.738535]},"properties":{"lines":"1, 9","color":"#d6212b","mode":"tram","arr":["1","9"],"angle":-12.4,"extra":1,"ei":3}},{"type":"Feature","geometry":{"type":"Point","coordinates":[21.240668,45.738315]},"properties":{"lines":"1, 9","color":"#d6212b","mode":"tram","arr":["1","9"],"angle":9.4,"extra":1,"ei":4,"side":-1}},{"type":"Feature","geometry":{"type":"Point","coordinates":[21.245527,45.737739]},"properties":{"lines":"1, 9","color":"#d6212b","mode":"tram","arr":["1","9","15","16","E2"],"busLines":"15, 16, E2","tLines":"15, 16","ntLines":"E2","angle":7.8}},{"type":"Feature","geometry":{"type":"Point","coordinates":[21.242096,45.738141]},"properties":{"lines":"1, 9","color":"#d6212b","mode":"tram","arr":["1","9","15","16","E2"],"busLines":"15, 16, E2","tLines":"15, 16","ntLines":"E2","angle":9.9,"extra":1,"ei":0}},{"type":"Feature","geometry":{"type":"Point","coordinates":[21.247435,45.737523]},"properties":{"lines":"1, 9","color":"#d6212b","mode":"tram","arr":["1","9","15","16","E2"],"busLines":"15, 16, E2","tLines":"15, 16","ntLines":"E2","angle":9.9,"extra":1,"ei":1}},{"type":"Feature","geometry":{"type":"Point","coordinates":[21.250107,45.737231]},"properties":{"lines":"1, 9","color":"#d6212b","mode":"tram","arr":["1","9","15","16","E2"],"busLines":"15, 16, E2","tLines":"15, 16","ntLines":"E2","angle":8.6,"extra":1,"ei":2}},{"type":"Feature","geometry":{"type":"Point","coordinates":[21.25456,45.735646]},"properties":{"lines":"1, 9","color":"#d6212b","mode":"tram","arr":["1","9","24","M23"],"busLines":"24, M23","angle":40.2,"side":-1}},{"type":"Feature","geometry":{"type":"Point","coordinates":[21.251887,45.736842]},"properties":{"lines":"1, 9","color":"#d6212b","mode":"tram","arr":["1","9","24","M23"],"busLines":"24, M23","angle":21.6,"extra":1,"ei":0,"side":-1}},{"type":"Feature","geometry":{"type":"Point","coordinates":[21.256286,45.73467]},"properties":{"lines":"1, 9","color":"#d6212b","mode":"tram","arr":["1","9","24","M23"],"busLines":"24, M23","angle":38.2,"extra":1,"ei":1}},{"type":"Feature","geometry":{"type":"Point","coordinates":[21.254557,45.735701]},"properties":{"lines":"1, 9","color":"#d6212b","mode":"tram","arr":["1","9","24","M23"],"busLines":"24, M23","angle":40.8,"mi":1}},{"type":"Feature","geometry":{"type":"Point","coordinates":[21.257078,45.734284]},"properties":{"lines":"1, 9","color":"#d6212b","mode":"tram","arr":["1","9","24","M23"],"busLines":"24, M23","angle":37.4,"extra":1,"ei":0}},{"type":"Feature","geometry":{"type":"Point","coordinates":[21.252793,45.736582]},"properties":{"lines":"1, 9","color":"#d6212b","mode":"tram","arr":["1","9","24","M23"],"busLines":"24, M23","angle":28.2,"extra":1,"ei":1}},{"type":"Feature","geometry":{"type":"Point","coordinates":[21.245624,45.737751]},"properties":{"lines":"1, 9","color":"#d6212b","mode":"tram","arr":["1","9","15","16","E2"],"busLines":"15, 16, E2","tLines":"15, 16","ntLines":"E2","angle":8.8,"mi":1}},{"type":"Feature","geometry":{"type":"Point","coordinates":[21.249218,45.737348]},"properties":{"lines":"1, 9","color":"#d6212b","mode":"tram","arr":["1","9","15","16","E2"],"busLines":"15, 16, E2","tLines":"15, 16","ntLines":"E2","angle":9.4,"extra":1,"ei":0}},{"type":"Feature","geometry":{"type":"Point","coordinates":[21.243877,45.737957]},"properties":{"lines":"1, 9","color":"#d6212b","mode":"tram","arr":["1","9","15","16","E2"],"busLines":"15, 16, E2","tLines":"15, 16","ntLines":"E2","angle":9.9,"extra":1,"ei":1}},{"type":"Feature","geometry":{"type":"Point","coordinates":[21.241211,45.73828]},"properties":{"lines":"1, 9","color":"#d6212b","mode":"tram","arr":["1","9","15","16","E2"],"busLines":"15, 16, E2","tLines":"15, 16","ntLines":"E2","angle":9.9,"extra":1,"ei":2}},{"type":"Feature","geometry":{"type":"Point","coordinates":[21.233668,45.737249]},"properties":{"lines":"1, 9","color":"#d6212b","mode":"tram","arr":["1","9"],"angle":-23.7,"mi":1}},{"type":"Feature","geometry":{"type":"Point","coordinates":[21.239366,45.738488]},"properties":{"lines":"1, 9","color":"#d6212b","mode":"tram","arr":["1","9"],"angle":8.7,"extra":1,"ei":0}},{"type":"Feature","geometry":{"type":"Point","coordinates":[21.23678,45.738204]},"properties":{"lines":"1, 9","color":"#d6212b","mode":"tram","arr":["1","9"],"angle":-24.2,"extra":1,"ei":1}},{"type":"Feature","geometry":{"type":"Point","coordinates":[21.231833,45.736671]},"properties":{"lines":"1, 9","color":"#d6212b","mode":"tram","arr":["1","9"],"angle":-24.4,"extra":1,"ei":2}},{"type":"Feature","geometry":{"type":"Point","coordinates":[21.229342,45.735939]},"properties":{"lines":"1, 9","color":"#d6212b","mode":"tram","arr":["1","9"],"angle":-24.3,"extra":1,"ei":3}},{"type":"Feature","geometry":{"type":"Point","coordinates":[21.226878,45.735159]},"properties":{"lines":"1, 9","color":"#d6212b","mode":"tram","arr":["1","9"],"angle":-24.7,"extra":1,"ei":4,"side":-1}},{"type":"Feature","geometry":{"type":"Point","coordinates":[21.239008,45.744422]},"properties":{"lines":"4, 8","color":"#d6212b","mode":"tram","arr":["4","8"],"angle":-27.3,"mi":1}},{"type":"Feature","geometry":{"type":"Point","coordinates":[21.226481,45.74105]},"properties":{"lines":"4, 8","color":"#d6212b","mode":"tram","arr":["4","8"],"angle":25.7,"extra":1,"ei":0}},{"type":"Feature","geometry":{"type":"Point","coordinates":[21.229096,45.740766]},"properties":{"lines":"4, 8","color":"#d6212b","mode":"tram","arr":["4","8"],"angle":-12,"extra":1,"ei":1}},{"type":"Feature","geometry":{"type":"Point","coordinates":[21.231557,45.741537]},"properties":{"lines":"4, 8","color":"#d6212b","mode":"tram","arr":["4","8"],"angle":-28.8,"extra":1,"ei":2}},{"type":"Feature","geometry":{"type":"Point","coordinates":[21.23383,45.742559]},"properties":{"lines":"4, 8","color":"#d6212b","mode":"tram","arr":["4","8"],"angle":-34.4,"extra":1,"ei":3}},{"type":"Feature","geometry":{"type":"Point","coordinates":[21.236225,45.743433]},"properties":{"lines":"4, 8","color":"#d6212b","mode":"tram","arr":["4","8"],"angle":-25.2,"extra":1,"ei":4}},{"type":"Feature","geometry":{"type":"Point","coordinates":[21.241044,45.745151]},"properties":{"lines":"4, 8","color":"#d6212b","mode":"tram","arr":["4","8"],"angle":-26.4,"extra":1,"ei":5}},{"type":"Feature","geometry":{"type":"Point","coordinates":[21.24348,45.745973]},"properties":{"lines":"4, 8","color":"#d6212b","mode":"tram","arr":["4","8"],"angle":-26.5,"extra":1,"ei":6}},{"type":"Feature","geometry":{"type":"Point","coordinates":[21.245888,45.746835]},"properties":{"lines":"4, 8","color":"#d6212b","mode":"tram","arr":["4","8"],"angle":-27.2,"extra":1,"ei":7}},{"type":"Feature","geometry":{"type":"Point","coordinates":[21.248292,45.747702]},"properties":{"lines":"4, 8","color":"#d6212b","mode":"tram","arr":["4","8"],"angle":-26.2,"extra":1,"ei":8}},{"type":"Feature","geometry":{"type":"Point","coordinates":[21.250794,45.74841]},"properties":{"lines":"4, 8","color":"#d6212b","mode":"tram","arr":["4","8"],"angle":-17,"extra":1,"ei":9}},{"type":"Feature","geometry":{"type":"Point","coordinates":[21.202719,45.725841]},"properties":{"lines":"2","color":"#d6212b","mode":"tram","arr":["2"],"angle":15.4}},{"type":"Feature","geometry":{"type":"Point","coordinates":[21.204207,45.727156]},"properties":{"lines":"2","color":"#d6212b","mode":"tram","arr":["2","33","33b","E1","E8","M37","M38","M39","M46","M51"],"busLines":"33, 33b, E1, E8, M37, M38, M39, M46, M51","angle":-58.7}},{"type":"Feature","geometry":{"type":"Point","coordinates":[21.205218,45.728252]},"properties":{"lines":"2","color":"#d6212b","mode":"tram","arr":["2","33","33b","E1","E8","M37","M38","M39","M46","M51"],"busLines":"33, 33b, E1, E8, M37, M38, M39, M46, M51","angle":-87.3,"extra":1,"ei":0}},{"type":"Feature","geometry":{"type":"Point","coordinates":[21.211391,45.744934]},"properties":{"lines":"2","color":"#d6212b","mode":"tram","arr":["2"],"angle":-25.8,"side":-1,"mi":1}},{"type":"Feature","geometry":{"type":"Point","coordinates":[21.211332,45.744951]},"properties":{"lines":"2","color":"#d6212b","mode":"tram","arr":["2"],"angle":-25.4,"side":-1}},{"type":"Feature","geometry":{"type":"Point","coordinates":[21.20397,45.726941]},"properties":{"lines":"2","color":"#d6212b","mode":"tram","arr":["2","33","33b","E1","E8","M37","M38","M39","M46","M51"],"busLines":"33, 33b, E1, E8, M37, M38, M39, M46, M51","angle":-60.1,"mi":1}},{"type":"Feature","geometry":{"type":"Point","coordinates":[21.202549,45.730898]},"properties":{"lines":"2, 7","color":"#d6212b","mode":"tram","arr":["2","7"],"angle":64.1,"mi":1}},{"type":"Feature","geometry":{"type":"Point","coordinates":[21.204275,45.729175]},"properties":{"lines":"2, 7","color":"#d6212b","mode":"tram","arr":["2","7"],"angle":53.1,"extra":1,"ei":0}},{"type":"Feature","geometry":{"type":"Point","coordinates":[21.202033,45.732518]},"properties":{"lines":"2, 7","color":"#d6212b","mode":"tram","arr":["2","7"],"angle":84.8,"extra":1,"ei":1}},{"type":"Feature","geometry":{"type":"Point","coordinates":[21.202486,45.730931]},"properties":{"lines":"2, 7","color":"#d6212b","mode":"tram","arr":["2","7"],"angle":65.2}},{"type":"Feature","geometry":{"type":"Point","coordinates":[21.201939,45.733007]},"properties":{"lines":"2, 7","color":"#d6212b","mode":"tram","arr":["2","7"],"angle":86.5,"extra":1,"ei":0}},{"type":"Feature","geometry":{"type":"Point","coordinates":[21.203816,45.729571]},"properties":{"lines":"2, 7","color":"#d6212b","mode":"tram","arr":["2","7"],"angle":54.5,"extra":1,"ei":1}},{"type":"Feature","geometry":{"type":"Point","coordinates":[21.195365,45.739871]},"properties":{"lines":"7","color":"#d6212b","mode":"tram","arr":["7","E3"],"busLines":"E3","angle":-25.6}},{"type":"Feature","geometry":{"type":"Point","coordinates":[21.195743,45.739237]},"properties":{"lines":"7","color":"#d6212b","mode":"tram","arr":["7"],"angle":34.2}},{"type":"Feature","geometry":{"type":"Point","coordinates":[21.223509,45.723609]},"properties":{"lines":"7","color":"#d6212b","mode":"tram","arr":["7"],"angle":10.7}},{"type":"Feature","geometry":{"type":"Point","coordinates":[21.20609,45.727859]},"properties":{"lines":"7","color":"#d6212b","mode":"tram","arr":["7"],"angle":40.9,"extra":1,"ei":0}},{"type":"Feature","geometry":{"type":"Point","coordinates":[21.208124,45.726613]},"properties":{"lines":"7","color":"#d6212b","mode":"tram","arr":["7"],"angle":36.8,"extra":1,"ei":1}},{"type":"Feature","geometry":{"type":"Point","coordinates":[21.210668,45.725996]},"properties":{"lines":"7","color":"#d6212b","mode":"tram","arr":["7"],"angle":16.7,"extra":1,"ei":2}},{"type":"Feature","geometry":{"type":"Point","coordinates":[21.213259,45.725452]},"properties":{"lines":"7","color":"#d6212b","mode":"tram","arr":["7"],"angle":16.8,"extra":1,"ei":3}},{"type":"Feature","geometry":{"type":"Point","coordinates":[21.21585,45.724907]},"properties":{"lines":"7","color":"#d6212b","mode":"tram","arr":["7"],"angle":16.8,"extra":1,"ei":4}},{"type":"Feature","geometry":{"type":"Point","coordinates":[21.218445,45.724371]},"properties":{"lines":"7","color":"#d6212b","mode":"tram","arr":["7"],"angle":15.9,"extra":1,"ei":5}},{"type":"Feature","geometry":{"type":"Point","coordinates":[21.221068,45.72393]},"properties":{"lines":"7","color":"#d6212b","mode":"tram","arr":["7"],"angle":9.2,"extra":1,"ei":6}},{"type":"Feature","geometry":{"type":"Point","coordinates":[21.226349,45.723336]},"properties":{"lines":"7","color":"#d6212b","mode":"tram","arr":["7"],"angle":-46.7,"extra":1,"ei":7}},{"type":"Feature","geometry":{"type":"Point","coordinates":[21.226897,45.725184]},"properties":{"lines":"7","color":"#d6212b","mode":"tram","arr":["7"],"angle":-80.7,"extra":1,"ei":8}},{"type":"Feature","geometry":{"type":"Point","coordinates":[21.227095,45.727066]},"properties":{"lines":"7","color":"#d6212b","mode":"tram","arr":["7"],"angle":-86.3,"extra":1,"ei":9}},{"type":"Feature","geometry":{"type":"Point","coordinates":[21.227269,45.728951]},"properties":{"lines":"7","color":"#d6212b","mode":"tram","arr":["7"],"angle":-84,"extra":1,"ei":10}},{"type":"Feature","geometry":{"type":"Point","coordinates":[21.227647,45.73082]},"properties":{"lines":"7","color":"#d6212b","mode":"tram","arr":["7"],"angle":-82.2,"extra":1,"ei":11}},{"type":"Feature","geometry":{"type":"Point","coordinates":[21.227618,45.732678]},"properties":{"lines":"7","color":"#d6212b","mode":"tram","arr":["7"],"angle":74.9,"extra":1,"ei":12}},{"type":"Feature","geometry":{"type":"Point","coordinates":[21.226925,45.734504]},"properties":{"lines":"7","color":"#d6212b","mode":"tram","arr":["7"],"angle":75,"extra":1,"ei":13}},{"type":"Feature","geometry":{"type":"Point","coordinates":[21.223577,45.723633]},"properties":{"lines":"7","color":"#d6212b","mode":"tram","arr":["7"],"angle":10.7,"mi":1}},{"type":"Feature","geometry":{"type":"Point","coordinates":[21.226964,45.734291]},"properties":{"lines":"7","color":"#d6212b","mode":"tram","arr":["7"],"angle":75.5,"extra":1,"ei":0}},{"type":"Feature","geometry":{"type":"Point","coordinates":[21.227659,45.732466]},"properties":{"lines":"7","color":"#d6212b","mode":"tram","arr":["7"],"angle":74.8,"extra":1,"ei":1}},{"type":"Feature","geometry":{"type":"Point","coordinates":[21.227572,45.730602]},"properties":{"lines":"7","color":"#d6212b","mode":"tram","arr":["7"],"angle":-82.3,"extra":1,"ei":2}},{"type":"Feature","geometry":{"type":"Point","coordinates":[21.227212,45.728731]},"properties":{"lines":"7","color":"#d6212b","mode":"tram","arr":["7"],"angle":-86.3,"extra":1,"ei":3}},{"type":"Feature","geometry":{"type":"Point","coordinates":[21.227038,45.726846]},"properties":{"lines":"7","color":"#d6212b","mode":"tram","arr":["7"],"angle":-86.3,"extra":1,"ei":4}},{"type":"Feature","geometry":{"type":"Point","coordinates":[21.226789,45.724968]},"properties":{"lines":"7","color":"#d6212b","mode":"tram","arr":["7"],"angle":-79,"extra":1,"ei":5}},{"type":"Feature","geometry":{"type":"Point","coordinates":[21.225995,45.723297]},"properties":{"lines":"7","color":"#d6212b","mode":"tram","arr":["7"],"angle":-4.1,"extra":1,"ei":6}},{"type":"Feature","geometry":{"type":"Point","coordinates":[21.220679,45.723998]},"properties":{"lines":"7","color":"#d6212b","mode":"tram","arr":["7"],"angle":7.8,"extra":1,"ei":7}},{"type":"Feature","geometry":{"type":"Point","coordinates":[21.218064,45.724472]},"properties":{"lines":"7","color":"#d6212b","mode":"tram","arr":["7"],"angle":15.9,"extra":1,"ei":8}},{"type":"Feature","geometry":{"type":"Point","coordinates":[21.215472,45.725015]},"properties":{"lines":"7","color":"#d6212b","mode":"tram","arr":["7"],"angle":16.8,"extra":1,"ei":9}},{"type":"Feature","geometry":{"type":"Point","coordinates":[21.21288,45.72556]},"properties":{"lines":"7","color":"#d6212b","mode":"tram","arr":["7"],"angle":16.9,"extra":1,"ei":10}},{"type":"Feature","geometry":{"type":"Point","coordinates":[21.210291,45.726108]},"properties":{"lines":"7","color":"#d6212b","mode":"tram","arr":["7"],"angle":16.7,"extra":1,"ei":11}},{"type":"Feature","geometry":{"type":"Point","coordinates":[21.207833,45.726831]},"properties":{"lines":"7","color":"#d6212b","mode":"tram","arr":["7"],"angle":41.4,"extra":1,"ei":12}},{"type":"Feature","geometry":{"type":"Point","coordinates":[21.205798,45.728076]},"properties":{"lines":"7","color":"#d6212b","mode":"tram","arr":["7"],"angle":38.3,"extra":1,"ei":13}},{"type":"Feature","geometry":{"type":"Point","coordinates":[21.214461,45.732616]},"properties":{"lines":"9","color":"#d6212b","mode":"tram","arr":["9"],"angle":-5.3}},{"type":"Feature","geometry":{"type":"Point","coordinates":[21.203036,45.733525]},"properties":{"lines":"9","color":"#d6212b","mode":"tram","arr":["9"],"angle":23.6,"extra":1,"ei":0}},{"type":"Feature","geometry":{"type":"Point","coordinates":[21.205582,45.73289]},"properties":{"lines":"9","color":"#d6212b","mode":"tram","arr":["9"],"angle":14.1,"extra":1,"ei":1}},{"type":"Feature","geometry":{"type":"Point","coordinates":[21.208256,45.732619]},"properties":{"lines":"9","color":"#d6212b","mode":"tram","arr":["9"],"angle":7.5,"extra":1,"ei":2}},{"type":"Feature","geometry":{"type":"Point","coordinates":[21.210945,45.732431]},"properties":{"lines":"9","color":"#d6212b","mode":"tram","arr":["9"],"angle":1.3,"extra":1,"ei":3}},{"type":"Feature","geometry":{"type":"Point","coordinates":[21.216338,45.732724]},"properties":{"lines":"9","color":"#d6212b","mode":"tram","arr":["9"],"angle":-6.6,"extra":1,"ei":4}},{"type":"Feature","geometry":{"type":"Point","coordinates":[21.219031,45.732911]},"properties":{"lines":"9","color":"#d6212b","mode":"tram","arr":["9"],"angle":-6.2,"extra":1,"ei":5}},{"type":"Feature","geometry":{"type":"Point","coordinates":[21.22166,45.733345]},"properties":{"lines":"9","color":"#d6212b","mode":"tram","arr":["9"],"angle":-18.1,"extra":1,"ei":6}},{"type":"Feature","geometry":{"type":"Point","coordinates":[21.224138,45.734096]},"properties":{"lines":"9","color":"#d6212b","mode":"tram","arr":["9"],"angle":-28.8,"extra":1,"ei":7}},{"type":"Feature","geometry":{"type":"Point","coordinates":[21.226518,45.734994]},"properties":{"lines":"9","color":"#d6212b","mode":"tram","arr":["9"],"angle":-25.9,"extra":1,"ei":8,"side":-1}},{"type":"Feature","geometry":{"type":"Point","coordinates":[21.212674,45.732511]},"properties":{"lines":"9","color":"#d6212b","mode":"tram","arr":["9"],"angle":-4.9,"extra":1,"ei":0}},{"type":"Feature","geometry":{"type":"Point","coordinates":[21.198412,45.736172]},"properties":{"lines":"2, 7, 9","color":"#d6212b","mode":"tram","arr":["2","7","9"],"angle":52.1,"side":-1}},{"type":"Feature","geometry":{"type":"Point","coordinates":[21.20064,45.734522]},"properties":{"lines":"2, 7, 9","color":"#d6212b","mode":"tram","arr":["2","7","9"],"angle":42.1,"extra":1,"ei":0}},{"type":"Feature","geometry":{"type":"Point","coordinates":[21.197278,45.737448]},"properties":{"lines":"2, 7, 9","color":"#d6212b","mode":"tram","arr":["2","7","9"],"angle":64.1,"extra":1,"ei":1,"side":-1}},{"type":"Feature","geometry":{"type":"Point","coordinates":[21.196165,45.739402]},"properties":{"lines":"2, 9","color":"#d6212b","mode":"tram","arr":["2","9","E3"],"busLines":"E3","angle":64.5}},{"type":"Feature","geometry":{"type":"Point","coordinates":[21.203225,45.742485]},"properties":{"lines":"2, 9","color":"#d6212b","mode":"tram","arr":["2","9"],"angle":-26.8}},{"type":"Feature","geometry":{"type":"Point","coordinates":[21.196786,45.740386]},"properties":{"lines":"2, 9","color":"#d6212b","mode":"tram","arr":["2","9"],"angle":-24.9,"extra":1,"ei":0}},{"type":"Feature","geometry":{"type":"Point","coordinates":[21.199236,45.741188]},"properties":{"lines":"2, 9","color":"#d6212b","mode":"tram","arr":["2","9"],"angle":-24.3,"extra":1,"ei":1}},{"type":"Feature","geometry":{"type":"Point","coordinates":[21.20171,45.741952]},"properties":{"lines":"2, 9","color":"#d6212b","mode":"tram","arr":["2","9"],"angle":-26.8,"extra":1,"ei":2}},{"type":"Feature","geometry":{"type":"Point","coordinates":[21.206557,45.743633]},"properties":{"lines":"2, 9","color":"#d6212b","mode":"tram","arr":["2","9"],"angle":-25.9,"extra":1,"ei":3}},{"type":"Feature","geometry":{"type":"Point","coordinates":[21.20911,45.744241]},"properties":{"lines":"2, 9","color":"#d6212b","mode":"tram","arr":["2","9"],"angle":-17.4,"extra":1,"ei":4,"side":-1}},{"type":"Feature","geometry":{"type":"Point","coordinates":[21.203535,45.74255]},"properties":{"lines":"2, 9","color":"#d6212b","mode":"tram","arr":["2","9"],"angle":-26.5,"side":-1,"mi":1}},{"type":"Feature","geometry":{"type":"Point","coordinates":[21.197269,45.740514]},"properties":{"lines":"2, 9","color":"#d6212b","mode":"tram","arr":["2","9"],"angle":-25.8,"extra":1,"ei":0}},{"type":"Feature","geometry":{"type":"Point","coordinates":[21.199726,45.741304]},"properties":{"lines":"2, 9","color":"#d6212b","mode":"tram","arr":["2","9"],"angle":-23.1,"extra":1,"ei":1}},{"type":"Feature","geometry":{"type":"Point","coordinates":[21.207041,45.743758]},"properties":{"lines":"2, 9","color":"#d6212b","mode":"tram","arr":["2","9"],"angle":-24.5,"extra":1,"ei":2}},{"type":"Feature","geometry":{"type":"Point","coordinates":[21.20961,45.744339]},"properties":{"lines":"2, 9","color":"#d6212b","mode":"tram","arr":["2","9"],"angle":-23.5,"extra":1,"ei":3,"side":-1}},{"type":"Feature","geometry":{"type":"Point","coordinates":[21.219576,45.748965]},"properties":{"lines":"2, 4, 7","color":"#d6212b","mode":"tram","arr":["2","4","7"],"angle":-37.2,"mi":3}},{"type":"Feature","geometry":{"type":"Point","coordinates":[21.221933,45.750237]},"properties":{"lines":"2, 4, 7","color":"#d6212b","mode":"tram","arr":["2","4","7","32","33","33b","E3"],"busLines":"32, 33, 33b, E3","angle":-38.1}},{"type":"Feature","geometry":{"type":"Point","coordinates":[21.222636,45.752068]},"properties":{"lines":"2, 4, 7","color":"#d6212b","mode":"tram","arr":["2","4","7","E3"],"busLines":"E3","angle":36.6}},{"type":"Feature","geometry":{"type":"Point","coordinates":[21.221311,45.754599]},"properties":{"lines":"2, 4, 7","color":"#d6212b","mode":"tram","arr":["2","4","7"],"angle":82.3,"mi":1}},{"type":"Feature","geometry":{"type":"Point","coordinates":[21.209835,45.761063]},"properties":{"lines":"2, 4, 7","color":"#d6212b","mode":"tram","arr":["2","4","7"],"angle":-78.8,"mi":2}},{"type":"Feature","geometry":{"type":"Point","coordinates":[21.219919,45.756525]},"properties":{"lines":"2, 4, 7","color":"#d6212b","mode":"tram","arr":["2","4","7"],"angle":5,"extra":1,"ei":0}},{"type":"Feature","geometry":{"type":"Point","coordinates":[21.21722,45.756658]},"properties":{"lines":"2, 4, 7","color":"#d6212b","mode":"tram","arr":["2","4","7"],"angle":4.8,"extra":1,"ei":1}},{"type":"Feature","geometry":{"type":"Point","coordinates":[21.214534,45.756886]},"properties":{"lines":"2, 4, 7","color":"#d6212b","mode":"tram","arr":["2","4","7"],"angle":9.4,"extra":1,"ei":2}},{"type":"Feature","geometry":{"type":"Point","coordinates":[21.211892,45.75729]},"properties":{"lines":"2, 4, 7","color":"#d6212b","mode":"tram","arr":["2","4","7"],"angle":15.4,"extra":1,"ei":3}},{"type":"Feature","geometry":{"type":"Point","coordinates":[21.209438,45.757977]},"properties":{"lines":"2, 4, 7","color":"#d6212b","mode":"tram","arr":["2","4","7"],"angle":70.5,"extra":1,"ei":4}},{"type":"Feature","geometry":{"type":"Point","coordinates":[21.209589,45.759861]},"properties":{"lines":"2, 4, 7","color":"#d6212b","mode":"tram","arr":["2","4","7"],"angle":-86.3,"extra":1,"ei":5}},{"type":"Feature","geometry":{"type":"Point","coordinates":[21.211012,45.763479]},"properties":{"lines":"2, 4, 7","color":"#d6212b","mode":"tram","arr":["2","4","7"],"angle":-68.6,"extra":1,"ei":6}},{"type":"Feature","geometry":{"type":"Point","coordinates":[21.212515,45.765025]},"properties":{"lines":"2, 4, 7","color":"#d6212b","mode":"tram","arr":["2","4","7"],"angle":-45.6,"extra":1,"ei":7}},{"type":"Feature","geometry":{"type":"Point","coordinates":[21.214444,45.76635]},"properties":{"lines":"2, 4, 7","color":"#d6212b","mode":"tram","arr":["2","4","7"],"angle":-44.3,"extra":1,"ei":8}},{"type":"Feature","geometry":{"type":"Point","coordinates":[21.216454,45.767612]},"properties":{"lines":"2, 4, 7","color":"#d6212b","mode":"tram","arr":["2","4","7"],"angle":-38.1,"extra":1,"ei":9}},{"type":"Feature","geometry":{"type":"Point","coordinates":[21.218822,45.768506]},"properties":{"lines":"2, 4, 7","color":"#d6212b","mode":"tram","arr":["2","4","7"],"angle":-17.1,"extra":1,"ei":10}},{"type":"Feature","geometry":{"type":"Point","coordinates":[21.211839,45.757267]},"properties":{"lines":"2, 4, 7","color":"#d6212b","mode":"tram","arr":["2","4","7"],"angle":15.6}},{"type":"Feature","geometry":{"type":"Point","coordinates":[21.219452,45.768627]},"properties":{"lines":"2, 4, 7","color":"#d6212b","mode":"tram","arr":["2","4","7"],"angle":-15.4,"extra":1,"ei":0}},{"type":"Feature","geometry":{"type":"Point","coordinates":[21.216968,45.767911]},"properties":{"lines":"2, 4, 7","color":"#d6212b","mode":"tram","arr":["2","4","7"],"angle":-33.2,"extra":1,"ei":1}},{"type":"Feature","geometry":{"type":"Point","coordinates":[21.214896,45.766701]},"properties":{"lines":"2, 4, 7","color":"#d6212b","mode":"tram","arr":["2","4","7"],"angle":-44.2,"extra":1,"ei":2}},{"type":"Feature","geometry":{"type":"Point","coordinates":[21.212958,45.765383]},"properties":{"lines":"2, 4, 7","color":"#d6212b","mode":"tram","arr":["2","4","7"],"angle":-44.9,"extra":1,"ei":3}},{"type":"Feature","geometry":{"type":"Point","coordinates":[21.211231,45.76394]},"properties":{"lines":"2, 4, 7","color":"#d6212b","mode":"tram","arr":["2","4","7"],"angle":-63.9,"extra":1,"ei":4}},{"type":"Feature","geometry":{"type":"Point","coordinates":[21.210214,45.762192]},"properties":{"lines":"2, 4, 7","color":"#d6212b","mode":"tram","arr":["2","4","7"],"angle":-70.5,"extra":1,"ei":5}},{"type":"Feature","geometry":{"type":"Point","coordinates":[21.209609,45.760355]},"properties":{"lines":"2, 4, 7","color":"#d6212b","mode":"tram","arr":["2","4","7"],"angle":-82.6,"extra":1,"ei":6}},{"type":"Feature","geometry":{"type":"Point","coordinates":[21.209422,45.758471]},"properties":{"lines":"2, 4, 7","color":"#d6212b","mode":"tram","arr":["2","4","7"],"angle":-86.4,"extra":1,"ei":7}},{"type":"Feature","geometry":{"type":"Point","coordinates":[21.213764,45.756949]},"properties":{"lines":"2, 4, 7","color":"#d6212b","mode":"tram","arr":["2","4","7"],"angle":10.7,"extra":1,"ei":8}},{"type":"Feature","geometry":{"type":"Point","coordinates":[21.216442,45.75668]},"properties":{"lines":"2, 4, 7","color":"#d6212b","mode":"tram","arr":["2","4","7"],"angle":6,"extra":1,"ei":9}},{"type":"Feature","geometry":{"type":"Point","coordinates":[21.21914,45.756537]},"properties":{"lines":"2, 4, 7","color":"#d6212b","mode":"tram","arr":["2","4","7"],"angle":4.7,"extra":1,"ei":10}},{"type":"Feature","geometry":{"type":"Point","coordinates":[21.221165,45.755913]},"properties":{"lines":"2, 4, 7","color":"#d6212b","mode":"tram","arr":["2","4","7"],"angle":-86.9,"extra":1,"ei":11}},{"type":"Feature","geometry":{"type":"Point","coordinates":[21.221327,45.754032]},"properties":{"lines":"2, 4, 7","color":"#d6212b","mode":"tram","arr":["2","4","7"],"angle":-88.9,"extra":1,"ei":12}},{"type":"Feature","geometry":{"type":"Point","coordinates":[21.222084,45.752333]},"properties":{"lines":"2, 4, 7","color":"#d6212b","mode":"tram","arr":["2","4","7"],"angle":39.9,"extra":1,"ei":13,"side":-1}},{"type":"Feature","geometry":{"type":"Point","coordinates":[21.223422,45.751083]},"properties":{"lines":"2, 4, 7","color":"#d6212b","mode":"tram","arr":["2","4","7"],"angle":-41.8,"extra":1,"ei":14}},{"type":"Feature","geometry":{"type":"Point","coordinates":[21.221287,45.749922]},"properties":{"lines":"2, 4, 7","color":"#d6212b","mode":"tram","arr":["2","4","7"],"angle":-37.7,"extra":1,"ei":15}},{"type":"Feature","geometry":{"type":"Point","coordinates":[21.219145,45.748768]},"properties":{"lines":"2, 4, 7","color":"#d6212b","mode":"tram","arr":["2","4","7"],"angle":-36.8,"extra":1,"ei":16}},{"type":"Feature","geometry":{"type":"Point","coordinates":[21.256001,45.741538]},"properties":{"lines":"4, 8","color":"#d6212b","mode":"tram","arr":["4","8"],"angle":74.9,"mi":2}},{"type":"Feature","geometry":{"type":"Point","coordinates":[21.253485,45.74811]},"properties":{"lines":"4, 8","color":"#d6212b","mode":"tram","arr":["4","8"],"angle":74.7,"extra":1,"ei":0}},{"type":"Feature","geometry":{"type":"Point","coordinates":[21.254194,45.746287]},"properties":{"lines":"4, 8","color":"#d6212b","mode":"tram","arr":["4","8"],"angle":74.9,"extra":1,"ei":1}},{"type":"Feature","geometry":{"type":"Point","coordinates":[21.254877,45.74446]},"properties":{"lines":"4, 8","color":"#d6212b","mode":"tram","arr":["4","8"],"angle":74.8,"extra":1,"ei":2}},{"type":"Feature","geometry":{"type":"Point","coordinates":[21.256972,45.738986]},"properties":{"lines":"4, 8","color":"#d6212b","mode":"tram","arr":["4","8"],"angle":75.8,"extra":1,"ei":3}},{"type":"Feature","geometry":{"type":"Point","coordinates":[21.257673,45.737162]},"properties":{"lines":"4, 8","color":"#d6212b","mode":"tram","arr":["4","8"],"angle":74.8,"extra":1,"ei":4}},{"type":"Feature","geometry":{"type":"Point","coordinates":[21.258383,45.73534]},"properties":{"lines":"4, 8","color":"#d6212b","mode":"tram","arr":["4","8"],"angle":74.8,"extra":1,"ei":5}},{"type":"Feature","geometry":{"type":"Point","coordinates":[21.249195,45.748035]},"properties":{"lines":"4, 8","color":"#d6212b","mode":"tram","arr":["4","8"],"angle":-25.2}},{"type":"Feature","geometry":{"type":"Point","coordinates":[21.258559,45.734971]},"properties":{"lines":"4, 8","color":"#d6212b","mode":"tram","arr":["4","8"],"angle":75.1,"extra":1,"ei":0}},{"type":"Feature","geometry":{"type":"Point","coordinates":[21.257863,45.736796]},"properties":{"lines":"4, 8","color":"#d6212b","mode":"tram","arr":["4","8"],"angle":75.1,"extra":1,"ei":1}},{"type":"Feature","geometry":{"type":"Point","coordinates":[21.257166,45.738621]},"properties":{"lines":"4, 8","color":"#d6212b","mode":"tram","arr":["4","8"],"angle":75,"extra":1,"ei":2}},{"type":"Feature","geometry":{"type":"Point","coordinates":[21.25646,45.740444]},"properties":{"lines":"4, 8","color":"#d6212b","mode":"tram","arr":["4","8"],"angle":75.6,"extra":1,"ei":3}},{"type":"Feature","geometry":{"type":"Point","coordinates":[21.255767,45.74227]},"properties":{"lines":"4, 8","color":"#d6212b","mode":"tram","arr":["4","8"],"angle":75.2,"extra":1,"ei":4}},{"type":"Feature","geometry":{"type":"Point","coordinates":[21.25507,45.744095]},"properties":{"lines":"4, 8","color":"#d6212b","mode":"tram","arr":["4","8"],"angle":75,"extra":1,"ei":5}},{"type":"Feature","geometry":{"type":"Point","coordinates":[21.254378,45.74592]},"properties":{"lines":"4, 8","color":"#d6212b","mode":"tram","arr":["4","8"],"angle":75.2,"extra":1,"ei":6}},{"type":"Feature","geometry":{"type":"Point","coordinates":[21.253674,45.747744]},"properties":{"lines":"4, 8","color":"#d6212b","mode":"tram","arr":["4","8"],"angle":75,"extra":1,"ei":7}},{"type":"Feature","geometry":{"type":"Point","coordinates":[21.252193,45.748731]},"properties":{"lines":"4, 8","color":"#d6212b","mode":"tram","arr":["4","8"],"angle":-16.9,"extra":1,"ei":8}},{"type":"Feature","geometry":{"type":"Point","coordinates":[21.247178,45.747341]},"properties":{"lines":"4, 8","color":"#d6212b","mode":"tram","arr":["4","8"],"angle":-28,"extra":1,"ei":9}},{"type":"Feature","geometry":{"type":"Point","coordinates":[21.244776,45.746472]},"properties":{"lines":"4, 8","color":"#d6212b","mode":"tram","arr":["4","8"],"angle":-27.4,"extra":1,"ei":10}},{"type":"Feature","geometry":{"type":"Point","coordinates":[21.242361,45.745619]},"properties":{"lines":"4, 8","color":"#d6212b","mode":"tram","arr":["4","8"],"angle":-25.8,"extra":1,"ei":11}},{"type":"Feature","geometry":{"type":"Point","coordinates":[21.239931,45.744788]},"properties":{"lines":"4, 8","color":"#d6212b","mode":"tram","arr":["4","8"],"angle":-27.3,"extra":1,"ei":12}},{"type":"Feature","geometry":{"type":"Point","coordinates":[21.237532,45.743915]},"properties":{"lines":"4, 8","color":"#d6212b","mode":"tram","arr":["4","8"],"angle":-28.9,"extra":1,"ei":13}},{"type":"Feature","geometry":{"type":"Point","coordinates":[21.235105,45.743081]},"properties":{"lines":"4, 8","color":"#d6212b","mode":"tram","arr":["4","8"],"angle":-26.4,"extra":1,"ei":14}},{"type":"Feature","geometry":{"type":"Point","coordinates":[21.232804,45.742094]},"properties":{"lines":"4, 8","color":"#d6212b","mode":"tram","arr":["4","8"],"angle":-34.7,"extra":1,"ei":15}},{"type":"Feature","geometry":{"type":"Point","coordinates":[21.230452,45.741166]},"properties":{"lines":"4, 8","color":"#d6212b","mode":"tram","arr":["4","8"],"angle":-26.7,"extra":1,"ei":16}},{"type":"Feature","geometry":{"type":"Point","coordinates":[21.227861,45.740747]},"properties":{"lines":"4, 8","color":"#d6212b","mode":"tram","arr":["4","8"],"angle":6.9,"extra":1,"ei":17}},{"type":"Feature","geometry":{"type":"Point","coordinates":[21.221983,45.74486]},"properties":{"lines":"4","color":"#d6212b","mode":"tram","arr":["4"],"angle":54.5}},{"type":"Feature","geometry":{"type":"Point","coordinates":[21.224887,45.742027]},"properties":{"lines":"4","color":"#d6212b","mode":"tram","arr":["4"],"angle":55.9,"extra":1,"ei":0}},{"type":"Feature","geometry":{"type":"Point","coordinates":[21.223318,45.743565]},"properties":{"lines":"4","color":"#d6212b","mode":"tram","arr":["4"],"angle":53.9,"extra":1,"ei":1}},{"type":"Feature","geometry":{"type":"Point","coordinates":[21.220339,45.746709]},"properties":{"lines":"4","color":"#d6212b","mode":"tram","arr":["4"],"angle":62.7,"extra":1,"ei":2}},{"type":"Feature","geometry":{"type":"Point","coordinates":[21.219128,45.748398]},"properties":{"lines":"4","color":"#d6212b","mode":"tram","arr":["4"],"angle":71.4,"extra":1,"ei":3}},{"type":"Feature","geometry":{"type":"Point","coordinates":[21.198146,45.736494]},"properties":{"lines":"7, 9","color":"#d6212b","mode":"tram","arr":["7","9"],"angle":54.3}},{"type":"Feature","geometry":{"type":"Point","coordinates":[21.200675,45.734548]},"properties":{"lines":"7, 9","color":"#d6212b","mode":"tram","arr":["7","9"],"angle":42.7,"extra":1,"ei":0}},{"type":"Feature","geometry":{"type":"Point","coordinates":[21.196344,45.739212]},"properties":{"lines":"7, 9","color":"#d6212b","mode":"tram","arr":["7","9"],"angle":65,"extra":1,"ei":1}},{"type":"Feature","geometry":{"type":"Point","coordinates":[21.211172,45.744984]},"properties":{"lines":"9","color":"#d6212b","mode":"tram","arr":["9"],"angle":-69}},{"type":"Feature","geometry":{"type":"Point","coordinates":[21.195883,45.739916]},"properties":{"lines":"9","color":"#d6212b","mode":"tram","arr":["9","E3"],"busLines":"E3","angle":-85.4,"side":-1}},{"type":"Feature","geometry":{"type":"Point","coordinates":[21.211259,45.745007]},"properties":{"lines":"9","color":"#d6212b","mode":"tram","arr":["9"],"angle":-78.9,"mi":1}}]}