{"type":"FeatureCollection","features":[{"type":"Feature","geometry":{"type":"Point","coordinates":[21.198671,45.754234]},"properties":{"name":"Bârzava","lines":"5b","arr":["5b"],"terminus":1,"mode":"bus","color":"#0059a9","colorDark":"#00294f","angle":258.7,"snapDist":2,"label":1}},{"type":"Feature","geometry":{"type":"Point","coordinates":[21.201326,45.752595]},"properties":{"name":"Dunărea","lines":"5b","arr":["5b"],"terminus":0,"mode":"bus","color":"#0059a9","colorDark":"#00294f","angle":176.7,"snapDist":5,"label":1}},{"type":"Feature","geometry":{"type":"Point","coordinates":[21.207302,45.753444]},"properties":{"name":"Stadion","lines":"5b","arr":["5b"],"terminus":0,"mode":"bus","color":"#0059a9","colorDark":"#00294f","angle":167.3,"snapDist":3,"label":1}},{"type":"Feature","geometry":{"type":"Point","coordinates":[21.214003,45.752565]},"properties":{"name":"Nera","lines":"5b","arr":["5b"],"terminus":0,"mode":"bus","color":"#0059a9","colorDark":"#00294f","angle":169.6,"snapDist":3,"label":1}},{"type":"Feature","geometry":{"type":"Point","coordinates":[21.207708,45.75016]},"properties":{"name":"Gara de Nord (Dragalina)","lines":"5b, E1, E3","arr":["5b","E1","E3"],"terminus":0,"mode":"bus","color":"#0059a9","colorDark":"#00294f","angle":244,"snapDist":2,"label":1}},{"type":"Feature","geometry":{"type":"Point","coordinates":[21.210926,45.744909]},"properties":{"name":"Regele Carol I (Tinereții)","lines":"5b","arr":["5b"],"terminus":0,"mode":"bus","color":"#0059a9","colorDark":"#00294f","angle":329.4,"snapDist":4,"label":1}},{"type":"Feature","geometry":{"type":"Point","coordinates":[21.210907,45.744901]},"properties":{"name":"Bd. Regele Carol I","lines":"5b","arr":["5b"],"terminus":1,"mode":"bus","color":"#0059a9","colorDark":"#00294f","angle":149.4,"snapDist":16,"label":1}},{"type":"Feature","geometry":{"type":"Point","coordinates":[21.208103,45.750419]},"properties":{"name":"Gara de Nord","lines":"5b, 11, 14, 18, E1, E3, E4b, M11, M14","arr":["5b","11","14","18","E1","E3","E4b","M11","M14"],"terminus":0,"mode":"bus","color":"#0059a9","colorDark":"#00294f","angle":165.5,"snapDist":2,"label":1}},{"type":"Feature","geometry":{"type":"Point","coordinates":[21.216374,45.754752]},"properties":{"name":"City of Mara (Lidl)","lines":"5b","arr":["5b"],"terminus":0,"mode":"bus","color":"#0059a9","colorDark":"#00294f","angle":106.5,"snapDist":5,"label":1}},{"type":"Feature","geometry":{"type":"Point","coordinates":[21.20869,45.758064]},"properties":{"name":"Balta Verde","lines":"5b","arr":["5b"],"terminus":0,"mode":"bus","color":"#0059a9","colorDark":"#00294f","angle":16.9,"snapDist":5,"label":1}},{"type":"Feature","geometry":{"type":"Point","coordinates":[21.196047,45.757761]},"properties":{"name":"Grigore Alexandrescu","lines":"5b, 5c","arr":["5b","5c"],"terminus":0,"mode":"bus","color":"#0059a9","colorDark":"#00294f","angle":336.6,"snapDist":3,"label":1}},{"type":"Feature","geometry":{"type":"Point","coordinates":[21.189842,45.750871]},"properties":{"name":"Ronaț (Bogdăneștilor)","lines":"5b, 5c","arr":["5b","5c"],"terminus":1,"mode":"bus","color":"#0059a9","colorDark":"#00294f","angle":91.8,"snapDist":3,"label":1}},{"type":"Feature","geometry":{"type":"Point","coordinates":[21.196409,45.757718]},"properties":{"name":"Grigore Alexandrescu","lines":"5b, 5c","arr":["5b","5c"],"terminus":0,"mode":"bus","color":"#0059a9","colorDark":"#00294f","angle":156.1,"snapDist":2,"label":0}},{"type":"Feature","geometry":{"type":"Point","coordinates":[21.199643,45.758279]},"properties":{"name":"Alexandru Lăpușneanu","lines":"5b","arr":["5b"],"terminus":0,"mode":"bus","color":"#0059a9","colorDark":"#00294f","angle":272.6,"snapDist":3,"label":1}},{"type":"Feature","geometry":{"type":"Point","coordinates":[21.199785,45.75551]},"properties":{"name":"Veronica Micle","lines":"5b","arr":["5b"],"terminus":0,"mode":"bus","color":"#0059a9","colorDark":"#00294f","angle":331.5,"snapDist":2,"label":1}},{"type":"Feature","geometry":{"type":"Point","coordinates":[21.190022,45.751983]},"properties":{"name":"Taborului","lines":"5c","arr":["5c"],"terminus":0,"mode":"bus","color":"#0059a9","colorDark":"#00294f","angle":101.4,"snapDist":4,"label":1}},{"type":"Feature","geometry":{"type":"Point","coordinates":[21.192028,45.75524]},"properties":{"name":"Madona","lines":"5c","arr":["5c"],"terminus":0,"mode":"bus","color":"#0059a9","colorDark":"#00294f","angle":-51.5,"snapDist":11,"label":1}},{"type":"Feature","geometry":{"type":"Point","coordinates":[21.199759,45.758456]},"properties":{"name":"Alexandru Lăpușneanu","lines":"5c","arr":["5c"],"terminus":0,"mode":"bus","color":"#0059a9","colorDark":"#00294f","angle":169.9,"snapDist":1,"label":0}},{"type":"Feature","geometry":{"type":"Point","coordinates":[21.20328,45.758612]},"properties":{"name":"Macilor","lines":"5c","arr":["5c"],"terminus":0,"mode":"bus","color":"#0059a9","colorDark":"#00294f","angle":180,"snapDist":2,"label":1}},{"type":"Feature","geometry":{"type":"Point","coordinates":[21.209671,45.757632]},"properties":{"name":"Balta Verde","lines":"5c","arr":["5c"],"terminus":0,"mode":"bus","color":"#0059a9","colorDark":"#00294f","angle":192.5,"snapDist":0,"label":0}},{"type":"Feature","geometry":{"type":"Point","coordinates":[21.213381,45.756917]},"properties":{"name":"Mendeleev","lines":"5c","arr":["5c"],"terminus":0,"mode":"bus","color":"#0059a9","colorDark":"#00294f","angle":12.2,"snapDist":11,"label":1}},{"type":"Feature","geometry":{"type":"Point","coordinates":[21.216574,45.756611]},"properties":{"name":"Circumvalațiunii (Brediceanu)","lines":"5c","arr":["5c"],"terminus":0,"mode":"bus","color":"#0059a9","colorDark":"#00294f","angle":-13.6,"snapDist":8,"label":1}},{"type":"Feature","geometry":{"type":"Point","coordinates":[21.222939,45.756268]},"properties":{"name":"Piața Timișoara 700","lines":"5c","arr":["5c"],"terminus":0,"mode":"bus","color":"#0059a9","colorDark":"#00294f","angle":184.6,"snapDist":1,"label":1}},{"type":"Feature","geometry":{"type":"Point","coordinates":[21.226736,45.756021]},"properties":{"name":"Piața Libertății","lines":"5c","arr":["5c"],"terminus":0,"mode":"bus","color":"#0059a9","colorDark":"#00294f","angle":187.5,"snapDist":3,"label":1}},{"type":"Feature","geometry":{"type":"Point","coordinates":[21.231836,45.755709]},"properties":{"name":"Hotel Continental (Bega)","lines":"5c","arr":["5c"],"terminus":0,"mode":"bus","color":"#0059a9","colorDark":"#00294f","angle":188.1,"snapDist":2,"label":1}},{"type":"Feature","geometry":{"type":"Point","coordinates":[21.238626,45.755619]},"properties":{"name":"Prefectura","lines":"5c","arr":["5c"],"terminus":0,"mode":"bus","color":"#0059a9","colorDark":"#00294f","angle":172.1,"snapDist":4,"label":0}},{"type":"Feature","geometry":{"type":"Point","coordinates":[21.243326,45.754326]},"properties":{"name":"Liceul J. L. Calderon","lines":"5c, 21, 23, E8","arr":["5c","21","23","E8"],"terminus":0,"mode":"bus","color":"#0059a9","colorDark":"#00294f","angle":171.5,"snapDist":7,"label":1}},{"type":"Feature","geometry":{"type":"Point","coordinates":[21.250976,45.75473]},"properties":{"name":"Iepurelui","lines":"5c, 21, E8","arr":["5c","21","E8"],"terminus":0,"mode":"bus","color":"#0059a9","colorDark":"#00294f","angle":184.2,"snapDist":7,"label":1}},{"type":"Feature","geometry":{"type":"Point","coordinates":[21.256094,45.757403]},"properties":{"name":"Andrei Șaguna","lines":"5c, 21, E8, M29","arr":["5c","21","E8","M29"],"terminus":0,"mode":"bus","color":"#0059a9","colorDark":"#00294f","angle":117,"snapDist":3,"label":1}},{"type":"Feature","geometry":{"type":"Point","coordinates":[21.257872,45.758973]},"properties":{"name":"Piața Sarmizegetusa","lines":"5c","arr":["5c"],"terminus":0,"mode":"bus","color":"#0059a9","colorDark":"#00294f","angle":-48.9,"snapDist":6,"label":1}},{"type":"Feature","geometry":{"type":"Point","coordinates":[21.260375,45.761985]},"properties":{"name":"Lalelelor","lines":"5c","arr":["5c"],"terminus":0,"mode":"bus","color":"#0059a9","colorDark":"#00294f","angle":114.7,"snapDist":1,"label":1}},{"type":"Feature","geometry":{"type":"Point","coordinates":[21.260714,45.765065]},"properties":{"name":"Piața V. Economu (Modern)","lines":"5c","arr":["5c"],"terminus":0,"mode":"bus","color":"#0059a9","colorDark":"#00294f","angle":-93.7,"snapDist":9,"label":1}},{"type":"Feature","geometry":{"type":"Point","coordinates":[21.260389,45.769406]},"properties":{"name":"Spitalul Victor Babeș","lines":"5c","arr":["5c"],"terminus":0,"mode":"bus","color":"#0059a9","colorDark":"#00294f","angle":86.4,"snapDist":7,"label":1}},{"type":"Feature","geometry":{"type":"Point","coordinates":[21.259402,45.771832]},"properties":{"name":"Stația Meteo","lines":"5c","arr":["5c"],"terminus":0,"mode":"bus","color":"#0059a9","colorDark":"#00294f","angle":356.7,"snapDist":3,"label":1}},{"type":"Feature","geometry":{"type":"Point","coordinates":[21.255453,45.771811]},"properties":{"name":"U.M.T.","lines":"5c, 46","arr":["5c","46"],"terminus":0,"mode":"bus","color":"#0059a9","colorDark":"#00294f","angle":324.2,"snapDist":5,"label":1}},{"type":"Feature","geometry":{"type":"Point","coordinates":[21.251958,45.770023]},"properties":{"name":"Poliția Locală","lines":"5c, 46","arr":["5c","46"],"terminus":0,"mode":"bus","color":"#0059a9","colorDark":"#00294f","angle":324.4,"snapDist":4,"label":1}},{"type":"Feature","geometry":{"type":"Point","coordinates":[21.24465,45.766321]},"properties":{"name":"Gara de Est","lines":"5c, 23, 46","arr":["5c","23","46"],"terminus":1,"mode":"bus","color":"#0059a9","colorDark":"#00294f","angle":317.8,"snapDist":6,"label":1}},{"type":"Feature","geometry":{"type":"Point","coordinates":[21.252507,45.770302]},"properties":{"name":"Poliția Locală","lines":"5c, 46","arr":["5c","46"],"terminus":0,"mode":"bus","color":"#0059a9","colorDark":"#00294f","angle":143.8,"snapDist":3,"label":0}},{"type":"Feature","geometry":{"type":"Point","coordinates":[21.255088,45.771619]},"properties":{"name":"U.M.T.","lines":"5c, 46","arr":["5c","46"],"terminus":0,"mode":"bus","color":"#0059a9","colorDark":"#00294f","angle":143.8,"snapDist":3,"label":0}},{"type":"Feature","geometry":{"type":"Point","coordinates":[21.259429,45.771833]},"properties":{"name":"Stația Meteorologică","lines":"5c","arr":["5c"],"terminus":0,"mode":"bus","color":"#0059a9","colorDark":"#00294f","angle":176.7,"snapDist":1,"label":1}},{"type":"Feature","geometry":{"type":"Point","coordinates":[21.26039,45.769396]},"properties":{"name":"Spitalul Victor Babeș","lines":"5c","arr":["5c"],"terminus":0,"mode":"bus","color":"#0059a9","colorDark":"#00294f","angle":266.4,"snapDist":10,"label":0}},{"type":"Feature","geometry":{"type":"Point","coordinates":[21.260486,45.765721]},"properties":{"name":"Piața V. Economu (Modern)","lines":"5c","arr":["5c"],"terminus":0,"mode":"bus","color":"#0059a9","colorDark":"#00294f","angle":272.4,"snapDist":3,"label":0}},{"type":"Feature","geometry":{"type":"Point","coordinates":[21.260468,45.762324]},"properties":{"name":"Lalelelor","lines":"5c","arr":["5c"],"terminus":0,"mode":"bus","color":"#0059a9","colorDark":"#00294f","angle":293.6,"snapDist":2,"label":0}},{"type":"Feature","geometry":{"type":"Point","coordinates":[21.258165,45.759386]},"properties":{"name":"Piața Sarmizegetusa","lines":"5c","arr":["5c"],"terminus":0,"mode":"bus","color":"#0059a9","colorDark":"#00294f","angle":312.8,"snapDist":3,"label":0}},{"type":"Feature","geometry":{"type":"Point","coordinates":[21.255746,45.757237]},"properties":{"name":"Prințul Turcesc","lines":"5c","arr":["5c"],"terminus":0,"mode":"bus","color":"#0059a9","colorDark":"#00294f","angle":304.8,"snapDist":3,"label":1}},{"type":"Feature","geometry":{"type":"Point","coordinates":[21.253756,45.755368]},"properties":{"name":"Baba Dochia","lines":"5c, 21, E8","arr":["5c","21","E8"],"terminus":0,"mode":"bus","color":"#0059a9","colorDark":"#00294f","angle":323.6,"snapDist":10,"label":1}},{"type":"Feature","geometry":{"type":"Point","coordinates":[21.250434,45.754831]},"properties":{"name":"Iepurelui","lines":"5c, 21, E8","arr":["5c","21","E8"],"terminus":0,"mode":"bus","color":"#0059a9","colorDark":"#00294f","angle":19.8,"snapDist":11,"label":0}},{"type":"Feature","geometry":{"type":"Point","coordinates":[21.243069,45.7543]},"properties":{"name":"Liceul J. L. Calderon","lines":"5c, 21, 23, E8","arr":["5c","21","23","E8"],"terminus":0,"mode":"bus","color":"#0059a9","colorDark":"#00294f","angle":351.6,"snapDist":10,"label":0}},{"type":"Feature","geometry":{"type":"Point","coordinates":[21.238608,45.75579]},"properties":{"name":"Prefectura","lines":"5c","arr":["5c"],"terminus":0,"mode":"bus","color":"#0059a9","colorDark":"#00294f","angle":172.3,"snapDist":7,"label":0}},{"type":"Feature","geometry":{"type":"Point","coordinates":[21.233949,45.75554]},"properties":{"name":"Hotel Continental (BNR)","lines":"5c","arr":["5c"],"terminus":0,"mode":"bus","color":"#0059a9","colorDark":"#00294f","angle":5.4,"snapDist":9,"label":1}},{"type":"Feature","geometry":{"type":"Point","coordinates":[21.22667,45.756025]},"properties":{"name":"Piața Libertății","lines":"5c","arr":["5c"],"terminus":0,"mode":"bus","color":"#0059a9","colorDark":"#00294f","angle":3.5,"snapDist":1,"label":0}},{"type":"Feature","geometry":{"type":"Point","coordinates":[21.22288,45.756272]},"properties":{"name":"Piața Timișoara 700","lines":"5c","arr":["5c"],"terminus":0,"mode":"bus","color":"#0059a9","colorDark":"#00294f","angle":4.6,"snapDist":10,"label":0}},{"type":"Feature","geometry":{"type":"Point","coordinates":[21.21741,45.756563]},"properties":{"name":"Circumvalațiunii (Brediceanu)","lines":"5c","arr":["5c"],"terminus":0,"mode":"bus","color":"#0059a9","colorDark":"#00294f","angle":3.6,"snapDist":12,"label":0}},{"type":"Feature","geometry":{"type":"Point","coordinates":[21.213957,45.756837]},"properties":{"name":"Mendeleev","lines":"5c","arr":["5c"],"terminus":0,"mode":"bus","color":"#0059a9","colorDark":"#00294f","angle":9.8,"snapDist":15,"label":0}},{"type":"Feature","geometry":{"type":"Point","coordinates":[21.209967,45.757592]},"properties":{"name":"Balta Verde (Cetății)","lines":"5c","arr":["5c"],"terminus":0,"mode":"bus","color":"#0059a9","colorDark":"#00294f","angle":26.9,"snapDist":16,"label":1}},{"type":"Feature","geometry":{"type":"Point","coordinates":[21.203398,45.758763]},"properties":{"name":"Macilor","lines":"5c","arr":["5c"],"terminus":0,"mode":"bus","color":"#0059a9","colorDark":"#00294f","angle":-176.3,"snapDist":9,"label":0}},{"type":"Feature","geometry":{"type":"Point","coordinates":[21.199709,45.758604]},"properties":{"name":"Alexandru Lăpușneanu","lines":"5c","arr":["5c"],"terminus":0,"mode":"bus","color":"#0059a9","colorDark":"#00294f","angle":171.6,"snapDist":6,"label":0}},{"type":"Feature","geometry":{"type":"Point","coordinates":[21.192086,45.755538]},"properties":{"name":"Madona","lines":"5c","arr":["5c"],"terminus":0,"mode":"bus","color":"#0059a9","colorDark":"#00294f","angle":310.3,"snapDist":1,"label":0}},{"type":"Feature","geometry":{"type":"Point","coordinates":[21.189962,45.752428]},"properties":{"name":"Guttenbrunn (Ronaț)","lines":"5c","arr":["5c"],"terminus":0,"mode":"bus","color":"#0059a9","colorDark":"#00294f","angle":283.4,"snapDist":1,"label":1}},{"type":"Feature","geometry":{"type":"Point","coordinates":[21.199718,45.749078]},"properties":{"name":"Gheorghe Barițiu","lines":"11, 14, 18, E4b, M11, M14","arr":["11","14","18","E4b","M11","M14"],"terminus":1,"mode":"bus","color":"#0059a9","colorDark":"#00294f","angle":81,"snapDist":3,"label":1}},{"type":"Feature","geometry":{"type":"Point","coordinates":[21.202061,45.749536]},"properties":{"name":"Pop de Băsești (Gării)","lines":"11, 14, 18, M11, M14","arr":["11","14","18","M11","M14"],"terminus":0,"mode":"bus","color":"#149a3f","colorDark":"#0a5121","angle":185.6,"snapDist":1,"label":1}},{"type":"Feature","geometry":{"type":"Point","coordinates":[21.216827,45.751888]},"properties":{"name":"Pasaj Jiul","lines":"11, 14, 18, E3, M11, M14","arr":["11","14","18","E3","M11","M14"],"terminus":0,"mode":"bus","color":"#0059a9","colorDark":"#00294f","angle":164.6,"snapDist":7,"label":1}},{"type":"Feature","geometry":{"type":"Point","coordinates":[21.222639,45.753293]},"properties":{"name":"Piața Regina Maria (Spitalul de copii)","lines":"11, 14, 18, M11, M14","arr":["11","14","18","M11","M14"],"terminus":0,"mode":"bus","color":"#149a3f","colorDark":"#0a5121","angle":160.8,"snapDist":5,"label":1}},{"type":"Feature","geometry":{"type":"Point","coordinates":[21.224786,45.756589]},"properties":{"name":"Piața Timișoara 700 (Spitalul Militar)","lines":"11, 13, 14, 18, E4b, M11, M14","arr":["11","13","14","18","E4b","M11","M14"],"terminus":1,"mode":"bus","color":"#0059a9","colorDark":"#00294f","angle":86.8,"snapDist":3,"label":1}},{"type":"Feature","geometry":{"type":"Point","coordinates":[21.227642,45.759236]},"properties":{"name":"Piața Mărăști","lines":"11, 14, 18, M11, M14","arr":["11","14","18","M11","M14"],"terminus":0,"mode":"bus","color":"#149a3f","colorDark":"#0a5121","angle":183,"snapDist":3,"label":1}},{"type":"Feature","geometry":{"type":"Point","coordinates":[21.23424,45.758122]},"properties":{"name":"Bastionul Maria Tereza (Take Ionescu)","lines":"11, 17, 28, 46, E4, E4b, M11, M42","arr":["11","17","28","46","E4","E4b","M11","M42"],"terminus":1,"mode":"bus","color":"#0059a9","colorDark":"#00294f","angle":153.5,"snapDist":5,"label":1}},{"type":"Feature","geometry":{"type":"Point","coordinates":[21.240595,45.760294]},"properties":{"name":"Poliția Jud. Timiș","lines":"11, 17, 28, 46, M11, M30, M35","arr":["11","17","28","46","M11","M30","M35"],"terminus":0,"mode":"bus","color":"#0059a9","colorDark":"#00294f","angle":156.8,"snapDist":3,"label":1}},{"type":"Feature","geometry":{"type":"Point","coordinates":[21.248225,45.762682]},"properties":{"name":"Piața Badea Cârțan (Simion Bărnuțiu)","lines":"11, 17, 28, E4, E4b, M11, M27, M30, M35","arr":["11","17","28","E4","E4b","M11","M27","M30","M35"],"terminus":0,"mode":"bus","color":"#0059a9","colorDark":"#00294f","angle":161.5,"snapDist":4,"label":1}},{"type":"Feature","geometry":{"type":"Point","coordinates":[21.252338,45.763548]},"properties":{"name":"Samuil Micu","lines":"11, 17, 28, E4b, M11, M30, M35","arr":["11","17","28","E4b","M11","M30","M35"],"terminus":0,"mode":"bus","color":"#0059a9","colorDark":"#00294f","angle":175.6,"snapDist":2,"label":1}},{"type":"Feature","geometry":{"type":"Point","coordinates":[21.256053,45.763883]},"properties":{"name":"Renașterii","lines":"11, 17, 28, M11, M30, M35","arr":["11","17","28","M11","M30","M35"],"terminus":0,"mode":"bus","color":"#0059a9","colorDark":"#00294f","angle":163.6,"snapDist":7,"label":1}},{"type":"Feature","geometry":{"type":"Point","coordinates":[21.261149,45.765718]},"properties":{"name":"Piața V. Economu (Calea Dorobanților)","lines":"11, 17, 28, E4, E4b, M11, M27, M29, M30","arr":["11","17","28","E4","E4b","M11","M27","M29","M30"],"terminus":1,"mode":"bus","color":"#0059a9","colorDark":"#00294f","angle":136.8,"snapDist":1,"label":1}},{"type":"Feature","geometry":{"type":"Point","coordinates":[21.269098,45.769641]},"properties":{"name":"Arena Aqua (Ștrandul Tineretului)","lines":"11, 17, E4, E4b, M11, M27","arr":["11","17","E4","E4b","M11","M27"],"terminus":1,"mode":"bus","color":"#0059a9","colorDark":"#00294f","angle":163.5,"snapDist":6,"label":1}},{"type":"Feature","geometry":{"type":"Point","coordinates":[21.269617,45.769365]},"properties":{"name":"Arena Aqua (Bucla)","lines":"11, 17","arr":["11","17"],"terminus":1,"mode":"bus","color":"#149a3f","colorDark":"#0a5121","angle":343.3,"snapDist":5,"label":1}},{"type":"Feature","geometry":{"type":"Point","coordinates":[21.260067,45.765246]},"properties":{"name":"Piața V. Economu (Simion Bărnuțiu)","lines":"11, 17, 28, E4, E4b, M11, M27, M30, M35","arr":["11","17","28","E4","E4b","M11","M27","M30","M35"],"terminus":0,"mode":"bus","color":"#0059a9","colorDark":"#00294f","angle":321.3,"snapDist":3,"label":1}},{"type":"Feature","geometry":{"type":"Point","coordinates":[21.255295,45.763767]},"properties":{"name":"Renașterii","lines":"11, 17, 28, M11, M30, M35","arr":["11","17","28","M11","M30","M35"],"terminus":0,"mode":"bus","color":"#0059a9","colorDark":"#00294f","angle":355.1,"snapDist":5,"label":0}},{"type":"Feature","geometry":{"type":"Point","coordinates":[21.25115,45.763488]},"properties":{"name":"Samuil Micu","lines":"11, 17, 28, E4b, M11, M30, M35","arr":["11","17","28","E4b","M11","M30","M35"],"terminus":0,"mode":"bus","color":"#0059a9","colorDark":"#00294f","angle":341.5,"snapDist":3,"label":0}},{"type":"Feature","geometry":{"type":"Point","coordinates":[21.246289,45.762351]},"properties":{"name":"Piața Badea Cârțan (Multiplexity)","lines":"11, 17, 28, 46, E4, E4b, M11, M27, M30, M35","arr":["11","17","28","46","E4","E4b","M11","M27","M30","M35"],"terminus":0,"mode":"bus","color":"#0059a9","colorDark":"#00294f","angle":340.8,"snapDist":2,"label":1}},{"type":"Feature","geometry":{"type":"Point","coordinates":[21.241521,45.760746]},"properties":{"name":"Poliția Jud. Timiș","lines":"11, 17, 28, 46, M11, M30, M35","arr":["11","17","28","46","M11","M30","M35"],"terminus":0,"mode":"bus","color":"#0059a9","colorDark":"#00294f","angle":333.5,"snapDist":5,"label":0}},{"type":"Feature","geometry":{"type":"Point","coordinates":[21.236434,45.758988]},"properties":{"name":"Aurel Popovici","lines":"11, 17, 28, 46, E4, M11, M30, M35","arr":["11","17","28","46","E4","M11","M30","M35"],"terminus":0,"mode":"bus","color":"#0059a9","colorDark":"#00294f","angle":333.8,"snapDist":8,"label":1}},{"type":"Feature","geometry":{"type":"Point","coordinates":[21.231628,45.758865]},"properties":{"name":"Oituz (Punctele cardinale)","lines":"11, 17, E2, E4b, E6, M11, M27, M45","arr":["11","17","E2","E4b","E6","M11","M27","M45"],"terminus":1,"mode":"bus","color":"#0059a9","colorDark":"#00294f","angle":32.6,"snapDist":5,"label":1}},{"type":"Feature","geometry":{"type":"Point","coordinates":[21.225909,45.758509]},"properties":{"name":"Spitalul Municipal (Parcul Botanic)","lines":"11, 14, 18, E4b, M11, M14","arr":["11","14","18","E4b","M11","M14"],"terminus":0,"mode":"bus","color":"#0059a9","colorDark":"#00294f","angle":321.1,"snapDist":7,"label":1}},{"type":"Feature","geometry":{"type":"Point","coordinates":[21.223218,45.756506]},"properties":{"name":"Piața Timișoara 700 (Paris)","lines":"11, 13, 14, 18, E4b, M11, M14","arr":["11","13","14","18","E4b","M11","M14"],"terminus":0,"mode":"bus","color":"#0059a9","colorDark":"#00294f","angle":282.2,"snapDist":2,"label":1}},{"type":"Feature","geometry":{"type":"Point","coordinates":[21.220754,45.752835]},"properties":{"name":"Piața Regina Maria (Spitalul de copii)","lines":"11, 14, 18, E3, M11, M14","arr":["11","14","18","E3","M11","M14"],"terminus":0,"mode":"bus","color":"#0059a9","colorDark":"#00294f","angle":340.1,"snapDist":5,"label":0}},{"type":"Feature","geometry":{"type":"Point","coordinates":[21.216284,45.751821]},"properties":{"name":"Pasaj Jiul","lines":"11, 14, 18, E3, M11, M14","arr":["11","14","18","E3","M11","M14"],"terminus":0,"mode":"bus","color":"#0059a9","colorDark":"#00294f","angle":2.9,"snapDist":9,"label":0}},{"type":"Feature","geometry":{"type":"Point","coordinates":[21.207987,45.750509]},"properties":{"name":"Gara de Nord","lines":"11, 14, 18, E4b, M11, M14","arr":["11","14","18","E4b","M11","M14"],"terminus":0,"mode":"bus","color":"#0059a9","colorDark":"#00294f","angle":346.8,"snapDist":6,"label":0}},{"type":"Feature","geometry":{"type":"Point","coordinates":[21.202028,45.749568]},"properties":{"name":"Pop de Băsești (Gării)","lines":"11, 14, 18, M11, M14","arr":["11","14","18","M11","M14"],"terminus":0,"mode":"bus","color":"#149a3f","colorDark":"#0a5121","angle":331.4,"snapDist":8,"label":0}},{"type":"Feature","geometry":{"type":"Point","coordinates":[21.1995,45.749089]},"properties":{"name":"Gheorghe Barițiu","lines":"11, 14, 18, E4b, M11, M14","arr":["11","14","18","E4b","M11","M14"],"terminus":1,"mode":"bus","color":"#0059a9","colorDark":"#00294f","angle":245.1,"snapDist":8,"label":0}},{"type":"Feature","geometry":{"type":"Point","coordinates":[21.224111,45.75805]},"properties":{"name":"Piața Timișoara 700 (A. Müller Guttenbrunn)","lines":"13, M43, M44","arr":["13","M43","M44"],"terminus":0,"mode":"bus","color":"#0059a9","colorDark":"#00294f","angle":23.8,"snapDist":4,"label":1}},{"type":"Feature","geometry":{"type":"Point","coordinates":[21.217461,45.760442]},"properties":{"name":"Bd. Circumvalațiunii (Gheorghe Lazăr)","lines":"13, M43","arr":["13","M43"],"terminus":0,"mode":"bus","color":"#0059a9","colorDark":"#00294f","angle":30.4,"snapDist":7,"label":1}},{"type":"Feature","geometry":{"type":"Point","coordinates":[21.213134,45.762114]},"properties":{"name":"Timiș","lines":"13, M43","arr":["13","M43"],"terminus":0,"mode":"bus","color":"#0059a9","colorDark":"#00294f","angle":28.4,"snapDist":6,"label":1}},{"type":"Feature","geometry":{"type":"Point","coordinates":[21.20982,45.763259]},"properties":{"name":"Bd. Cetății (Cloșca)","lines":"13, M43","arr":["13","M43"],"terminus":0,"mode":"bus","color":"#0059a9","colorDark":"#00294f","angle":21.3,"snapDist":8,"label":1}},{"type":"Feature","geometry":{"type":"Point","coordinates":[21.205779,45.764345]},"properties":{"name":"Piața Avram Iancu","lines":"13, M43","arr":["13","M43"],"terminus":0,"mode":"bus","color":"#0059a9","colorDark":"#00294f","angle":20.9,"snapDist":9,"label":1}},{"type":"Feature","geometry":{"type":"Point","coordinates":[21.202021,45.765325]},"properties":{"name":"Vuk Karadjici","lines":"13, M43","arr":["13","M43"],"terminus":0,"mode":"bus","color":"#0059a9","colorDark":"#00294f","angle":20.1,"snapDist":9,"label":1}},{"type":"Feature","geometry":{"type":"Point","coordinates":[21.194455,45.766475]},"properties":{"name":"Grigore Alexandrescu (Mehala)","lines":"13, M43","arr":["13","M43"],"terminus":0,"mode":"bus","color":"#0059a9","colorDark":"#00294f","angle":343.1,"snapDist":4,"label":1}},{"type":"Feature","geometry":{"type":"Point","coordinates":[21.191922,45.765955]},"properties":{"name":"Piața de Gros","lines":"13, M43","arr":["13","M43"],"terminus":0,"mode":"bus","color":"#0059a9","colorDark":"#00294f","angle":343.5,"snapDist":1,"label":1}},{"type":"Feature","geometry":{"type":"Point","coordinates":[21.181345,45.763647]},"properties":{"name":"Pasaj C.F. (Ovidiu Balea)","lines":"13","arr":["13"],"terminus":1,"mode":"bus","color":"#0059a9","colorDark":"#00294f","angle":164.3,"snapDist":2,"label":1}},{"type":"Feature","geometry":{"type":"Point","coordinates":[21.19173,45.765805]},"properties":{"name":"Piața de Gros","lines":"13, M43","arr":["13","M43"],"terminus":0,"mode":"bus","color":"#0059a9","colorDark":"#00294f","angle":164.8,"snapDist":3,"label":0}},{"type":"Feature","geometry":{"type":"Point","coordinates":[21.196492,45.766555]},"properties":{"name":"Grigore Alexandrescu (Mehala)","lines":"13, M43","arr":["13","M43"],"terminus":0,"mode":"bus","color":"#0059a9","colorDark":"#00294f","angle":195.7,"snapDist":6,"label":0}},{"type":"Feature","geometry":{"type":"Point","coordinates":[21.20293,45.765088]},"properties":{"name":"Vuk Karadjici","lines":"13, M43","arr":["13","M43"],"terminus":0,"mode":"bus","color":"#0059a9","colorDark":"#00294f","angle":200.4,"snapDist":4,"label":0}},{"type":"Feature","geometry":{"type":"Point","coordinates":[21.205716,45.764361]},"properties":{"name":"Piața Avram Iancu","lines":"13, M43","arr":["13","M43"],"terminus":0,"mode":"bus","color":"#0059a9","colorDark":"#00294f","angle":200.1,"snapDist":4,"label":0}},{"type":"Feature","geometry":{"type":"Point","coordinates":[21.211364,45.762779]},"properties":{"name":"Bulevardul Cetății (Gheorghe Lazăr)","lines":"13, M43","arr":["13","M43"],"terminus":0,"mode":"bus","color":"#0059a9","colorDark":"#00294f","angle":203.2,"snapDist":5,"label":1}},{"type":"Feature","geometry":{"type":"Point","coordinates":[21.213858,45.761834]},"properties":{"name":"Timiș","lines":"13, M43","arr":["13","M43"],"terminus":0,"mode":"bus","color":"#0059a9","colorDark":"#00294f","angle":208.7,"snapDist":9,"label":0}},{"type":"Feature","geometry":{"type":"Point","coordinates":[21.219208,45.759651]},"properties":{"name":"Bd. Circumvalațiunii (Gheorghe Lazăr)","lines":"13, M43","arr":["13","M43"],"terminus":0,"mode":"bus","color":"#0059a9","colorDark":"#00294f","angle":211.6,"snapDist":4,"label":0}},{"type":"Feature","geometry":{"type":"Point","coordinates":[21.224338,45.75798]},"properties":{"name":"Piața Timișoara 700 (A. Müller Guttenbrunn)","lines":"13, M43","arr":["13","M43"],"terminus":0,"mode":"bus","color":"#0059a9","colorDark":"#00294f","angle":203.8,"snapDist":7,"label":0}},{"type":"Feature","geometry":{"type":"Point","coordinates":[21.225412,45.765454]},"properties":{"name":"Piața Consiliul Europei (Iulius Mall)","lines":"14, 17, 18, M14","arr":["14","17","18","M14"],"terminus":0,"mode":"bus","color":"#149a3f","colorDark":"#0a5121","angle":84.6,"snapDist":7,"label":1}},{"type":"Feature","geometry":{"type":"Point","coordinates":[21.226595,45.768191]},"properties":{"name":"Cimitirul Eroilor (Iulius Mall)","lines":"14, M14","arr":["14","M14"],"terminus":0,"mode":"bus","color":"#149a3f","colorDark":"#0a5121","angle":184.8,"snapDist":5,"label":1}},{"type":"Feature","geometry":{"type":"Point","coordinates":[21.230563,45.76981]},"properties":{"name":"Divizia 9 Cavalerie","lines":"14, E2, M14, M49","arr":["14","E2","M14","M49"],"terminus":0,"mode":"bus","color":"#0059a9","colorDark":"#00294f","angle":104.3,"snapDist":0,"label":1}},{"type":"Feature","geometry":{"type":"Point","coordinates":[21.231837,45.773215]},"properties":{"name":"Pomiculturii","lines":"14, E2, M14, M49","arr":["14","E2","M14","M49"],"terminus":0,"mode":"bus","color":"#0059a9","colorDark":"#00294f","angle":106.5,"snapDist":6,"label":1}},{"type":"Feature","geometry":{"type":"Point","coordinates":[21.23364,45.777275]},"properties":{"name":"Sf. Apostoli Petru și Pavel (Sever Bocu)","lines":"14, M14, M49","arr":["14","M14","M49"],"terminus":0,"mode":"bus","color":"#0059a9","colorDark":"#00294f","angle":106.7,"snapDist":6,"label":1}},{"type":"Feature","geometry":{"type":"Point","coordinates":[21.234705,45.779926]},"properties":{"name":"Ion Ionescu de la Brad","lines":"14, M14, M49","arr":["14","M14","M49"],"terminus":1,"mode":"bus","color":"#0059a9","colorDark":"#00294f","angle":-74.7,"snapDist":10,"label":1}},{"type":"Feature","geometry":{"type":"Point","coordinates":[21.23324,45.776591]},"properties":{"name":"Sf. Apostoli Petru și Pavel (Sever Bocu)","lines":"14, 40, M14, M49","arr":["14","40","M14","M49"],"terminus":0,"mode":"bus","color":"#0059a9","colorDark":"#00294f","angle":286.7,"snapDist":7,"label":0}},{"type":"Feature","geometry":{"type":"Point","coordinates":[21.231818,45.773171]},"properties":{"name":"Pomiculturii","lines":"14, 40, M14, M49","arr":["14","40","M14","M49"],"terminus":0,"mode":"bus","color":"#0059a9","colorDark":"#00294f","angle":286.5,"snapDist":11,"label":0}},{"type":"Feature","geometry":{"type":"Point","coordinates":[21.230161,45.769228]},"properties":{"name":"Divizia 9 Cavalerie","lines":"14, 40, M14, M49","arr":["14","40","M14","M49"],"terminus":0,"mode":"bus","color":"#0059a9","colorDark":"#00294f","angle":285.6,"snapDist":5,"label":0}},{"type":"Feature","geometry":{"type":"Point","coordinates":[21.225635,45.768324]},"properties":{"name":"Cimitirul Eroilor","lines":"14, M14","arr":["14","M14"],"terminus":0,"mode":"bus","color":"#149a3f","colorDark":"#0a5121","angle":7.1,"snapDist":3,"label":1}},{"type":"Feature","geometry":{"type":"Point","coordinates":[21.225834,45.763201]},"properties":{"name":"Piața Consiliul Europei (Poligrafie)","lines":"14, 17, 18, E2, E6, M14, M41, M42, M44, M45, M47, M48, M50","arr":["14","17","18","E2","E6","M14","M41","M42","M44","M45","M47","M48","M50"],"terminus":0,"mode":"bus","color":"#0059a9","colorDark":"#00294f","angle":244.8,"snapDist":8,"label":1}},{"type":"Feature","geometry":{"type":"Point","coordinates":[21.247427,45.731961]},"properties":{"name":"Girație Bulevardul Sudului","lines":"15, 24, E2","arr":["15","24","E2"],"terminus":1,"mode":"bus","color":"#0059a9","colorDark":"#00294f","angle":115,"snapDist":5,"label":1}},{"type":"Feature","geometry":{"type":"Point","coordinates":[21.248846,45.734443]},"properties":{"name":"Parc Bulevardul Sudului","lines":"15, 24, E2, M23","arr":["15","24","E2","M23"],"terminus":0,"mode":"bus","color":"#0059a9","colorDark":"#00294f","angle":111.7,"snapDist":7,"label":1}},{"type":"Feature","geometry":{"type":"Point","coordinates":[21.249726,45.737357]},"properties":{"name":"Bulevardul Sudului (Liviu Rebreanu)","lines":"15, E2","arr":["15","E2"],"terminus":0,"mode":"bus","color":"#0059a9","colorDark":"#00294f","angle":6.5,"snapDist":3,"label":1}},{"type":"Feature","geometry":{"type":"Point","coordinates":[21.240636,45.738701]},"properties":{"name":"Spitalul Județean (Arieș)","lines":"15, E2","arr":["15","E2"],"terminus":0,"mode":"bus","color":"#0059a9","colorDark":"#00294f","angle":61,"snapDist":7,"label":1}},{"type":"Feature","geometry":{"type":"Point","coordinates":[21.23916,45.741735]},"properties":{"name":"Casa Tineretului","lines":"15, 16, E2, E3","arr":["15","16","E2","E3"],"terminus":0,"mode":"bus","color":"#0059a9","colorDark":"#00294f","angle":137.1,"snapDist":7,"label":1}},{"type":"Feature","geometry":{"type":"Point","coordinates":[21.240778,45.74614]},"properties":{"name":"Sala C. Jude (Ripensia)","lines":"15, 16, E2, E3","arr":["15","16","E2","E3"],"terminus":0,"mode":"bus","color":"#0059a9","colorDark":"#00294f","angle":65.6,"snapDist":3,"label":1}},{"type":"Feature","geometry":{"type":"Point","coordinates":[21.237161,45.748946]},"properties":{"name":"Complexul Studențesc (BRD)","lines":"15, E2","arr":["15","E2"],"terminus":0,"mode":"bus","color":"#0059a9","colorDark":"#00294f","angle":14.1,"snapDist":3,"label":1}},{"type":"Feature","geometry":{"type":"Point","coordinates":[21.233249,45.752146]},"properties":{"name":"Parcul Copiilor","lines":"15, 21, E2, E7","arr":["15","21","E2","E7"],"terminus":0,"mode":"bus","color":"#0059a9","colorDark":"#00294f","angle":60.7,"snapDist":5,"label":1}},{"type":"Feature","geometry":{"type":"Point","coordinates":[21.233717,45.754683]},"properties":{"name":"Traian Grozăvescu (Poșta Mare)","lines":"15, 16, 21, E7","arr":["15","16","21","E7"],"terminus":1,"mode":"bus","color":"#0059a9","colorDark":"#00294f","angle":216.7,"snapDist":7,"label":1}},{"type":"Feature","geometry":{"type":"Point","coordinates":[21.23361,45.751474]},"properties":{"name":"Parcul Copiilor","lines":"15, 21, E2, E7","arr":["15","21","E2","E7"],"terminus":0,"mode":"bus","color":"#0059a9","colorDark":"#00294f","angle":238.5,"snapDist":1,"label":0}},{"type":"Feature","geometry":{"type":"Point","coordinates":[21.235338,45.748063]},"properties":{"name":"Complexul Studențesc (Ion Vidu)","lines":"15, 16, E2, E3","arr":["15","16","E2","E3"],"terminus":0,"mode":"bus","color":"#0059a9","colorDark":"#00294f","angle":278,"snapDist":5,"label":1}},{"type":"Feature","geometry":{"type":"Point","coordinates":[21.23726,45.743254]},"properties":{"name":"Strada Cluj (Arieș)","lines":"15, 16, E2, E3","arr":["15","16","E2","E3"],"terminus":0,"mode":"bus","color":"#0059a9","colorDark":"#00294f","angle":243.6,"snapDist":3,"label":1}},{"type":"Feature","geometry":{"type":"Point","coordinates":[21.238128,45.738159]},"properties":{"name":"Calea Martirilor (Florărie)","lines":"15, E3","arr":["15","E3"],"terminus":0,"mode":"bus","color":"#0059a9","colorDark":"#00294f","angle":270.9,"snapDist":4,"label":1}},{"type":"Feature","geometry":{"type":"Point","coordinates":[21.237807,45.734685]},"properties":{"name":"Martir Ioan Stanciu","lines":"15, E3","arr":["15","E3"],"terminus":0,"mode":"bus","color":"#0059a9","colorDark":"#00294f","angle":273.8,"snapDist":8,"label":1}},{"type":"Feature","geometry":{"type":"Point","coordinates":[21.238307,45.731586]},"properties":{"name":"Mareșal C. Prezan (Lidia)","lines":"15","arr":["15"],"terminus":0,"mode":"bus","color":"#149a3f","colorDark":"#0a5121","angle":185,"snapDist":6,"label":1}},{"type":"Feature","geometry":{"type":"Point","coordinates":[21.247434,45.732213]},"properties":{"name":"Girație Bulevardul Sudului","lines":"16, 24, E2","arr":["16","24","E2"],"terminus":1,"mode":"bus","color":"#0059a9","colorDark":"#00294f","angle":292.7,"snapDist":2,"label":0}},{"type":"Feature","geometry":{"type":"Point","coordinates":[21.23756,45.732019]},"properties":{"name":"Mareșal C. Prezan (Calea Martirilor)","lines":"16, E3","arr":["16","E3"],"terminus":0,"mode":"bus","color":"#0059a9","colorDark":"#00294f","angle":89.1,"snapDist":5,"label":1}},{"type":"Feature","geometry":{"type":"Point","coordinates":[21.237812,45.734735]},"properties":{"name":"Martir Ioan Stanciu","lines":"16, E3","arr":["16","E3"],"terminus":0,"mode":"bus","color":"#0059a9","colorDark":"#00294f","angle":94.5,"snapDist":8,"label":0}},{"type":"Feature","geometry":{"type":"Point","coordinates":[21.238305,45.738924]},"properties":{"name":"Calea Martirilor (Liviu Rebreanu)","lines":"16, E3","arr":["16","E3"],"terminus":0,"mode":"bus","color":"#0059a9","colorDark":"#00294f","angle":85.2,"snapDist":8,"label":1}},{"type":"Feature","geometry":{"type":"Point","coordinates":[21.234903,45.748816]},"properties":{"name":"Pasaj Michelangelo","lines":"16, E3, E7, E8","arr":["16","E3","E7","E8"],"terminus":0,"mode":"bus","color":"#0059a9","colorDark":"#00294f","angle":333.2,"snapDist":1,"label":1}},{"type":"Feature","geometry":{"type":"Point","coordinates":[21.230675,45.74793]},"properties":{"name":"Universitatea de Vest","lines":"16, E3, E7, E8","arr":["16","E3","E7","E8"],"terminus":0,"mode":"bus","color":"#0059a9","colorDark":"#00294f","angle":351.4,"snapDist":8,"label":1}},{"type":"Feature","geometry":{"type":"Point","coordinates":[21.225617,45.74828]},"properties":{"name":"Pod Mihai Viteazu (Fac. Electrotehnică)","lines":"16","arr":["16"],"terminus":0,"mode":"bus","color":"#149a3f","colorDark":"#0a5121","angle":92.8,"snapDist":1,"label":1}},{"type":"Feature","geometry":{"type":"Point","coordinates":[21.229024,45.753377]},"properties":{"name":"Bd. Ion C.Brătianu","lines":"16","arr":["16"],"terminus":0,"mode":"bus","color":"#149a3f","colorDark":"#0a5121","angle":182.1,"snapDist":7,"label":1}},{"type":"Feature","geometry":{"type":"Point","coordinates":[21.227905,45.752837]},"properties":{"name":"Piața Huniade","lines":"16","arr":["16"],"terminus":0,"mode":"bus","color":"#149a3f","colorDark":"#0a5121","angle":288.2,"snapDist":4,"label":1}},{"type":"Feature","geometry":{"type":"Point","coordinates":[21.22559,45.749337]},"properties":{"name":"Pod Mihai Viteazu (Catedrala Mitropolitană)","lines":"16","arr":["16"],"terminus":0,"mode":"bus","color":"#149a3f","colorDark":"#0a5121","angle":258,"snapDist":4,"label":1}},{"type":"Feature","geometry":{"type":"Point","coordinates":[21.226292,45.747792]},"properties":{"name":"Facultatea de Electrotehnică","lines":"16, E3, E7, E8","arr":["16","E3","E7","E8"],"terminus":0,"mode":"bus","color":"#0059a9","colorDark":"#00294f","angle":186.4,"snapDist":8,"label":1}},{"type":"Feature","geometry":{"type":"Point","coordinates":[21.231591,45.747963]},"properties":{"name":"Universitatea de Vest","lines":"16, E3, E7, E8","arr":["16","E3","E7","E8"],"terminus":0,"mode":"bus","color":"#0059a9","colorDark":"#00294f","angle":191.6,"snapDist":0,"label":0}},{"type":"Feature","geometry":{"type":"Point","coordinates":[21.242212,45.738078]},"properties":{"name":"Spitalul Județean (Casa Austria)","lines":"16, E2","arr":["16","E2"],"terminus":0,"mode":"bus","color":"#0059a9","colorDark":"#00294f","angle":189.6,"snapDist":5,"label":1}},{"type":"Feature","geometry":{"type":"Point","coordinates":[21.250146,45.736714]},"properties":{"name":"Bulevardul Sudului","lines":"16, 24, E2","arr":["16","24","E2"],"terminus":0,"mode":"bus","color":"#0059a9","colorDark":"#00294f","angle":288.8,"snapDist":5,"label":1}},{"type":"Feature","geometry":{"type":"Point","coordinates":[21.248589,45.733997]},"properties":{"name":"Parc Bulevardul Sudului","lines":"16, 24, E2","arr":["16","24","E2"],"terminus":0,"mode":"bus","color":"#0059a9","colorDark":"#00294f","angle":291.8,"snapDist":10,"label":0}},{"type":"Feature","geometry":{"type":"Point","coordinates":[21.218887,45.783475]},"properties":{"name":"Universitatea de Științele Vieții","lines":"17, 18, E1, M41, M42, M45, M47, M48","arr":["17","18","E1","M41","M42","M45","M47","M48"],"terminus":1,"mode":"bus","color":"#0059a9","colorDark":"#00294f","angle":218.2,"snapDist":2,"label":1}},{"type":"Feature","geometry":{"type":"Point","coordinates":[21.220389,45.77814]},"properties":{"name":"U.T.T.","lines":"17, 18, M41, M45, M47","arr":["17","18","M41","M45","M47"],"terminus":0,"mode":"bus","color":"#0059a9","colorDark":"#00294f","angle":263.7,"snapDist":0,"label":1}},{"type":"Feature","geometry":{"type":"Point","coordinates":[21.221605,45.774285]},"properties":{"name":"Liege (Calea Aradului)","lines":"17, M41, M42, M45, M47, M48","arr":["17","M41","M42","M45","M47","M48"],"terminus":0,"mode":"bus","color":"#0059a9","colorDark":"#00294f","angle":254,"snapDist":10,"label":1}},{"type":"Feature","geometry":{"type":"Point","coordinates":[21.223296,45.769626]},"properties":{"name":"Dacia Service","lines":"17, E2, M41, M42, M45, M47, M48","arr":["17","E2","M41","M42","M45","M47","M48"],"terminus":0,"mode":"bus","color":"#0059a9","colorDark":"#00294f","angle":251.4,"snapDist":2,"label":1}},{"type":"Feature","geometry":{"type":"Point","coordinates":[21.228971,45.759442]},"properties":{"name":"Piața Mărăști (Oituz)","lines":"17, E2, E6, M27, M41, M42, M44, M45, M47, M48, M50","arr":["17","E2","E6","M27","M41","M42","M44","M45","M47","M48","M50"],"terminus":1,"mode":"bus","color":"#0059a9","colorDark":"#00294f","angle":-174.1,"snapDist":8,"label":1}},{"type":"Feature","geometry":{"type":"Point","coordinates":[21.222957,45.770757]},"properties":{"name":"Remus Răduleț","lines":"17, 18, M41, M42, M45, M47, M48","arr":["17","18","M41","M42","M45","M47","M48"],"terminus":0,"mode":"bus","color":"#0059a9","colorDark":"#00294f","angle":62.4,"snapDist":6,"label":1}},{"type":"Feature","geometry":{"type":"Point","coordinates":[21.221097,45.776136]},"properties":{"name":"Liege (Calea Aradului)","lines":"17, 18, M41, M42, M45, M47, M48","arr":["17","18","M41","M42","M45","M47","M48"],"terminus":0,"mode":"bus","color":"#0059a9","colorDark":"#00294f","angle":80.3,"snapDist":9,"label":0}},{"type":"Feature","geometry":{"type":"Point","coordinates":[21.22036,45.77895]},"properties":{"name":"U.T.T.","lines":"17, 18, M41, M45, M47","arr":["17","18","M41","M45","M47"],"terminus":0,"mode":"bus","color":"#0059a9","colorDark":"#00294f","angle":79.3,"snapDist":6,"label":0}},{"type":"Feature","geometry":{"type":"Point","coordinates":[21.219277,45.783103]},"properties":{"name":"Universitatea de Științele Vieții","lines":"17, 18, E1, M41, M42, M45, M47, M48","arr":["17","18","E1","M41","M42","M45","M47","M48"],"terminus":1,"mode":"bus","color":"#0059a9","colorDark":"#00294f","angle":71.8,"snapDist":6,"label":0}},{"type":"Feature","geometry":{"type":"Point","coordinates":[21.22094,45.77461]},"properties":{"name":"Liege (Piața Verde)","lines":"18","arr":["18"],"terminus":0,"mode":"bus","color":"#149a3f","colorDark":"#0a5121","angle":342.8,"snapDist":10,"label":1}},{"type":"Feature","geometry":{"type":"Point","coordinates":[21.216701,45.772302]},"properties":{"name":"Calea Torontalului (Liege)","lines":"18, E1, E6, M44, M50","arr":["18","E1","E6","M44","M50"],"terminus":0,"mode":"bus","color":"#0059a9","colorDark":"#00294f","angle":233.3,"snapDist":8,"label":1}},{"type":"Feature","geometry":{"type":"Point","coordinates":[21.220633,45.768497]},"properties":{"name":"Miresei (Calea Torontalului)","lines":"18, E1, E6, M44, M50","arr":["18","E1","E6","M44","M50"],"terminus":0,"mode":"bus","color":"#0059a9","colorDark":"#00294f","angle":229.7,"snapDist":6,"label":1}},{"type":"Feature","geometry":{"type":"Point","coordinates":[21.236874,45.749444]},"properties":{"name":"Pasaj Michelangelo (BRD)","lines":"21, E8","arr":["21","E8"],"terminus":0,"mode":"bus","color":"#0059a9","colorDark":"#00294f","angle":126.4,"snapDist":4,"label":1}},{"type":"Feature","geometry":{"type":"Point","coordinates":[21.241077,45.754099]},"properties":{"name":"J. H. Pestalozzi","lines":"21, E8","arr":["21","E8"],"terminus":0,"mode":"bus","color":"#0059a9","colorDark":"#00294f","angle":171.5,"snapDist":7,"label":1}},{"type":"Feature","geometry":{"type":"Point","coordinates":[21.258426,45.75903]},"properties":{"name":"Iosif Vulcan","lines":"21, E8","arr":["21","E8"],"terminus":0,"mode":"bus","color":"#0059a9","colorDark":"#00294f","angle":212.1,"snapDist":5,"label":1}},{"type":"Feature","geometry":{"type":"Point","coordinates":[21.263462,45.756855]},"properties":{"name":"Uzina de Apă","lines":"21, E8","arr":["21","E8"],"terminus":0,"mode":"bus","color":"#0059a9","colorDark":"#00294f","angle":212.8,"snapDist":6,"label":1}},{"type":"Feature","geometry":{"type":"Point","coordinates":[21.268245,45.754775]},"properties":{"name":"Rudolf Walter","lines":"21","arr":["21"],"terminus":0,"mode":"bus","color":"#0059a9","colorDark":"#00294f","angle":203.6,"snapDist":3,"label":1}},{"type":"Feature","geometry":{"type":"Point","coordinates":[21.276527,45.754443]},"properties":{"name":"Albăstrelelor (Canalul Bega)","lines":"21","arr":["21"],"terminus":0,"mode":"bus","color":"#0059a9","colorDark":"#00294f","angle":201.4,"snapDist":2,"label":1}},{"type":"Feature","geometry":{"type":"Point","coordinates":[21.279845,45.753537]},"properties":{"name":"Jókai Mór","lines":"21","arr":["21"],"terminus":0,"mode":"bus","color":"#0059a9","colorDark":"#00294f","angle":201.4,"snapDist":3,"label":1}},{"type":"Feature","geometry":{"type":"Point","coordinates":[21.282902,45.751694]},"properties":{"name":"Martir C. Popescu","lines":"21","arr":["21"],"terminus":0,"mode":"bus","color":"#0059a9","colorDark":"#00294f","angle":248.9,"snapDist":4,"label":1}},{"type":"Feature","geometry":{"type":"Point","coordinates":[21.283454,45.750733]},"properties":{"name":"Calistrat Hogaș","lines":"21","arr":["21"],"terminus":0,"mode":"bus","color":"#0059a9","colorDark":"#00294f","angle":247.3,"snapDist":4,"label":1}},{"type":"Feature","geometry":{"type":"Point","coordinates":[21.285157,45.747673]},"properties":{"name":"Parcului","lines":"21","arr":["21"],"terminus":0,"mode":"bus","color":"#0059a9","colorDark":"#00294f","angle":249.2,"snapDist":5,"label":1}},{"type":"Feature","geometry":{"type":"Point","coordinates":[21.285126,45.747729]},"properties":{"name":"Parcului","lines":"21","arr":["21"],"terminus":0,"mode":"bus","color":"#0059a9","colorDark":"#00294f","angle":249.2,"snapDist":0,"label":0}},{"type":"Feature","geometry":{"type":"Point","coordinates":[21.283456,45.75073]},"properties":{"name":"Calistrat Hogaș","lines":"21","arr":["21"],"terminus":0,"mode":"bus","color":"#0059a9","colorDark":"#00294f","angle":67.3,"snapDist":3,"label":0}},{"type":"Feature","geometry":{"type":"Point","coordinates":[21.279772,45.750058]},"properties":{"name":"Școala Generală Plopi","lines":"21","arr":["21"],"terminus":1,"mode":"bus","color":"#0059a9","colorDark":"#00294f","angle":338.8,"snapDist":3,"label":1}},{"type":"Feature","geometry":{"type":"Point","coordinates":[21.279846,45.747512]},"properties":{"name":"T. Demetrescu","lines":"21","arr":["21"],"terminus":0,"mode":"bus","color":"#0059a9","colorDark":"#00294f","angle":249.2,"snapDist":4,"label":1}},{"type":"Feature","geometry":{"type":"Point","coordinates":[21.27915,45.745251]},"properties":{"name":"Drumul Boilor","lines":"21","arr":["21"],"terminus":0,"mode":"bus","color":"#0059a9","colorDark":"#00294f","angle":353.4,"snapDist":7,"label":1}},{"type":"Feature","geometry":{"type":"Point","coordinates":[21.270051,45.744603]},"properties":{"name":"Plastique Forme","lines":"21","arr":["21"],"terminus":0,"mode":"bus","color":"#0059a9","colorDark":"#00294f","angle":358.7,"snapDist":4,"label":1}},{"type":"Feature","geometry":{"type":"Point","coordinates":[21.262854,45.746721]},"properties":{"name":"Apateu","lines":"21","arr":["21"],"terminus":0,"mode":"bus","color":"#0059a9","colorDark":"#00294f","angle":93.9,"snapDist":2,"label":1}},{"type":"Feature","geometry":{"type":"Point","coordinates":[21.263321,45.75146]},"properties":{"name":"Levănțica","lines":"21","arr":["21"],"terminus":0,"mode":"bus","color":"#0059a9","colorDark":"#00294f","angle":93.9,"snapDist":0,"label":1}},{"type":"Feature","geometry":{"type":"Point","coordinates":[21.26346,45.753233]},"properties":{"name":"Căprioarei","lines":"21","arr":["21"],"terminus":0,"mode":"bus","color":"#0059a9","colorDark":"#00294f","angle":94.1,"snapDist":4,"label":1}},{"type":"Feature","geometry":{"type":"Point","coordinates":[21.263044,45.757043]},"properties":{"name":"Uzina de Apă","lines":"21, E8","arr":["21","E8"],"terminus":0,"mode":"bus","color":"#0059a9","colorDark":"#00294f","angle":32.8,"snapDist":2,"label":0}},{"type":"Feature","geometry":{"type":"Point","coordinates":[21.25866,45.758928]},"properties":{"name":"Iosif Vulcan","lines":"21, E8","arr":["21","E8"],"terminus":0,"mode":"bus","color":"#0059a9","colorDark":"#00294f","angle":32.1,"snapDist":3,"label":0}},{"type":"Feature","geometry":{"type":"Point","coordinates":[21.239815,45.753496]},"properties":{"name":"Corneliu Coposu","lines":"21, E8","arr":["21","E8"],"terminus":0,"mode":"bus","color":"#0059a9","colorDark":"#00294f","angle":292.7,"snapDist":10,"label":1}},{"type":"Feature","geometry":{"type":"Point","coordinates":[21.253479,45.747921]},"properties":{"name":"Banatim (Garaj STPT)","lines":"23, M42, M48","arr":["23","M42","M48"],"terminus":1,"mode":"bus","color":"#0059a9","colorDark":"#00294f","angle":255.4,"snapDist":3,"label":1}},{"type":"Feature","geometry":{"type":"Point","coordinates":[21.250081,45.753267]},"properties":{"name":"Fabrica de Bere","lines":"23","arr":["23"],"terminus":0,"mode":"bus","color":"#0059a9","colorDark":"#00294f","angle":69.3,"snapDist":4,"label":1}},{"type":"Feature","geometry":{"type":"Point","coordinates":[21.247835,45.762355]},"properties":{"name":"Piața Badea Cârțan","lines":"23","arr":["23"],"terminus":0,"mode":"bus","color":"#0059a9","colorDark":"#00294f","angle":72,"snapDist":5,"label":1}},{"type":"Feature","geometry":{"type":"Point","coordinates":[21.247419,45.762847]},"properties":{"name":"Piața Badea Cârțan","lines":"23","arr":["23"],"terminus":0,"mode":"bus","color":"#0059a9","colorDark":"#00294f","angle":251,"snapDist":1,"label":0}},{"type":"Feature","geometry":{"type":"Point","coordinates":[21.250202,45.753044]},"properties":{"name":"Fabrica de Bere","lines":"23","arr":["23"],"terminus":0,"mode":"bus","color":"#0059a9","colorDark":"#00294f","angle":249.3,"snapDist":4,"label":0}},{"type":"Feature","geometry":{"type":"Point","coordinates":[21.283241,45.725797]},"properties":{"name":"Hornbach (Buziașului)","lines":"24, M22, M23, M24","arr":["24","M22","M23","M24"],"terminus":1,"mode":"bus","color":"#0059a9","colorDark":"#00294f","angle":27.4,"snapDist":7,"label":1}},{"type":"Feature","geometry":{"type":"Point","coordinates":[21.276206,45.727115]},"properties":{"name":"Magnoliei","lines":"24, M22, M23, M24","arr":["24","M22","M23","M24"],"terminus":0,"mode":"bus","color":"#0059a9","colorDark":"#00294f","angle":17.4,"snapDist":9,"label":1}},{"type":"Feature","geometry":{"type":"Point","coordinates":[21.268984,45.729174]},"properties":{"name":"Ciarda Roșie (Calea Buziașului)","lines":"24, M22, M23, M24","arr":["24","M22","M23","M24"],"terminus":0,"mode":"bus","color":"#0059a9","colorDark":"#00294f","angle":23.4,"snapDist":13,"label":1}},{"type":"Feature","geometry":{"type":"Point","coordinates":[21.260266,45.733007]},"properties":{"name":"Piața Gheorghe Domășneanu (Auchan)","lines":"24, M22, M23, M24","arr":["24","M22","M23","M24"],"terminus":1,"mode":"bus","color":"#0059a9","colorDark":"#00294f","angle":88.5,"snapDist":7,"label":1}},{"type":"Feature","geometry":{"type":"Point","coordinates":[21.253864,45.73036]},"properties":{"name":"Venus","lines":"24, E2","arr":["24","E2"],"terminus":0,"mode":"bus","color":"#0059a9","colorDark":"#00294f","angle":247.9,"snapDist":3,"label":1}},{"type":"Feature","geometry":{"type":"Point","coordinates":[21.256342,45.724982]},"properties":{"name":"Uzina de Apă (Muzeul Apei)","lines":"24","arr":["24"],"terminus":0,"mode":"bus","color":"#0059a9","colorDark":"#00294f","angle":192.1,"snapDist":8,"label":1}},{"type":"Feature","geometry":{"type":"Point","coordinates":[21.262518,45.721885]},"properties":{"name":"Calea Urseni (Pepinieră)","lines":"24","arr":["24"],"terminus":0,"mode":"bus","color":"#0059a9","colorDark":"#00294f","angle":223.8,"snapDist":5,"label":1}},{"type":"Feature","geometry":{"type":"Point","coordinates":[21.267654,45.718629]},"properties":{"name":"Grădinița Calea Urseni","lines":"24","arr":["24"],"terminus":0,"mode":"bus","color":"#0059a9","colorDark":"#00294f","angle":222.2,"snapDist":10,"label":1}},{"type":"Feature","geometry":{"type":"Point","coordinates":[21.272235,45.715706]},"properties":{"name":"Intrare Rudicica","lines":"24","arr":["24"],"terminus":1,"mode":"bus","color":"#0059a9","colorDark":"#00294f","angle":222.3,"snapDist":4,"label":1}},{"type":"Feature","geometry":{"type":"Point","coordinates":[21.272127,45.715775]},"properties":{"name":"Intrare Rudicica","lines":"24","arr":["24"],"terminus":1,"mode":"bus","color":"#0059a9","colorDark":"#00294f","angle":43,"snapDist":2,"label":0}},{"type":"Feature","geometry":{"type":"Point","coordinates":[21.26764,45.718637]},"properties":{"name":"Grădinița Calea Urseni","lines":"24","arr":["24"],"terminus":0,"mode":"bus","color":"#0059a9","colorDark":"#00294f","angle":42.2,"snapDist":1,"label":0}},{"type":"Feature","geometry":{"type":"Point","coordinates":[21.262526,45.72188]},"properties":{"name":"Calea Urseni (Pepinieră)","lines":"24","arr":["24"],"terminus":0,"mode":"bus","color":"#0059a9","colorDark":"#00294f","angle":43.8,"snapDist":2,"label":0}},{"type":"Feature","geometry":{"type":"Point","coordinates":[21.256281,45.724991]},"properties":{"name":"Uzina de Apă (Muzeul Apei)","lines":"24","arr":["24"],"terminus":0,"mode":"bus","color":"#0059a9","colorDark":"#00294f","angle":12.1,"snapDist":3,"label":0}},{"type":"Feature","geometry":{"type":"Point","coordinates":[21.258433,45.732877]},"properties":{"name":"Piața Gheorghe Domășneanu (AEM)","lines":"24, E2","arr":["24","E2"],"terminus":0,"mode":"bus","color":"#0059a9","colorDark":"#00294f","angle":261.2,"snapDist":11,"label":1}},{"type":"Feature","geometry":{"type":"Point","coordinates":[21.270437,45.728736]},"properties":{"name":"Ciarda Roșie (Calea Buziașului)","lines":"24, M22, M23, M24","arr":["24","M22","M23","M24"],"terminus":0,"mode":"bus","color":"#0059a9","colorDark":"#00294f","angle":204,"snapDist":3,"label":0}},{"type":"Feature","geometry":{"type":"Point","coordinates":[21.275863,45.72719]},"properties":{"name":"Magnoliei","lines":"24, M22, M23, M24","arr":["24","M22","M23","M24"],"terminus":0,"mode":"bus","color":"#0059a9","colorDark":"#00294f","angle":197.7,"snapDist":6,"label":0}},{"type":"Feature","geometry":{"type":"Point","coordinates":[21.283223,45.725749]},"properties":{"name":"Hornbach (Buziașului)","lines":"24, M22, M23, M24","arr":["24","M22","M23","M24"],"terminus":1,"mode":"bus","color":"#0059a9","colorDark":"#00294f","angle":182.7,"snapDist":4,"label":0}},{"type":"Feature","geometry":{"type":"Point","coordinates":[21.262398,45.76343]},"properties":{"name":"Mătăsarilor","lines":"28, M29","arr":["28","M29"],"terminus":0,"mode":"bus","color":"#0059a9","colorDark":"#00294f","angle":295.9,"snapDist":8,"label":1}},{"type":"Feature","geometry":{"type":"Point","coordinates":[21.260408,45.760442]},"properties":{"name":"Uzinei (Mătăsarilor)","lines":"28, M29","arr":["28","M29"],"terminus":0,"mode":"bus","color":"#0059a9","colorDark":"#00294f","angle":294.4,"snapDist":5,"label":1}},{"type":"Feature","geometry":{"type":"Point","coordinates":[21.264361,45.758881]},"properties":{"name":"Garofiței (Pod Uzinei)","lines":"28","arr":["28"],"terminus":0,"mode":"bus","color":"#0059a9","colorDark":"#00294f","angle":202.1,"snapDist":0,"label":1}},{"type":"Feature","geometry":{"type":"Point","coordinates":[21.272648,45.756892]},"properties":{"name":"Rozelor","lines":"28","arr":["28"],"terminus":0,"mode":"bus","color":"#0059a9","colorDark":"#00294f","angle":201.4,"snapDist":4,"label":1}},{"type":"Feature","geometry":{"type":"Point","coordinates":[21.275947,45.756233]},"properties":{"name":"Vălișoara","lines":"28","arr":["28"],"terminus":0,"mode":"bus","color":"#0059a9","colorDark":"#00294f","angle":101,"snapDist":2,"label":1}},{"type":"Feature","geometry":{"type":"Point","coordinates":[21.276951,45.759893]},"properties":{"name":"Țițeica","lines":"28","arr":["28"],"terminus":1,"mode":"bus","color":"#0059a9","colorDark":"#00294f","angle":99,"snapDist":2,"label":1}},{"type":"Feature","geometry":{"type":"Point","coordinates":[21.27927,45.75995]},"properties":{"name":"Ismail","lines":"28","arr":["28"],"terminus":0,"mode":"bus","color":"#0059a9","colorDark":"#00294f","angle":181.1,"snapDist":0,"label":1}},{"type":"Feature","geometry":{"type":"Point","coordinates":[21.27886,45.757223]},"properties":{"name":"Luncani","lines":"28","arr":["28"],"terminus":0,"mode":"bus","color":"#0059a9","colorDark":"#00294f","angle":281.1,"snapDist":4,"label":1}},{"type":"Feature","geometry":{"type":"Point","coordinates":[21.275469,45.755961]},"properties":{"name":"Vălișoara","lines":"28","arr":["28"],"terminus":0,"mode":"bus","color":"#0059a9","colorDark":"#00294f","angle":20.9,"snapDist":5,"label":0}},{"type":"Feature","geometry":{"type":"Point","coordinates":[21.272697,45.756879]},"properties":{"name":"Rozelor","lines":"28","arr":["28"],"terminus":0,"mode":"bus","color":"#0059a9","colorDark":"#00294f","angle":21.2,"snapDist":5,"label":0}},{"type":"Feature","geometry":{"type":"Point","coordinates":[21.263725,45.759074]},"properties":{"name":"Garofiței (Pod Uzinei)","lines":"28","arr":["28"],"terminus":0,"mode":"bus","color":"#0059a9","colorDark":"#00294f","angle":22.2,"snapDist":3,"label":0}},{"type":"Feature","geometry":{"type":"Point","coordinates":[21.260412,45.760058]},"properties":{"name":"Uzinei (Parc)","lines":"28","arr":["28"],"terminus":0,"mode":"bus","color":"#0059a9","colorDark":"#00294f","angle":25.1,"snapDist":1,"label":1}},{"type":"Feature","geometry":{"type":"Point","coordinates":[21.225073,45.750878]},"properties":{"name":"Catedrala Mitropolitană","lines":"32, 33, 33b, E3","arr":["32","33","33b","E3"],"terminus":1,"mode":"bus","color":"#0059a9","colorDark":"#00294f","angle":254.6,"snapDist":12,"label":1}},{"type":"Feature","geometry":{"type":"Point","coordinates":[21.215068,45.745381]},"properties":{"name":"Piața A. Mocioni (Sinaia - 16 Decembrie 1989)","lines":"32, 33, 33b, E7, M36, M37, M51","arr":["32","33","33b","E7","M36","M37","M51"],"terminus":1,"mode":"bus","color":"#0059a9","colorDark":"#00294f","angle":304.9,"snapDist":4,"label":1}},{"type":"Feature","geometry":{"type":"Point","coordinates":[21.21326,45.742373]},"properties":{"name":"C. Brâncoveanu","lines":"32, E8","arr":["32","E8"],"terminus":0,"mode":"bus","color":"#0059a9","colorDark":"#00294f","angle":231.2,"snapDist":6,"label":1}},{"type":"Feature","geometry":{"type":"Point","coordinates":[21.216094,45.738301]},"properties":{"name":"C. Porumbescu (C. Brâncoveanu)","lines":"32","arr":["32"],"terminus":0,"mode":"bus","color":"#0059a9","colorDark":"#00294f","angle":245.1,"snapDist":5,"label":1}},{"type":"Feature","geometry":{"type":"Point","coordinates":[21.219013,45.732312]},"properties":{"name":"Liviu Rebreanu (C. Brâncoveanu)","lines":"32","arr":["32"],"terminus":0,"mode":"bus","color":"#0059a9","colorDark":"#00294f","angle":276.8,"snapDist":7,"label":1}},{"type":"Feature","geometry":{"type":"Point","coordinates":[21.218671,45.728778]},"properties":{"name":"Mureș (C. Brâncoveanu)","lines":"32","arr":["32"],"terminus":0,"mode":"bus","color":"#0059a9","colorDark":"#00294f","angle":272.7,"snapDist":5,"label":1}},{"type":"Feature","geometry":{"type":"Point","coordinates":[21.217425,45.724288]},"properties":{"name":"Victor Hugo (Emil Zola)","lines":"32","arr":["32"],"terminus":0,"mode":"bus","color":"#0059a9","colorDark":"#00294f","angle":290.1,"snapDist":7,"label":1}},{"type":"Feature","geometry":{"type":"Point","coordinates":[21.215293,45.721855]},"properties":{"name":"Herculane","lines":"32","arr":["32"],"terminus":0,"mode":"bus","color":"#0059a9","colorDark":"#00294f","angle":309.2,"snapDist":4,"label":1}},{"type":"Feature","geometry":{"type":"Point","coordinates":[21.212026,45.720004]},"properties":{"name":"Chișodei","lines":"32","arr":["32"],"terminus":0,"mode":"bus","color":"#0059a9","colorDark":"#00294f","angle":248.4,"snapDist":1,"label":1}},{"type":"Feature","geometry":{"type":"Point","coordinates":[21.213295,45.717765]},"properties":{"name":"P. Hațeganu","lines":"32","arr":["32"],"terminus":0,"mode":"bus","color":"#0059a9","colorDark":"#00294f","angle":248.3,"snapDist":5,"label":1}},{"type":"Feature","geometry":{"type":"Point","coordinates":[21.21228,45.714203]},"properties":{"name":"Prefatim","lines":"32","arr":["32"],"terminus":0,"mode":"bus","color":"#0059a9","colorDark":"#00294f","angle":313.8,"snapDist":4,"label":1}},{"type":"Feature","geometry":{"type":"Point","coordinates":[21.207456,45.719138]},"properties":{"name":"Bujorilor","lines":"32","arr":["32"],"terminus":0,"mode":"bus","color":"#0059a9","colorDark":"#00294f","angle":339.7,"snapDist":1,"label":1}},{"type":"Feature","geometry":{"type":"Point","coordinates":[21.20392,45.718243]},"properties":{"name":"Eternității","lines":"32","arr":["32"],"terminus":0,"mode":"bus","color":"#0059a9","colorDark":"#00294f","angle":339.4,"snapDist":4,"label":1}},{"type":"Feature","geometry":{"type":"Point","coordinates":[21.202991,45.716363]},"properties":{"name":"Gara de Sud","lines":"32","arr":["32"],"terminus":1,"mode":"bus","color":"#0059a9","colorDark":"#00294f","angle":227.3,"snapDist":5,"label":1}},{"type":"Feature","geometry":{"type":"Point","coordinates":[21.203895,45.718237]},"properties":{"name":"Eternității","lines":"32","arr":["32"],"terminus":0,"mode":"bus","color":"#0059a9","colorDark":"#00294f","angle":159.4,"snapDist":6,"label":0}},{"type":"Feature","geometry":{"type":"Point","coordinates":[21.207554,45.719162]},"properties":{"name":"Bujorilor (Emil Zola)","lines":"32","arr":["32"],"terminus":0,"mode":"bus","color":"#0059a9","colorDark":"#00294f","angle":160.6,"snapDist":4,"label":1}},{"type":"Feature","geometry":{"type":"Point","coordinates":[21.212309,45.714224]},"properties":{"name":"Prefatim","lines":"32","arr":["32"],"terminus":0,"mode":"bus","color":"#0059a9","colorDark":"#00294f","angle":133.8,"snapDist":5,"label":0}},{"type":"Feature","geometry":{"type":"Point","coordinates":[21.213392,45.717593]},"properties":{"name":"P. Hațeganu","lines":"32","arr":["32"],"terminus":0,"mode":"bus","color":"#0059a9","colorDark":"#00294f","angle":68.7,"snapDist":2,"label":0}},{"type":"Feature","geometry":{"type":"Point","coordinates":[21.212309,45.720348]},"properties":{"name":"Chișodei (Emil Zola)","lines":"32","arr":["32"],"terminus":0,"mode":"bus","color":"#0059a9","colorDark":"#00294f","angle":159.6,"snapDist":5,"label":1}},{"type":"Feature","geometry":{"type":"Point","coordinates":[21.21516,45.721741]},"properties":{"name":"Herculane","lines":"32","arr":["32"],"terminus":0,"mode":"bus","color":"#0059a9","colorDark":"#00294f","angle":129,"snapDist":2,"label":0}},{"type":"Feature","geometry":{"type":"Point","coordinates":[21.217704,45.724819]},"properties":{"name":"Victor Hugo (Emil Zola)","lines":"32","arr":["32"],"terminus":0,"mode":"bus","color":"#0059a9","colorDark":"#00294f","angle":110.1,"snapDist":3,"label":0}},{"type":"Feature","geometry":{"type":"Point","coordinates":[21.218729,45.729924]},"properties":{"name":"Mureș (C. Brâncoveanu)","lines":"32","arr":["32"],"terminus":0,"mode":"bus","color":"#0059a9","colorDark":"#00294f","angle":94.5,"snapDist":6,"label":0}},{"type":"Feature","geometry":{"type":"Point","coordinates":[21.219021,45.733699]},"properties":{"name":"Liviu Rebreanu (C. Brâncoveanu)","lines":"32","arr":["32"],"terminus":0,"mode":"bus","color":"#0059a9","colorDark":"#00294f","angle":80.4,"snapDist":7,"label":0}},{"type":"Feature","geometry":{"type":"Point","coordinates":[21.215541,45.739164]},"properties":{"name":"C. Porumbescu (C. Brâncoveanu)","lines":"32, E8","arr":["32","E8"],"terminus":0,"mode":"bus","color":"#0059a9","colorDark":"#00294f","angle":61.2,"snapDist":6,"label":0}},{"type":"Feature","geometry":{"type":"Point","coordinates":[21.213363,45.742319]},"properties":{"name":"C. Brâncoveanu","lines":"32","arr":["32"],"terminus":0,"mode":"bus","color":"#0059a9","colorDark":"#00294f","angle":79.4,"snapDist":7,"label":0}},{"type":"Feature","geometry":{"type":"Point","coordinates":[21.216215,45.74642]},"properties":{"name":"Piața A. Mocioni (16 Decembrie 1989 - Sinaia)","lines":"32, 33, 33b, E7, M37, M51","arr":["32","33","33b","E7","M37","M51"],"terminus":1,"mode":"bus","color":"#0059a9","colorDark":"#00294f","angle":134,"snapDist":8,"label":1}},{"type":"Feature","geometry":{"type":"Point","coordinates":[21.212241,45.742275]},"properties":{"name":"C. Brâncoveanu (16 Decembrie 1989)","lines":"33, 33b, E1, E3, E7, E8, M36, M37, M51","arr":["33","33b","E1","E3","E7","E8","M36","M37","M51"],"terminus":0,"mode":"bus","color":"#0059a9","colorDark":"#00294f","angle":298.8,"snapDist":8,"label":1}},{"type":"Feature","geometry":{"type":"Point","coordinates":[21.209805,45.738556]},"properties":{"name":"Piața Iuliu Maniu (Calea Șagului)","lines":"33, 33b, E1, E8, M37, M51","arr":["33","33b","E1","E8","M37","M51"],"terminus":0,"mode":"bus","color":"#0059a9","colorDark":"#00294f","angle":265.7,"snapDist":9,"label":1}},{"type":"Feature","geometry":{"type":"Point","coordinates":[21.208412,45.732065]},"properties":{"name":"Calea Șagului (Bd. Dâmbovița)","lines":"33, 33b, E1, E8, M37, M51","arr":["33","33b","E1","E8","M37","M51"],"terminus":0,"mode":"bus","color":"#0059a9","colorDark":"#00294f","angle":294.2,"snapDist":10,"label":1}},{"type":"Feature","geometry":{"type":"Point","coordinates":[21.204558,45.727682]},"properties":{"name":"Piața Veteranilor (Calea Șagului)","lines":"33, 33b, E1, E8, M37, M38, M39, M46, M51","arr":["33","33b","E1","E8","M37","M38","M39","M46","M51"],"terminus":1,"mode":"bus","color":"#0059a9","colorDark":"#00294f","angle":303,"snapDist":5,"label":1}},{"type":"Feature","geometry":{"type":"Point","coordinates":[21.201957,45.724707]},"properties":{"name":"Shopping City (Calea Șagului)","lines":"33, E1, E8","arr":["33","E1","E8"],"terminus":0,"mode":"bus","color":"#0059a9","colorDark":"#00294f","angle":300.4,"snapDist":5,"label":1}},{"type":"Feature","geometry":{"type":"Point","coordinates":[21.200573,45.722504]},"properties":{"name":"Pod Calea Șagului","lines":"33, E1","arr":["33","E1"],"terminus":1,"mode":"bus","color":"#0059a9","colorDark":"#00294f","angle":118.5,"snapDist":3,"label":1}},{"type":"Feature","geometry":{"type":"Point","coordinates":[21.202563,45.724893]},"properties":{"name":"Shopping City (Calea Șagului)","lines":"33, E1","arr":["33","E1"],"terminus":0,"mode":"bus","color":"#0059a9","colorDark":"#00294f","angle":118.3,"snapDist":1,"label":0}},{"type":"Feature","geometry":{"type":"Point","coordinates":[21.205978,45.728738]},"properties":{"name":"Piața Veteranilor (Calea Șagului)","lines":"33, 33b, E1, E8, M37, M38, M39, M46, M51","arr":["33","33b","E1","E8","M37","M38","M39","M46","M51"],"terminus":1,"mode":"bus","color":"#0059a9","colorDark":"#00294f","angle":118.3,"snapDist":9,"label":0}},{"type":"Feature","geometry":{"type":"Point","coordinates":[21.208929,45.733106]},"properties":{"name":"Calea Șagului (Bd. L. Rebreanu)","lines":"33, 33b, E1, E8, M37, M51","arr":["33","33b","E1","E8","M37","M51"],"terminus":0,"mode":"bus","color":"#0059a9","colorDark":"#00294f","angle":95.7,"snapDist":6,"label":1}},{"type":"Feature","geometry":{"type":"Point","coordinates":[21.210393,45.739664]},"properties":{"name":"Piața Iuliu Maniu (16 Decembrie 1989)","lines":"33, 33b, E1, E3, E7, E8, M36, M37, M51","arr":["33","33b","E1","E3","E7","E8","M36","M37","M51"],"terminus":0,"mode":"bus","color":"#0059a9","colorDark":"#00294f","angle":117.6,"snapDist":3,"label":1}},{"type":"Feature","geometry":{"type":"Point","coordinates":[21.213311,45.743377]},"properties":{"name":"C. Brâncoveanu (16 Decembrie 1989)","lines":"33, 33b, E7, M36, M37, M51","arr":["33","33b","E7","M36","M37","M51"],"terminus":0,"mode":"bus","color":"#0059a9","colorDark":"#00294f","angle":122.4,"snapDist":4,"label":0}},{"type":"Feature","geometry":{"type":"Point","coordinates":[21.200386,45.725913]},"properties":{"name":"Shopping City (Parcare)","lines":"33b","arr":["33b"],"terminus":0,"mode":"bus","color":"#0059a9","colorDark":"#00294f","angle":304.5,"snapDist":7,"label":1}},{"type":"Feature","geometry":{"type":"Point","coordinates":[21.196532,45.717998]},"properties":{"name":"B.A.T.M.","lines":"33b, M37, M38, M39, M51","arr":["33b","M37","M38","M39","M51"],"terminus":0,"mode":"bus","color":"#0059a9","colorDark":"#00294f","angle":298.8,"snapDist":7,"label":1}},{"type":"Feature","geometry":{"type":"Point","coordinates":[21.194465,45.71553]},"properties":{"name":"Linar","lines":"33b","arr":["33b"],"terminus":0,"mode":"bus","color":"#0059a9","colorDark":"#00294f","angle":300.4,"snapDist":2,"label":1}},{"type":"Feature","geometry":{"type":"Point","coordinates":[21.192105,45.712677]},"properties":{"name":"Ovidiu Cotruș","lines":"33b, M37, M38, M39, M46, M51","arr":["33b","M37","M38","M39","M46","M51"],"terminus":0,"mode":"bus","color":"#0059a9","colorDark":"#00294f","angle":299.8,"snapDist":6,"label":1}},{"type":"Feature","geometry":{"type":"Point","coordinates":[21.189492,45.70326]},"properties":{"name":"Auchan (Calea Șagului)","lines":"33b","arr":["33b"],"terminus":0,"mode":"bus","color":"#0059a9","colorDark":"#00294f","angle":90,"snapDist":2,"label":1}},{"type":"Feature","geometry":{"type":"Point","coordinates":[21.184149,45.703448]},"properties":{"name":"Leroy Merlin","lines":"33b, M37, M38, M39, M46, M51","arr":["33b","M37","M38","M39","M46","M51"],"terminus":0,"mode":"bus","color":"#0059a9","colorDark":"#00294f","angle":300.2,"snapDist":3,"label":1}},{"type":"Feature","geometry":{"type":"Point","coordinates":[21.179536,45.701228]},"properties":{"name":"Metro I (Calea Șagului)","lines":"33b","arr":["33b"],"terminus":0,"mode":"bus","color":"#0059a9","colorDark":"#00294f","angle":299.4,"snapDist":1,"label":1}},{"type":"Feature","geometry":{"type":"Point","coordinates":[21.182076,45.699068]},"properties":{"name":"Incontro (Intrare)","lines":"33b","arr":["33b"],"terminus":0,"mode":"bus","color":"#0059a9","colorDark":"#00294f","angle":202.2,"snapDist":3,"label":1}},{"type":"Feature","geometry":{"type":"Point","coordinates":[21.186962,45.69804]},"properties":{"name":"Incontro","lines":"33b","arr":["33b"],"terminus":1,"mode":"bus","color":"#0059a9","colorDark":"#00294f","angle":108.9,"snapDist":3,"label":1}},{"type":"Feature","geometry":{"type":"Point","coordinates":[21.181612,45.699205]},"properties":{"name":"Incontro (Ieșire)","lines":"33b","arr":["33b"],"terminus":0,"mode":"bus","color":"#0059a9","colorDark":"#00294f","angle":23.7,"snapDist":5,"label":1}},{"type":"Feature","geometry":{"type":"Point","coordinates":[21.182051,45.700224]},"properties":{"name":"Incontro (DN 59)","lines":"33b, M37, M38, M39, M46, M51","arr":["33b","M37","M38","M39","M46","M51"],"terminus":0,"mode":"bus","color":"#0059a9","colorDark":"#00294f","angle":117.3,"snapDist":3,"label":1}},{"type":"Feature","geometry":{"type":"Point","coordinates":[21.184374,45.703113]},"properties":{"name":"Leroy Merlin","lines":"33b, M46","arr":["33b","M46"],"terminus":0,"mode":"bus","color":"#0059a9","colorDark":"#00294f","angle":120.5,"snapDist":1,"label":0}},{"type":"Feature","geometry":{"type":"Point","coordinates":[21.187102,45.706424]},"properties":{"name":"Auchan (DN 59)","lines":"33b, M37, M38, M39, M46, M51","arr":["33b","M37","M38","M39","M46","M51"],"terminus":0,"mode":"bus","color":"#0059a9","colorDark":"#00294f","angle":116.9,"snapDist":6,"label":1}},{"type":"Feature","geometry":{"type":"Point","coordinates":[21.193012,45.713555]},"properties":{"name":"Ovidiu Cotruș","lines":"33b, M37, M38, M39, M46, M51","arr":["33b","M37","M38","M39","M46","M51"],"terminus":0,"mode":"bus","color":"#0059a9","colorDark":"#00294f","angle":119.4,"snapDist":8,"label":0}},{"type":"Feature","geometry":{"type":"Point","coordinates":[21.196691,45.718019]},"properties":{"name":"B.A.T.M.","lines":"33b, M37, M38, M39, M51","arr":["33b","M37","M38","M39","M51"],"terminus":0,"mode":"bus","color":"#0059a9","colorDark":"#00294f","angle":119.8,"snapDist":4,"label":0}},{"type":"Feature","geometry":{"type":"Point","coordinates":[21.233642,45.754722]},"properties":{"name":"Traian Grozăvescu (Poșta Mare)","lines":"40","arr":["40"],"terminus":1,"mode":"bus","color":"#0059a9","colorDark":"#00294f","angle":36.7,"snapDist":1,"label":0}},{"type":"Feature","geometry":{"type":"Point","coordinates":[21.232699,45.760395]},"properties":{"name":"Popa Șapcă","lines":"40, M49","arr":["40","M49"],"terminus":0,"mode":"bus","color":"#0059a9","colorDark":"#00294f","angle":94.3,"snapDist":7,"label":1}},{"type":"Feature","geometry":{"type":"Point","coordinates":[21.231002,45.766152]},"properties":{"name":"Iulius Mall (Bd. Antenei)","lines":"40, M49","arr":["40","M49"],"terminus":0,"mode":"bus","color":"#0059a9","colorDark":"#00294f","angle":73,"snapDist":3,"label":1}},{"type":"Feature","geometry":{"type":"Point","coordinates":[21.232489,45.769041]},"properties":{"name":"Divizia 9 Cavalerie (Kapa)","lines":"40","arr":["40"],"terminus":0,"mode":"bus","color":"#0059a9","colorDark":"#00294f","angle":194.3,"snapDist":6,"label":1}},{"type":"Feature","geometry":{"type":"Point","coordinates":[21.236716,45.768136]},"properties":{"name":"Dedeman (Divizia 9 Cavalerie)","lines":"40","arr":["40"],"terminus":0,"mode":"bus","color":"#0059a9","colorDark":"#00294f","angle":198.4,"snapDist":11,"label":1}},{"type":"Feature","geometry":{"type":"Point","coordinates":[21.24466,45.76756]},"properties":{"name":"Gara de Est (A. Demetriade)","lines":"40","arr":["40"],"terminus":0,"mode":"bus","color":"#0059a9","colorDark":"#00294f","angle":136.3,"snapDist":5,"label":1}},{"type":"Feature","geometry":{"type":"Point","coordinates":[21.245744,45.772974]},"properties":{"name":"Stuparilor","lines":"40","arr":["40"],"terminus":1,"mode":"bus","color":"#0059a9","colorDark":"#00294f","angle":30.9,"snapDist":9,"label":1}},{"type":"Feature","geometry":{"type":"Point","coordinates":[21.238443,45.775401]},"properties":{"name":"Holdelor","lines":"40","arr":["40"],"terminus":0,"mode":"bus","color":"#0059a9","colorDark":"#00294f","angle":22.2,"snapDist":4,"label":0}},{"type":"Feature","geometry":{"type":"Point","coordinates":[21.231188,45.765583]},"properties":{"name":"Iulius Mall (Bd. Antenei)","lines":"40, M49","arr":["40","M49"],"terminus":0,"mode":"bus","color":"#0059a9","colorDark":"#00294f","angle":223.3,"snapDist":7,"label":0}},{"type":"Feature","geometry":{"type":"Point","coordinates":[21.232714,45.760533]},"properties":{"name":"Popa Șapcă","lines":"40, M49","arr":["40","M49"],"terminus":0,"mode":"bus","color":"#0059a9","colorDark":"#00294f","angle":275.3,"snapDist":8,"label":0}},{"type":"Feature","geometry":{"type":"Point","coordinates":[21.247297,45.763785]},"properties":{"name":"Telegrafului","lines":"46","arr":["46"],"terminus":0,"mode":"bus","color":"#0059a9","colorDark":"#00294f","angle":67.9,"snapDist":4,"label":1}},{"type":"Feature","geometry":{"type":"Point","coordinates":[21.244975,45.766198]},"properties":{"name":"Gara de Est (M. Kogălniceanu)","lines":"46","arr":["46"],"terminus":0,"mode":"bus","color":"#0059a9","colorDark":"#00294f","angle":54.9,"snapDist":4,"label":1}},{"type":"Feature","geometry":{"type":"Point","coordinates":[21.263,45.775629]},"properties":{"name":"Cvartal UMT","lines":"46","arr":["46"],"terminus":0,"mode":"bus","color":"#0059a9","colorDark":"#00294f","angle":144.5,"snapDist":8,"label":1}},{"type":"Feature","geometry":{"type":"Point","coordinates":[21.263624,45.777584]},"properties":{"name":"Muzeul Satului (Măcin)","lines":"46","arr":["46"],"terminus":0,"mode":"bus","color":"#0059a9","colorDark":"#00294f","angle":54.4,"snapDist":4,"label":1}},{"type":"Feature","geometry":{"type":"Point","coordinates":[21.247718,45.779301]},"properties":{"name":"Denya Forest (Constructorilor)","lines":"46","arr":["46"],"terminus":1,"mode":"bus","color":"#0059a9","colorDark":"#00294f","angle":238.5,"snapDist":2,"label":1}},{"type":"Feature","geometry":{"type":"Point","coordinates":[21.262971,45.778216]},"properties":{"name":"Muzeul Satului (Măcin)","lines":"46","arr":["46"],"terminus":0,"mode":"bus","color":"#0059a9","colorDark":"#00294f","angle":234.4,"snapDist":4,"label":0}},{"type":"Feature","geometry":{"type":"Point","coordinates":[21.26286,45.77556]},"properties":{"name":"Cvartal UMT","lines":"46","arr":["46"],"terminus":0,"mode":"bus","color":"#0059a9","colorDark":"#00294f","angle":324.5,"snapDist":1,"label":0}},{"type":"Feature","geometry":{"type":"Point","coordinates":[21.21194,45.744299]},"properties":{"name":"Colegiul Național Bănățean","lines":"E1, E3","arr":["E1","E3"],"terminus":0,"mode":"bus","color":"#0059a9","colorDark":"#00294f","angle":63.5,"snapDist":8,"label":1}},{"type":"Feature","geometry":{"type":"Point","coordinates":[21.218575,45.760394]},"properties":{"name":"Gheorghe Lazăr (Circumvalațiunii)","lines":"E1, M44","arr":["E1","M44"],"terminus":0,"mode":"bus","color":"#0059a9","colorDark":"#00294f","angle":106.8,"snapDist":9,"label":1}},{"type":"Feature","geometry":{"type":"Point","coordinates":[21.221149,45.763221]},"properties":{"name":"Circumvalațiunii (Burebista)","lines":"E1","arr":["E1"],"terminus":0,"mode":"bus","color":"#0059a9","colorDark":"#00294f","angle":132.3,"snapDist":8,"label":1}},{"type":"Feature","geometry":{"type":"Point","coordinates":[21.224352,45.764954]},"properties":{"name":"Piața Consiliul Europei (Calea Torontalului)","lines":"E1, E6, M44, M50","arr":["E1","E6","M44","M50"],"terminus":0,"mode":"bus","color":"#0059a9","colorDark":"#00294f","angle":44.1,"snapDist":9,"label":1}},{"type":"Feature","geometry":{"type":"Point","coordinates":[21.219922,45.769341]},"properties":{"name":"Miresei (Calea Torontalului)","lines":"E1, E6, M44, M50","arr":["E1","E6","M44","M50"],"terminus":0,"mode":"bus","color":"#0059a9","colorDark":"#00294f","angle":54.4,"snapDist":6,"label":0}},{"type":"Feature","geometry":{"type":"Point","coordinates":[21.216257,45.77287]},"properties":{"name":"Calea Torontalului (Liege)","lines":"E1, E6, M44, M50","arr":["E1","E6","M44","M50"],"terminus":0,"mode":"bus","color":"#0059a9","colorDark":"#00294f","angle":51.5,"snapDist":5,"label":0}},{"type":"Feature","geometry":{"type":"Point","coordinates":[21.213369,45.775639]},"properties":{"name":"VOX","lines":"E1, E6","arr":["E1","E6"],"terminus":0,"mode":"bus","color":"#0059a9","colorDark":"#00294f","angle":54.3,"snapDist":6,"label":1}},{"type":"Feature","geometry":{"type":"Point","coordinates":[21.211524,45.777294]},"properties":{"name":"Grigore Alexandrescu (Calea Torontalului)","lines":"E1, E6, M44","arr":["E1","E6","M44"],"terminus":0,"mode":"bus","color":"#0059a9","colorDark":"#00294f","angle":52.5,"snapDist":7,"label":1}},{"type":"Feature","geometry":{"type":"Point","coordinates":[21.218316,45.78563]},"properties":{"name":"Girație Calea Aradului","lines":"E1","arr":["E1"],"terminus":0,"mode":"bus","color":"#0059a9","colorDark":"#00294f","angle":71.8,"snapDist":4,"label":1}},{"type":"Feature","geometry":{"type":"Point","coordinates":[21.222541,45.790049]},"properties":{"name":"Tristan Tzara","lines":"E1","arr":["E1"],"terminus":1,"mode":"bus","color":"#0059a9","colorDark":"#00294f","angle":-46.1,"snapDist":7,"label":1}},{"type":"Feature","geometry":{"type":"Point","coordinates":[21.211451,45.77736]},"properties":{"name":"Grigore Alexandrescu (Calea Torontalului)","lines":"E1, E6, M44","arr":["E1","E6","M44"],"terminus":0,"mode":"bus","color":"#0059a9","colorDark":"#00294f","angle":232.5,"snapDist":13,"label":0}},{"type":"Feature","geometry":{"type":"Point","coordinates":[21.21324,45.77562]},"properties":{"name":"VOX","lines":"E1, E6","arr":["E1","E6"],"terminus":0,"mode":"bus","color":"#0059a9","colorDark":"#00294f","angle":234,"snapDist":6,"label":0}},{"type":"Feature","geometry":{"type":"Point","coordinates":[21.224419,45.764824]},"properties":{"name":"Piața Consiliul Europei (Calea Torontalului)","lines":"E1","arr":["E1"],"terminus":0,"mode":"bus","color":"#0059a9","colorDark":"#00294f","angle":248.6,"snapDist":7,"label":0}},{"type":"Feature","geometry":{"type":"Point","coordinates":[21.221316,45.763331]},"properties":{"name":"Circumvalațiunii (Burebista)","lines":"E1","arr":["E1"],"terminus":0,"mode":"bus","color":"#0059a9","colorDark":"#00294f","angle":321.8,"snapDist":8,"label":0}},{"type":"Feature","geometry":{"type":"Point","coordinates":[21.218136,45.759573]},"properties":{"name":"Gheorghe Lazăr (Circumvalațiunii)","lines":"E1","arr":["E1"],"terminus":0,"mode":"bus","color":"#0059a9","colorDark":"#00294f","angle":284.1,"snapDist":8,"label":0}},{"type":"Feature","geometry":{"type":"Point","coordinates":[21.199592,45.721655]},"properties":{"name":"Pod Calea Șagului","lines":"E1, E8","arr":["E1","E8"],"terminus":1,"mode":"bus","color":"#0059a9","colorDark":"#00294f","angle":239.7,"snapDist":6,"label":0}},{"type":"Feature","geometry":{"type":"Point","coordinates":[21.26538,45.736201]},"properties":{"name":"Aumovio (Continental)","lines":"E2","arr":["E2"],"terminus":1,"mode":"bus","color":"#0059a9","colorDark":"#00294f","angle":253.1,"snapDist":3,"label":1}},{"type":"Feature","geometry":{"type":"Point","coordinates":[21.26545,45.730938]},"properties":{"name":"Liceul Electrotimiș","lines":"E2","arr":["E2"],"terminus":0,"mode":"bus","color":"#0059a9","colorDark":"#00294f","angle":275.7,"snapDist":2,"label":1}},{"type":"Feature","geometry":{"type":"Point","coordinates":[21.255027,45.730781]},"properties":{"name":"Venus","lines":"E2","arr":["E2"],"terminus":0,"mode":"bus","color":"#0059a9","colorDark":"#00294f","angle":342.5,"snapDist":6,"label":0}},{"type":"Feature","geometry":{"type":"Point","coordinates":[21.233827,45.756463]},"properties":{"name":"Hector (Bastion)","lines":"E2, M42, M44, M48, M50","arr":["E2","M42","M44","M48","M50"],"terminus":1,"mode":"bus","color":"#0059a9","colorDark":"#00294f","angle":93,"snapDist":7,"label":1}},{"type":"Feature","geometry":{"type":"Point","coordinates":[21.225319,45.766135]},"properties":{"name":"Piața Consiliul Europei (Calea Aradului)","lines":"E2, M41, M42, M45, M47, M48","arr":["E2","M41","M42","M45","M47","M48"],"terminus":0,"mode":"bus","color":"#0059a9","colorDark":"#00294f","angle":82.8,"snapDist":5,"label":1}},{"type":"Feature","geometry":{"type":"Point","coordinates":[21.223584,45.769327]},"properties":{"name":"Dacia Service","lines":"E2","arr":["E2"],"terminus":0,"mode":"bus","color":"#0059a9","colorDark":"#00294f","angle":78.6,"snapDist":8,"label":0}},{"type":"Feature","geometry":{"type":"Point","coordinates":[21.233957,45.776677]},"properties":{"name":"Sf. Apostoli Petru și Pavel","lines":"E2","arr":["E2"],"terminus":0,"mode":"bus","color":"#0059a9","colorDark":"#00294f","angle":201.9,"snapDist":6,"label":1}},{"type":"Feature","geometry":{"type":"Point","coordinates":[21.240425,45.774784]},"properties":{"name":"Holdelor","lines":"E2","arr":["E2"],"terminus":1,"mode":"bus","color":"#0059a9","colorDark":"#00294f","angle":204.4,"snapDist":10,"label":1}},{"type":"Feature","geometry":{"type":"Point","coordinates":[21.245551,45.773047]},"properties":{"name":"Stuparilor","lines":"E2","arr":["E2"],"terminus":0,"mode":"bus","color":"#0059a9","colorDark":"#00294f","angle":208.3,"snapDist":3,"label":0}},{"type":"Feature","geometry":{"type":"Point","coordinates":[21.244427,45.767408]},"properties":{"name":"Gara de Est (A. Demetriade)","lines":"E2","arr":["E2"],"terminus":0,"mode":"bus","color":"#0059a9","colorDark":"#00294f","angle":316.9,"snapDist":6,"label":0}},{"type":"Feature","geometry":{"type":"Point","coordinates":[21.235165,45.768577]},"properties":{"name":"Dedeman (Divizia 9 Cavalerie)","lines":"E2","arr":["E2"],"terminus":0,"mode":"bus","color":"#0059a9","colorDark":"#00294f","angle":13.7,"snapDist":2,"label":0}},{"type":"Feature","geometry":{"type":"Point","coordinates":[21.233249,45.754928]},"properties":{"name":"Hotel Continental","lines":"E2","arr":["E2"],"terminus":0,"mode":"bus","color":"#0059a9","colorDark":"#00294f","angle":287.4,"snapDist":8,"label":1}},{"type":"Feature","geometry":{"type":"Point","coordinates":[21.260581,45.732249]},"properties":{"name":"Electrotimiș (Calea Buziașului)","lines":"E2, M22, M23, M24","arr":["E2","M22","M23","M24"],"terminus":1,"mode":"bus","color":"#0059a9","colorDark":"#00294f","angle":218.1,"snapDist":3,"label":1}},{"type":"Feature","geometry":{"type":"Point","coordinates":[21.264365,45.730524]},"properties":{"name":"Liceul Electrotimiș","lines":"E2","arr":["E2"],"terminus":0,"mode":"bus","color":"#0059a9","colorDark":"#00294f","angle":207.3,"snapDist":4,"label":0}},{"type":"Feature","geometry":{"type":"Point","coordinates":[21.269808,45.729468]},"properties":{"name":"Ciarda Roșie (Siemens)","lines":"E2","arr":["E2"],"terminus":0,"mode":"bus","color":"#0059a9","colorDark":"#00294f","angle":118.8,"snapDist":2,"label":1}},{"type":"Feature","geometry":{"type":"Point","coordinates":[21.269763,45.733244]},"properties":{"name":"Elbromplast","lines":"E2","arr":["E2"],"terminus":0,"mode":"bus","color":"#0059a9","colorDark":"#00294f","angle":31,"snapDist":3,"label":1}},{"type":"Feature","geometry":{"type":"Point","coordinates":[21.23674,45.721188]},"properties":{"name":"Apicultorilor","lines":"E3","arr":["E3"],"terminus":1,"mode":"bus","color":"#0059a9","colorDark":"#00294f","angle":68.3,"snapDist":2,"label":1}},{"type":"Feature","geometry":{"type":"Point","coordinates":[21.237324,45.72895]},"properties":{"name":"Mureș (Calea Martirilor)","lines":"E3","arr":["E3"],"terminus":0,"mode":"bus","color":"#0059a9","colorDark":"#00294f","angle":84.6,"snapDist":0,"label":1}},{"type":"Feature","geometry":{"type":"Point","coordinates":[21.225201,45.748031]},"properties":{"name":"Pod Mihai Viteazu (Splaiul Tudor Vladimirescu)","lines":"E3, E7","arr":["E3","E7"],"terminus":0,"mode":"bus","color":"#0059a9","colorDark":"#00294f","angle":9.5,"snapDist":4,"label":1}},{"type":"Feature","geometry":{"type":"Point","coordinates":[21.222795,45.752017]},"properties":{"name":"Biserica Piaristă","lines":"E3","arr":["E3"],"terminus":0,"mode":"bus","color":"#0059a9","colorDark":"#00294f","angle":36.3,"snapDist":5,"label":1}},{"type":"Feature","geometry":{"type":"Point","coordinates":[21.20896,45.738986]},"properties":{"name":"Piața Iuliu Maniu (Budai Deleanu)","lines":"E3, E7, M36","arr":["E3","E7","M36"],"terminus":0,"mode":"bus","color":"#0059a9","colorDark":"#00294f","angle":347.9,"snapDist":7,"label":1}},{"type":"Feature","geometry":{"type":"Point","coordinates":[21.203076,45.738053]},"properties":{"name":"Crizantemelor (Budai Deleanu)","lines":"E3, E7, M36","arr":["E3","E7","M36"],"terminus":0,"mode":"bus","color":"#0059a9","colorDark":"#00294f","angle":342.3,"snapDist":7,"label":1}},{"type":"Feature","geometry":{"type":"Point","coordinates":[21.197603,45.737266]},"properties":{"name":"Banatul (Bd. Dâmbovița)","lines":"E3","arr":["E3"],"terminus":0,"mode":"bus","color":"#0059a9","colorDark":"#00294f","angle":61.1,"snapDist":3,"label":1}},{"type":"Feature","geometry":{"type":"Point","coordinates":[21.19607,45.739743]},"properties":{"name":"Dâmbovița (Bucla)","lines":"E3","arr":["E3"],"terminus":0,"mode":"bus","color":"#0059a9","colorDark":"#00294f","angle":65.9,"snapDist":1,"label":1}},{"type":"Feature","geometry":{"type":"Point","coordinates":[21.190822,45.737912]},"properties":{"name":"Baba Novac","lines":"E3","arr":["E3"],"terminus":0,"mode":"bus","color":"#0059a9","colorDark":"#00294f","angle":318.4,"snapDist":7,"label":1}},{"type":"Feature","geometry":{"type":"Point","coordinates":[21.187841,45.736009]},"properties":{"name":"Opre Gogu (Ardealului)","lines":"E3","arr":["E3"],"terminus":0,"mode":"bus","color":"#0059a9","colorDark":"#00294f","angle":317.2,"snapDist":5,"label":1}},{"type":"Feature","geometry":{"type":"Point","coordinates":[21.1849,45.734175]},"properties":{"name":"Păcii (Ardealului)","lines":"E3","arr":["E3"],"terminus":0,"mode":"bus","color":"#0059a9","colorDark":"#00294f","angle":318.1,"snapDist":2,"label":1}},{"type":"Feature","geometry":{"type":"Point","coordinates":[21.181175,45.731763]},"properties":{"name":"Canton C.F.R.","lines":"E3","arr":["E3"],"terminus":0,"mode":"bus","color":"#0059a9","colorDark":"#00294f","angle":309.4,"snapDist":7,"label":1}},{"type":"Feature","geometry":{"type":"Point","coordinates":[21.180713,45.727878]},"properties":{"name":"Liceul Auto (Ardealului)","lines":"E3","arr":["E3"],"terminus":0,"mode":"bus","color":"#0059a9","colorDark":"#00294f","angle":271.9,"snapDist":8,"label":1}},{"type":"Feature","geometry":{"type":"Point","coordinates":[21.178353,45.725632]},"properties":{"name":"Podgoriei","lines":"E3, E7, M36","arr":["E3","E7","M36"],"terminus":0,"mode":"bus","color":"#0059a9","colorDark":"#00294f","angle":317.7,"snapDist":7,"label":1}},{"type":"Feature","geometry":{"type":"Point","coordinates":[21.17589,45.724037]},"properties":{"name":"Constantin Nottara","lines":"E3, E7, M36","arr":["E3","E7","M36"],"terminus":0,"mode":"bus","color":"#0059a9","colorDark":"#00294f","angle":317.2,"snapDist":8,"label":1}},{"type":"Feature","geometry":{"type":"Point","coordinates":[21.171561,45.721189]},"properties":{"name":"Răscoala din 1907","lines":"E3, E7, M36","arr":["E3","E7","M36"],"terminus":0,"mode":"bus","color":"#0059a9","colorDark":"#00294f","angle":316,"snapDist":8,"label":1}},{"type":"Feature","geometry":{"type":"Point","coordinates":[21.164761,45.72108]},"properties":{"name":"Polonă (Pasaj Freidorf)","lines":"E3, E7, M36","arr":["E3","E7","M36"],"terminus":0,"mode":"bus","color":"#0059a9","colorDark":"#00294f","angle":40.1,"snapDist":6,"label":1}},{"type":"Feature","geometry":{"type":"Point","coordinates":[21.161116,45.72557]},"properties":{"name":"Kromberg (Parc ind. Freidorf)","lines":"E3","arr":["E3"],"terminus":0,"mode":"bus","color":"#0059a9","colorDark":"#00294f","angle":139.3,"snapDist":3,"label":1}},{"type":"Feature","geometry":{"type":"Point","coordinates":[21.16587,45.72851]},"properties":{"name":"ELBA (Parc ind. Freidorf)","lines":"E3","arr":["E3"],"terminus":1,"mode":"bus","color":"#0059a9","colorDark":"#00294f","angle":320.5,"snapDist":9,"label":1}},{"type":"Feature","geometry":{"type":"Point","coordinates":[21.161108,45.725565]},"properties":{"name":"Kromberg (Parc ind. Freidorf)","lines":"E3","arr":["E3"],"terminus":0,"mode":"bus","color":"#0059a9","colorDark":"#00294f","angle":319.3,"snapDist":2,"label":0}},{"type":"Feature","geometry":{"type":"Point","coordinates":[21.16361,45.721951]},"properties":{"name":"Polonă (Pasaj Freidorf)","lines":"E3, E7, M36","arr":["E3","E7","M36"],"terminus":0,"mode":"bus","color":"#0059a9","colorDark":"#00294f","angle":230,"snapDist":4,"label":0}},{"type":"Feature","geometry":{"type":"Point","coordinates":[21.171101,45.72087]},"properties":{"name":"Răscoala din 1907","lines":"E3, E7, M36","arr":["E3","E7","M36"],"terminus":0,"mode":"bus","color":"#0059a9","colorDark":"#00294f","angle":133.8,"snapDist":3,"label":0}},{"type":"Feature","geometry":{"type":"Point","coordinates":[21.176091,45.724167]},"properties":{"name":"Constantin Nottara","lines":"E3, E7, M36","arr":["E3","E7","M36"],"terminus":0,"mode":"bus","color":"#0059a9","colorDark":"#00294f","angle":137.2,"snapDist":6,"label":0}},{"type":"Feature","geometry":{"type":"Point","coordinates":[21.178368,45.725642]},"properties":{"name":"Podgoriei","lines":"E3, E7, M36","arr":["E3","E7","M36"],"terminus":0,"mode":"bus","color":"#0059a9","colorDark":"#00294f","angle":137.7,"snapDist":5,"label":0}},{"type":"Feature","geometry":{"type":"Point","coordinates":[21.180727,45.728201]},"properties":{"name":"Liceul Auto (Ardealului)","lines":"E3","arr":["E3"],"terminus":0,"mode":"bus","color":"#0059a9","colorDark":"#00294f","angle":91,"snapDist":3,"label":0}},{"type":"Feature","geometry":{"type":"Point","coordinates":[21.181139,45.731732]},"properties":{"name":"Canton C.F.R.","lines":"E3","arr":["E3"],"terminus":0,"mode":"bus","color":"#0059a9","colorDark":"#00294f","angle":129.4,"snapDist":2,"label":0}},{"type":"Feature","geometry":{"type":"Point","coordinates":[21.185082,45.734293]},"properties":{"name":"Păcii (Ardealului)","lines":"E3","arr":["E3"],"terminus":0,"mode":"bus","color":"#0059a9","colorDark":"#00294f","angle":136.5,"snapDist":7,"label":0}},{"type":"Feature","geometry":{"type":"Point","coordinates":[21.18814,45.736201]},"properties":{"name":"Opre Gogu (Ardealului)","lines":"E3","arr":["E3"],"terminus":0,"mode":"bus","color":"#0059a9","colorDark":"#00294f","angle":137.8,"snapDist":5,"label":0}},{"type":"Feature","geometry":{"type":"Point","coordinates":[21.195976,45.739548]},"properties":{"name":"Dâmbovița (Bucla)","lines":"E3","arr":["E3"],"terminus":0,"mode":"bus","color":"#0059a9","colorDark":"#00294f","angle":244.6,"snapDist":10,"label":0}},{"type":"Feature","geometry":{"type":"Point","coordinates":[21.198451,45.737071]},"properties":{"name":"Dâmbovița (Banatul)","lines":"E3, E7, M36","arr":["E3","E7","M36"],"terminus":0,"mode":"bus","color":"#0059a9","colorDark":"#00294f","angle":161.8,"snapDist":7,"label":1}},{"type":"Feature","geometry":{"type":"Point","coordinates":[21.203044,45.738046]},"properties":{"name":"Transilvania (Budai Deleanu)","lines":"E3, E7, M36","arr":["E3","E7","M36"],"terminus":0,"mode":"bus","color":"#0059a9","colorDark":"#00294f","angle":162.3,"snapDist":7,"label":1}},{"type":"Feature","geometry":{"type":"Point","coordinates":[21.221475,45.752667]},"properties":{"name":"Piața Regina Maria (Parc)","lines":"E3","arr":["E3"],"terminus":0,"mode":"bus","color":"#0059a9","colorDark":"#00294f","angle":218.1,"snapDist":9,"label":1}},{"type":"Feature","geometry":{"type":"Point","coordinates":[21.237075,45.727355]},"properties":{"name":"Mureș (Calea Martirilor)","lines":"E3","arr":["E3"],"terminus":0,"mode":"bus","color":"#0059a9","colorDark":"#00294f","angle":274.6,"snapDist":7,"label":0}},{"type":"Feature","geometry":{"type":"Point","coordinates":[21.302019,45.775372]},"properties":{"name":"DN 6 (Ghiroda)","lines":"E4, E4b, M27","arr":["E4","E4b","M27"],"terminus":0,"mode":"bus","color":"#0059a9","colorDark":"#00294f","angle":166.5,"snapDist":7,"label":1}},{"type":"Feature","geometry":{"type":"Point","coordinates":[21.318403,45.790476]},"properties":{"name":"Hella","lines":"E4","arr":["E4"],"terminus":0,"mode":"bus","color":"#0059a9","colorDark":"#00294f","angle":121.3,"snapDist":3,"label":1}},{"type":"Feature","geometry":{"type":"Point","coordinates":[21.324959,45.795181]},"properties":{"name":"Cartier Aeroport","lines":"E4","arr":["E4"],"terminus":0,"mode":"bus","color":"#0059a9","colorDark":"#00294f","angle":141,"snapDist":0,"label":1}},{"type":"Feature","geometry":{"type":"Point","coordinates":[21.330512,45.798314]},"properties":{"name":"U. M. Aeroport","lines":"E4","arr":["E4"],"terminus":0,"mode":"bus","color":"#0059a9","colorDark":"#00294f","angle":141,"snapDist":3,"label":1}},{"type":"Feature","geometry":{"type":"Point","coordinates":[21.319936,45.79566]},"properties":{"name":"Swoboda","lines":"E4, E4b","arr":["E4","E4b"],"terminus":0,"mode":"bus","color":"#0059a9","colorDark":"#00294f","angle":89.8,"snapDist":4,"label":1}},{"type":"Feature","geometry":{"type":"Point","coordinates":[21.31996,45.798506]},"properties":{"name":"Dura","lines":"E4","arr":["E4"],"terminus":0,"mode":"bus","color":"#0059a9","colorDark":"#00294f","angle":90.7,"snapDist":9,"label":1}},{"type":"Feature","geometry":{"type":"Point","coordinates":[21.321385,45.809228]},"properties":{"name":"Aeroport (Terminal Schengen)","lines":"E4, E4b","arr":["E4","E4b"],"terminus":1,"mode":"bus","color":"#0059a9","colorDark":"#00294f","angle":-12,"snapDist":9,"label":1}},{"type":"Feature","geometry":{"type":"Point","coordinates":[21.319746,45.809998]},"properties":{"name":"Aeroportul Internațional (TSR)","lines":"E4, E4b","arr":["E4","E4b"],"terminus":0,"mode":"bus","color":"#0059a9","colorDark":"#00294f","angle":17.5,"snapDist":4,"label":1}},{"type":"Feature","geometry":{"type":"Point","coordinates":[21.319958,45.798326]},"properties":{"name":"Dura","lines":"E4","arr":["E4"],"terminus":0,"mode":"bus","color":"#0059a9","colorDark":"#00294f","angle":270.6,"snapDist":51,"label":0}},{"type":"Feature","geometry":{"type":"Point","coordinates":[21.319934,45.795579]},"properties":{"name":"Swoboda","lines":"E4, E4b","arr":["E4","E4b"],"terminus":0,"mode":"bus","color":"#0059a9","colorDark":"#00294f","angle":271.4,"snapDist":6,"label":0}},{"type":"Feature","geometry":{"type":"Point","coordinates":[21.330294,45.798191]},"properties":{"name":"U. M. Aeroport","lines":"E4","arr":["E4"],"terminus":0,"mode":"bus","color":"#0059a9","colorDark":"#00294f","angle":-39,"snapDist":4,"label":0}},{"type":"Feature","geometry":{"type":"Point","coordinates":[21.32502,45.795215]},"properties":{"name":"Cartier Aeroport","lines":"E4","arr":["E4"],"terminus":0,"mode":"bus","color":"#0059a9","colorDark":"#00294f","angle":141,"snapDist":4,"label":0}},{"type":"Feature","geometry":{"type":"Point","coordinates":[21.30034,45.775176]},"properties":{"name":"DN 6 (Ghiroda)","lines":"E4, E4b, M27, M30","arr":["E4","E4b","M27","M30"],"terminus":0,"mode":"bus","color":"#0059a9","colorDark":"#00294f","angle":345.8,"snapDist":6,"label":0}},{"type":"Feature","geometry":{"type":"Point","coordinates":[21.267409,45.769385]},"properties":{"name":"Camping (Calea Lugojului)","lines":"E4, E4b, M11, M27, M30","arr":["E4","E4b","M11","M27","M30"],"terminus":0,"mode":"bus","color":"#0059a9","colorDark":"#00294f","angle":333.6,"snapDist":7,"label":1}},{"type":"Feature","geometry":{"type":"Point","coordinates":[21.193589,45.790958]},"properties":{"name":"Campeador","lines":"E6","arr":["E6"],"terminus":0,"mode":"bus","color":"#0059a9","colorDark":"#00294f","angle":45.7,"snapDist":5,"label":1}},{"type":"Feature","geometry":{"type":"Point","coordinates":[21.186226,45.793678]},"properties":{"name":"Metro II (Torontalului)","lines":"E6","arr":["E6"],"terminus":1,"mode":"bus","color":"#0059a9","colorDark":"#00294f","angle":224.2,"snapDist":15,"label":1}},{"type":"Feature","geometry":{"type":"Point","coordinates":[21.203036,45.783898]},"properties":{"name":"Scalini","lines":"E6","arr":["E6"],"terminus":0,"mode":"bus","color":"#0059a9","colorDark":"#00294f","angle":227.7,"snapDist":8,"label":1}},{"type":"Feature","geometry":{"type":"Point","coordinates":[21.197469,45.736871]},"properties":{"name":"Dâmbovița (Banatul)","lines":"E7, M36","arr":["E7","M36"],"terminus":0,"mode":"bus","color":"#0059a9","colorDark":"#00294f","angle":343.6,"snapDist":8,"label":0}},{"type":"Feature","geometry":{"type":"Point","coordinates":[21.191698,45.733547]},"properties":{"name":"Opre Gogu (N. Andreescu)","lines":"E7, M36","arr":["E7","M36"],"terminus":0,"mode":"bus","color":"#0059a9","colorDark":"#00294f","angle":316.7,"snapDist":7,"label":1}},{"type":"Feature","geometry":{"type":"Point","coordinates":[21.188573,45.731497]},"properties":{"name":"Păcii (N. Andreescu)","lines":"E7, M36","arr":["E7","M36"],"terminus":0,"mode":"bus","color":"#0059a9","colorDark":"#00294f","angle":318.2,"snapDist":5,"label":1}},{"type":"Feature","geometry":{"type":"Point","coordinates":[21.184743,45.728979]},"properties":{"name":"V. Simionescu (N. Andreescu)","lines":"E7, M36","arr":["E7","M36"],"terminus":0,"mode":"bus","color":"#0059a9","colorDark":"#00294f","angle":316.3,"snapDist":9,"label":1}},{"type":"Feature","geometry":{"type":"Point","coordinates":[21.181144,45.727139]},"properties":{"name":"Liceul Auto (N. Andreescu)","lines":"E7, M36","arr":["E7","M36"],"terminus":0,"mode":"bus","color":"#0059a9","colorDark":"#00294f","angle":336.3,"snapDist":9,"label":1}},{"type":"Feature","geometry":{"type":"Point","coordinates":[21.157348,45.720821]},"properties":{"name":"Fabrica de Zahăr","lines":"E7, M36","arr":["E7","M36"],"terminus":0,"mode":"bus","color":"#0059a9","colorDark":"#00294f","angle":338.7,"snapDist":6,"label":1}},{"type":"Feature","geometry":{"type":"Point","coordinates":[21.148952,45.718811]},"properties":{"name":"Comtim (Smithfield)","lines":"E7, M36","arr":["E7","M36"],"terminus":1,"mode":"bus","color":"#0059a9","colorDark":"#00294f","angle":164.5,"snapDist":8,"label":1}},{"type":"Feature","geometry":{"type":"Point","coordinates":[21.157344,45.720819]},"properties":{"name":"Fabrica de Zahăr","lines":"E7, M36","arr":["E7","M36"],"terminus":0,"mode":"bus","color":"#0059a9","colorDark":"#00294f","angle":158.7,"snapDist":4,"label":0}},{"type":"Feature","geometry":{"type":"Point","coordinates":[21.181151,45.727141]},"properties":{"name":"Liceul Auto (N. Andreescu)","lines":"E7, M36","arr":["E7","M36"],"terminus":0,"mode":"bus","color":"#0059a9","colorDark":"#00294f","angle":156.3,"snapDist":7,"label":0}},{"type":"Feature","geometry":{"type":"Point","coordinates":[21.18465,45.728917]},"properties":{"name":"V. Simionescu (N. Andreescu)","lines":"E7, M36","arr":["E7","M36"],"terminus":0,"mode":"bus","color":"#0059a9","colorDark":"#00294f","angle":136.3,"snapDist":6,"label":0}},{"type":"Feature","geometry":{"type":"Point","coordinates":[21.188589,45.731507]},"properties":{"name":"Păcii (N. Andreescu)","lines":"E7, M36","arr":["E7","M36"],"terminus":0,"mode":"bus","color":"#0059a9","colorDark":"#00294f","angle":138.2,"snapDist":3,"label":0}},{"type":"Feature","geometry":{"type":"Point","coordinates":[21.191804,45.733617]},"properties":{"name":"Opre Gogu (N. Andreescu)","lines":"E7, M36","arr":["E7","M36"],"terminus":0,"mode":"bus","color":"#0059a9","colorDark":"#00294f","angle":136.7,"snapDist":4,"label":0}},{"type":"Feature","geometry":{"type":"Point","coordinates":[21.202883,45.72077]},"properties":{"name":"Izlaz","lines":"E8","arr":["E8"],"terminus":0,"mode":"bus","color":"#0059a9","colorDark":"#00294f","angle":159.1,"snapDist":4,"label":1}},{"type":"Feature","geometry":{"type":"Point","coordinates":[21.206832,45.723152]},"properties":{"name":"Bujorilor","lines":"E8","arr":["E8"],"terminus":0,"mode":"bus","color":"#0059a9","colorDark":"#00294f","angle":67.9,"snapDist":2,"label":1}},{"type":"Feature","geometry":{"type":"Point","coordinates":[21.216792,45.738738]},"properties":{"name":"C. Brâncoveanu (C. Porumbescu)","lines":"E8","arr":["E8"],"terminus":0,"mode":"bus","color":"#0059a9","colorDark":"#00294f","angle":161.5,"snapDist":4,"label":1}},{"type":"Feature","geometry":{"type":"Point","coordinates":[21.221253,45.739921]},"properties":{"name":"Corbului (C. Porumbescu)","lines":"E8","arr":["E8"],"terminus":0,"mode":"bus","color":"#0059a9","colorDark":"#00294f","angle":149.5,"snapDist":4,"label":1}},{"type":"Feature","geometry":{"type":"Point","coordinates":[21.226041,45.742377]},"properties":{"name":"Piața N. Bălcescu (Mihai Viteazu)","lines":"E8","arr":["E8"],"terminus":0,"mode":"bus","color":"#0059a9","colorDark":"#00294f","angle":84.8,"snapDist":4,"label":1}},{"type":"Feature","geometry":{"type":"Point","coordinates":[21.225659,45.745036]},"properties":{"name":"Facultatea de Mecanică","lines":"E8","arr":["E8"],"terminus":0,"mode":"bus","color":"#0059a9","colorDark":"#00294f","angle":84,"snapDist":4,"label":1}},{"type":"Feature","geometry":{"type":"Point","coordinates":[21.263501,45.753636]},"properties":{"name":"Căprioarei","lines":"E8","arr":["E8"],"terminus":0,"mode":"bus","color":"#0059a9","colorDark":"#00294f","angle":274.3,"snapDist":6,"label":0}},{"type":"Feature","geometry":{"type":"Point","coordinates":[21.263322,45.751464]},"properties":{"name":"Levănțica","lines":"E8","arr":["E8"],"terminus":0,"mode":"bus","color":"#0059a9","colorDark":"#00294f","angle":273.9,"snapDist":10,"label":0}},{"type":"Feature","geometry":{"type":"Point","coordinates":[21.262913,45.747326]},"properties":{"name":"Apateu","lines":"E8","arr":["E8"],"terminus":0,"mode":"bus","color":"#0059a9","colorDark":"#00294f","angle":273.9,"snapDist":6,"label":0}},{"type":"Feature","geometry":{"type":"Point","coordinates":[21.266494,45.744582]},"properties":{"name":"Azur","lines":"E8","arr":["E8"],"terminus":0,"mode":"bus","color":"#0059a9","colorDark":"#00294f","angle":182.8,"snapDist":6,"label":1}},{"type":"Feature","geometry":{"type":"Point","coordinates":[21.270099,45.744603]},"properties":{"name":"Plastique Forme","lines":"E8","arr":["E8"],"terminus":0,"mode":"bus","color":"#0059a9","colorDark":"#00294f","angle":179.3,"snapDist":5,"label":0}},{"type":"Feature","geometry":{"type":"Point","coordinates":[21.279655,45.745292]},"properties":{"name":"Drumul Boilor","lines":"E8","arr":["E8"],"terminus":0,"mode":"bus","color":"#0059a9","colorDark":"#00294f","angle":173.4,"snapDist":4,"label":0}},{"type":"Feature","geometry":{"type":"Point","coordinates":[21.279858,45.747491]},"properties":{"name":"T. Demetrescu","lines":"E8","arr":["E8"],"terminus":0,"mode":"bus","color":"#0059a9","colorDark":"#00294f","angle":69.2,"snapDist":3,"label":0}},{"type":"Feature","geometry":{"type":"Point","coordinates":[21.278397,45.75015]},"properties":{"name":"Albăstrelelor (Tata Oancea)","lines":"E8","arr":["E8"],"terminus":0,"mode":"bus","color":"#0059a9","colorDark":"#00294f","angle":68.9,"snapDist":6,"label":1}},{"type":"Feature","geometry":{"type":"Point","coordinates":[21.276242,45.754058]},"properties":{"name":"Albăstrelelor","lines":"E8","arr":["E8"],"terminus":1,"mode":"bus","color":"#0059a9","colorDark":"#00294f","angle":69.5,"snapDist":4,"label":1}},{"type":"Feature","geometry":{"type":"Point","coordinates":[21.268264,45.754769]},"properties":{"name":"Rudolf Walter","lines":"E8","arr":["E8"],"terminus":0,"mode":"bus","color":"#0059a9","colorDark":"#00294f","angle":23.6,"snapDist":5,"label":0}},{"type":"Feature","geometry":{"type":"Point","coordinates":[21.225349,45.747575]},"properties":{"name":"Bd. Mihai Viteazu","lines":"E8","arr":["E8"],"terminus":0,"mode":"bus","color":"#0059a9","colorDark":"#00294f","angle":275.1,"snapDist":6,"label":1}},{"type":"Feature","geometry":{"type":"Point","coordinates":[21.225544,45.744907]},"properties":{"name":"Facultatea de Mecanică","lines":"E8","arr":["E8"],"terminus":0,"mode":"bus","color":"#0059a9","colorDark":"#00294f","angle":264.1,"snapDist":8,"label":0}},{"type":"Feature","geometry":{"type":"Point","coordinates":[21.225425,45.741867]},"properties":{"name":"Piața N. Bălcescu","lines":"E8","arr":["E8"],"terminus":0,"mode":"bus","color":"#0059a9","colorDark":"#00294f","angle":330.5,"snapDist":6,"label":1}},{"type":"Feature","geometry":{"type":"Point","coordinates":[21.219558,45.739414]},"properties":{"name":"Corbului (C. Porumbescu)","lines":"E8","arr":["E8"],"terminus":0,"mode":"bus","color":"#0059a9","colorDark":"#00294f","angle":340.4,"snapDist":4,"label":0}},{"type":"Feature","geometry":{"type":"Point","coordinates":[21.276385,45.771177]},"properties":{"name":"Moticica (Calea Lugojului)","lines":"M11","arr":["M11"],"terminus":0,"mode":"bus","color":"#149a3f","colorDark":"#0a5121","angle":167.8,"snapDist":2,"label":1}},{"type":"Feature","geometry":{"type":"Point","coordinates":[21.283482,45.772374]},"properties":{"name":"Romtrans (Calea Lugojului)","lines":"M11","arr":["M11"],"terminus":0,"mode":"bus","color":"#149a3f","colorDark":"#0a5121","angle":166.6,"snapDist":3,"label":1}},{"type":"Feature","geometry":{"type":"Point","coordinates":[21.29236,45.773791]},"properties":{"name":"Banat Car (Calea Lugojului)","lines":"M11","arr":["M11"],"terminus":0,"mode":"bus","color":"#149a3f","colorDark":"#0a5121","angle":167.6,"snapDist":4,"label":1}},{"type":"Feature","geometry":{"type":"Point","coordinates":[21.301389,45.774645]},"properties":{"name":"Calea Lugojului (Ghiroda)","lines":"M11","arr":["M11"],"terminus":0,"mode":"bus","color":"#149a3f","colorDark":"#0a5121","angle":257.8,"snapDist":8,"label":1}},{"type":"Feature","geometry":{"type":"Point","coordinates":[21.30277,45.770302]},"properties":{"name":"Primărie (Ghiroda)","lines":"M11","arr":["M11"],"terminus":0,"mode":"bus","color":"#149a3f","colorDark":"#0a5121","angle":257.6,"snapDist":6,"label":1}},{"type":"Feature","geometry":{"type":"Point","coordinates":[21.304082,45.766204]},"properties":{"name":"Ialomiței (Ghiroda)","lines":"M11","arr":["M11"],"terminus":1,"mode":"bus","color":"#149a3f","colorDark":"#0a5121","angle":258.1,"snapDist":7,"label":1}},{"type":"Feature","geometry":{"type":"Point","coordinates":[21.299746,45.765379]},"properties":{"name":"Jiul (Ghiroda)","lines":"M11","arr":["M11"],"terminus":0,"mode":"bus","color":"#149a3f","colorDark":"#0a5121","angle":349.5,"snapDist":2,"label":1}},{"type":"Feature","geometry":{"type":"Point","coordinates":[21.295803,45.764663]},"properties":{"name":"Câmpului (Ghiroda)","lines":"M11","arr":["M11"],"terminus":0,"mode":"bus","color":"#149a3f","colorDark":"#0a5121","angle":341.8,"snapDist":3,"label":1}},{"type":"Feature","geometry":{"type":"Point","coordinates":[21.29423,45.76429]},"properties":{"name":"Cruce (Ghiroda)","lines":"M11","arr":["M11"],"terminus":0,"mode":"bus","color":"#149a3f","colorDark":"#0a5121","angle":340.9,"snapDist":2,"label":1}},{"type":"Feature","geometry":{"type":"Point","coordinates":[21.287339,45.763583]},"properties":{"name":"Moldovei (Ghiroda)","lines":"M11, M29","arr":["M11","M29"],"terminus":0,"mode":"bus","color":"#0059a9","colorDark":"#00294f","angle":3.1,"snapDist":2,"label":1}},{"type":"Feature","geometry":{"type":"Point","coordinates":[21.285369,45.76362]},"properties":{"name":"Prieteniei","lines":"M11, M29","arr":["M11","M29"],"terminus":0,"mode":"bus","color":"#0059a9","colorDark":"#00294f","angle":1.4,"snapDist":4,"label":1}},{"type":"Feature","geometry":{"type":"Point","coordinates":[21.280979,45.763723]},"properties":{"name":"Spartacus","lines":"M11, M29","arr":["M11","M29"],"terminus":0,"mode":"bus","color":"#0059a9","colorDark":"#00294f","angle":1.6,"snapDist":4,"label":1}},{"type":"Feature","geometry":{"type":"Point","coordinates":[21.276038,45.763828]},"properties":{"name":"Bobâlna","lines":"M11, M29","arr":["M11","M29"],"terminus":0,"mode":"bus","color":"#0059a9","colorDark":"#00294f","angle":2,"snapDist":4,"label":1}},{"type":"Feature","geometry":{"type":"Point","coordinates":[21.270189,45.763768]},"properties":{"name":"Cometei","lines":"M11, M29","arr":["M11","M29"],"terminus":0,"mode":"bus","color":"#0059a9","colorDark":"#00294f","angle":1.1,"snapDist":4,"label":1}},{"type":"Feature","geometry":{"type":"Point","coordinates":[21.267194,45.765001]},"properties":{"name":"Turda","lines":"M11","arr":["M11"],"terminus":0,"mode":"bus","color":"#149a3f","colorDark":"#0a5121","angle":91.9,"snapDist":4,"label":1}},{"type":"Feature","geometry":{"type":"Point","coordinates":[21.268627,45.767048]},"properties":{"name":"Arena Aqua (Ștrandului)","lines":"M11","arr":["M11"],"terminus":0,"mode":"bus","color":"#149a3f","colorDark":"#0a5121","angle":84.7,"snapDist":2,"label":1}},{"type":"Feature","geometry":{"type":"Point","coordinates":[21.235082,45.780988]},"properties":{"name":"Ion Ionescu de la Brad","lines":"M14, M49","arr":["M14","M49"],"terminus":0,"mode":"bus","color":"#0059a9","colorDark":"#00294f","angle":106,"snapDist":7,"label":0}},{"type":"Feature","geometry":{"type":"Point","coordinates":[21.237003,45.786433]},"properties":{"name":"Kaufland (Dumbrăvița)","lines":"M14","arr":["M14"],"terminus":0,"mode":"bus","color":"#149a3f","colorDark":"#0a5121","angle":101.8,"snapDist":1,"label":1}},{"type":"Feature","geometry":{"type":"Point","coordinates":[21.239374,45.7927]},"properties":{"name":"Fropin (Dumbrăvița)","lines":"M14","arr":["M14"],"terminus":0,"mode":"bus","color":"#149a3f","colorDark":"#0a5121","angle":107.8,"snapDist":4,"label":1}},{"type":"Feature","geometry":{"type":"Point","coordinates":[21.244708,45.798675]},"properties":{"name":"N. Bălcescu (Dumbrăvița)","lines":"M14","arr":["M14"],"terminus":0,"mode":"bus","color":"#149a3f","colorDark":"#0a5121","angle":133.5,"snapDist":6,"label":1}},{"type":"Feature","geometry":{"type":"Point","coordinates":[21.249904,45.802494]},"properties":{"name":"Franyó Zóltán (Dumbrăvița)","lines":"M14","arr":["M14"],"terminus":0,"mode":"bus","color":"#149a3f","colorDark":"#0a5121","angle":132.9,"snapDist":1,"label":1}},{"type":"Feature","geometry":{"type":"Point","coordinates":[21.252925,45.804949]},"properties":{"name":"Attila József (Dumbrăvița)","lines":"M14","arr":["M14"],"terminus":0,"mode":"bus","color":"#149a3f","colorDark":"#0a5121","angle":128.8,"snapDist":2,"label":1}},{"type":"Feature","geometry":{"type":"Point","coordinates":[21.255691,45.807295]},"properties":{"name":"Girație (Dumbrăvița)","lines":"M14","arr":["M14"],"terminus":0,"mode":"bus","color":"#149a3f","colorDark":"#0a5121","angle":129.7,"snapDist":1,"label":1}},{"type":"Feature","geometry":{"type":"Point","coordinates":[21.261913,45.812876]},"properties":{"name":"Belvedere (Dumbrăvița)","lines":"M14","arr":["M14"],"terminus":1,"mode":"bus","color":"#149a3f","colorDark":"#0a5121","angle":308.2,"snapDist":5,"label":1}},{"type":"Feature","geometry":{"type":"Point","coordinates":[21.259883,45.811053]},"properties":{"name":"Amethyst (Dumbrăvița)","lines":"M14, M49","arr":["M14","M49"],"terminus":0,"mode":"bus","color":"#0059a9","colorDark":"#00294f","angle":307.9,"snapDist":14,"label":1}},{"type":"Feature","geometry":{"type":"Point","coordinates":[21.255995,45.807632]},"properties":{"name":"Girație (Dumbrăvița)","lines":"M14","arr":["M14"],"terminus":0,"mode":"bus","color":"#149a3f","colorDark":"#0a5121","angle":309.4,"snapDist":8,"label":0}},{"type":"Feature","geometry":{"type":"Point","coordinates":[21.252423,45.804623]},"properties":{"name":"Attila József (Dumbrăvița)","lines":"M14","arr":["M14"],"terminus":0,"mode":"bus","color":"#149a3f","colorDark":"#0a5121","angle":309.9,"snapDist":6,"label":0}},{"type":"Feature","geometry":{"type":"Point","coordinates":[21.248559,45.801582]},"properties":{"name":"Franyó Zóltán (Dumbrăvița)","lines":"M14","arr":["M14"],"terminus":0,"mode":"bus","color":"#149a3f","colorDark":"#0a5121","angle":312.6,"snapDist":6,"label":0}},{"type":"Feature","geometry":{"type":"Point","coordinates":[21.242403,45.797048]},"properties":{"name":"N. Bălcescu (Dumbrăvița)","lines":"M14","arr":["M14"],"terminus":0,"mode":"bus","color":"#149a3f","colorDark":"#0a5121","angle":313.6,"snapDist":10,"label":1}},{"type":"Feature","geometry":{"type":"Point","coordinates":[21.238946,45.791914]},"properties":{"name":"Fropin (Dumbrăvița)","lines":"M14","arr":["M14"],"terminus":0,"mode":"bus","color":"#149a3f","colorDark":"#0a5121","angle":287.7,"snapDist":9,"label":0}},{"type":"Feature","geometry":{"type":"Point","coordinates":[21.236869,45.786249]},"properties":{"name":"Kaufland (Dumbrăvița)","lines":"M14","arr":["M14"],"terminus":0,"mode":"bus","color":"#149a3f","colorDark":"#0a5121","angle":281.1,"snapDist":6,"label":0}},{"type":"Feature","geometry":{"type":"Point","coordinates":[21.294641,45.723776]},"properties":{"name":"Sofia (Moșnița Nouă)","lines":"M22, M23, M24","arr":["M22","M23","M24"],"terminus":0,"mode":"bus","color":"#0059a9","colorDark":"#00294f","angle":194,"snapDist":6,"label":1}},{"type":"Feature","geometry":{"type":"Point","coordinates":[21.30004,45.723237]},"properties":{"name":"Berlin (Moșnița Nouă)","lines":"M22","arr":["M22"],"terminus":0,"mode":"bus","color":"#0059a9","colorDark":"#00294f","angle":103.6,"snapDist":9,"label":1}},{"type":"Feature","geometry":{"type":"Point","coordinates":[21.300758,45.725314]},"properties":{"name":"Florența (Moșnița Nouă)","lines":"M22","arr":["M22"],"terminus":0,"mode":"bus","color":"#0059a9","colorDark":"#00294f","angle":103.9,"snapDist":2,"label":1}},{"type":"Feature","geometry":{"type":"Point","coordinates":[21.301889,45.728593]},"properties":{"name":"Viena (Moșnița Nouă)","lines":"M22","arr":["M22"],"terminus":0,"mode":"bus","color":"#0059a9","colorDark":"#00294f","angle":104.2,"snapDist":4,"label":1}},{"type":"Feature","geometry":{"type":"Point","coordinates":[21.306229,45.731607]},"properties":{"name":"Concordiei (Moșnița Nouă)","lines":"M22","arr":["M22"],"terminus":0,"mode":"bus","color":"#0059a9","colorDark":"#00294f","angle":160.4,"snapDist":16,"label":1}},{"type":"Feature","geometry":{"type":"Point","coordinates":[21.309218,45.732386]},"properties":{"name":"Armoniei (Moșnița Veche)","lines":"M22","arr":["M22"],"terminus":0,"mode":"bus","color":"#0059a9","colorDark":"#00294f","angle":160.3,"snapDist":13,"label":1}},{"type":"Feature","geometry":{"type":"Point","coordinates":[21.312343,45.733182]},"properties":{"name":"Arlechino (Moșnița Veche)","lines":"M22","arr":["M22"],"terminus":0,"mode":"bus","color":"#0059a9","colorDark":"#00294f","angle":160,"snapDist":16,"label":1}},{"type":"Feature","geometry":{"type":"Point","coordinates":[21.317906,45.734608]},"properties":{"name":"Muntenia (Moșnița Veche)","lines":"M22","arr":["M22"],"terminus":0,"mode":"bus","color":"#0059a9","colorDark":"#00294f","angle":160.4,"snapDist":7,"label":1}},{"type":"Feature","geometry":{"type":"Point","coordinates":[21.323832,45.736224]},"properties":{"name":"Intrare (Moșnița Veche)","lines":"M22","arr":["M22"],"terminus":0,"mode":"bus","color":"#0059a9","colorDark":"#00294f","angle":157,"snapDist":4,"label":1}},{"type":"Feature","geometry":{"type":"Point","coordinates":[21.330518,45.738204]},"properties":{"name":"Tineret (Moșnița Veche)","lines":"M22","arr":["M22"],"terminus":1,"mode":"bus","color":"#0059a9","colorDark":"#00294f","angle":156.7,"snapDist":25,"label":1}},{"type":"Feature","geometry":{"type":"Point","coordinates":[21.332035,45.736413]},"properties":{"name":"Aurel Cozma (Moșnița Veche)","lines":"M22","arr":["M22"],"terminus":0,"mode":"bus","color":"#0059a9","colorDark":"#00294f","angle":247.2,"snapDist":4,"label":1}},{"type":"Feature","geometry":{"type":"Point","coordinates":[21.334131,45.732984]},"properties":{"name":"Căminul Cultural (Moșnița Veche)","lines":"M22","arr":["M22"],"terminus":0,"mode":"bus","color":"#0059a9","colorDark":"#00294f","angle":246.2,"snapDist":7,"label":1}},{"type":"Feature","geometry":{"type":"Point","coordinates":[21.330046,45.724474]},"properties":{"name":"Serena (Moșnița Nouă)","lines":"M22","arr":["M22"],"terminus":0,"mode":"bus","color":"#0059a9","colorDark":"#00294f","angle":292.3,"snapDist":6,"label":1}},{"type":"Feature","geometry":{"type":"Point","coordinates":[21.328088,45.721335]},"properties":{"name":"Agricultorilor (Moșnița Nouă)","lines":"M22","arr":["M22"],"terminus":0,"mode":"bus","color":"#0059a9","colorDark":"#00294f","angle":293.2,"snapDist":4,"label":1}},{"type":"Feature","geometry":{"type":"Point","coordinates":[21.325868,45.718471]},"properties":{"name":"Principală (Moșnița Nouă)","lines":"M22","arr":["M22"],"terminus":0,"mode":"bus","color":"#0059a9","colorDark":"#00294f","angle":10.8,"snapDist":1,"label":1}},{"type":"Feature","geometry":{"type":"Point","coordinates":[21.322695,45.719019]},"properties":{"name":"Parc (Moșnița Nouă)","lines":"M22","arr":["M22"],"terminus":0,"mode":"bus","color":"#0059a9","colorDark":"#00294f","angle":13.6,"snapDist":0,"label":1}},{"type":"Feature","geometry":{"type":"Point","coordinates":[21.317988,45.719891]},"properties":{"name":"Poștei (Moșnița Nouă)","lines":"M22","arr":["M22"],"terminus":0,"mode":"bus","color":"#0059a9","colorDark":"#00294f","angle":9.1,"snapDist":5,"label":1}},{"type":"Feature","geometry":{"type":"Point","coordinates":[21.309974,45.721248]},"properties":{"name":"Căliman (Moșnița Nouă)","lines":"M22","arr":["M22"],"terminus":0,"mode":"bus","color":"#0059a9","colorDark":"#00294f","angle":13.5,"snapDist":2,"label":1}},{"type":"Feature","geometry":{"type":"Point","coordinates":[21.299669,45.722986]},"properties":{"name":"Berlin 1 (Moșnița Nouă)","lines":"M22","arr":["M22"],"terminus":0,"mode":"bus","color":"#0059a9","colorDark":"#00294f","angle":6.1,"snapDist":5,"label":1}},{"type":"Feature","geometry":{"type":"Point","coordinates":[21.294184,45.723971]},"properties":{"name":"Sofia (Moșnița Nouă)","lines":"M22","arr":["M22"],"terminus":0,"mode":"bus","color":"#0059a9","colorDark":"#00294f","angle":326.8,"snapDist":2,"label":0}},{"type":"Feature","geometry":{"type":"Point","coordinates":[21.24804,45.731054]},"properties":{"name":"Girație Sudului","lines":"M23","arr":["M23"],"terminus":1,"mode":"bus","color":"#0059a9","colorDark":"#00294f","angle":5.1,"snapDist":8,"label":1}},{"type":"Feature","geometry":{"type":"Point","coordinates":[21.300418,45.72279]},"properties":{"name":"Berlin 1 (Moșnița Nouă)","lines":"M23, M24","arr":["M23","M24"],"terminus":0,"mode":"bus","color":"#0059a9","colorDark":"#00294f","angle":192.3,"snapDist":9,"label":0}},{"type":"Feature","geometry":{"type":"Point","coordinates":[21.310891,45.721009]},"properties":{"name":"Căliman (Moșnița Nouă)","lines":"M23, M24","arr":["M23","M24"],"terminus":0,"mode":"bus","color":"#0059a9","colorDark":"#00294f","angle":192.5,"snapDist":8,"label":0}},{"type":"Feature","geometry":{"type":"Point","coordinates":[21.318388,45.719644]},"properties":{"name":"Poștei (Moșnița Nouă)","lines":"M23, M24","arr":["M23","M24"],"terminus":0,"mode":"bus","color":"#0059a9","colorDark":"#00294f","angle":191.4,"snapDist":0,"label":0}},{"type":"Feature","geometry":{"type":"Point","coordinates":[21.323045,45.718878]},"properties":{"name":"Parc (Moșnița Nouă)","lines":"M23, M24","arr":["M23","M24"],"terminus":0,"mode":"bus","color":"#0059a9","colorDark":"#00294f","angle":194.7,"snapDist":6,"label":0}},{"type":"Feature","geometry":{"type":"Point","coordinates":[21.326062,45.718052]},"properties":{"name":"Principală (Moșnița Nouă)","lines":"M23, M24","arr":["M23","M24"],"terminus":0,"mode":"bus","color":"#0059a9","colorDark":"#00294f","angle":293.5,"snapDist":6,"label":0}},{"type":"Feature","geometry":{"type":"Point","coordinates":[21.324447,45.715461]},"properties":{"name":"Nucilor (Moșnița Nouă)","lines":"M23, M24","arr":["M23","M24"],"terminus":0,"mode":"bus","color":"#0059a9","colorDark":"#00294f","angle":294.3,"snapDist":4,"label":1}},{"type":"Feature","geometry":{"type":"Point","coordinates":[21.320438,45.709063]},"properties":{"name":"Ferma 5 (Moșnița Nouă)","lines":"M23, M24","arr":["M23","M24"],"terminus":0,"mode":"bus","color":"#0059a9","colorDark":"#00294f","angle":293.6,"snapDist":2,"label":1}},{"type":"Feature","geometry":{"type":"Point","coordinates":[21.31529,45.700877]},"properties":{"name":"Mistrețului (Urseni)","lines":"M23, M24","arr":["M23","M24"],"terminus":0,"mode":"bus","color":"#0059a9","colorDark":"#00294f","angle":294.8,"snapDist":4,"label":1}},{"type":"Feature","geometry":{"type":"Point","coordinates":[21.310417,45.696484]},"properties":{"name":"Intrare (Urseni)","lines":"M23, M24","arr":["M23","M24"],"terminus":0,"mode":"bus","color":"#0059a9","colorDark":"#00294f","angle":336.8,"snapDist":2,"label":1}},{"type":"Feature","geometry":{"type":"Point","coordinates":[21.306317,45.694743]},"properties":{"name":"Centru (Urseni)","lines":"M23, M24","arr":["M23","M24"],"terminus":0,"mode":"bus","color":"#0059a9","colorDark":"#00294f","angle":246.5,"snapDist":7,"label":1}},{"type":"Feature","geometry":{"type":"Point","coordinates":[21.307834,45.692476]},"properties":{"name":"Grădiniță (Urseni)","lines":"M23, M24","arr":["M23","M24"],"terminus":0,"mode":"bus","color":"#0059a9","colorDark":"#00294f","angle":243.1,"snapDist":5,"label":1}},{"type":"Feature","geometry":{"type":"Point","coordinates":[21.302849,45.690627]},"properties":{"name":"Buclă (Urseni)","lines":"M23, M24","arr":["M23","M24"],"terminus":0,"mode":"bus","color":"#0059a9","colorDark":"#00294f","angle":337.1,"snapDist":3,"label":1}},{"type":"Feature","geometry":{"type":"Point","coordinates":[21.301177,45.692984]},"properties":{"name":"Capăt (Urseni)","lines":"M23, M24","arr":["M23","M24"],"terminus":0,"mode":"bus","color":"#0059a9","colorDark":"#00294f","angle":67.7,"snapDist":3,"label":1}},{"type":"Feature","geometry":{"type":"Point","coordinates":[21.291125,45.698843]},"properties":{"name":"Cebza (Urseni)","lines":"M23, M24","arr":["M23","M24"],"terminus":1,"mode":"bus","color":"#0059a9","colorDark":"#00294f","angle":23,"snapDist":4,"label":1}},{"type":"Feature","geometry":{"type":"Point","coordinates":[21.287946,45.701209]},"properties":{"name":"Râmeț (Urseni)","lines":"M23, M24","arr":["M23","M24"],"terminus":0,"mode":"bus","color":"#0059a9","colorDark":"#00294f","angle":56.3,"snapDist":2,"label":1}},{"type":"Feature","geometry":{"type":"Point","coordinates":[21.326875,45.718201]},"properties":{"name":"Principală (Moșnița Nouă)","lines":"M24","arr":["M24"],"terminus":0,"mode":"bus","color":"#0059a9","colorDark":"#00294f","angle":194,"snapDist":8,"label":0}},{"type":"Feature","geometry":{"type":"Point","coordinates":[21.33148,45.717398]},"properties":{"name":"Câmpului (Moșnița Nouă)","lines":"M24","arr":["M24"],"terminus":0,"mode":"bus","color":"#0059a9","colorDark":"#00294f","angle":193.9,"snapDist":6,"label":1}},{"type":"Feature","geometry":{"type":"Point","coordinates":[21.339033,45.716115]},"properties":{"name":"IAS (Moșnița Nouă)","lines":"M24","arr":["M24"],"terminus":0,"mode":"bus","color":"#0059a9","colorDark":"#00294f","angle":193.9,"snapDist":10,"label":1}},{"type":"Feature","geometry":{"type":"Point","coordinates":[21.361821,45.712036]},"properties":{"name":"Armonia (Albina)","lines":"M24","arr":["M24"],"terminus":0,"mode":"bus","color":"#0059a9","colorDark":"#00294f","angle":194.2,"snapDist":7,"label":1}},{"type":"Feature","geometry":{"type":"Point","coordinates":[21.369349,45.710636]},"properties":{"name":"DJ 592 (Albina)","lines":"M24","arr":["M24"],"terminus":0,"mode":"bus","color":"#0059a9","colorDark":"#00294f","angle":201.1,"snapDist":5,"label":1}},{"type":"Feature","geometry":{"type":"Point","coordinates":[21.37305,45.714425]},"properties":{"name":"Căminul Cultural (Albina)","lines":"M24","arr":["M24"],"terminus":1,"mode":"bus","color":"#0059a9","colorDark":"#00294f","angle":356.7,"snapDist":4,"label":1}},{"type":"Feature","geometry":{"type":"Point","coordinates":[21.369484,45.710706]},"properties":{"name":"DJ 592 (Albina)","lines":"M24","arr":["M24"],"terminus":0,"mode":"bus","color":"#0059a9","colorDark":"#00294f","angle":337.4,"snapDist":2,"label":0}},{"type":"Feature","geometry":{"type":"Point","coordinates":[21.36166,45.712064]},"properties":{"name":"Armonia (Albina)","lines":"M24","arr":["M24"],"terminus":0,"mode":"bus","color":"#0059a9","colorDark":"#00294f","angle":13.5,"snapDist":9,"label":0}},{"type":"Feature","geometry":{"type":"Point","coordinates":[21.338945,45.71613]},"properties":{"name":"IAS (Moșnița Nouă)","lines":"M24","arr":["M24"],"terminus":0,"mode":"bus","color":"#0059a9","colorDark":"#00294f","angle":13.9,"snapDist":5,"label":0}},{"type":"Feature","geometry":{"type":"Point","coordinates":[21.331291,45.717494]},"properties":{"name":"Câmpului (Moșnița Nouă)","lines":"M24","arr":["M24"],"terminus":0,"mode":"bus","color":"#0059a9","colorDark":"#00294f","angle":13.6,"snapDist":3,"label":0}},{"type":"Feature","geometry":{"type":"Point","coordinates":[21.233,45.757692]},"properties":{"name":"Bastion (Piața Ionel I. C. Brătianu)","lines":"M27, M30, M35, M41, M43, M47, M48, M49, M50","arr":["M27","M30","M35","M41","M43","M47","M48","M49","M50"],"terminus":1,"mode":"bus","color":"#0059a9","colorDark":"#00294f","angle":157,"snapDist":4,"label":1}},{"type":"Feature","geometry":{"type":"Point","coordinates":[21.365977,45.778742]},"properties":{"name":"Prvighetoarea (Remetea Mare)","lines":"M27","arr":["M27"],"terminus":0,"mode":"bus","color":"#0059a9","colorDark":"#00294f","angle":174.7,"snapDist":5,"label":1}},{"type":"Feature","geometry":{"type":"Point","coordinates":[21.374028,45.779348]},"properties":{"name":"Primărie (Remetea Mare)","lines":"M27","arr":["M27"],"terminus":0,"mode":"bus","color":"#0059a9","colorDark":"#00294f","angle":173.7,"snapDist":6,"label":1}},{"type":"Feature","geometry":{"type":"Point","coordinates":[21.379437,45.779739]},"properties":{"name":"Poliție (Remetea Mare)","lines":"M27","arr":["M27"],"terminus":0,"mode":"bus","color":"#0059a9","colorDark":"#00294f","angle":176.5,"snapDist":7,"label":1}},{"type":"Feature","geometry":{"type":"Point","coordinates":[21.390491,45.78322]},"properties":{"name":"PECO (Remetea Mare)","lines":"M27","arr":["M27"],"terminus":0,"mode":"bus","color":"#0059a9","colorDark":"#00294f","angle":322.2,"snapDist":14,"label":1}},{"type":"Feature","geometry":{"type":"Point","coordinates":[21.380557,45.783112]},"properties":{"name":"Strada III (Remetea Mare)","lines":"M27","arr":["M27"],"terminus":0,"mode":"bus","color":"#0059a9","colorDark":"#00294f","angle":85.7,"snapDist":2,"label":1}},{"type":"Feature","geometry":{"type":"Point","coordinates":[21.412837,45.832757]},"properties":{"name":"Intrare (Ianova)","lines":"M27","arr":["M27"],"terminus":0,"mode":"bus","color":"#0059a9","colorDark":"#00294f","angle":113.1,"snapDist":2,"label":1}},{"type":"Feature","geometry":{"type":"Point","coordinates":[21.414953,45.836646]},"properties":{"name":"Cruce (Ianova)","lines":"M27","arr":["M27"],"terminus":0,"mode":"bus","color":"#0059a9","colorDark":"#00294f","angle":165.5,"snapDist":4,"label":1}},{"type":"Feature","geometry":{"type":"Point","coordinates":[21.418758,45.838724]},"properties":{"name":"Centru (Ianova)","lines":"M27","arr":["M27"],"terminus":0,"mode":"bus","color":"#0059a9","colorDark":"#00294f","angle":106,"snapDist":10,"label":1}},{"type":"Feature","geometry":{"type":"Point","coordinates":[21.421147,45.84512]},"properties":{"name":"Teren de sport (Ianova)","lines":"M27","arr":["M27"],"terminus":1,"mode":"bus","color":"#0059a9","colorDark":"#00294f","angle":257.9,"snapDist":5,"label":1}},{"type":"Feature","geometry":{"type":"Point","coordinates":[21.41875,45.838704]},"properties":{"name":"Centru (Ianova)","lines":"M27","arr":["M27"],"terminus":0,"mode":"bus","color":"#0059a9","colorDark":"#00294f","angle":286,"snapDist":2,"label":0}},{"type":"Feature","geometry":{"type":"Point","coordinates":[21.414951,45.836645]},"properties":{"name":"Cruce (Ianova)","lines":"M27","arr":["M27"],"terminus":0,"mode":"bus","color":"#0059a9","colorDark":"#00294f","angle":345.5,"snapDist":7,"label":0}},{"type":"Feature","geometry":{"type":"Point","coordinates":[21.412799,45.832695]},"properties":{"name":"Intrare (Ianova)","lines":"M27","arr":["M27"],"terminus":0,"mode":"bus","color":"#0059a9","colorDark":"#00294f","angle":293.7,"snapDist":4,"label":0}},{"type":"Feature","geometry":{"type":"Point","coordinates":[21.380557,45.783113]},"properties":{"name":"Strada III (Remetea Mare)","lines":"M27","arr":["M27"],"terminus":0,"mode":"bus","color":"#0059a9","colorDark":"#00294f","angle":265.7,"snapDist":10,"label":0}},{"type":"Feature","geometry":{"type":"Point","coordinates":[21.38083,45.780636]},"properties":{"name":"Strada I a (Remetea Mare)","lines":"M27","arr":["M27"],"terminus":0,"mode":"bus","color":"#0059a9","colorDark":"#00294f","angle":265.4,"snapDist":8,"label":1}},{"type":"Feature","geometry":{"type":"Point","coordinates":[21.37555,45.779467]},"properties":{"name":"Primărie (Remetea Mare)","lines":"M27","arr":["M27"],"terminus":0,"mode":"bus","color":"#0059a9","colorDark":"#00294f","angle":352.9,"snapDist":9,"label":0}},{"type":"Feature","geometry":{"type":"Point","coordinates":[21.364982,45.77867]},"properties":{"name":"Privighetoarea (Remetea Mare)","lines":"M27","arr":["M27"],"terminus":0,"mode":"bus","color":"#0059a9","colorDark":"#00294f","angle":353.2,"snapDist":9,"label":1}},{"type":"Feature","geometry":{"type":"Point","coordinates":[21.270043,45.76377]},"properties":{"name":"Cometei","lines":"M29, M30","arr":["M29","M30"],"terminus":0,"mode":"bus","color":"#0059a9","colorDark":"#00294f","angle":181.1,"snapDist":1,"label":0}},{"type":"Feature","geometry":{"type":"Point","coordinates":[21.276381,45.763819]},"properties":{"name":"Bobâlna","lines":"M29, M30","arr":["M29","M30"],"terminus":0,"mode":"bus","color":"#0059a9","colorDark":"#00294f","angle":182,"snapDist":3,"label":0}},{"type":"Feature","geometry":{"type":"Point","coordinates":[21.280961,45.763723]},"properties":{"name":"Cărăbușului","lines":"M29, M30","arr":["M29","M30"],"terminus":0,"mode":"bus","color":"#0059a9","colorDark":"#00294f","angle":181.6,"snapDist":4,"label":1}},{"type":"Feature","geometry":{"type":"Point","coordinates":[21.286141,45.763607]},"properties":{"name":"Prieteniei","lines":"M29, M30","arr":["M29","M30"],"terminus":0,"mode":"bus","color":"#0059a9","colorDark":"#00294f","angle":182.4,"snapDist":2,"label":0}},{"type":"Feature","geometry":{"type":"Point","coordinates":[21.287722,45.763569]},"properties":{"name":"Moldovei (Ghiroda)","lines":"M29, M30","arr":["M29","M30"],"terminus":0,"mode":"bus","color":"#0059a9","colorDark":"#00294f","angle":183,"snapDist":3,"label":0}},{"type":"Feature","geometry":{"type":"Point","coordinates":[21.293592,45.763433]},"properties":{"name":"Câmpului (Ghiroda)","lines":"M29, M30","arr":["M29","M30"],"terminus":0,"mode":"bus","color":"#0059a9","colorDark":"#00294f","angle":182.9,"snapDist":4,"label":0}},{"type":"Feature","geometry":{"type":"Point","coordinates":[21.299826,45.763275]},"properties":{"name":"Primăverii (Ghiroda)","lines":"M29, M30","arr":["M29","M30"],"terminus":0,"mode":"bus","color":"#0059a9","colorDark":"#00294f","angle":182.3,"snapDist":4,"label":1}},{"type":"Feature","geometry":{"type":"Point","coordinates":[21.306071,45.762213]},"properties":{"name":"Girație Pod Bega (Ghiroda)","lines":"M29, M30","arr":["M29","M30"],"terminus":1,"mode":"bus","color":"#0059a9","colorDark":"#00294f","angle":14.1,"snapDist":3,"label":1}},{"type":"Feature","geometry":{"type":"Point","coordinates":[21.299793,45.763276]},"properties":{"name":"Primăverii (Ghiroda)","lines":"M29","arr":["M29"],"terminus":0,"mode":"bus","color":"#0059a9","colorDark":"#00294f","angle":2.3,"snapDist":4,"label":0}},{"type":"Feature","geometry":{"type":"Point","coordinates":[21.294076,45.76342]},"properties":{"name":"Câmpului (Ghiroda)","lines":"M29","arr":["M29"],"terminus":0,"mode":"bus","color":"#0059a9","colorDark":"#00294f","angle":1.5,"snapDist":2,"label":0}},{"type":"Feature","geometry":{"type":"Point","coordinates":[21.304084,45.766198]},"properties":{"name":"Ialomiței (Ghiroda)","lines":"M30","arr":["M30"],"terminus":0,"mode":"bus","color":"#0059a9","colorDark":"#00294f","angle":78.1,"snapDist":3,"label":0}},{"type":"Feature","geometry":{"type":"Point","coordinates":[21.302633,45.77074]},"properties":{"name":"Primărie (Ghiroda)","lines":"M30","arr":["M30"],"terminus":0,"mode":"bus","color":"#0059a9","colorDark":"#00294f","angle":77.7,"snapDist":6,"label":0}},{"type":"Feature","geometry":{"type":"Point","coordinates":[21.307599,45.771598]},"properties":{"name":"Sinaia (Ghiroda)","lines":"M30","arr":["M30"],"terminus":0,"mode":"bus","color":"#0059a9","colorDark":"#00294f","angle":164.9,"snapDist":1,"label":1}},{"type":"Feature","geometry":{"type":"Point","coordinates":[21.307305,45.773355]},"properties":{"name":"Bușteni (Ghiroda)","lines":"M30","arr":["M30"],"terminus":0,"mode":"bus","color":"#0059a9","colorDark":"#00294f","angle":79.7,"snapDist":4,"label":1}},{"type":"Feature","geometry":{"type":"Point","coordinates":[21.306708,45.775733]},"properties":{"name":"Semenic (Ghiroda)","lines":"M30","arr":["M30"],"terminus":0,"mode":"bus","color":"#0059a9","colorDark":"#00294f","angle":59.1,"snapDist":0,"label":1}},{"type":"Feature","geometry":{"type":"Point","coordinates":[21.260611,45.766453]},"properties":{"name":"Piața V. Economu (Gheorghe Adam)","lines":"M35","arr":["M35"],"terminus":0,"mode":"bus","color":"#0059a9","colorDark":"#00294f","angle":86.6,"snapDist":4,"label":1}},{"type":"Feature","geometry":{"type":"Point","coordinates":[21.269395,45.774099]},"properties":{"name":"Aleea Pădurea Verde","lines":"M35","arr":["M35"],"terminus":0,"mode":"bus","color":"#0059a9","colorDark":"#00294f","angle":205.2,"snapDist":6,"label":1}},{"type":"Feature","geometry":{"type":"Point","coordinates":[21.278981,45.781851]},"properties":{"name":"Macilor (Giarmata Vii)","lines":"M35","arr":["M35"],"terminus":0,"mode":"bus","color":"#0059a9","colorDark":"#00294f","angle":116.6,"snapDist":5,"label":1}},{"type":"Feature","geometry":{"type":"Point","coordinates":[21.288372,45.794789]},"properties":{"name":"Viticultorilor (Giarmata Vii)","lines":"M35","arr":["M35"],"terminus":0,"mode":"bus","color":"#0059a9","colorDark":"#00294f","angle":116.8,"snapDist":1,"label":1}},{"type":"Feature","geometry":{"type":"Point","coordinates":[21.291555,45.800275]},"properties":{"name":"Parcului Nr. 124 (Giarmata Vii)","lines":"M35","arr":["M35"],"terminus":0,"mode":"bus","color":"#0059a9","colorDark":"#00294f","angle":41.2,"snapDist":1,"label":1}},{"type":"Feature","geometry":{"type":"Point","coordinates":[21.28892,45.801978]},"properties":{"name":"Parcului Nr. 160 (Giarmata Vii)","lines":"M35","arr":["M35"],"terminus":0,"mode":"bus","color":"#0059a9","colorDark":"#00294f","angle":43.8,"snapDist":4,"label":1}},{"type":"Feature","geometry":{"type":"Point","coordinates":[21.285814,45.803924]},"properties":{"name":"Parcului Nr. 200 (Giarmata Vii)","lines":"M35","arr":["M35"],"terminus":0,"mode":"bus","color":"#0059a9","colorDark":"#00294f","angle":41.3,"snapDist":8,"label":1}},{"type":"Feature","geometry":{"type":"Point","coordinates":[21.286416,45.805428]},"properties":{"name":"Albatrosului I (Giarmata Vii)","lines":"M35","arr":["M35"],"terminus":0,"mode":"bus","color":"#0059a9","colorDark":"#00294f","angle":113.6,"snapDist":2,"label":1}},{"type":"Feature","geometry":{"type":"Point","coordinates":[21.287635,45.807487]},"properties":{"name":"Albatrosului II (Giarmata Vii)","lines":"M35","arr":["M35"],"terminus":0,"mode":"bus","color":"#0059a9","colorDark":"#00294f","angle":111.8,"snapDist":2,"label":1}},{"type":"Feature","geometry":{"type":"Point","coordinates":[21.288791,45.809441]},"properties":{"name":"Teilor (Giarmata Vii)","lines":"M35","arr":["M35"],"terminus":0,"mode":"bus","color":"#0059a9","colorDark":"#00294f","angle":137.8,"snapDist":1,"label":1}},{"type":"Feature","geometry":{"type":"Point","coordinates":[21.292239,45.807416]},"properties":{"name":"Teilor Nr. 183 (Giarmata Vii)","lines":"M35","arr":["M35"],"terminus":0,"mode":"bus","color":"#0059a9","colorDark":"#00294f","angle":222.4,"snapDist":2,"label":1}},{"type":"Feature","geometry":{"type":"Point","coordinates":[21.296311,45.804768]},"properties":{"name":"Teilor Nr. 153 (Giarmata Vii)","lines":"M35","arr":["M35"],"terminus":0,"mode":"bus","color":"#0059a9","colorDark":"#00294f","angle":224.1,"snapDist":7,"label":1}},{"type":"Feature","geometry":{"type":"Point","coordinates":[21.297957,45.80367]},"properties":{"name":"Izlaz (Ghiroda)","lines":"M35","arr":["M35"],"terminus":0,"mode":"bus","color":"#0059a9","colorDark":"#00294f","angle":223.1,"snapDist":3,"label":1}},{"type":"Feature","geometry":{"type":"Point","coordinates":[21.301268,45.801503]},"properties":{"name":"Carpenului (Ghiroda)","lines":"M35","arr":["M35"],"terminus":0,"mode":"bus","color":"#0059a9","colorDark":"#00294f","angle":223.6,"snapDist":7,"label":1}},{"type":"Feature","geometry":{"type":"Point","coordinates":[21.304487,45.799365]},"properties":{"name":"Garofiței (Giarmata Vii)","lines":"M35","arr":["M35"],"terminus":0,"mode":"bus","color":"#0059a9","colorDark":"#00294f","angle":223.6,"snapDist":2,"label":1}},{"type":"Feature","geometry":{"type":"Point","coordinates":[21.306392,45.798105]},"properties":{"name":"Cimitir (Giarmata Vii)","lines":"M35","arr":["M35"],"terminus":1,"mode":"bus","color":"#0059a9","colorDark":"#00294f","angle":224.9,"snapDist":3,"label":1}},{"type":"Feature","geometry":{"type":"Point","coordinates":[21.306272,45.798188]},"properties":{"name":"Cimitir (Giarmata Vii)","lines":"M35","arr":["M35"],"terminus":1,"mode":"bus","color":"#0059a9","colorDark":"#00294f","angle":44.9,"snapDist":2,"label":0}},{"type":"Feature","geometry":{"type":"Point","coordinates":[21.30442,45.799137]},"properties":{"name":"Garofiței (Giarmata Vii)","lines":"M35","arr":["M35"],"terminus":0,"mode":"bus","color":"#0059a9","colorDark":"#00294f","angle":313.1,"snapDist":5,"label":0}},{"type":"Feature","geometry":{"type":"Point","coordinates":[21.301759,45.797381]},"properties":{"name":"Biserica (Giarmata Vii)","lines":"M35","arr":["M35"],"terminus":0,"mode":"bus","color":"#0059a9","colorDark":"#00294f","angle":39.4,"snapDist":0,"label":1}},{"type":"Feature","geometry":{"type":"Point","coordinates":[21.298347,45.799607]},"properties":{"name":"Complex (Giarmata Vii)","lines":"M35","arr":["M35"],"terminus":0,"mode":"bus","color":"#0059a9","colorDark":"#00294f","angle":42.5,"snapDist":2,"label":1}},{"type":"Feature","geometry":{"type":"Point","coordinates":[21.294651,45.801999]},"properties":{"name":"Stadion (Giarmata Vii)","lines":"M35","arr":["M35"],"terminus":0,"mode":"bus","color":"#0059a9","colorDark":"#00294f","angle":42.8,"snapDist":2,"label":1}},{"type":"Feature","geometry":{"type":"Point","coordinates":[21.268825,45.774287]},"properties":{"name":"Aleea Pădurea Verde","lines":"M35","arr":["M35"],"terminus":0,"mode":"bus","color":"#0059a9","colorDark":"#00294f","angle":25.2,"snapDist":1,"label":0}},{"type":"Feature","geometry":{"type":"Point","coordinates":[21.148993,45.718818]},"properties":{"name":"Comtim (Smithfield)","lines":"M36","arr":["M36"],"terminus":0,"mode":"bus","color":"#0059a9","colorDark":"#00294f","angle":344.5,"snapDist":4,"label":0}},{"type":"Feature","geometry":{"type":"Point","coordinates":[21.136579,45.716287]},"properties":{"name":"Intrare (Utvin)","lines":"M36","arr":["M36"],"terminus":0,"mode":"bus","color":"#0059a9","colorDark":"#00294f","angle":352.1,"snapDist":2,"label":1}},{"type":"Feature","geometry":{"type":"Point","coordinates":[21.124994,45.715215]},"properties":{"name":"Centru (Utvin)","lines":"M36","arr":["M36"],"terminus":0,"mode":"bus","color":"#0059a9","colorDark":"#00294f","angle":348.9,"snapDist":5,"label":1}},{"type":"Feature","geometry":{"type":"Point","coordinates":[21.117256,45.712671]},"properties":{"name":"Baltă (Utvin)","lines":"M36","arr":["M36"],"terminus":0,"mode":"bus","color":"#0059a9","colorDark":"#00294f","angle":333.2,"snapDist":5,"label":1}},{"type":"Feature","geometry":{"type":"Point","coordinates":[21.091715,45.706321]},"properties":{"name":"Pod (Sânmihaiul Român)","lines":"M36","arr":["M36"],"terminus":0,"mode":"bus","color":"#0059a9","colorDark":"#00294f","angle":335,"snapDist":2,"label":1}},{"type":"Feature","geometry":{"type":"Point","coordinates":[21.090384,45.699272]},"properties":{"name":"Biserica Romano Catolică (Sânmihaiul Român)","lines":"M36","arr":["M36"],"terminus":0,"mode":"bus","color":"#0059a9","colorDark":"#00294f","angle":336.8,"snapDist":2,"label":1}},{"type":"Feature","geometry":{"type":"Point","coordinates":[21.083362,45.697177]},"properties":{"name":"Benzinărie (Sânmihaiul Român)","lines":"M36","arr":["M36"],"terminus":0,"mode":"bus","color":"#0059a9","colorDark":"#00294f","angle":157,"snapDist":12,"label":1}},{"type":"Feature","geometry":{"type":"Point","coordinates":[21.090274,45.707893]},"properties":{"name":"Primărie (Sânmihaiul Român)","lines":"M36","arr":["M36"],"terminus":0,"mode":"bus","color":"#0059a9","colorDark":"#00294f","angle":147.5,"snapDist":11,"label":1}},{"type":"Feature","geometry":{"type":"Point","coordinates":[21.081427,45.705138]},"properties":{"name":"Livadă (Sânmihaiul Român)","lines":"M36","arr":["M36"],"terminus":0,"mode":"bus","color":"#0059a9","colorDark":"#00294f","angle":336.6,"snapDist":4,"label":1}},{"type":"Feature","geometry":{"type":"Point","coordinates":[21.038568,45.710306]},"properties":{"name":"Ștrand termal (Sânmihaiul German)","lines":"M36","arr":["M36"],"terminus":0,"mode":"bus","color":"#0059a9","colorDark":"#00294f","angle":0.4,"snapDist":5,"label":1}},{"type":"Feature","geometry":{"type":"Point","coordinates":[21.030024,45.71047]},"properties":{"name":"Școală (Sânmihaiul German)","lines":"M36","arr":["M36"],"terminus":0,"mode":"bus","color":"#0059a9","colorDark":"#00294f","angle":1.4,"snapDist":3,"label":1}},{"type":"Feature","geometry":{"type":"Point","coordinates":[21.021691,45.710609]},"properties":{"name":"Ieșire Răuți (Sânmihaiul German)","lines":"M36","arr":["M36"],"terminus":1,"mode":"bus","color":"#0059a9","colorDark":"#00294f","angle":1.4,"snapDist":2,"label":1}},{"type":"Feature","geometry":{"type":"Point","coordinates":[21.022324,45.71304]},"properties":{"name":"Ieșire Bobda (Sânmihaiul German)","lines":"M36","arr":["M36"],"terminus":0,"mode":"bus","color":"#0059a9","colorDark":"#00294f","angle":181.2,"snapDist":8,"label":1}},{"type":"Feature","geometry":{"type":"Point","coordinates":[21.030306,45.710953]},"properties":{"name":"Școală (Sânmihaiul German)","lines":"M36","arr":["M36"],"terminus":0,"mode":"bus","color":"#0059a9","colorDark":"#00294f","angle":272.5,"snapDist":4,"label":0}},{"type":"Feature","geometry":{"type":"Point","coordinates":[21.038563,45.710306]},"properties":{"name":"Ștrand termal (Sânmihaiul German)","lines":"M36","arr":["M36"],"terminus":0,"mode":"bus","color":"#0059a9","colorDark":"#00294f","angle":180.4,"snapDist":5,"label":0}},{"type":"Feature","geometry":{"type":"Point","coordinates":[21.081398,45.705129]},"properties":{"name":"Livadă (Sânmihaiul Român)","lines":"M36","arr":["M36"],"terminus":0,"mode":"bus","color":"#0059a9","colorDark":"#00294f","angle":156.6,"snapDist":4,"label":0}},{"type":"Feature","geometry":{"type":"Point","coordinates":[21.091692,45.706313]},"properties":{"name":"Pod (Sânmihaiul Român)","lines":"M36","arr":["M36"],"terminus":0,"mode":"bus","color":"#0059a9","colorDark":"#00294f","angle":155,"snapDist":6,"label":0}},{"type":"Feature","geometry":{"type":"Point","coordinates":[21.117133,45.712629]},"properties":{"name":"Baltă (Utvin)","lines":"M36","arr":["M36"],"terminus":0,"mode":"bus","color":"#0059a9","colorDark":"#00294f","angle":154.8,"snapDist":5,"label":0}},{"type":"Feature","geometry":{"type":"Point","coordinates":[21.125002,45.715216]},"properties":{"name":"Centru (Utvin)","lines":"M36","arr":["M36"],"terminus":0,"mode":"bus","color":"#0059a9","colorDark":"#00294f","angle":168.9,"snapDist":3,"label":0}},{"type":"Feature","geometry":{"type":"Point","coordinates":[21.136163,45.716247]},"properties":{"name":"Ieșire (Utvin)","lines":"M36","arr":["M36"],"terminus":0,"mode":"bus","color":"#0059a9","colorDark":"#00294f","angle":172.1,"snapDist":3,"label":1}},{"type":"Feature","geometry":{"type":"Point","coordinates":[21.180704,45.698831]},"properties":{"name":"Incontro (DN 59)","lines":"M37, M38, M39, M46, M51","arr":["M37","M38","M39","M46","M51"],"terminus":0,"mode":"bus","color":"#0059a9","colorDark":"#00294f","angle":299.7,"snapDist":6,"label":0}},{"type":"Feature","geometry":{"type":"Point","coordinates":[21.172176,45.673218]},"properties":{"name":"Depozit Profi (Șag)","lines":"M37, M46, M51","arr":["M37","M46","M51"],"terminus":0,"mode":"bus","color":"#0059a9","colorDark":"#00294f","angle":23.6,"snapDist":2,"label":1}},{"type":"Feature","geometry":{"type":"Point","coordinates":[21.17423,45.652221]},"properties":{"name":"Teren de fotbal (Șag)","lines":"M37, M38, M46, M51","arr":["M37","M38","M46","M51"],"terminus":0,"mode":"bus","color":"#0059a9","colorDark":"#00294f","angle":264.3,"snapDist":6,"label":1}},{"type":"Feature","geometry":{"type":"Point","coordinates":[21.187334,45.631135]},"properties":{"name":"Frigoglass (Parța)","lines":"M37","arr":["M37"],"terminus":0,"mode":"bus","color":"#0059a9","colorDark":"#00294f","angle":347,"snapDist":4,"label":1}},{"type":"Feature","geometry":{"type":"Point","coordinates":[21.141118,45.630543]},"properties":{"name":"Biserica Penticostală (Parța)","lines":"M37","arr":["M37"],"terminus":0,"mode":"bus","color":"#0059a9","colorDark":"#00294f","angle":76.6,"snapDist":0,"label":1}},{"type":"Feature","geometry":{"type":"Point","coordinates":[21.139592,45.632173]},"properties":{"name":"Pod (Parța)","lines":"M37","arr":["M37"],"terminus":0,"mode":"bus","color":"#0059a9","colorDark":"#00294f","angle":346.6,"snapDist":3,"label":1}},{"type":"Feature","geometry":{"type":"Point","coordinates":[21.137729,45.627437]},"properties":{"name":"Primăria (Parța)","lines":"M37","arr":["M37"],"terminus":0,"mode":"bus","color":"#0059a9","colorDark":"#00294f","angle":256.4,"snapDist":6,"label":1}},{"type":"Feature","geometry":{"type":"Point","coordinates":[21.134327,45.625252]},"properties":{"name":"Căminul Cultural (Parța)","lines":"M37","arr":["M37"],"terminus":0,"mode":"bus","color":"#0059a9","colorDark":"#00294f","angle":346.6,"snapDist":3,"label":1}},{"type":"Feature","geometry":{"type":"Point","coordinates":[21.125506,45.622482]},"properties":{"name":"Cartierul Nou / Park (Parța)","lines":"M37","arr":["M37"],"terminus":0,"mode":"bus","color":"#0059a9","colorDark":"#00294f","angle":256.4,"snapDist":5,"label":1}},{"type":"Feature","geometry":{"type":"Point","coordinates":[21.142576,45.624651]},"properties":{"name":"Drumul Mare (Parța)","lines":"M37","arr":["M37"],"terminus":1,"mode":"bus","color":"#0059a9","colorDark":"#00294f","angle":166,"snapDist":0,"label":1}},{"type":"Feature","geometry":{"type":"Point","coordinates":[21.125507,45.622478]},"properties":{"name":"Cartierul Nou / Park (Parța)","lines":"M37","arr":["M37"],"terminus":0,"mode":"bus","color":"#0059a9","colorDark":"#00294f","angle":76.4,"snapDist":2,"label":0}},{"type":"Feature","geometry":{"type":"Point","coordinates":[21.133872,45.625179]},"properties":{"name":"Căminul Cultural (Parța)","lines":"M37","arr":["M37"],"terminus":0,"mode":"bus","color":"#0059a9","colorDark":"#00294f","angle":167.2,"snapDist":5,"label":0}},{"type":"Feature","geometry":{"type":"Point","coordinates":[21.137561,45.62793]},"properties":{"name":"Primăria (Parța)","lines":"M37","arr":["M37"],"terminus":0,"mode":"bus","color":"#0059a9","colorDark":"#00294f","angle":77.2,"snapDist":6,"label":0}},{"type":"Feature","geometry":{"type":"Point","coordinates":[21.13974,45.632198]},"properties":{"name":"Pod (Parța)","lines":"M37","arr":["M37"],"terminus":0,"mode":"bus","color":"#0059a9","colorDark":"#00294f","angle":166.6,"snapDist":5,"label":0}},{"type":"Feature","geometry":{"type":"Point","coordinates":[21.141222,45.630237]},"properties":{"name":"Biserica Penticostală (Parța)","lines":"M37","arr":["M37"],"terminus":0,"mode":"bus","color":"#0059a9","colorDark":"#00294f","angle":256.9,"snapDist":7,"label":0}},{"type":"Feature","geometry":{"type":"Point","coordinates":[21.187387,45.631143]},"properties":{"name":"Frigoglass (Parța)","lines":"M37","arr":["M37"],"terminus":0,"mode":"bus","color":"#0059a9","colorDark":"#00294f","angle":167,"snapDist":6,"label":0}},{"type":"Feature","geometry":{"type":"Point","coordinates":[21.174336,45.651473]},"properties":{"name":"Teren de fotbal (Șag)","lines":"M37, M38, M46, M51","arr":["M37","M38","M46","M51"],"terminus":0,"mode":"bus","color":"#0059a9","colorDark":"#00294f","angle":84.3,"snapDist":7,"label":0}},{"type":"Feature","geometry":{"type":"Point","coordinates":[21.212006,45.565835]},"properties":{"name":"Primărie (Jebel)","lines":"M38","arr":["M38"],"terminus":0,"mode":"bus","color":"#0059a9","colorDark":"#00294f","angle":208.6,"snapDist":3,"label":1}},{"type":"Feature","geometry":{"type":"Point","coordinates":[21.22165,45.553238]},"properties":{"name":"Capăt (Jebel)","lines":"M38","arr":["M38"],"terminus":1,"mode":"bus","color":"#0059a9","colorDark":"#00294f","angle":69.3,"snapDist":9,"label":1}},{"type":"Feature","geometry":{"type":"Point","coordinates":[21.215389,45.563434]},"properties":{"name":"Centru (Jebel)","lines":"M38","arr":["M38"],"terminus":0,"mode":"bus","color":"#0059a9","colorDark":"#00294f","angle":67.1,"snapDist":10,"label":1}},{"type":"Feature","geometry":{"type":"Point","coordinates":[21.212008,45.565834]},"properties":{"name":"Primărie (Jebel)","lines":"M38","arr":["M38"],"terminus":0,"mode":"bus","color":"#0059a9","colorDark":"#00294f","angle":28.6,"snapDist":6,"label":0}},{"type":"Feature","geometry":{"type":"Point","coordinates":[21.130703,45.644466]},"properties":{"name":"Gară (Parța)","lines":"M39","arr":["M39"],"terminus":0,"mode":"bus","color":"#0059a9","colorDark":"#00294f","angle":330.6,"snapDist":7,"label":1}},{"type":"Feature","geometry":{"type":"Point","coordinates":[20.87667,45.503056]},"properties":{"name":"Intrare (Foeni)","lines":"M39","arr":["M39"],"terminus":0,"mode":"bus","color":"#0059a9","colorDark":"#00294f","angle":317.9,"snapDist":1,"label":1}},{"type":"Feature","geometry":{"type":"Point","coordinates":[20.872162,45.500202]},"properties":{"name":"Primărie (Foeni)","lines":"M39","arr":["M39"],"terminus":0,"mode":"bus","color":"#0059a9","colorDark":"#00294f","angle":317.9,"snapDist":1,"label":1}},{"type":"Feature","geometry":{"type":"Point","coordinates":[20.870659,45.493974]},"properties":{"name":"Ieșire Cruceni (Foeni)","lines":"M39","arr":["M39"],"terminus":0,"mode":"bus","color":"#0059a9","colorDark":"#00294f","angle":228.8,"snapDist":2,"label":1}},{"type":"Feature","geometry":{"type":"Point","coordinates":[20.88013,45.475279]},"properties":{"name":"Centru (Cruceni)","lines":"M39","arr":["M39"],"terminus":0,"mode":"bus","color":"#0059a9","colorDark":"#00294f","angle":255.6,"snapDist":2,"label":1}},{"type":"Feature","geometry":{"type":"Point","coordinates":[20.882239,45.472054]},"properties":{"name":"Capăt (Cruceni)","lines":"M39","arr":["M39"],"terminus":1,"mode":"bus","color":"#0059a9","colorDark":"#00294f","angle":342.6,"snapDist":5,"label":1}},{"type":"Feature","geometry":{"type":"Point","coordinates":[20.88011,45.475334]},"properties":{"name":"Centru (Cruceni)","lines":"M39","arr":["M39"],"terminus":0,"mode":"bus","color":"#0059a9","colorDark":"#00294f","angle":75.6,"snapDist":3,"label":0}},{"type":"Feature","geometry":{"type":"Point","coordinates":[20.870566,45.494047]},"properties":{"name":"Ieșire Cruceni (Foeni)","lines":"M39","arr":["M39"],"terminus":0,"mode":"bus","color":"#0059a9","colorDark":"#00294f","angle":48.1,"snapDist":8,"label":0}},{"type":"Feature","geometry":{"type":"Point","coordinates":[20.872177,45.500212]},"properties":{"name":"Primărie (Foeni)","lines":"M39","arr":["M39"],"terminus":0,"mode":"bus","color":"#0059a9","colorDark":"#00294f","angle":137.9,"snapDist":8,"label":0}},{"type":"Feature","geometry":{"type":"Point","coordinates":[20.876673,45.503058]},"properties":{"name":"Intrare (Foeni)","lines":"M39","arr":["M39"],"terminus":0,"mode":"bus","color":"#0059a9","colorDark":"#00294f","angle":137.9,"snapDist":9,"label":0}},{"type":"Feature","geometry":{"type":"Point","coordinates":[21.130648,45.644445]},"properties":{"name":"Gară (Parța)","lines":"M39","arr":["M39"],"terminus":0,"mode":"bus","color":"#0059a9","colorDark":"#00294f","angle":150.6,"snapDist":2,"label":0}},{"type":"Feature","geometry":{"type":"Point","coordinates":[21.181109,45.833565]},"properties":{"name":"B. Braun Medical (Sânandrei)","lines":"M41, M47","arr":["M41","M47"],"terminus":0,"mode":"bus","color":"#0059a9","colorDark":"#00294f","angle":67.5,"snapDist":10,"label":1}},{"type":"Feature","geometry":{"type":"Point","coordinates":[21.17234,45.848025]},"properties":{"name":"Bujorilor (Sânandrei)","lines":"M41","arr":["M41"],"terminus":0,"mode":"bus","color":"#0059a9","colorDark":"#00294f","angle":70,"snapDist":9,"label":1}},{"type":"Feature","geometry":{"type":"Point","coordinates":[21.169064,45.85351]},"properties":{"name":"Frola (Sânandrei)","lines":"M41, M47","arr":["M41","M47"],"terminus":0,"mode":"bus","color":"#0059a9","colorDark":"#00294f","angle":65.5,"snapDist":2,"label":1}},{"type":"Feature","geometry":{"type":"Point","coordinates":[21.168887,45.855582]},"properties":{"name":"Centru (Sânandrei)","lines":"M41","arr":["M41"],"terminus":0,"mode":"bus","color":"#0059a9","colorDark":"#00294f","angle":147.7,"snapDist":8,"label":1}},{"type":"Feature","geometry":{"type":"Point","coordinates":[21.167923,45.860599]},"properties":{"name":"Măslinului (Sânandrei)","lines":"M41, M47","arr":["M41","M47"],"terminus":0,"mode":"bus","color":"#0059a9","colorDark":"#00294f","angle":82.7,"snapDist":5,"label":1}},{"type":"Feature","geometry":{"type":"Point","coordinates":[21.164227,45.910509]},"properties":{"name":"Profi Loco (Carani)","lines":"M41","arr":["M41"],"terminus":0,"mode":"bus","color":"#0059a9","colorDark":"#00294f","angle":89.4,"snapDist":5,"label":1}},{"type":"Feature","geometry":{"type":"Point","coordinates":[21.155115,45.911991]},"properties":{"name":"Darson (Carani)","lines":"M41","arr":["M41"],"terminus":1,"mode":"bus","color":"#0059a9","colorDark":"#00294f","angle":288.9,"snapDist":5,"label":1}},{"type":"Feature","geometry":{"type":"Point","coordinates":[21.164227,45.910486]},"properties":{"name":"Profi Loco (Carani)","lines":"M41","arr":["M41"],"terminus":0,"mode":"bus","color":"#0059a9","colorDark":"#00294f","angle":269.4,"snapDist":6,"label":0}},{"type":"Feature","geometry":{"type":"Point","coordinates":[21.167928,45.860569]},"properties":{"name":"Măslinului (Sânandrei)","lines":"M41, M47","arr":["M41","M47"],"terminus":0,"mode":"bus","color":"#0059a9","colorDark":"#00294f","angle":264.7,"snapDist":8,"label":0}},{"type":"Feature","geometry":{"type":"Point","coordinates":[21.168643,45.855475]},"properties":{"name":"Centru (Sânandrei)","lines":"M41","arr":["M41"],"terminus":0,"mode":"bus","color":"#0059a9","colorDark":"#00294f","angle":327.7,"snapDist":4,"label":0}},{"type":"Feature","geometry":{"type":"Point","coordinates":[21.16905,45.853531]},"properties":{"name":"Frola (Sânandrei)","lines":"M41, M47","arr":["M41","M47"],"terminus":0,"mode":"bus","color":"#0059a9","colorDark":"#00294f","angle":245.5,"snapDist":10,"label":0}},{"type":"Feature","geometry":{"type":"Point","coordinates":[21.172313,45.848077]},"properties":{"name":"Lalelelor (Sânandrei)","lines":"M41","arr":["M41"],"terminus":0,"mode":"bus","color":"#0059a9","colorDark":"#00294f","angle":250,"snapDist":5,"label":1}},{"type":"Feature","geometry":{"type":"Point","coordinates":[21.181732,45.832517]},"properties":{"name":"B. Braun Medical (Sânandrei)","lines":"M41, M47","arr":["M41","M47"],"terminus":0,"mode":"bus","color":"#0059a9","colorDark":"#00294f","angle":247.5,"snapDist":8,"label":0}},{"type":"Feature","geometry":{"type":"Point","coordinates":[21.236859,45.755689]},"properties":{"name":"Prefectura","lines":"M42, M48, M50","arr":["M42","M48","M50"],"terminus":1,"mode":"bus","color":"#0059a9","colorDark":"#00294f","angle":358,"snapDist":3,"label":1}},{"type":"Feature","geometry":{"type":"Point","coordinates":[21.230357,45.834164]},"properties":{"name":"Grădiniță (Covaci)","lines":"M42","arr":["M42"],"terminus":1,"mode":"bus","color":"#0059a9","colorDark":"#00294f","angle":197.9,"snapDist":1,"label":1}},{"type":"Feature","geometry":{"type":"Point","coordinates":[21.238073,45.756979]},"properties":{"name":"Prefectura (N. Filipescu)","lines":"M42","arr":["M42"],"terminus":0,"mode":"bus","color":"#0059a9","colorDark":"#00294f","angle":264.4,"snapDist":3,"label":1}},{"type":"Feature","geometry":{"type":"Point","coordinates":[21.130346,45.761914]},"properties":{"name":"Europa (Săcălaz)","lines":"M43","arr":["M43"],"terminus":0,"mode":"bus","color":"#0059a9","colorDark":"#00294f","angle":353.6,"snapDist":2,"label":1}},{"type":"Feature","geometry":{"type":"Point","coordinates":[21.118437,45.760898]},"properties":{"name":"Moara (Săcălaz)","lines":"M43","arr":["M43"],"terminus":0,"mode":"bus","color":"#0059a9","colorDark":"#00294f","angle":352.9,"snapDist":5,"label":1}},{"type":"Feature","geometry":{"type":"Point","coordinates":[21.111299,45.760295]},"properties":{"name":"Dispensar (Săcălaz)","lines":"M43","arr":["M43"],"terminus":0,"mode":"bus","color":"#0059a9","colorDark":"#00294f","angle":353.4,"snapDist":8,"label":1}},{"type":"Feature","geometry":{"type":"Point","coordinates":[21.10583,45.759818]},"properties":{"name":"Liliacului (Săcălaz)","lines":"M43","arr":["M43"],"terminus":0,"mode":"bus","color":"#0059a9","colorDark":"#00294f","angle":330,"snapDist":6,"label":1}},{"type":"Feature","geometry":{"type":"Point","coordinates":[21.097613,45.752412]},"properties":{"name":"Baltă (Săcălaz)","lines":"M43","arr":["M43"],"terminus":0,"mode":"bus","color":"#0059a9","colorDark":"#00294f","angle":357.6,"snapDist":1,"label":1}},{"type":"Feature","geometry":{"type":"Point","coordinates":[21.088145,45.752156]},"properties":{"name":"Vest (Săcălaz)","lines":"M43","arr":["M43"],"terminus":0,"mode":"bus","color":"#0059a9","colorDark":"#00294f","angle":3.8,"snapDist":5,"label":1}},{"type":"Feature","geometry":{"type":"Point","coordinates":[21.03264,45.758674]},"properties":{"name":"Sorocului (Beregsăul Mare)","lines":"M43","arr":["M43"],"terminus":0,"mode":"bus","color":"#0059a9","colorDark":"#00294f","angle":4.7,"snapDist":6,"label":1}},{"type":"Feature","geometry":{"type":"Point","coordinates":[21.02616,45.758992]},"properties":{"name":"Comtur (Beregsăul Mare)","lines":"M43","arr":["M43"],"terminus":0,"mode":"bus","color":"#0059a9","colorDark":"#00294f","angle":4,"snapDist":2,"label":1}},{"type":"Feature","geometry":{"type":"Point","coordinates":[21.019075,45.760298]},"properties":{"name":"Biserica Ortodoxă (Beregsăul Mare)","lines":"M43","arr":["M43"],"terminus":0,"mode":"bus","color":"#0059a9","colorDark":"#00294f","angle":93,"snapDist":3,"label":1}},{"type":"Feature","geometry":{"type":"Point","coordinates":[21.019494,45.765641]},"properties":{"name":"Vest Tract (Beregsăul Mare)","lines":"M43","arr":["M43"],"terminus":0,"mode":"bus","color":"#0059a9","colorDark":"#00294f","angle":95.4,"snapDist":4,"label":1}},{"type":"Feature","geometry":{"type":"Point","coordinates":[20.974808,45.755147]},"properties":{"name":"Intrare (Beregsăul Mic)","lines":"M43","arr":["M43"],"terminus":0,"mode":"bus","color":"#0059a9","colorDark":"#00294f","angle":263.1,"snapDist":6,"label":1}},{"type":"Feature","geometry":{"type":"Point","coordinates":[20.975438,45.751543]},"properties":{"name":"Căminul Cultural (Beregsăul Mic)","lines":"M43","arr":["M43"],"terminus":0,"mode":"bus","color":"#0059a9","colorDark":"#00294f","angle":262.9,"snapDist":5,"label":1}},{"type":"Feature","geometry":{"type":"Point","coordinates":[20.9669,45.748784]},"properties":{"name":"Capăt (Beregsăul Mic)","lines":"M43","arr":["M43"],"terminus":1,"mode":"bus","color":"#0059a9","colorDark":"#00294f","angle":172.4,"snapDist":16,"label":1}},{"type":"Feature","geometry":{"type":"Point","coordinates":[20.975436,45.751553]},"properties":{"name":"Căminul Cultural (Beregsăul Mic)","lines":"M43","arr":["M43"],"terminus":0,"mode":"bus","color":"#0059a9","colorDark":"#00294f","angle":82.9,"snapDist":1,"label":0}},{"type":"Feature","geometry":{"type":"Point","coordinates":[20.974809,45.755139]},"properties":{"name":"Intrare (Beregsăul Mic)","lines":"M43","arr":["M43"],"terminus":0,"mode":"bus","color":"#0059a9","colorDark":"#00294f","angle":83.1,"snapDist":1,"label":0}},{"type":"Feature","geometry":{"type":"Point","coordinates":[21.019481,45.765545]},"properties":{"name":"Vest Tract (Beregsăul Mare)","lines":"M43","arr":["M43"],"terminus":0,"mode":"bus","color":"#0059a9","colorDark":"#00294f","angle":275.4,"snapDist":1,"label":0}},{"type":"Feature","geometry":{"type":"Point","coordinates":[21.022308,45.75921]},"properties":{"name":"Profi Loco (Beregsăul Mare)","lines":"M43","arr":["M43"],"terminus":0,"mode":"bus","color":"#0059a9","colorDark":"#00294f","angle":185.2,"snapDist":4,"label":1}},{"type":"Feature","geometry":{"type":"Point","coordinates":[21.030508,45.758779]},"properties":{"name":"Strada a VI a (Beregsăul Mare)","lines":"M43","arr":["M43"],"terminus":0,"mode":"bus","color":"#0059a9","colorDark":"#00294f","angle":184,"snapDist":0,"label":1}},{"type":"Feature","geometry":{"type":"Point","coordinates":[21.080895,45.753449]},"properties":{"name":"Class (Săcălaz)","lines":"M43","arr":["M43"],"terminus":0,"mode":"bus","color":"#0059a9","colorDark":"#00294f","angle":195,"snapDist":7,"label":1}},{"type":"Feature","geometry":{"type":"Point","coordinates":[21.097771,45.752417]},"properties":{"name":"Baltă (Săcălaz)","lines":"M43","arr":["M43"],"terminus":0,"mode":"bus","color":"#0059a9","colorDark":"#00294f","angle":177.6,"snapDist":7,"label":0}},{"type":"Feature","geometry":{"type":"Point","coordinates":[21.105867,45.759829]},"properties":{"name":"Liliacului (Săcălaz)","lines":"M43","arr":["M43"],"terminus":0,"mode":"bus","color":"#0059a9","colorDark":"#00294f","angle":161.5,"snapDist":3,"label":0}},{"type":"Feature","geometry":{"type":"Point","coordinates":[21.112581,45.7604]},"properties":{"name":"Biserica Romano Catolică (Săcălaz)","lines":"M43","arr":["M43"],"terminus":0,"mode":"bus","color":"#0059a9","colorDark":"#00294f","angle":173.2,"snapDist":6,"label":1}},{"type":"Feature","geometry":{"type":"Point","coordinates":[21.118458,45.760899]},"properties":{"name":"Moara (Săcălaz)","lines":"M43","arr":["M43"],"terminus":0,"mode":"bus","color":"#0059a9","colorDark":"#00294f","angle":172.9,"snapDist":4,"label":0}},{"type":"Feature","geometry":{"type":"Point","coordinates":[21.130371,45.761916]},"properties":{"name":"Europa (Săcălaz)","lines":"M43","arr":["M43"],"terminus":0,"mode":"bus","color":"#0059a9","colorDark":"#00294f","angle":173.6,"snapDist":5,"label":0}},{"type":"Feature","geometry":{"type":"Point","coordinates":[21.048981,45.831946]},"properties":{"name":"Biserica Romano Catolică (Becicherecul Mic)","lines":"M44","arr":["M44"],"terminus":0,"mode":"bus","color":"#0059a9","colorDark":"#00294f","angle":350,"snapDist":1,"label":1}},{"type":"Feature","geometry":{"type":"Point","coordinates":[21.049939,45.834298]},"properties":{"name":"Primărie (Becicherecul Mic)","lines":"M44","arr":["M44"],"terminus":0,"mode":"bus","color":"#0059a9","colorDark":"#00294f","angle":164.8,"snapDist":5,"label":1}},{"type":"Feature","geometry":{"type":"Point","coordinates":[21.056476,45.835711]},"properties":{"name":"Calea Dudeștii Noi (Becicherecul Mic)","lines":"M44","arr":["M44"],"terminus":1,"mode":"bus","color":"#0059a9","colorDark":"#00294f","angle":162.6,"snapDist":3,"label":1}},{"type":"Feature","geometry":{"type":"Point","coordinates":[21.097833,45.838495]},"properties":{"name":"Primărie (Dudeștii Noi)","lines":"M44","arr":["M44"],"terminus":0,"mode":"bus","color":"#0059a9","colorDark":"#00294f","angle":154,"snapDist":4,"label":1}},{"type":"Feature","geometry":{"type":"Point","coordinates":[21.100909,45.838992]},"properties":{"name":"Calea Timișoarei (Dudeștii Noi)","lines":"M44","arr":["M44"],"terminus":0,"mode":"bus","color":"#0059a9","colorDark":"#00294f","angle":237.4,"snapDist":5,"label":1}},{"type":"Feature","geometry":{"type":"Point","coordinates":[21.103357,45.836264]},"properties":{"name":"Căminul Cultural (Dudeștii Noi)","lines":"M44","arr":["M44"],"terminus":0,"mode":"bus","color":"#0059a9","colorDark":"#00294f","angle":238.3,"snapDist":3,"label":1}},{"type":"Feature","geometry":{"type":"Point","coordinates":[21.107501,45.829108]},"properties":{"name":"Rus Savitar (Dudeștii Noi)","lines":"M44","arr":["M44"],"terminus":0,"mode":"bus","color":"#0059a9","colorDark":"#00294f","angle":259.6,"snapDist":3,"label":1}},{"type":"Feature","geometry":{"type":"Point","coordinates":[21.209875,45.79266]},"properties":{"name":"IKEA Timișoara","lines":"M45","arr":["M45"],"terminus":0,"mode":"bus","color":"#0059a9","colorDark":"#00294f","angle":213,"snapDist":8,"label":1}},{"type":"Feature","geometry":{"type":"Point","coordinates":[21.211376,45.795947]},"properties":{"name":"Praga (Dumbrăvița)","lines":"M45","arr":["M45"],"terminus":0,"mode":"bus","color":"#0059a9","colorDark":"#00294f","angle":42.4,"snapDist":4,"label":1}},{"type":"Feature","geometry":{"type":"Point","coordinates":[21.208706,45.799081]},"properties":{"name":"București (Dumbrăvița)","lines":"M45","arr":["M45"],"terminus":0,"mode":"bus","color":"#0059a9","colorDark":"#00294f","angle":119.1,"snapDist":5,"label":1}},{"type":"Feature","geometry":{"type":"Point","coordinates":[21.211037,45.80133]},"properties":{"name":"Fervenția II (Dumbrăvița)","lines":"M45","arr":["M45"],"terminus":0,"mode":"bus","color":"#0059a9","colorDark":"#00294f","angle":208.3,"snapDist":2,"label":1}},{"type":"Feature","geometry":{"type":"Point","coordinates":[21.214076,45.803777]},"properties":{"name":"Gabriel Liiceanu (Dumbrăvița)","lines":"M45","arr":["M45"],"terminus":0,"mode":"bus","color":"#0059a9","colorDark":"#00294f","angle":120.4,"snapDist":2,"label":1}},{"type":"Feature","geometry":{"type":"Point","coordinates":[21.218609,45.806365]},"properties":{"name":"Ion Creangă (Dumbrăvița)","lines":"M45","arr":["M45"],"terminus":0,"mode":"bus","color":"#0059a9","colorDark":"#00294f","angle":206.3,"snapDist":2,"label":1}},{"type":"Feature","geometry":{"type":"Point","coordinates":[21.221236,45.808358]},"properties":{"name":"Mihail Sadoveanu (Dumbrăvița)","lines":"M45","arr":["M45"],"terminus":0,"mode":"bus","color":"#0059a9","colorDark":"#00294f","angle":119.2,"snapDist":1,"label":1}},{"type":"Feature","geometry":{"type":"Point","coordinates":[21.224225,45.811783]},"properties":{"name":"Simfoniei (Dumbrăvița)","lines":"M45","arr":["M45"],"terminus":0,"mode":"bus","color":"#0059a9","colorDark":"#00294f","angle":204.7,"snapDist":5,"label":1}},{"type":"Feature","geometry":{"type":"Point","coordinates":[21.228427,45.810501]},"properties":{"name":"Petre Țuțea (Dumbrăvița)","lines":"M45","arr":["M45"],"terminus":0,"mode":"bus","color":"#0059a9","colorDark":"#00294f","angle":206.8,"snapDist":5,"label":1}},{"type":"Feature","geometry":{"type":"Point","coordinates":[21.235603,45.807908]},"properties":{"name":"Liviu Rebreanu (Dumbrăvița)","lines":"M45","arr":["M45"],"terminus":0,"mode":"bus","color":"#0059a9","colorDark":"#00294f","angle":206.2,"snapDist":5,"label":1}},{"type":"Feature","geometry":{"type":"Point","coordinates":[21.237705,45.806658]},"properties":{"name":"Crișurilor (Dumbrăvița)","lines":"M45","arr":["M45"],"terminus":0,"mode":"bus","color":"#0059a9","colorDark":"#00294f","angle":297.2,"snapDist":1,"label":1}},{"type":"Feature","geometry":{"type":"Point","coordinates":[21.236182,45.803817]},"properties":{"name":"Ion Luca Caragiale (Dumbrăvița)","lines":"M45","arr":["M45"],"terminus":0,"mode":"bus","color":"#0059a9","colorDark":"#00294f","angle":206.7,"snapDist":0,"label":1}},{"type":"Feature","geometry":{"type":"Point","coordinates":[21.234681,45.800823]},"properties":{"name":"Bistrița (Dumbrăvița)","lines":"M45","arr":["M45"],"terminus":0,"mode":"bus","color":"#0059a9","colorDark":"#00294f","angle":299.5,"snapDist":5,"label":1}},{"type":"Feature","geometry":{"type":"Point","coordinates":[21.228958,45.802605]},"properties":{"name":"Hans C. Andersen (Dumbrăvița)","lines":"M45","arr":["M45"],"terminus":0,"mode":"bus","color":"#0059a9","colorDark":"#00294f","angle":27.5,"snapDist":6,"label":1}},{"type":"Feature","geometry":{"type":"Point","coordinates":[21.224285,45.800212]},"properties":{"name":"Moților (Dumbrăvița)","lines":"M45","arr":["M45"],"terminus":0,"mode":"bus","color":"#0059a9","colorDark":"#00294f","angle":297.3,"snapDist":4,"label":1}},{"type":"Feature","geometry":{"type":"Point","coordinates":[21.222314,45.797294]},"properties":{"name":"Arieșeni (Dumbrăvița)","lines":"M45","arr":["M45"],"terminus":0,"mode":"bus","color":"#0059a9","colorDark":"#00294f","angle":207.3,"snapDist":3,"label":1}},{"type":"Feature","geometry":{"type":"Point","coordinates":[21.229433,45.794655]},"properties":{"name":"N. Grigorescu (Dumbrăvița)","lines":"M45","arr":["M45"],"terminus":0,"mode":"bus","color":"#0059a9","colorDark":"#00294f","angle":196.7,"snapDist":0,"label":1}},{"type":"Feature","geometry":{"type":"Point","coordinates":[21.235269,45.793291]},"properties":{"name":"Tudor Vladimirescu (Dumbrăvița)","lines":"M45","arr":["M45"],"terminus":0,"mode":"bus","color":"#0059a9","colorDark":"#00294f","angle":117.3,"snapDist":4,"label":1}},{"type":"Feature","geometry":{"type":"Point","coordinates":[21.239923,45.799624]},"properties":{"name":"Țarcului (Dumbrăvița)","lines":"M45","arr":["M45"],"terminus":0,"mode":"bus","color":"#0059a9","colorDark":"#00294f","angle":119.2,"snapDist":2,"label":1}},{"type":"Feature","geometry":{"type":"Point","coordinates":[21.246865,45.802785]},"properties":{"name":"Parcul Central (Dumbrăvița)","lines":"M45","arr":["M45"],"terminus":1,"mode":"bus","color":"#0059a9","colorDark":"#00294f","angle":313.3,"snapDist":5,"label":1}},{"type":"Feature","geometry":{"type":"Point","coordinates":[21.239498,45.799061]},"properties":{"name":"Țarcului (Dumbrăvița)","lines":"M45","arr":["M45"],"terminus":0,"mode":"bus","color":"#0059a9","colorDark":"#00294f","angle":296.3,"snapDist":6,"label":0}},{"type":"Feature","geometry":{"type":"Point","coordinates":[21.23535,45.793401]},"properties":{"name":"Tudor Vladimirescu (Dumbrăvița)","lines":"M45","arr":["M45"],"terminus":0,"mode":"bus","color":"#0059a9","colorDark":"#00294f","angle":297.3,"snapDist":6,"label":0}},{"type":"Feature","geometry":{"type":"Point","coordinates":[21.229557,45.794629]},"properties":{"name":"N. Grigorescu (Dumbrăvița)","lines":"M45","arr":["M45"],"terminus":0,"mode":"bus","color":"#0059a9","colorDark":"#00294f","angle":18.1,"snapDist":5,"label":0}},{"type":"Feature","geometry":{"type":"Point","coordinates":[21.222363,45.797276]},"properties":{"name":"Arieșeni (Dumbrăvița)","lines":"M45","arr":["M45"],"terminus":0,"mode":"bus","color":"#0059a9","colorDark":"#00294f","angle":28.5,"snapDist":3,"label":0}},{"type":"Feature","geometry":{"type":"Point","coordinates":[21.224227,45.800133]},"properties":{"name":"Moților (Dumbrăvița)","lines":"M45","arr":["M45"],"terminus":0,"mode":"bus","color":"#0059a9","colorDark":"#00294f","angle":117.3,"snapDist":4,"label":0}},{"type":"Feature","geometry":{"type":"Point","coordinates":[21.227193,45.802024]},"properties":{"name":"Hans C. Andersen (Dumbrăvița)","lines":"M45","arr":["M45"],"terminus":0,"mode":"bus","color":"#0059a9","colorDark":"#00294f","angle":117.7,"snapDist":3,"label":0}},{"type":"Feature","geometry":{"type":"Point","coordinates":[21.234871,45.801058]},"properties":{"name":"Bistrița (Dumbrăvița)","lines":"M45","arr":["M45"],"terminus":0,"mode":"bus","color":"#0059a9","colorDark":"#00294f","angle":119.5,"snapDist":6,"label":0}},{"type":"Feature","geometry":{"type":"Point","coordinates":[21.236352,45.803758]},"properties":{"name":"Ion Luca Caragiale (Dumbrăvița)","lines":"M45","arr":["M45"],"terminus":0,"mode":"bus","color":"#0059a9","colorDark":"#00294f","angle":26.7,"snapDist":7,"label":0}},{"type":"Feature","geometry":{"type":"Point","coordinates":[21.237848,45.806852]},"properties":{"name":"Crișurilor (Dumbrăvița)","lines":"M45","arr":["M45"],"terminus":0,"mode":"bus","color":"#0059a9","colorDark":"#00294f","angle":117.2,"snapDist":4,"label":0}},{"type":"Feature","geometry":{"type":"Point","coordinates":[21.236135,45.807725]},"properties":{"name":"Liviu Rebreanu (Dumbrăvița)","lines":"M45","arr":["M45"],"terminus":0,"mode":"bus","color":"#0059a9","colorDark":"#00294f","angle":26.2,"snapDist":4,"label":0}},{"type":"Feature","geometry":{"type":"Point","coordinates":[21.228868,45.810352]},"properties":{"name":"Petre Țuțea (Dumbrăvița)","lines":"M45","arr":["M45"],"terminus":0,"mode":"bus","color":"#0059a9","colorDark":"#00294f","angle":27.6,"snapDist":5,"label":0}},{"type":"Feature","geometry":{"type":"Point","coordinates":[21.224657,45.811649]},"properties":{"name":"Simfoniei (Dumbrăvița)","lines":"M45","arr":["M45"],"terminus":0,"mode":"bus","color":"#0059a9","colorDark":"#00294f","angle":23.6,"snapDist":7,"label":0}},{"type":"Feature","geometry":{"type":"Point","coordinates":[21.221379,45.808545]},"properties":{"name":"Mihail Sadoveanu (Dumbrăvița)","lines":"M45","arr":["M45"],"terminus":0,"mode":"bus","color":"#0059a9","colorDark":"#00294f","angle":297.2,"snapDist":9,"label":0}},{"type":"Feature","geometry":{"type":"Point","coordinates":[21.218725,45.806322]},"properties":{"name":"Ion Creangă (Dumbrăvița)","lines":"M45","arr":["M45"],"terminus":0,"mode":"bus","color":"#0059a9","colorDark":"#00294f","angle":30.4,"snapDist":3,"label":0}},{"type":"Feature","geometry":{"type":"Point","coordinates":[21.214359,45.804095]},"properties":{"name":"Gabriel Liiceanu (Dumbrăvița)","lines":"M45","arr":["M45"],"terminus":0,"mode":"bus","color":"#0059a9","colorDark":"#00294f","angle":304.5,"snapDist":6,"label":0}},{"type":"Feature","geometry":{"type":"Point","coordinates":[21.21135,45.801213]},"properties":{"name":"Fervenția II (Dumbrăvița)","lines":"M45","arr":["M45"],"terminus":0,"mode":"bus","color":"#0059a9","colorDark":"#00294f","angle":28.3,"snapDist":8,"label":0}},{"type":"Feature","geometry":{"type":"Point","coordinates":[21.208758,45.799144]},"properties":{"name":"București (Dumbrăvița)","lines":"M45","arr":["M45"],"terminus":0,"mode":"bus","color":"#0059a9","colorDark":"#00294f","angle":302.2,"snapDist":9,"label":0}},{"type":"Feature","geometry":{"type":"Point","coordinates":[21.211321,45.795982]},"properties":{"name":"Praga (Dumbrăvița)","lines":"M45","arr":["M45"],"terminus":0,"mode":"bus","color":"#0059a9","colorDark":"#00294f","angle":221.5,"snapDist":5,"label":0}},{"type":"Feature","geometry":{"type":"Point","coordinates":[21.164751,45.652104]},"properties":{"name":"Primărie (Șag)","lines":"M46","arr":["M46"],"terminus":0,"mode":"bus","color":"#0059a9","colorDark":"#00294f","angle":7.8,"snapDist":8,"label":1}},{"type":"Feature","geometry":{"type":"Point","coordinates":[21.158423,45.652464]},"properties":{"name":"Intersecție str. a V a cu str. a II a (Șag)","lines":"M46","arr":["M46"],"terminus":0,"mode":"bus","color":"#0059a9","colorDark":"#00294f","angle":278.1,"snapDist":6,"label":1}},{"type":"Feature","geometry":{"type":"Point","coordinates":[21.153385,45.649334]},"properties":{"name":"Intersecție str. a IV a cu str. a CXI a (Șag)","lines":"M46","arr":["M46"],"terminus":1,"mode":"bus","color":"#0059a9","colorDark":"#00294f","angle":4.3,"snapDist":6,"label":1}},{"type":"Feature","geometry":{"type":"Point","coordinates":[21.158274,45.652718]},"properties":{"name":"Intersecție str. a IV a cu str. a II a (Șag)","lines":"M46","arr":["M46"],"terminus":0,"mode":"bus","color":"#0059a9","colorDark":"#00294f","angle":188.1,"snapDist":3,"label":1}},{"type":"Feature","geometry":{"type":"Point","coordinates":[21.164755,45.652104]},"properties":{"name":"Primărie (Șag)","lines":"M46","arr":["M46"],"terminus":0,"mode":"bus","color":"#0059a9","colorDark":"#00294f","angle":187.8,"snapDist":3,"label":0}},{"type":"Feature","geometry":{"type":"Point","coordinates":[21.163999,45.910648]},"properties":{"name":"Centru (Carani)","lines":"M47","arr":["M47"],"terminus":0,"mode":"bus","color":"#0059a9","colorDark":"#00294f","angle":359.3,"snapDist":4,"label":1}},{"type":"Feature","geometry":{"type":"Point","coordinates":[21.1047,45.94475]},"properties":{"name":"Băile Călacea","lines":"M47","arr":["M47"],"terminus":0,"mode":"bus","color":"#0059a9","colorDark":"#00294f","angle":54.7,"snapDist":4,"label":1}},{"type":"Feature","geometry":{"type":"Point","coordinates":[21.092197,45.969311]},"properties":{"name":"Centru (Bărăteaz)","lines":"M47","arr":["M47"],"terminus":0,"mode":"bus","color":"#0059a9","colorDark":"#00294f","angle":71.3,"snapDist":3,"label":1}},{"type":"Feature","geometry":{"type":"Point","coordinates":[21.035946,45.942922]},"properties":{"name":"Primărie (Satchinez)","lines":"M47","arr":["M47"],"terminus":0,"mode":"bus","color":"#0059a9","colorDark":"#00294f","angle":344.6,"snapDist":4,"label":1}},{"type":"Feature","geometry":{"type":"Point","coordinates":[21.043581,45.938498]},"properties":{"name":"Biserica Romano Catolică (Satchinez)","lines":"M47","arr":["M47"],"terminus":0,"mode":"bus","color":"#0059a9","colorDark":"#00294f","angle":255.9,"snapDist":4,"label":1}},{"type":"Feature","geometry":{"type":"Point","coordinates":[21.08402,45.902709]},"properties":{"name":"Centru (Hodoni)","lines":"M47","arr":["M47"],"terminus":1,"mode":"bus","color":"#0059a9","colorDark":"#00294f","angle":249.3,"snapDist":4,"label":1}},{"type":"Feature","geometry":{"type":"Point","coordinates":[21.043451,45.938864]},"properties":{"name":"Biserica Romano Catolică (Satchinez)","lines":"M47","arr":["M47"],"terminus":0,"mode":"bus","color":"#0059a9","colorDark":"#00294f","angle":76.4,"snapDist":4,"label":0}},{"type":"Feature","geometry":{"type":"Point","coordinates":[21.1047,45.94475]},"properties":{"name":"Băile Călacea","lines":"M47","arr":["M47"],"terminus":0,"mode":"bus","color":"#0059a9","colorDark":"#00294f","angle":234.7,"snapDist":6,"label":0}},{"type":"Feature","geometry":{"type":"Point","coordinates":[21.16369,45.910645]},"properties":{"name":"Centru (Carani)","lines":"M47","arr":["M47"],"terminus":0,"mode":"bus","color":"#0059a9","colorDark":"#00294f","angle":179.3,"snapDist":3,"label":0}},{"type":"Feature","geometry":{"type":"Point","coordinates":[21.203136,45.869642]},"properties":{"name":"Kilometrul 13 (Sânandrei)","lines":"M48","arr":["M48"],"terminus":0,"mode":"bus","color":"#0059a9","colorDark":"#00294f","angle":91.5,"snapDist":7,"label":1}},{"type":"Feature","geometry":{"type":"Point","coordinates":[21.200583,45.964883]},"properties":{"name":"Centru (Orțișoara)","lines":"M48","arr":["M48"],"terminus":0,"mode":"bus","color":"#0059a9","colorDark":"#00294f","angle":118.3,"snapDist":8,"label":1}},{"type":"Feature","geometry":{"type":"Point","coordinates":[21.319577,45.977019]},"properties":{"name":"Căminul Cultural (Seceani)","lines":"M48","arr":["M48"],"terminus":1,"mode":"bus","color":"#0059a9","colorDark":"#00294f","angle":50.6,"snapDist":2,"label":1}},{"type":"Feature","geometry":{"type":"Point","coordinates":[21.200692,45.965025]},"properties":{"name":"Centru (Orțișoara)","lines":"M48","arr":["M48"],"terminus":0,"mode":"bus","color":"#0059a9","colorDark":"#00294f","angle":298.3,"snapDist":5,"label":0}},{"type":"Feature","geometry":{"type":"Point","coordinates":[21.196126,45.960811]},"properties":{"name":"SMA (Orțișoara)","lines":"M48","arr":["M48"],"terminus":0,"mode":"bus","color":"#0059a9","colorDark":"#00294f","angle":29.7,"snapDist":4,"label":1}},{"type":"Feature","geometry":{"type":"Point","coordinates":[21.146872,45.952782]},"properties":{"name":"Grădiniță (Călacea)","lines":"M48","arr":["M48"],"terminus":0,"mode":"bus","color":"#0059a9","colorDark":"#00294f","angle":341.1,"snapDist":2,"label":1}},{"type":"Feature","geometry":{"type":"Point","coordinates":[21.196129,45.96081]},"properties":{"name":"SMA (Orțișoara)","lines":"M48","arr":["M48"],"terminus":0,"mode":"bus","color":"#0059a9","colorDark":"#00294f","angle":-150.3,"snapDist":8,"label":0}},{"type":"Feature","geometry":{"type":"Point","coordinates":[21.223385,45.9107]},"properties":{"name":"Cămin (Cornești)","lines":"M48","arr":["M48"],"terminus":0,"mode":"bus","color":"#0059a9","colorDark":"#00294f","angle":267,"snapDist":0,"label":1}},{"type":"Feature","geometry":{"type":"Point","coordinates":[21.229493,45.914393]},"properties":{"name":"SMA (Cornești)","lines":"M48","arr":["M48"],"terminus":0,"mode":"bus","color":"#0059a9","colorDark":"#00294f","angle":344.5,"snapDist":5,"label":1}},{"type":"Feature","geometry":{"type":"Point","coordinates":[21.203136,45.869648]},"properties":{"name":"Kilometrul 13 (Sânandrei)","lines":"M48","arr":["M48"],"terminus":0,"mode":"bus","color":"#0059a9","colorDark":"#00294f","angle":271.5,"snapDist":7,"label":0}},{"type":"Feature","geometry":{"type":"Point","coordinates":[21.264373,45.841127]},"properties":{"name":"Bodoni (Cerneteaz)","lines":"M49","arr":["M49"],"terminus":0,"mode":"bus","color":"#0059a9","colorDark":"#00294f","angle":123.6,"snapDist":0,"label":1}},{"type":"Feature","geometry":{"type":"Point","coordinates":[21.268629,45.846224]},"properties":{"name":"Privighetorii (Cerneteaz)","lines":"M49","arr":["M49"],"terminus":0,"mode":"bus","color":"#0059a9","colorDark":"#00294f","angle":23.7,"snapDist":3,"label":1}},{"type":"Feature","geometry":{"type":"Point","coordinates":[21.261699,45.848149]},"properties":{"name":"Arteza (Cerneteaz)","lines":"M49","arr":["M49"],"terminus":0,"mode":"bus","color":"#0059a9","colorDark":"#00294f","angle":295.2,"snapDist":7,"label":1}},{"type":"Feature","geometry":{"type":"Point","coordinates":[21.258462,45.84268]},"properties":{"name":"Cămin Cultural (Cerneteaz)","lines":"M49","arr":["M49"],"terminus":0,"mode":"bus","color":"#0059a9","colorDark":"#00294f","angle":204,"snapDist":4,"label":1}},{"type":"Feature","geometry":{"type":"Point","coordinates":[21.292606,45.838153]},"properties":{"name":"Industriilor (Giarmata)","lines":"M49","arr":["M49"],"terminus":0,"mode":"bus","color":"#0059a9","colorDark":"#00294f","angle":187.5,"snapDist":2,"label":1}},{"type":"Feature","geometry":{"type":"Point","coordinates":[21.297316,45.837843]},"properties":{"name":"Virgil Economu (Giarmata)","lines":"M49","arr":["M49"],"terminus":0,"mode":"bus","color":"#0059a9","colorDark":"#00294f","angle":182.8,"snapDist":7,"label":1}},{"type":"Feature","geometry":{"type":"Point","coordinates":[21.310687,45.837328]},"properties":{"name":"Centru (Giarmata)","lines":"M49","arr":["M49"],"terminus":0,"mode":"bus","color":"#0059a9","colorDark":"#00294f","angle":119,"snapDist":6,"label":1}},{"type":"Feature","geometry":{"type":"Point","coordinates":[21.313862,45.843121]},"properties":{"name":"Bătrână (Giarmata)","lines":"M49","arr":["M49"],"terminus":0,"mode":"bus","color":"#0059a9","colorDark":"#00294f","angle":95.2,"snapDist":4,"label":1}},{"type":"Feature","geometry":{"type":"Point","coordinates":[21.315214,45.849679]},"properties":{"name":"Calea Bencecului (Giarmata)","lines":"M49","arr":["M49"],"terminus":0,"mode":"bus","color":"#0059a9","colorDark":"#00294f","angle":191.5,"snapDist":2,"label":1}},{"type":"Feature","geometry":{"type":"Point","coordinates":[21.31986,45.848492]},"properties":{"name":"Girație Calea Bencecului (Giarmata)","lines":"M49","arr":["M49"],"terminus":1,"mode":"bus","color":"#0059a9","colorDark":"#00294f","angle":281.2,"snapDist":8,"label":1}},{"type":"Feature","geometry":{"type":"Point","coordinates":[21.317412,45.842102]},"properties":{"name":"Biserica Romano Catolică (Giarmata)","lines":"M49","arr":["M49"],"terminus":0,"mode":"bus","color":"#0059a9","colorDark":"#00294f","angle":287.5,"snapDist":8,"label":1}},{"type":"Feature","geometry":{"type":"Point","coordinates":[21.311542,45.836538]},"properties":{"name":"Căminul Cultural (Giarmata)","lines":"M49","arr":["M49"],"terminus":0,"mode":"bus","color":"#0059a9","colorDark":"#00294f","angle":19.2,"snapDist":5,"label":1}},{"type":"Feature","geometry":{"type":"Point","coordinates":[21.301038,45.837718]},"properties":{"name":"Strada Morii (Giarmata)","lines":"M49","arr":["M49"],"terminus":0,"mode":"bus","color":"#0059a9","colorDark":"#00294f","angle":2.4,"snapDist":4,"label":1}},{"type":"Feature","geometry":{"type":"Point","coordinates":[21.293084,45.837799]},"properties":{"name":"Voievod Nicolae / Salcie (Giarmata)","lines":"M49","arr":["M49"],"terminus":0,"mode":"bus","color":"#0059a9","colorDark":"#00294f","angle":312,"snapDist":4,"label":1}},{"type":"Feature","geometry":{"type":"Point","coordinates":[20.958968,45.887167]},"properties":{"name":"Căminul cultural (Biled)","lines":"M50","arr":["M50"],"terminus":0,"mode":"bus","color":"#0059a9","colorDark":"#00294f","angle":54.4,"snapDist":7,"label":1}},{"type":"Feature","geometry":{"type":"Point","coordinates":[20.891218,45.925438]},"properties":{"name":"Biserica Romano Catolică (Șandra)","lines":"M50","arr":["M50"],"terminus":0,"mode":"bus","color":"#0059a9","colorDark":"#00294f","angle":46.5,"snapDist":8,"label":1}},{"type":"Feature","geometry":{"type":"Point","coordinates":[20.860508,45.912061]},"properties":{"name":"Biserica Romano Catolică (Uihei)","lines":"M50","arr":["M50"],"terminus":1,"mode":"bus","color":"#0059a9","colorDark":"#00294f","angle":162.8,"snapDist":2,"label":1}},{"type":"Feature","geometry":{"type":"Point","coordinates":[20.891601,45.925111]},"properties":{"name":"Biserica Romano Catolică (Șandra)","lines":"M50","arr":["M50"],"terminus":0,"mode":"bus","color":"#0059a9","colorDark":"#00294f","angle":229.7,"snapDist":8,"label":0}},{"type":"Feature","geometry":{"type":"Point","coordinates":[20.958965,45.88717]},"properties":{"name":"Căminul cultural (Biled)","lines":"M50","arr":["M50"],"terminus":0,"mode":"bus","color":"#0059a9","colorDark":"#00294f","angle":234.4,"snapDist":8,"label":0}},{"type":"Feature","geometry":{"type":"Point","coordinates":[21.193425,45.593594]},"properties":{"name":"Smithfield (Pădureni)","lines":"M51","arr":["M51"],"terminus":0,"mode":"bus","color":"#0059a9","colorDark":"#00294f","angle":351.2,"snapDist":3,"label":1}},{"type":"Feature","geometry":{"type":"Point","coordinates":[21.20797,45.59284]},"properties":{"name":"Teren de fotbal (Pădureni)","lines":"M51","arr":["M51"],"terminus":0,"mode":"bus","color":"#0059a9","colorDark":"#00294f","angle":170.6,"snapDist":0,"label":1}},{"type":"Feature","geometry":{"type":"Point","coordinates":[21.212728,45.594109]},"properties":{"name":"Service (Pădureni)","lines":"M51","arr":["M51"],"terminus":0,"mode":"bus","color":"#0059a9","colorDark":"#00294f","angle":153.7,"snapDist":1,"label":1}},{"type":"Feature","geometry":{"type":"Point","coordinates":[21.218099,45.597637]},"properties":{"name":"Primărie (Pădureni)","lines":"M51","arr":["M51"],"terminus":1,"mode":"bus","color":"#0059a9","colorDark":"#00294f","angle":44.2,"snapDist":3,"label":1}},{"type":"Feature","geometry":{"type":"Point","coordinates":[21.209924,45.603958]},"properties":{"name":"Parc (Pădureni)","lines":"M51","arr":["M51"],"terminus":0,"mode":"bus","color":"#0059a9","colorDark":"#00294f","angle":67.3,"snapDist":0,"label":1}},{"type":"Feature","geometry":{"type":"Point","coordinates":[21.2071,45.607973]},"properties":{"name":"Purice (Pădureni)","lines":"M51","arr":["M51"],"terminus":0,"mode":"bus","color":"#0059a9","colorDark":"#00294f","angle":349.6,"snapDist":4,"label":1}},{"type":"Feature","geometry":{"type":"Point","coordinates":[21.207163,45.750421]},"properties":{"name":"Gara de Nord","lines":"1, 8, 9","arr":["1","8","9"],"terminus":1,"mode":"tram","color":"#d6212b","colorDark":"#7c1116","angle":168,"snapDist":2,"label":1}},{"type":"Feature","geometry":{"type":"Point","coordinates":[21.211135,45.745239]},"properties":{"name":"Bd. Regele Carol I (Dragalina)","lines":"1, 8, 9","arr":["1","8","9"],"terminus":0,"mode":"tram","color":"#d6212b","colorDark":"#7c1116","angle":242.7,"snapDist":2,"label":1}},{"type":"Feature","geometry":{"type":"Point","coordinates":[21.215287,45.746239]},"properties":{"name":"Piața A. Mocioni (Sinaia)","lines":"1, 2, 8","arr":["1","2","8"],"terminus":0,"mode":"tram","color":"#d6212b","colorDark":"#7c1116","angle":155.3,"snapDist":1,"label":1}},{"type":"Feature","geometry":{"type":"Point","coordinates":[21.218562,45.748415]},"properties":{"name":"Piața Sfânta Maria (16 Decembrie 1989)","lines":"1, 2, 8","arr":["1","2","8"],"terminus":0,"mode":"tram","color":"#d6212b","colorDark":"#7c1116","angle":141,"snapDist":4,"label":1}},{"type":"Feature","geometry":{"type":"Point","coordinates":[21.222106,45.744672]},"properties":{"name":"Parcul C. Sylva (Parc Doina)","lines":"1, 4, 7, 8","arr":["1","4","7","8"],"terminus":0,"mode":"tram","color":"#d6212b","colorDark":"#7c1116","angle":235,"snapDist":6,"label":1}},{"type":"Feature","geometry":{"type":"Point","coordinates":[21.224991,45.741855]},"properties":{"name":"Piața N. Bălcescu (Gheorghe Doja)","lines":"1, 4, 7, 8","arr":["1","4","7","8"],"terminus":0,"mode":"tram","color":"#d6212b","colorDark":"#7c1116","angle":234.6,"snapDist":3,"label":1}},{"type":"Feature","geometry":{"type":"Point","coordinates":[21.225003,45.7387]},"properties":{"name":"Memorandumului","lines":"1, 7","arr":["1","7"],"terminus":0,"mode":"tram","color":"#d6212b","colorDark":"#7c1116","angle":270,"snapDist":4,"label":1}},{"type":"Feature","geometry":{"type":"Point","coordinates":[21.226547,45.735331]},"properties":{"name":"Liviu Rebreanu (Drubeta)","lines":"1, 7","arr":["1","7"],"terminus":0,"mode":"tram","color":"#d6212b","colorDark":"#7c1116","angle":254.1,"snapDist":5,"label":1}},{"type":"Feature","geometry":{"type":"Point","coordinates":[21.230761,45.736357]},"properties":{"name":"Salcâmilor (Liviu Rebreanu)","lines":"1, 9","arr":["1","9"],"terminus":0,"mode":"tram","color":"#d6212b","colorDark":"#7c1116","angle":159.3,"snapDist":2,"label":1}},{"type":"Feature","geometry":{"type":"Point","coordinates":[21.237885,45.738512]},"properties":{"name":"Calea Martirilor (Liviu Rebreanu)","lines":"1, 9","arr":["1","9"],"terminus":0,"mode":"tram","color":"#d6212b","colorDark":"#7c1116","angle":163.1,"snapDist":1,"label":1}},{"type":"Feature","geometry":{"type":"Point","coordinates":[21.240335,45.738353]},"properties":{"name":"Spitalul Județean (Liviu Rebreanu)","lines":"1, 9","arr":["1","9"],"terminus":0,"mode":"tram","color":"#d6212b","colorDark":"#7c1116","angle":189.2,"snapDist":3,"label":1}},{"type":"Feature","geometry":{"type":"Point","coordinates":[21.250044,45.737238]},"properties":{"name":"Bulevardul Sudului (Liviu Rebreanu)","lines":"1, 9","arr":["1","9"],"terminus":0,"mode":"tram","color":"#d6212b","colorDark":"#7c1116","angle":189.5,"snapDist":2,"label":1}},{"type":"Feature","geometry":{"type":"Point","coordinates":[21.25828,45.733602]},"properties":{"name":"Piața Gheorghe Domășneanu (Liviu Rebreanu - AEM)","lines":"1, 9","arr":["1","9"],"terminus":1,"mode":"tram","color":"#d6212b","colorDark":"#7c1116","angle":217.4,"snapDist":5,"label":1}},{"type":"Feature","geometry":{"type":"Point","coordinates":[21.258304,45.733628]},"properties":{"name":"Piața Gheorghe Domășneanu (Liviu Rebreanu - AEM)","lines":"1, 9","arr":["1","9"],"terminus":1,"mode":"tram","color":"#d6212b","colorDark":"#7c1116","angle":37.6,"snapDist":6,"label":0}},{"type":"Feature","geometry":{"type":"Point","coordinates":[21.250898,45.737125]},"properties":{"name":"Bulevardul Sudului (Liviu Rebreanu)","lines":"1, 9","arr":["1","9"],"terminus":0,"mode":"tram","color":"#d6212b","colorDark":"#7c1116","angle":19.8,"snapDist":2,"label":0}},{"type":"Feature","geometry":{"type":"Point","coordinates":[21.240417,45.738376]},"properties":{"name":"Spitalul Județean (Liviu Rebreanu)","lines":"1, 9","arr":["1","9"],"terminus":0,"mode":"tram","color":"#d6212b","colorDark":"#7c1116","angle":8.7,"snapDist":2,"label":0}},{"type":"Feature","geometry":{"type":"Point","coordinates":[21.238567,45.738571]},"properties":{"name":"Calea Martirilor (Liviu Rebreanu)","lines":"1, 9","arr":["1","9"],"terminus":0,"mode":"tram","color":"#d6212b","colorDark":"#7c1116","angle":6,"snapDist":2,"label":0}},{"type":"Feature","geometry":{"type":"Point","coordinates":[21.231212,45.736484]},"properties":{"name":"Salcâmilor (Liviu Rebreanu)","lines":"1, 9","arr":["1","9"],"terminus":0,"mode":"tram","color":"#d6212b","colorDark":"#7c1116","angle":342.5,"snapDist":3,"label":0}},{"type":"Feature","geometry":{"type":"Point","coordinates":[21.227084,45.735224]},"properties":{"name":"Drubeta (Liviu Rebreanu)","lines":"1, 9","arr":["1","9"],"terminus":0,"mode":"tram","color":"#d6212b","colorDark":"#7c1116","angle":335.5,"snapDist":1,"label":1}},{"type":"Feature","geometry":{"type":"Point","coordinates":[21.225044,45.738649]},"properties":{"name":"Memorandumului","lines":"1, 7","arr":["1","7"],"terminus":0,"mode":"tram","color":"#d6212b","colorDark":"#7c1116","angle":87.6,"snapDist":4,"label":0}},{"type":"Feature","geometry":{"type":"Point","coordinates":[21.225026,45.741883]},"properties":{"name":"Piața N. Bălcescu (Gheorghe Doja)","lines":"1, 4, 7, 8","arr":["1","4","7","8"],"terminus":0,"mode":"tram","color":"#d6212b","colorDark":"#7c1116","angle":56.5,"snapDist":1,"label":0}},{"type":"Feature","geometry":{"type":"Point","coordinates":[21.222434,45.744412]},"properties":{"name":"Parcul C. Sylva (Parc Doina)","lines":"1, 4, 7, 8","arr":["1","4","7","8"],"terminus":0,"mode":"tram","color":"#d6212b","colorDark":"#7c1116","angle":53.9,"snapDist":0,"label":0}},{"type":"Feature","geometry":{"type":"Point","coordinates":[21.219158,45.748356]},"properties":{"name":"Piața Sfânta Maria (Gheorghe Doja)","lines":"1, 4, 7, 8","arr":["1","4","7","8"],"terminus":0,"mode":"tram","color":"#d6212b","colorDark":"#7c1116","angle":63.2,"snapDist":2,"label":1}},{"type":"Feature","geometry":{"type":"Point","coordinates":[21.215279,45.746281]},"properties":{"name":"Piața A. Mocioni (Sinaia)","lines":"1, 2, 8","arr":["1","2","8"],"terminus":0,"mode":"tram","color":"#d6212b","colorDark":"#7c1116","angle":335.1,"snapDist":4,"label":0}},{"type":"Feature","geometry":{"type":"Point","coordinates":[21.211886,45.745138]},"properties":{"name":"Bd. Regele Carol I","lines":"1, 2, 8","arr":["1","2","8"],"terminus":0,"mode":"tram","color":"#d6212b","colorDark":"#7c1116","angle":333.2,"snapDist":3,"label":1}},{"type":"Feature","geometry":{"type":"Point","coordinates":[21.207189,45.750452]},"properties":{"name":"Gara de Nord","lines":"1, 8, 9","arr":["1","8","9"],"terminus":1,"mode":"tram","color":"#d6212b","colorDark":"#7c1116","angle":347.2,"snapDist":8,"label":0}},{"type":"Feature","geometry":{"type":"Point","coordinates":[21.202339,45.726003]},"properties":{"name":"Shopping City","lines":"2","arr":["2"],"terminus":1,"mode":"tram","color":"#d6212b","colorDark":"#7c1116","angle":209.2,"snapDist":22,"label":1}},{"type":"Feature","geometry":{"type":"Point","coordinates":[21.204884,45.728559]},"properties":{"name":"Piața Veteranilor (Turist)","lines":"2, 7","arr":["2","7"],"terminus":0,"mode":"tram","color":"#d6212b","colorDark":"#7c1116","angle":49.8,"snapDist":4,"label":1}},{"type":"Feature","geometry":{"type":"Point","coordinates":[21.201911,45.733611]},"properties":{"name":"Transilvania (Ana Ipătescu)","lines":"2, 7","arr":["2","7"],"terminus":0,"mode":"tram","color":"#d6212b","colorDark":"#7c1116","angle":81.4,"snapDist":1,"label":1}},{"type":"Feature","geometry":{"type":"Point","coordinates":[21.197887,45.736748]},"properties":{"name":"Banatul","lines":"2, 7, 9","arr":["2","7","9"],"terminus":0,"mode":"tram","color":"#d6212b","colorDark":"#7c1116","angle":55.4,"snapDist":2,"label":1}},{"type":"Feature","geometry":{"type":"Point","coordinates":[21.196214,45.740157]},"properties":{"name":"Dâmbovița (Ion Barac)","lines":"2, 9","arr":["2","9"],"terminus":0,"mode":"tram","color":"#d6212b","colorDark":"#7c1116","angle":153.9,"snapDist":5,"label":1}},{"type":"Feature","geometry":{"type":"Point","coordinates":[21.201183,45.741738]},"properties":{"name":"Crizantemelor","lines":"2, 9","arr":["2","9"],"terminus":0,"mode":"tram","color":"#d6212b","colorDark":"#7c1116","angle":157.6,"snapDist":3,"label":1}},{"type":"Feature","geometry":{"type":"Point","coordinates":[21.203728,45.742617]},"properties":{"name":"Mangalia","lines":"2, 9","arr":["2","9"],"terminus":0,"mode":"tram","color":"#d6212b","colorDark":"#7c1116","angle":153.5,"snapDist":2,"label":1}},{"type":"Feature","geometry":{"type":"Point","coordinates":[21.206339,45.743522]},"properties":{"name":"Bd. Iuliu Maniu (Preyer)","lines":"2, 9","arr":["2","9"],"terminus":0,"mode":"tram","color":"#d6212b","colorDark":"#7c1116","angle":153.6,"snapDist":0,"label":1}},{"type":"Feature","geometry":{"type":"Point","coordinates":[21.210996,45.744801]},"properties":{"name":"Bd. Regele Carol I","lines":"2, 9","arr":["2","9"],"terminus":0,"mode":"tram","color":"#d6212b","colorDark":"#7c1116","angle":155.4,"snapDist":3,"label":0}},{"type":"Feature","geometry":{"type":"Point","coordinates":[21.223611,45.751152]},"properties":{"name":"Catedrala Mitropolitană","lines":"2, 4, 7","arr":["2","4","7"],"terminus":0,"mode":"tram","color":"#d6212b","colorDark":"#7c1116","angle":137.2,"snapDist":3,"label":1}},{"type":"Feature","geometry":{"type":"Point","coordinates":[21.221201,45.75519]},"properties":{"name":"Spitalul de Copii (Nemoianu)","lines":"2, 4, 7","arr":["2","4","7"],"terminus":0,"mode":"tram","color":"#d6212b","colorDark":"#7c1116","angle":86.9,"snapDist":0,"label":1}},{"type":"Feature","geometry":{"type":"Point","coordinates":[21.221228,45.756142]},"properties":{"name":"Nemoianu (Brediceanu)","lines":"2, 4, 7","arr":["2","4","7"],"terminus":0,"mode":"tram","color":"#d6212b","colorDark":"#7c1116","angle":95,"snapDist":2,"label":1}},{"type":"Feature","geometry":{"type":"Point","coordinates":[21.217418,45.75665]},"properties":{"name":"Circumvalațiunii (Brediceanu)","lines":"2, 4, 7","arr":["2","4","7"],"terminus":0,"mode":"tram","color":"#d6212b","colorDark":"#7c1116","angle":3.3,"snapDist":2,"label":1}},{"type":"Feature","geometry":{"type":"Point","coordinates":[21.213985,45.756952]},"properties":{"name":"Mendeleev","lines":"2, 4, 7","arr":["2","4","7"],"terminus":0,"mode":"tram","color":"#d6212b","colorDark":"#7c1116","angle":11,"snapDist":2,"label":1}},{"type":"Feature","geometry":{"type":"Point","coordinates":[21.210047,45.757694]},"properties":{"name":"Balta Verde (Cetății)","lines":"2, 4, 7","arr":["2","4","7"],"terminus":0,"mode":"tram","color":"#d6212b","colorDark":"#7c1116","angle":18.5,"snapDist":3,"label":1}},{"type":"Feature","geometry":{"type":"Point","coordinates":[21.210449,45.762558]},"properties":{"name":"Gheorghe Lazăr (Cetății)","lines":"2, 4, 7","arr":["2","4","7"],"terminus":0,"mode":"tram","color":"#d6212b","colorDark":"#7c1116","angle":110.7,"snapDist":3,"label":1}},{"type":"Feature","geometry":{"type":"Point","coordinates":[21.212859,45.765268]},"properties":{"name":"Amforei (Cetății)","lines":"2, 4, 7","arr":["2","4","7"],"terminus":0,"mode":"tram","color":"#d6212b","colorDark":"#7c1116","angle":134.7,"snapDist":4,"label":1}},{"type":"Feature","geometry":{"type":"Point","coordinates":[21.216499,45.767637]},"properties":{"name":"Matei Basarab (Cetății)","lines":"2, 4, 7","arr":["2","4","7"],"terminus":0,"mode":"tram","color":"#d6212b","colorDark":"#7c1116","angle":141.5,"snapDist":4,"label":1}},{"type":"Feature","geometry":{"type":"Point","coordinates":[21.219712,45.769241]},"properties":{"name":"Calea Torontalului (Ciocanul)","lines":"2, 4, 7","arr":["2","4","7"],"terminus":1,"mode":"tram","color":"#d6212b","colorDark":"#7c1116","angle":54.4,"snapDist":2,"label":1}},{"type":"Feature","geometry":{"type":"Point","coordinates":[21.219694,45.769235]},"properties":{"name":"Calea Torontalului (Ciocanul)","lines":"2, 4, 7","arr":["2","4","7"],"terminus":1,"mode":"tram","color":"#d6212b","colorDark":"#7c1116","angle":235.9,"snapDist":7,"label":0}},{"type":"Feature","geometry":{"type":"Point","coordinates":[21.21703,45.767938]},"properties":{"name":"Matei Basarab (Cetății)","lines":"2, 4, 7","arr":["2","4","7"],"terminus":0,"mode":"tram","color":"#d6212b","colorDark":"#7c1116","angle":328.1,"snapDist":3,"label":0}},{"type":"Feature","geometry":{"type":"Point","coordinates":[21.213163,45.765524]},"properties":{"name":"Amforei (Cetății)","lines":"2, 4, 7","arr":["2","4","7"],"terminus":0,"mode":"tram","color":"#d6212b","colorDark":"#7c1116","angle":315.8,"snapDist":3,"label":0}},{"type":"Feature","geometry":{"type":"Point","coordinates":[21.210844,45.763267]},"properties":{"name":"Gheorghe Lazăr (Cetății)","lines":"2, 4, 7","arr":["2","4","7"],"terminus":0,"mode":"tram","color":"#d6212b","colorDark":"#7c1116","angle":292.5,"snapDist":4,"label":0}},{"type":"Feature","geometry":{"type":"Point","coordinates":[21.209406,45.758289]},"properties":{"name":"Balta Verde (Cetății)","lines":"2, 4, 7","arr":["2","4","7"],"terminus":0,"mode":"tram","color":"#d6212b","colorDark":"#7c1116","angle":273.6,"snapDist":1,"label":0}},{"type":"Feature","geometry":{"type":"Point","coordinates":[21.213407,45.757]},"properties":{"name":"Mendeleev","lines":"2, 4, 7","arr":["2","4","7"],"terminus":0,"mode":"tram","color":"#d6212b","colorDark":"#7c1116","angle":191.8,"snapDist":1,"label":0}},{"type":"Feature","geometry":{"type":"Point","coordinates":[21.216549,45.756672]},"properties":{"name":"Circumvalațiunii (Brediceanu)","lines":"2, 4, 7","arr":["2","4","7"],"terminus":0,"mode":"tram","color":"#d6212b","colorDark":"#7c1116","angle":186.1,"snapDist":1,"label":0}},{"type":"Feature","geometry":{"type":"Point","coordinates":[21.221188,45.756137]},"properties":{"name":"Nemoianu (Brediceanu)","lines":"2, 4, 7","arr":["2","4","7"],"terminus":0,"mode":"tram","color":"#d6212b","colorDark":"#7c1116","angle":275,"snapDist":4,"label":0}},{"type":"Feature","geometry":{"type":"Point","coordinates":[21.221175,45.755086]},"properties":{"name":"Spitalul de Copii (Nemoianu)","lines":"2, 4, 7","arr":["2","4","7"],"terminus":0,"mode":"tram","color":"#d6212b","colorDark":"#7c1116","angle":264.4,"snapDist":7,"label":0}},{"type":"Feature","geometry":{"type":"Point","coordinates":[21.223489,45.751609]},"properties":{"name":"Catedrala Mitropolitană","lines":"2, 4, 7","arr":["2","4","7"],"terminus":0,"mode":"tram","color":"#d6212b","colorDark":"#7c1116","angle":214.8,"snapDist":5,"label":0}},{"type":"Feature","geometry":{"type":"Point","coordinates":[21.219235,45.748814]},"properties":{"name":"Piața Sfânta Maria (16 Decembrie 1989)","lines":"2, 4, 7","arr":["2","4","7"],"terminus":0,"mode":"tram","color":"#d6212b","colorDark":"#7c1116","angle":323,"snapDist":1,"label":0}},{"type":"Feature","geometry":{"type":"Point","coordinates":[21.206931,45.743758]},"properties":{"name":"Bd. Iuliu Maniu (Carol I)","lines":"2, 9","arr":["2","9"],"terminus":0,"mode":"tram","color":"#d6212b","colorDark":"#7c1116","angle":335.7,"snapDist":4,"label":1}},{"type":"Feature","geometry":{"type":"Point","coordinates":[21.204083,45.74279]},"properties":{"name":"Mangalia","lines":"2, 9","arr":["2","9"],"terminus":0,"mode":"tram","color":"#d6212b","colorDark":"#7c1116","angle":332.3,"snapDist":4,"label":0}},{"type":"Feature","geometry":{"type":"Point","coordinates":[21.201555,45.741896]},"properties":{"name":"Crizantemelor","lines":"2, 9","arr":["2","9"],"terminus":0,"mode":"tram","color":"#d6212b","colorDark":"#7c1116","angle":332.5,"snapDist":1,"label":0}},{"type":"Feature","geometry":{"type":"Point","coordinates":[21.196101,45.740164]},"properties":{"name":"Dâmbovița (Ion Barac)","lines":"2, 9","arr":["2","9"],"terminus":0,"mode":"tram","color":"#d6212b","colorDark":"#7c1116","angle":335.2,"snapDist":2,"label":0}},{"type":"Feature","geometry":{"type":"Point","coordinates":[21.197911,45.736656]},"properties":{"name":"Banatul","lines":"2, 7, 9","arr":["2","7","9"],"terminus":0,"mode":"tram","color":"#d6212b","colorDark":"#7c1116","angle":234.5,"snapDist":7,"label":0}},{"type":"Feature","geometry":{"type":"Point","coordinates":[21.20156,45.733973]},"properties":{"name":"Transilvania (Aurora)","lines":"2, 7, 9","arr":["2","7","9"],"terminus":0,"mode":"tram","color":"#d6212b","colorDark":"#7c1116","angle":219.2,"snapDist":6,"label":1}},{"type":"Feature","geometry":{"type":"Point","coordinates":[21.204865,45.728524]},"properties":{"name":"Piața Veteranilor (Turist)","lines":"2, 7","arr":["2","7"],"terminus":0,"mode":"tram","color":"#d6212b","colorDark":"#7c1116","angle":230.9,"snapDist":3,"label":0}},{"type":"Feature","geometry":{"type":"Point","coordinates":[21.202364,45.72603]},"properties":{"name":"Shopping City","lines":"2","arr":["2"],"terminus":1,"mode":"tram","color":"#d6212b","colorDark":"#7c1116","angle":28.8,"snapDist":23,"label":0}},{"type":"Feature","geometry":{"type":"Point","coordinates":[21.232181,45.741781]},"properties":{"name":"Piața Crucii","lines":"4, 8","arr":["4","8"],"terminus":0,"mode":"tram","color":"#d6212b","colorDark":"#7c1116","angle":150.7,"snapDist":1,"label":1}},{"type":"Feature","geometry":{"type":"Point","coordinates":[21.236725,45.743598]},"properties":{"name":"Strada Cluj (1 Decembrie 1918)","lines":"4, 8","arr":["4","8"],"terminus":0,"mode":"tram","color":"#d6212b","colorDark":"#7c1116","angle":154.8,"snapDist":1,"label":1}},{"type":"Feature","geometry":{"type":"Point","coordinates":[21.241153,45.745188]},"properties":{"name":"Sala C. Jude (Olimpia)","lines":"4, 8","arr":["4","8"],"terminus":0,"mode":"tram","color":"#d6212b","colorDark":"#7c1116","angle":153.7,"snapDist":5,"label":1}},{"type":"Feature","geometry":{"type":"Point","coordinates":[21.246298,45.746983]},"properties":{"name":"Deliblata","lines":"4, 8","arr":["4","8"],"terminus":0,"mode":"tram","color":"#d6212b","colorDark":"#7c1116","angle":152.6,"snapDist":5,"label":1}},{"type":"Feature","geometry":{"type":"Point","coordinates":[21.252729,45.748815]},"properties":{"name":"Banatim","lines":"4, 8","arr":["4","8"],"terminus":0,"mode":"tram","color":"#d6212b","colorDark":"#7c1116","angle":163.3,"snapDist":3,"label":1}},{"type":"Feature","geometry":{"type":"Point","coordinates":[21.253375,45.748389]},"properties":{"name":"Banatim (Cimitir Buziașului)","lines":"4, 8","arr":["4","8"],"terminus":0,"mode":"tram","color":"#d6212b","colorDark":"#7c1116","angle":254.7,"snapDist":0,"label":1}},{"type":"Feature","geometry":{"type":"Point","coordinates":[21.254554,45.745323]},"properties":{"name":"Bătania","lines":"4, 8","arr":["4","8"],"terminus":0,"mode":"tram","color":"#d6212b","colorDark":"#7c1116","angle":253.7,"snapDist":1,"label":1}},{"type":"Feature","geometry":{"type":"Point","coordinates":[21.256085,45.741307]},"properties":{"name":"Fabrica de Detergenți","lines":"4, 8","arr":["4","8"],"terminus":0,"mode":"tram","color":"#d6212b","colorDark":"#7c1116","angle":256,"snapDist":1,"label":1}},{"type":"Feature","geometry":{"type":"Point","coordinates":[21.25707,45.738716]},"properties":{"name":"Mecatim","lines":"4, 8","arr":["4","8"],"terminus":0,"mode":"tram","color":"#d6212b","colorDark":"#7c1116","angle":255.8,"snapDist":2,"label":1}},{"type":"Feature","geometry":{"type":"Point","coordinates":[21.258882,45.734038]},"properties":{"name":"AEM (Dräxlmaier)","lines":"4, 8","arr":["4","8"],"terminus":1,"mode":"tram","color":"#d6212b","colorDark":"#7c1116","angle":254.9,"snapDist":1,"label":1}},{"type":"Feature","geometry":{"type":"Point","coordinates":[21.258913,45.734045]},"properties":{"name":"AEM (Dräxlmaier)","lines":"4, 8","arr":["4","8"],"terminus":1,"mode":"tram","color":"#d6212b","colorDark":"#7c1116","angle":74.9,"snapDist":2,"label":0}},{"type":"Feature","geometry":{"type":"Point","coordinates":[21.256851,45.739426]},"properties":{"name":"Mecatim","lines":"4, 8","arr":["4","8"],"terminus":0,"mode":"tram","color":"#d6212b","colorDark":"#7c1116","angle":74.7,"snapDist":1,"label":0}},{"type":"Feature","geometry":{"type":"Point","coordinates":[21.255968,45.741746]},"properties":{"name":"Fabrica de Detergenți","lines":"4, 8","arr":["4","8"],"terminus":0,"mode":"tram","color":"#d6212b","colorDark":"#7c1116","angle":75.7,"snapDist":2,"label":0}},{"type":"Feature","geometry":{"type":"Point","coordinates":[21.254395,45.745877]},"properties":{"name":"Bătania","lines":"4, 8","arr":["4","8"],"terminus":0,"mode":"tram","color":"#d6212b","colorDark":"#7c1116","angle":74.4,"snapDist":1,"label":0}},{"type":"Feature","geometry":{"type":"Point","coordinates":[21.253424,45.748395]},"properties":{"name":"Banatim (Cimitir Buziașului)","lines":"4, 8","arr":["4","8"],"terminus":0,"mode":"tram","color":"#d6212b","colorDark":"#7c1116","angle":75,"snapDist":2,"label":0}},{"type":"Feature","geometry":{"type":"Point","coordinates":[21.252447,45.748785]},"properties":{"name":"Banatim","lines":"4, 8","arr":["4","8"],"terminus":0,"mode":"tram","color":"#d6212b","colorDark":"#7c1116","angle":342.9,"snapDist":2,"label":0}},{"type":"Feature","geometry":{"type":"Point","coordinates":[21.246696,45.747162]},"properties":{"name":"Deliblata","lines":"4, 8","arr":["4","8"],"terminus":0,"mode":"tram","color":"#d6212b","colorDark":"#7c1116","angle":331.9,"snapDist":1,"label":0}},{"type":"Feature","geometry":{"type":"Point","coordinates":[21.241653,45.745381]},"properties":{"name":"Sala C. Jude (Olimpia)","lines":"4, 8","arr":["4","8"],"terminus":0,"mode":"tram","color":"#d6212b","colorDark":"#7c1116","angle":334.2,"snapDist":2,"label":0}},{"type":"Feature","geometry":{"type":"Point","coordinates":[21.237181,45.74378]},"properties":{"name":"Strada Cluj (1 Decembrie 1918)","lines":"4, 8","arr":["4","8"],"terminus":0,"mode":"tram","color":"#d6212b","colorDark":"#7c1116","angle":331.4,"snapDist":5,"label":0}},{"type":"Feature","geometry":{"type":"Point","coordinates":[21.232562,45.741978]},"properties":{"name":"Piața Crucii","lines":"4, 8","arr":["4","8"],"terminus":0,"mode":"tram","color":"#d6212b","colorDark":"#7c1116","angle":325.3,"snapDist":3,"label":0}},{"type":"Feature","geometry":{"type":"Point","coordinates":[21.196014,45.739692]},"properties":{"name":"Dâmbovița","lines":"7","arr":["7"],"terminus":1,"mode":"tram","color":"#d6212b","colorDark":"#7c1116","angle":63.4,"snapDist":2,"label":1}},{"type":"Feature","geometry":{"type":"Point","coordinates":[21.208889,45.726371]},"properties":{"name":"Chișodei (Victor Hugo)","lines":"7","arr":["7"],"terminus":0,"mode":"tram","color":"#d6212b","colorDark":"#7c1116","angle":197,"snapDist":2,"label":1}},{"type":"Feature","geometry":{"type":"Point","coordinates":[21.213671,45.725365]},"properties":{"name":"Izlaz (Victor Hugo)","lines":"7","arr":["7"],"terminus":0,"mode":"tram","color":"#d6212b","colorDark":"#7c1116","angle":196.8,"snapDist":3,"label":1}},{"type":"Feature","geometry":{"type":"Point","coordinates":[21.217354,45.724591]},"properties":{"name":"Emil Zola (Victor Hugo)","lines":"7","arr":["7"],"terminus":0,"mode":"tram","color":"#d6212b","colorDark":"#7c1116","angle":197,"snapDist":4,"label":1}},{"type":"Feature","geometry":{"type":"Point","coordinates":[21.22148,45.723876]},"properties":{"name":"Progresul (Aluniș)","lines":"7","arr":["7"],"terminus":0,"mode":"tram","color":"#d6212b","colorDark":"#7c1116","angle":190.7,"snapDist":4,"label":1}},{"type":"Feature","geometry":{"type":"Point","coordinates":[21.225997,45.72327]},"properties":{"name":"Ivan Pavlov (Aluniș)","lines":"7","arr":["7"],"terminus":0,"mode":"tram","color":"#d6212b","colorDark":"#7c1116","angle":194.4,"snapDist":2,"label":1}},{"type":"Feature","geometry":{"type":"Point","coordinates":[21.227274,45.729011]},"properties":{"name":"Mureș (Drubeta)","lines":"7","arr":["7"],"terminus":0,"mode":"tram","color":"#d6212b","colorDark":"#7c1116","angle":93.7,"snapDist":1,"label":1}},{"type":"Feature","geometry":{"type":"Point","coordinates":[21.227836,45.731862]},"properties":{"name":"Mareșal A. Averescu (Lidia)","lines":"7","arr":["7"],"terminus":0,"mode":"tram","color":"#d6212b","colorDark":"#7c1116","angle":95.9,"snapDist":2,"label":1}},{"type":"Feature","geometry":{"type":"Point","coordinates":[21.226818,45.734774]},"properties":{"name":"Liviu Rebreanu (Drubeta)","lines":"7","arr":["7"],"terminus":0,"mode":"tram","color":"#d6212b","colorDark":"#7c1116","angle":73.2,"snapDist":1,"label":0}},{"type":"Feature","geometry":{"type":"Point","coordinates":[21.227703,45.732351]},"properties":{"name":"Mareșal A. Averescu (Lidia)","lines":"7","arr":["7"],"terminus":0,"mode":"tram","color":"#d6212b","colorDark":"#7c1116","angle":254.9,"snapDist":0,"label":0}},{"type":"Feature","geometry":{"type":"Point","coordinates":[21.227236,45.728998]},"properties":{"name":"Mureș (Drubeta)","lines":"7","arr":["7"],"terminus":0,"mode":"tram","color":"#d6212b","colorDark":"#7c1116","angle":273.7,"snapDist":4,"label":0}},{"type":"Feature","geometry":{"type":"Point","coordinates":[21.226382,45.723514]},"properties":{"name":"Aluniș (Ivan Pavlov)","lines":"7","arr":["7"],"terminus":0,"mode":"tram","color":"#d6212b","colorDark":"#7c1116","angle":281.8,"snapDist":3,"label":1}},{"type":"Feature","geometry":{"type":"Point","coordinates":[21.22176,45.723871]},"properties":{"name":"Progresul (Aluniș)","lines":"7","arr":["7"],"terminus":0,"mode":"tram","color":"#d6212b","colorDark":"#7c1116","angle":10.7,"snapDist":0,"label":0}},{"type":"Feature","geometry":{"type":"Point","coordinates":[21.217816,45.724522]},"properties":{"name":"Emil Zola (Victor Hugo)","lines":"7","arr":["7"],"terminus":0,"mode":"tram","color":"#d6212b","colorDark":"#7c1116","angle":16.8,"snapDist":1,"label":0}},{"type":"Feature","geometry":{"type":"Point","coordinates":[21.214057,45.725313]},"properties":{"name":"Izlaz (Victor Hugo)","lines":"7","arr":["7"],"terminus":0,"mode":"tram","color":"#d6212b","colorDark":"#7c1116","angle":16.3,"snapDist":1,"label":0}},{"type":"Feature","geometry":{"type":"Point","coordinates":[21.208908,45.726393]},"properties":{"name":"Chișodei (Victor Hugo)","lines":"7","arr":["7"],"terminus":0,"mode":"tram","color":"#d6212b","colorDark":"#7c1116","angle":17.2,"snapDist":3,"label":0}},{"type":"Feature","geometry":{"type":"Point","coordinates":[21.208254,45.73262]},"properties":{"name":"Calea Șagului (Bd. Dâmbovița)","lines":"9","arr":["9"],"terminus":0,"mode":"tram","color":"#d6212b","colorDark":"#7c1116","angle":188.7,"snapDist":2,"label":1}},{"type":"Feature","geometry":{"type":"Point","coordinates":[21.213039,45.732507]},"properties":{"name":"Gheorghe Ranetti (Liviu Rebreanu)","lines":"9","arr":["9"],"terminus":0,"mode":"tram","color":"#d6212b","colorDark":"#7c1116","angle":176.2,"snapDist":1,"label":1}},{"type":"Feature","geometry":{"type":"Point","coordinates":[21.218718,45.732889]},"properties":{"name":"C. Brâncoveanu (Liviu Rebreanu)","lines":"9","arr":["9"],"terminus":0,"mode":"tram","color":"#d6212b","colorDark":"#7c1116","angle":174.9,"snapDist":2,"label":1}},{"type":"Feature","geometry":{"type":"Point","coordinates":[21.226419,45.734961]},"properties":{"name":"Drubeta (Liviu Rebreanu)","lines":"9","arr":["9"],"terminus":0,"mode":"tram","color":"#d6212b","colorDark":"#7c1116","angle":154.6,"snapDist":0,"label":0}},{"type":"Feature","geometry":{"type":"Point","coordinates":[21.219534,45.732985]},"properties":{"name":"C. Brâncoveanu (Liviu Rebreanu)","lines":"9","arr":["9"],"terminus":0,"mode":"tram","color":"#d6212b","colorDark":"#7c1116","angle":350.4,"snapDist":2,"label":0}},{"type":"Feature","geometry":{"type":"Point","coordinates":[21.213603,45.732562]},"properties":{"name":"Gheorghe Ranetti (Liviu Rebreanu)","lines":"9","arr":["9"],"terminus":0,"mode":"tram","color":"#d6212b","colorDark":"#7c1116","angle":356.1,"snapDist":3,"label":0}},{"type":"Feature","geometry":{"type":"Point","coordinates":[21.209338,45.732534]},"properties":{"name":"Calea Șagului (Bd. L. Rebreanu)","lines":"9","arr":["9"],"terminus":0,"mode":"tram","color":"#d6212b","colorDark":"#7c1116","angle":5.7,"snapDist":2,"label":1}},{"type":"Feature","geometry":{"type":"Point","coordinates":[21.202472,45.733747]},"properties":{"name":"Transilvania (Bd. Dâmbovița)","lines":"9","arr":["9"],"terminus":0,"mode":"tram","color":"#d6212b","colorDark":"#7c1116","angle":28.2,"snapDist":3,"label":1}}]}