{"type":"FeatureCollection","features":[{"type":"Feature","geometry":{"type":"LineString","coordinates":[[21.198496,45.755041],[21.198613,45.75444],[21.198836,45.753658],[21.198925,45.753337],[21.198926,45.753211],[21.199134,45.752523],[21.199172,45.752397]]},"properties":{"name":"Strada Bârzava"}},{"type":"Feature","geometry":{"type":"LineString","coordinates":[[21.209412,45.753765],[21.20916,45.753727],[21.207877,45.753534],[21.206632,45.753339],[21.205,45.753076],[21.203845,45.752906],[21.202706,45.752732],[21.20186,45.752619],[21.201647,45.752608],[21.201421,45.752599],[21.200355,45.752556],[21.200059,45.752545],[21.199172,45.752397]]},"properties":{"name":"Strada Dunărea"}},{"type":"Feature","geometry":{"type":"LineString","coordinates":[[21.189835,45.750727],[21.189768,45.750728],[21.189711,45.750729],[21.189652,45.75073]]},"properties":{"name":"Strada Dunărea"}},{"type":"Feature","geometry":{"type":"LineString","coordinates":[[21.30426,45.763344],[21.304227,45.763194]]},"properties":{"name":"Strada Dunărea"}},{"type":"Feature","geometry":{"type":"LineString","coordinates":[[21.293194,45.763447],[21.292964,45.763454],[21.292731,45.76346],[21.291621,45.763489],[21.291205,45.763498],[21.287985,45.763564],[21.28776,45.763567],[21.28745,45.763579],[21.287332,45.763583],[21.286511,45.763596],[21.286483,45.763597],[21.286358,45.7636],[21.286045,45.76361],[21.285842,45.763612],[21.285262,45.763622]]},"properties":{"name":"Strada Dunărea"}},{"type":"Feature","geometry":{"type":"LineString","coordinates":[[21.293194,45.763447],[21.292964,45.763454],[21.292731,45.76346],[21.291621,45.763489],[21.291205,45.763498],[21.287985,45.763564],[21.28776,45.763567],[21.28745,45.763579],[21.287332,45.763583],[21.286511,45.763596],[21.286483,45.763597],[21.286358,45.7636],[21.286045,45.76361],[21.285842,45.763612],[21.285262,45.763622],[21.285842,45.763612],[21.286045,45.76361],[21.286358,45.7636],[21.286483,45.763597],[21.286511,45.763596],[21.287332,45.763583],[21.28745,45.763579],[21.28776,45.763567],[21.287985,45.763564],[21.291205,45.763498],[21.291621,45.763489],[21.292731,45.76346],[21.292964,45.763454],[21.293194,45.763447]]},"properties":{"name":"Strada Dunărea"}},{"type":"Feature","geometry":{"type":"LineString","coordinates":[[21.293194,45.763447],[21.29333,45.763442],[21.293851,45.763424],[21.294027,45.763421],[21.294098,45.763419],[21.29533,45.763397],[21.296355,45.763372],[21.299093,45.763297],[21.29929,45.763289],[21.299596,45.763282],[21.299731,45.763278],[21.299942,45.763272],[21.300028,45.76327],[21.300986,45.763243],[21.302437,45.763203],[21.30267,45.763198],[21.303572,45.763161],[21.304031,45.763144],[21.304102,45.763152],[21.304142,45.763159],[21.304195,45.763174],[21.304227,45.763194],[21.304298,45.763247],[21.304368,45.763298],[21.304298,45.763247],[21.304227,45.763194],[21.304195,45.763174],[21.304142,45.763159],[21.304102,45.763152],[21.304031,45.763144],[21.303572,45.763161],[21.30267,45.763198],[21.302437,45.763203],[21.300986,45.763243],[21.300028,45.76327],[21.299942,45.763272],[21.299731,45.763278],[21.299596,45.763282],[21.29929,45.763289],[21.299093,45.763297],[21.296355,45.763372],[21.29533,45.763397],[21.294098,45.763419],[21.294027,45.763421],[21.293851,45.763424],[21.29333,45.763442],[21.293194,45.763447]]},"properties":{"name":"Strada Dunărea"}},{"type":"Feature","geometry":{"type":"LineString","coordinates":[[21.209412,45.753765],[21.209407,45.753496],[21.209401,45.753104],[21.209419,45.753035],[21.209462,45.752986],[21.20952,45.752957],[21.209581,45.752936],[21.209643,45.752927],[21.209699,45.752916]]},"properties":{"name":"Strada Bogdan Petriceicu Hașdeu"}},{"type":"Feature","geometry":{"type":"LineString","coordinates":[[21.209699,45.752916],[21.209909,45.752882],[21.210304,45.752819],[21.21064,45.752764],[21.21098,45.752715],[21.21116,45.75269],[21.212787,45.752439],[21.212921,45.752431],[21.213145,45.752453],[21.213901,45.752551],[21.213992,45.752564],[21.214405,45.752617],[21.214793,45.752667],[21.21539,45.752739],[21.215449,45.752746],[21.215524,45.752738],[21.215589,45.752721],[21.21565,45.7527],[21.215801,45.75262]]},"properties":{"name":"Strada Nera"}},{"type":"Feature","geometry":{"type":"LineString","coordinates":[[21.214646,45.751503],[21.215349,45.751811],[21.215631,45.751917],[21.215779,45.751977],[21.215873,45.752029],[21.215911,45.75207],[21.215987,45.752161]]},"properties":{"name":"Calea Circumvalațiunii"}},{"type":"Feature","geometry":{"type":"LineString","coordinates":[[21.216103,45.751698],[21.216085,45.7518],[21.216074,45.751879],[21.215999,45.751998],[21.215987,45.752161],[21.215967,45.752216],[21.215923,45.752322],[21.215801,45.75262],[21.215771,45.75271],[21.215751,45.752793],[21.215718,45.752929],[21.215716,45.752974],[21.21573,45.753164],[21.21576,45.75339],[21.215833,45.753674],[21.21588,45.753824],[21.21594,45.753985],[21.216051,45.754105],[21.216174,45.754303],[21.216226,45.754413],[21.216353,45.754702],[21.216458,45.754948],[21.216499,45.755038],[21.216525,45.755113],[21.216619,45.755446],[21.216716,45.755742],[21.216704,45.755807],[21.216698,45.755842],[21.216899,45.756332],[21.216889,45.756431],[21.216927,45.756525],[21.216953,45.756593],[21.216974,45.756643],[21.216987,45.756676],[21.217002,45.756714],[21.217066,45.756842],[21.217152,45.756948],[21.217333,45.757376],[21.217682,45.758238],[21.217801,45.758532],[21.217823,45.758585],[21.217806,45.758675],[21.217984,45.759152],[21.218138,45.759579],[21.218271,45.759969],[21.218302,45.760043],[21.218346,45.760141],[21.218404,45.760253],[21.218422,45.760292],[21.218505,45.760468],[21.218541,45.760545],[21.218582,45.760644],[21.218621,45.760733],[21.218663,45.760822],[21.2187,45.760897],[21.218786,45.761062],[21.218832,45.761148],[21.218905,45.761281],[21.218969,45.761394],[21.219039,45.761505],[21.219105,45.761602],[21.219178,45.761704],[21.219239,45.761785],[21.219321,45.761888],[21.219338,45.761911],[21.219491,45.762084],[21.219556,45.762151],[21.219585,45.762182],[21.219688,45.762284],[21.219795,45.762383],[21.219898,45.762471],[21.219998,45.76255],[21.220107,45.762631],[21.220213,45.762709],[21.220326,45.762786],[21.220438,45.762861],[21.220549,45.762931],[21.220614,45.762971],[21.22068,45.763011],[21.220851,45.763112],[21.220966,45.763177],[21.221233,45.763286]]},"properties":{"name":"Calea Circumvalațiunii"}},{"type":"Feature","geometry":{"type":"LineString","coordinates":[[21.216899,45.756332],[21.217004,45.756428],[21.21707,45.756576],[21.217096,45.756636],[21.21711,45.756667],[21.217126,45.756703],[21.217161,45.756834],[21.217152,45.756948]]},"properties":{"name":"Calea Circumvalațiunii"}},{"type":"Feature","geometry":{"type":"LineString","coordinates":[[21.217823,45.758585],[21.217903,45.758652],[21.218015,45.758964],[21.218266,45.759664],[21.218272,45.759677],[21.218347,45.75986],[21.218375,45.759921],[21.218409,45.759994],[21.218449,45.760098],[21.218498,45.760216],[21.218581,45.760407],[21.218632,45.760527],[21.218673,45.760625],[21.218698,45.760683],[21.218711,45.760713],[21.218753,45.760801],[21.218789,45.760875],[21.21892,45.761125],[21.218994,45.761257],[21.219057,45.761368],[21.219125,45.761478],[21.219191,45.761574],[21.219262,45.761674],[21.219322,45.761753],[21.219403,45.761856],[21.219419,45.761875],[21.219476,45.761943],[21.21957,45.762048],[21.219663,45.762145],[21.219764,45.762245],[21.219869,45.762342],[21.21997,45.762428],[21.220068,45.762506],[21.220176,45.762586],[21.220281,45.762663],[21.220391,45.762739],[21.220451,45.762778],[21.220502,45.762812],[21.220612,45.762882],[21.220669,45.762917],[21.220739,45.762959],[21.220911,45.763061],[21.221025,45.763126],[21.221233,45.763286],[21.221319,45.763333],[21.221367,45.763358],[21.22152,45.763436],[21.221605,45.763478],[21.221797,45.763548],[21.222004,45.763629],[21.222177,45.763694],[21.222329,45.763742],[21.222505,45.763797],[21.222734,45.76386],[21.222864,45.763889],[21.223005,45.763922],[21.223131,45.763949],[21.223312,45.763986],[21.223698,45.764071],[21.223906,45.76409]]},"properties":{"name":"Calea Circumvalațiunii"}},{"type":"Feature","geometry":{"type":"LineString","coordinates":[[21.224539,45.76469],[21.224577,45.764622],[21.224595,45.764575],[21.224604,45.764535],[21.224605,45.764485],[21.224591,45.764434],[21.224562,45.764394],[21.224523,45.764359],[21.224493,45.764337],[21.224456,45.764316],[21.224415,45.764297],[21.224342,45.764255],[21.223698,45.764071]]},"properties":{"name":"Calea Circumvalațiunii"}},{"type":"Feature","geometry":{"type":"LineString","coordinates":[[21.216698,45.755842],[21.216611,45.755761],[21.21649,45.755468],[21.216382,45.755138],[21.21635,45.75506],[21.216314,45.754971],[21.216151,45.754597],[21.216079,45.754435],[21.216038,45.754333],[21.215961,45.75412],[21.21594,45.753985]]},"properties":{"name":"Calea Circumvalațiunii"}},{"type":"Feature","geometry":{"type":"LineString","coordinates":[[21.207556,45.750432],[21.207618,45.750443],[21.207669,45.750454],[21.207741,45.750468],[21.207863,45.750488],[21.207906,45.750495],[21.208072,45.750522],[21.208438,45.750582],[21.208945,45.750665],[21.209064,45.75068],[21.209186,45.750678],[21.209247,45.750659]]},"properties":{"name":"Bulevardul Republicii"}},{"type":"Feature","geometry":{"type":"LineString","coordinates":[[21.207588,45.750349],[21.207666,45.750357],[21.207711,45.750362],[21.207801,45.750372],[21.2079,45.750382],[21.208141,45.750426],[21.208377,45.750468],[21.208973,45.750576],[21.209091,45.750596],[21.209202,45.750631],[21.209247,45.750659],[21.209818,45.750746],[21.210283,45.750817],[21.211124,45.750946],[21.211691,45.751032],[21.213084,45.751244],[21.214445,45.751469],[21.214646,45.751503],[21.215373,45.751628],[21.215579,45.751602],[21.215844,45.75165],[21.21598,45.751675],[21.216103,45.751698],[21.216245,45.751723],[21.216444,45.751815]]},"properties":{"name":"Bulevardul Republicii"}},{"type":"Feature","geometry":{"type":"LineString","coordinates":[[21.221088,45.752918],[21.221007,45.752899],[21.220945,45.752883],[21.220801,45.752846],[21.220415,45.752749],[21.21984,45.752613],[21.219506,45.752536],[21.219297,45.752487],[21.218779,45.752367],[21.218745,45.752359],[21.218053,45.752195],[21.217311,45.751991],[21.216904,45.751903],[21.216777,45.751879],[21.216444,45.751815],[21.216212,45.751823],[21.216085,45.7518],[21.215964,45.751777],[21.215818,45.751752],[21.215546,45.751702],[21.215373,45.751628]]},"properties":{"name":"Bulevardul Republicii"}},{"type":"Feature","geometry":{"type":"LineString","coordinates":[[21.207556,45.750432],[21.207588,45.750349],[21.207656,45.750233],[21.207716,45.750148],[21.207985,45.749763],[21.208396,45.749144],[21.209131,45.74805],[21.209342,45.747704],[21.209399,45.74762]]},"properties":{"name":"Bulevardul General Ion Dragalina"}},{"type":"Feature","geometry":{"type":"LineString","coordinates":[[21.209768,45.747085],[21.209831,45.746994],[21.209919,45.746884],[21.21088,45.745484],[21.211095,45.745126],[21.21119,45.745025],[21.211209,45.745008],[21.211244,45.744969],[21.21128,45.744933],[21.211307,45.744905],[21.211363,45.744847],[21.211594,45.744545],[21.212719,45.743083],[21.212791,45.742994]]},"properties":{"name":"Bulevardul General Ion Dragalina"}},{"type":"Feature","geometry":{"type":"LineString","coordinates":[[21.20996,45.747154],[21.210021,45.747056],[21.210783,45.745948],[21.211168,45.745376],[21.211291,45.745247],[21.211323,45.745205],[21.211389,45.745083],[21.211399,45.745065],[21.211427,45.745017],[21.211441,45.744987],[21.211458,45.744956],[21.211493,45.744891],[21.211699,45.744634],[21.211822,45.744464],[21.212092,45.744086],[21.212445,45.7436],[21.212536,45.743496],[21.212695,45.743318],[21.21282,45.743181],[21.212885,45.743108]]},"properties":{"name":"Bulevardul General Ion Dragalina"}},{"type":"Feature","geometry":{"type":"LineString","coordinates":[[21.209594,45.74769],[21.209542,45.747771],[21.20931,45.748091],[21.208631,45.749105],[21.20856,45.74921],[21.20799,45.75007],[21.207871,45.750255],[21.207852,45.75029],[21.207801,45.750372]]},"properties":{"name":"Bulevardul General Ion Dragalina"}},{"type":"Feature","geometry":{"type":"LineString","coordinates":[[21.209399,45.74762],[21.20944,45.74756],[21.20971,45.74717],[21.209727,45.747146],[21.209768,45.747085]]},"properties":{"name":"Podul General Ion Dragalina"}},{"type":"Feature","geometry":{"type":"LineString","coordinates":[[21.20996,45.747154],[21.209924,45.747212],[21.209652,45.747605],[21.209633,45.747632],[21.209594,45.74769]]},"properties":{"name":"Podul General Ion Dragalina"}},{"type":"Feature","geometry":{"type":"LineString","coordinates":[[21.209252,45.744379],[21.210263,45.744689],[21.210626,45.7448],[21.210889,45.744894],[21.211042,45.744957],[21.21118,45.744999],[21.211209,45.745008],[21.211264,45.745024],[21.211333,45.745045],[21.211399,45.745065]]},"properties":{"name":"Bulevardul Regele Carol I"}},{"type":"Feature","geometry":{"type":"LineString","coordinates":[[21.189652,45.75073],[21.189653,45.750765],[21.189662,45.751134],[21.189679,45.75126],[21.189711,45.751517],[21.189856,45.752108],[21.189911,45.752278],[21.189945,45.752378],[21.190055,45.752698],[21.190216,45.753077],[21.190334,45.753337],[21.190502,45.753635],[21.190586,45.753787],[21.190726,45.753997],[21.19093,45.754293],[21.191122,45.754527],[21.191361,45.754808],[21.191538,45.755008],[21.191852,45.755322],[21.191971,45.755443],[21.192112,45.755559],[21.192485,45.755868],[21.192767,45.756089],[21.193117,45.756359],[21.193405,45.756548],[21.193667,45.756707],[21.19391,45.756845],[21.194094,45.756945],[21.194287,45.757039],[21.194497,45.757129],[21.1947,45.75722],[21.194912,45.757321],[21.195393,45.757517],[21.195655,45.757624],[21.195807,45.75768],[21.195929,45.757726],[21.196139,45.757789],[21.196341,45.75785],[21.196717,45.757965],[21.19711,45.758072],[21.197514,45.75818],[21.197854,45.758261],[21.198139,45.758318],[21.198459,45.758386],[21.198954,45.75848],[21.199429,45.758558],[21.199547,45.758579],[21.199661,45.758599],[21.199902,45.758624],[21.200253,45.758661],[21.200509,45.75869],[21.200923,45.758725],[21.201326,45.758742],[21.201698,45.758756],[21.202169,45.758763],[21.202628,45.758764],[21.203063,45.758768],[21.203379,45.758764],[21.203646,45.758752],[21.204158,45.758711],[21.204475,45.758677],[21.204828,45.758638],[21.205412,45.758573],[21.205942,45.758506],[21.206054,45.758492],[21.206309,45.758461],[21.206672,45.758412],[21.207128,45.758346],[21.207232,45.758331],[21.20757,45.758277],[21.207935,45.758223],[21.208251,45.758162],[21.20843,45.758119],[21.208705,45.758061],[21.208932,45.758013],[21.209267,45.757944],[21.209305,45.757914],[21.209382,45.757853],[21.209444,45.757804],[21.209562,45.757736],[21.209691,45.75769],[21.209783,45.757658],[21.209998,45.757581],[21.210584,45.757444],[21.211521,45.757243],[21.211992,45.75715],[21.212932,45.756985],[21.213531,45.756894],[21.213587,45.756887],[21.213694,45.756871],[21.21378,45.756859],[21.214798,45.756736],[21.216466,45.756592],[21.216621,45.756619],[21.216768,45.756607],[21.216953,45.756593],[21.21707,45.756576]]},"properties":{"name":"Calea Bogdăneștilor"}},{"type":"Feature","geometry":{"type":"LineString","coordinates":[[21.189835,45.750727],[21.189845,45.750941],[21.189855,45.751156],[21.189883,45.751379],[21.189917,45.751565],[21.189992,45.751878],[21.190053,45.752088],[21.190107,45.752247],[21.190133,45.752327],[21.190252,45.752664],[21.190406,45.753042],[21.190518,45.753301],[21.190701,45.753611],[21.190781,45.753733],[21.190925,45.753943],[21.191102,45.754189],[21.19134,45.754509],[21.19156,45.754766],[21.191773,45.755002],[21.191967,45.755186],[21.192017,45.75523],[21.192126,45.755325],[21.192279,45.755459],[21.192384,45.755552],[21.192643,45.755772],[21.192864,45.755938],[21.193018,45.75606],[21.193258,45.756243],[21.193528,45.756432],[21.193676,45.756533],[21.193918,45.756679],[21.194171,45.756817],[21.194383,45.756912],[21.194565,45.756993],[21.194859,45.757134],[21.195066,45.757219],[21.195291,45.757308],[21.195702,45.757477],[21.196,45.757592],[21.196215,45.757658],[21.196415,45.75772],[21.196783,45.757834],[21.197195,45.757947],[21.197893,45.75812],[21.198131,45.758174],[21.198491,45.758248],[21.199024,45.758344],[21.199476,45.758423],[21.199653,45.758443],[21.19994,45.758478],[21.200134,45.758502],[21.200593,45.758546],[21.200929,45.758576],[21.201385,45.758598],[21.201728,45.758607],[21.20219,45.758613],[21.202622,45.758612],[21.203375,45.758613],[21.203636,45.758604],[21.203739,45.7586],[21.2041,45.758575],[21.204465,45.758535],[21.204796,45.758497],[21.205393,45.758434],[21.205907,45.758368],[21.206188,45.758338],[21.206605,45.758281],[21.206904,45.75824],[21.207301,45.758178],[21.207502,45.758144],[21.207894,45.758061],[21.20816,45.758006],[21.208546,45.757918],[21.208799,45.757864],[21.20886,45.75785],[21.209404,45.757703],[21.209665,45.757633],[21.209998,45.757581]]},"properties":{"name":"Calea Bogdăneștilor"}},{"type":"Feature","geometry":{"type":"LineString","coordinates":[[21.199546,45.756663],[21.199595,45.757552],[21.199644,45.758303],[21.19965,45.758389],[21.199653,45.758443]]},"properties":{"name":"Strada Alexandru Lăpușneanu"}},{"type":"Feature","geometry":{"type":"LineString","coordinates":[[21.199546,45.756663],[21.199718,45.756388],[21.200238,45.755677]]},"properties":{"name":"Strada Alecu Russo"}},{"type":"Feature","geometry":{"type":"LineString","coordinates":[[21.198496,45.755041],[21.19939,45.755361],[21.199829,45.755527],[21.200238,45.755677]]},"properties":{"name":"Strada Veronica Micle"}},{"type":"Feature","geometry":{"type":"LineString","coordinates":[[21.21707,45.756576],[21.217166,45.756574],[21.21735,45.756566],[21.21894,45.756495],[21.219703,45.756452],[21.220102,45.756429],[21.220565,45.756403],[21.221026,45.756376],[21.221142,45.75637],[21.221218,45.756365],[21.221235,45.756364],[21.221253,45.756363],[21.221328,45.756359],[21.221996,45.756322],[21.222162,45.756312],[21.223113,45.756259],[21.223222,45.756252],[21.223297,45.756248],[21.224143,45.7562],[21.224216,45.756195],[21.22424,45.756194],[21.224285,45.75619],[21.224313,45.756187],[21.224342,45.756184],[21.224369,45.75618],[21.224397,45.756176],[21.224423,45.756171],[21.224449,45.756166],[21.224515,45.756149],[21.224525,45.756146],[21.224679,45.756103],[21.224784,45.756065],[21.224865,45.756009]]},"properties":{"name":"Strada Coriolan Brediceanu"}},{"type":"Feature","geometry":{"type":"LineString","coordinates":[[21.224848,45.756117],[21.224912,45.756115],[21.225764,45.756071],[21.225828,45.756067],[21.225905,45.756063],[21.226241,45.756046]]},"properties":{"name":"Strada Coriolan Brediceanu"}},{"type":"Feature","geometry":{"type":"LineString","coordinates":[[21.22439,45.757155],[21.224425,45.757183],[21.224468,45.757249],[21.224506,45.757312],[21.224659,45.757599],[21.224767,45.757754],[21.224858,45.757826],[21.22501,45.757957],[21.22506,45.757996],[21.225343,45.7582],[21.225516,45.758294],[21.22562,45.758346],[21.226072,45.758601],[21.226298,45.758716],[21.226511,45.758825],[21.227278,45.759218],[21.227332,45.759248],[21.227398,45.75928],[21.227478,45.759358],[21.227525,45.759412],[21.227563,45.759473]]},"properties":{"name":"Bulevardul Regele Mihai I"}},{"type":"Feature","geometry":{"type":"LineString","coordinates":[[21.221736,45.753074],[21.221806,45.753091],[21.221829,45.753096],[21.222493,45.753258],[21.222711,45.75331],[21.222901,45.753357],[21.22367,45.753543],[21.223735,45.753559],[21.223795,45.753574],[21.224987,45.753863],[21.225027,45.753875],[21.225059,45.753887],[21.225084,45.753899],[21.225105,45.753912],[21.225125,45.753926],[21.225155,45.753954],[21.225177,45.753985],[21.225184,45.754],[21.22519,45.754017],[21.225195,45.754037],[21.225197,45.754053],[21.225193,45.754087],[21.225159,45.754179],[21.225076,45.754377],[21.225053,45.754452],[21.225026,45.754548],[21.225021,45.754616],[21.225009,45.754681],[21.224992,45.754825],[21.22498,45.754924],[21.224958,45.755115],[21.224948,45.755199],[21.224944,45.755235],[21.224938,45.755267],[21.224929,45.755355],[21.224878,45.75588],[21.224865,45.756009],[21.224857,45.756059],[21.224855,45.756072],[21.22485,45.756106],[21.224848,45.756117],[21.224842,45.75614],[21.224821,45.75622],[21.224809,45.756298],[21.224781,45.75665],[21.224736,45.756933],[21.224723,45.757061],[21.224724,45.757103],[21.224744,45.757182],[21.224792,45.757308],[21.224826,45.757408],[21.224941,45.75763],[21.224977,45.757684],[21.225049,45.757771],[21.225168,45.757891],[21.22562,45.758346]]},"properties":{"name":"Bulevardul Regele Mihai I"}},{"type":"Feature","geometry":{"type":"LineString","coordinates":[[21.227937,45.755944],[21.227882,45.755942],[21.227854,45.755941],[21.227783,45.755938],[21.227665,45.755943],[21.227492,45.75595],[21.227301,45.755958],[21.227163,45.755963],[21.227059,45.755973],[21.226985,45.755982],[21.226968,45.755985],[21.226867,45.756004],[21.226793,45.756016],[21.226713,45.756023],[21.22656,45.75603],[21.226296,45.756043],[21.226241,45.756046]]},"properties":{"name":"Piața Libertății"}},{"type":"Feature","geometry":{"type":"LineString","coordinates":[[21.227937,45.755944],[21.227951,45.755945],[21.228622,45.755904],[21.22866,45.755903],[21.228743,45.755909],[21.22884,45.755922],[21.228934,45.755936],[21.228988,45.755943],[21.229004,45.755945]]},"properties":{"name":"Strada 9 Mai"}},{"type":"Feature","geometry":{"type":"LineString","coordinates":[[21.232467,45.755655],[21.232233,45.755672],[21.2321,45.755685],[21.231984,45.755693],[21.231915,45.755701],[21.231508,45.755742],[21.231192,45.755772],[21.231053,45.755782],[21.23092,45.755791],[21.230894,45.755793],[21.229692,45.755857],[21.229615,45.755861],[21.229594,45.755863],[21.229092,45.75589],[21.229069,45.755892],[21.229055,45.755895],[21.229042,45.755899],[21.229028,45.755907],[21.229017,45.755917],[21.229009,45.755929],[21.229006,45.755935],[21.229004,45.755945],[21.229006,45.755958],[21.229008,45.755964],[21.229013,45.755974],[21.229021,45.755982],[21.22903,45.755989],[21.229039,45.755994],[21.229048,45.755998],[21.229061,45.756001],[21.229075,45.756003],[21.2291,45.756003],[21.229116,45.756002],[21.22963,45.755974],[21.229644,45.755974],[21.2297,45.755971],[21.229764,45.755967],[21.230836,45.755903],[21.230932,45.755898],[21.230954,45.755896],[21.23151,45.755864],[21.231957,45.755837],[21.232008,45.755834],[21.232048,45.755831],[21.232191,45.755822]]},"properties":{"name":"Strada Proclamația de la Timișoara"}},{"type":"Feature","geometry":{"type":"LineString","coordinates":[[21.232467,45.755655],[21.232636,45.755644],[21.232899,45.755626],[21.233103,45.755611],[21.233187,45.755603],[21.23329,45.755595],[21.233362,45.755588],[21.233444,45.755581],[21.233533,45.755574],[21.23367,45.755562],[21.233713,45.755559],[21.233847,45.755547],[21.234209,45.755523],[21.234408,45.755515],[21.234847,45.755502],[21.235036,45.755499],[21.235162,45.755498],[21.235575,45.755498],[21.23599,45.755501],[21.236606,45.755509],[21.236889,45.755518],[21.236924,45.755519],[21.237105,45.755525],[21.237547,45.755541],[21.237889,45.755561],[21.238126,45.755575],[21.238285,45.755589],[21.238393,45.755598],[21.238455,45.755602],[21.238679,45.755624],[21.238848,45.755647],[21.239823,45.755782]]},"properties":{"name":"Bulevardul Revoluției din 1989"}},{"type":"Feature","geometry":{"type":"LineString","coordinates":[[21.233595,45.755731],[21.233484,45.755738],[21.232342,45.755813],[21.232191,45.755822]]},"properties":{"name":"Bulevardul Revoluției din 1989"}},{"type":"Feature","geometry":{"type":"LineString","coordinates":[[21.23966,45.755952],[21.239619,45.75594],[21.239554,45.755923],[21.239473,45.755901],[21.239383,45.755884],[21.239282,45.755867],[21.239166,45.75585],[21.238809,45.755809],[21.23848,45.755778],[21.238427,45.755773],[21.238263,45.755759],[21.238101,45.755746],[21.237531,45.755712],[21.237095,45.755695],[21.23702,45.755694],[21.236913,45.75569],[21.236685,45.755684],[21.236598,45.755681],[21.235986,45.755672],[21.235573,45.75567],[21.235379,45.755669],[21.235202,45.755669]]},"properties":{"name":"Bulevardul Revoluției din 1989"}},{"type":"Feature","geometry":{"type":"LineString","coordinates":[[21.23993,45.755814],[21.240289,45.755927],[21.24042,45.755979],[21.240482,45.756004]]},"properties":{"name":"Bulevardul Revoluției din 1989"}},{"type":"Feature","geometry":{"type":"LineString","coordinates":[[21.235202,45.755669],[21.235042,45.755672],[21.234853,45.755674],[21.234544,45.75568],[21.234216,45.755695],[21.23418,45.755697],[21.233875,45.755712],[21.233721,45.755723]]},"properties":{"name":"Bulevardul Revoluției din 1989"}},{"type":"Feature","geometry":{"type":"LineString","coordinates":[[21.235202,45.755669],[21.235042,45.755672],[21.234853,45.755674],[21.234544,45.75568],[21.234216,45.755695],[21.23418,45.755697],[21.233875,45.755712],[21.233721,45.755723],[21.233875,45.755712],[21.23418,45.755697],[21.234216,45.755695],[21.234544,45.75568],[21.234853,45.755674],[21.235042,45.755672],[21.235202,45.755669]]},"properties":{"name":"Bulevardul Revoluției din 1989"}},{"type":"Feature","geometry":{"type":"LineString","coordinates":[[21.240482,45.756004],[21.240428,45.75601],[21.240387,45.756015],[21.239925,45.756016],[21.239824,45.756019],[21.239925,45.756016],[21.240387,45.756015],[21.240428,45.75601],[21.240482,45.756004]]},"properties":{"name":"Bulevardul Revoluției din 1989"}},{"type":"Feature","geometry":{"type":"LineString","coordinates":[[21.240482,45.756004],[21.241226,45.756142],[21.241287,45.756153],[21.241342,45.756163]]},"properties":{"name":"Podul Decebal"}},{"type":"Feature","geometry":{"type":"LineString","coordinates":[[21.241342,45.756163],[21.241329,45.756142],[21.241287,45.756075],[21.241232,45.755933],[21.240481,45.754657],[21.240299,45.754373]]},"properties":{"name":"Splaiul Nistrului"}},{"type":"Feature","geometry":{"type":"LineString","coordinates":[[21.240169,45.7541],[21.240165,45.754125],[21.240169,45.75415],[21.240245,45.754316],[21.240299,45.754373],[21.240295,45.754288],[21.240291,45.754193],[21.240293,45.754153],[21.240304,45.754118]]},"properties":{"name":"Splaiul Nistrului"}},{"type":"Feature","geometry":{"type":"LineString","coordinates":[[21.241232,45.755933],[21.241327,45.756015],[21.241383,45.75606],[21.241443,45.756162],[21.241452,45.756181],[21.241461,45.7562],[21.241473,45.75623],[21.241489,45.75627],[21.241477,45.756348],[21.241623,45.75663],[21.2417,45.756749],[21.241988,45.757067],[21.242236,45.757349],[21.242724,45.757793],[21.242954,45.758013],[21.243411,45.758316],[21.244109,45.758691],[21.244527,45.75888],[21.245128,45.759114],[21.245762,45.759313],[21.246181,45.759444],[21.246572,45.759539],[21.246989,45.759649],[21.247279,45.759726],[21.248116,45.759934],[21.248194,45.759947],[21.248289,45.759953],[21.248746,45.75993],[21.248823,45.759937],[21.248916,45.759963],[21.248938,45.759969]]},"properties":{"name":"Splaiul Nistrului"}},{"type":"Feature","geometry":{"type":"LineString","coordinates":[[21.240364,45.753985],[21.240548,45.754028],[21.240689,45.754058],[21.240549,45.753998],[21.240197,45.75382],[21.239946,45.753699]]},"properties":{"name":"Strada Johann Heinrich Pestalozzi"}},{"type":"Feature","geometry":{"type":"LineString","coordinates":[[21.249213,45.754875],[21.249098,45.754865],[21.249024,45.754861],[21.248941,45.754856],[21.248148,45.754831]]},"properties":{"name":"Strada Johann Heinrich Pestalozzi"}},{"type":"Feature","geometry":{"type":"LineString","coordinates":[[21.249105,45.754976],[21.249015,45.754966],[21.248148,45.754831],[21.247854,45.7548],[21.247096,45.754721],[21.245831,45.754589],[21.244361,45.754435],[21.243641,45.754359],[21.243228,45.754316],[21.243181,45.754311],[21.243078,45.754301],[21.242961,45.754289],[21.242779,45.754271],[21.242498,45.754243],[21.241726,45.754166],[21.241557,45.754149],[21.24114,45.754105],[21.240689,45.754058],[21.240546,45.754075],[21.240348,45.754098]]},"properties":{"name":"Strada Johann Heinrich Pestalozzi"}},{"type":"Feature","geometry":{"type":"LineString","coordinates":[[21.249213,45.754875],[21.249277,45.75488],[21.249366,45.754887],[21.249816,45.754901],[21.250034,45.754875],[21.250136,45.754862],[21.25028,45.75487]]},"properties":{"name":"Strada Iepurelui"}},{"type":"Feature","geometry":{"type":"LineString","coordinates":[[21.254154,45.7556],[21.254051,45.755536],[21.253989,45.755496],[21.25394,45.755462],[21.253895,45.75544],[21.253722,45.75535],[21.253543,45.755255],[21.253179,45.755081],[21.253073,45.755032],[21.252846,45.754947],[21.252511,45.754847],[21.252271,45.754791],[21.251988,45.754749],[21.251809,45.754732],[21.251591,45.754719],[21.251324,45.754716],[21.251134,45.754722],[21.250899,45.754734],[21.250757,45.754753],[21.250628,45.754782],[21.25028,45.75487],[21.25015,45.754962],[21.249997,45.755005],[21.249889,45.75504],[21.249806,45.755038],[21.249713,45.755033],[21.249451,45.755006],[21.249374,45.754999],[21.249311,45.754993],[21.249216,45.754985],[21.249149,45.75498],[21.249105,45.754976]]},"properties":{"name":"Strada Iepurelui"}},{"type":"Feature","geometry":{"type":"LineString","coordinates":[[21.25394,45.755462],[21.254234,45.755473]]},"properties":{"name":"Strada Iepurelui"}},{"type":"Feature","geometry":{"type":"LineString","coordinates":[[21.2545,45.755596],[21.254548,45.755734],[21.254601,45.75581],[21.25469,45.755896],[21.255395,45.756596],[21.255442,45.756641],[21.25561,45.756812]]},"properties":{"name":"Strada Baba Dochia"}},{"type":"Feature","geometry":{"type":"LineString","coordinates":[[21.255349,45.756823],[21.255235,45.756688],[21.255027,45.756416],[21.254872,45.756236],[21.254587,45.755954],[21.254367,45.755775],[21.254268,45.755693]]},"properties":{"name":"Strada Baba Dochia"}},{"type":"Feature","geometry":{"type":"LineString","coordinates":[[21.25561,45.756812],[21.255838,45.757055],[21.256055,45.757349],[21.256176,45.757514],[21.256814,45.758095],[21.257182,45.758401],[21.257463,45.758646],[21.257989,45.759067],[21.258024,45.759097],[21.258128,45.759185],[21.258195,45.759235],[21.25837,45.759366],[21.258554,45.759536],[21.258719,45.759731]]},"properties":{"name":"Strada Andrei Șaguna"}},{"type":"Feature","geometry":{"type":"LineString","coordinates":[[21.259054,45.760121],[21.259238,45.76033],[21.259328,45.760433],[21.259362,45.760484],[21.25998,45.761387],[21.260453,45.762103],[21.260496,45.762167],[21.260528,45.762213],[21.260781,45.762608],[21.260831,45.762734],[21.260859,45.762804],[21.260877,45.762906],[21.260879,45.763012],[21.260863,45.763387],[21.26081,45.76408],[21.260757,45.764599],[21.260715,45.765055],[21.260702,45.765204],[21.260699,45.765265],[21.260695,45.765441]]},"properties":{"name":"Strada Andrei Șaguna"}},{"type":"Feature","geometry":{"type":"LineString","coordinates":[[21.258974,45.760154],[21.259229,45.760467],[21.259264,45.760518],[21.259304,45.760573],[21.259476,45.760805],[21.259877,45.761421],[21.260348,45.762135],[21.260386,45.762194],[21.260419,45.762245],[21.26067,45.762646],[21.260707,45.762721],[21.26073,45.762788],[21.260743,45.762841],[21.260757,45.762906],[21.260766,45.762956],[21.260769,45.762999],[21.260763,45.7633],[21.26075,45.763533],[21.260736,45.763723],[21.260689,45.764075],[21.260642,45.764357],[21.260611,45.764526],[21.260569,45.764803],[21.26053,45.765071],[21.260515,45.765207],[21.26051,45.765337],[21.260501,45.765487]]},"properties":{"name":"Strada Andrei Șaguna"}},{"type":"Feature","geometry":{"type":"LineString","coordinates":[[21.258639,45.759764],[21.258585,45.759709],[21.258377,45.759546],[21.258117,45.75935],[21.258075,45.759318],[21.258007,45.759266],[21.257887,45.759169],[21.25763,45.758947],[21.257369,45.758703],[21.25673,45.758142],[21.256593,45.75804],[21.256469,45.757937],[21.256386,45.75786],[21.256063,45.757555],[21.255688,45.757179],[21.255681,45.757172],[21.25565,45.757139],[21.255498,45.756977],[21.255474,45.756953],[21.25545,45.756929],[21.255349,45.756823]]},"properties":{"name":"Strada Andrei Șaguna"}},{"type":"Feature","geometry":{"type":"LineString","coordinates":[[21.258719,45.759731],[21.259054,45.760121]]},"properties":{"name":"Podul Andrei Șaguna"}},{"type":"Feature","geometry":{"type":"LineString","coordinates":[[21.258974,45.760154],[21.258639,45.759764]]},"properties":{"name":"Podul Andrei Șaguna"}},{"type":"Feature","geometry":{"type":"LineString","coordinates":[[21.260695,45.765441],[21.260693,45.765595],[21.260694,45.765749],[21.260684,45.765962],[21.260681,45.766058],[21.260651,45.766153],[21.260626,45.76623]]},"properties":{"name":"Strada Gheorghe Adam"}},{"type":"Feature","geometry":{"type":"LineString","coordinates":[[21.260501,45.765487],[21.260488,45.765668],[21.260486,45.76572],[21.260491,45.76582],[21.260505,45.766053],[21.260601,45.766193],[21.260626,45.76623],[21.26062,45.766327],[21.260613,45.766434],[21.26053,45.767404],[21.260496,45.767895],[21.260423,45.768954],[21.260403,45.769212],[21.260398,45.76931],[21.260378,45.769532],[21.260295,45.770708],[21.260224,45.771684]]},"properties":{"name":"Strada Gheorghe Adam"}},{"type":"Feature","geometry":{"type":"LineString","coordinates":[[21.255188,45.771671],[21.25596,45.77168],[21.256462,45.771701],[21.256733,45.771713],[21.256962,45.771727],[21.257846,45.771769],[21.259437,45.771834],[21.259556,45.771842],[21.259657,45.77184],[21.259779,45.771825],[21.259887,45.771797],[21.260053,45.771748],[21.260158,45.771712],[21.260224,45.771684],[21.260219,45.771754],[21.26021,45.771849]]},"properties":{"name":"Strada Gheorghe Adam"}},{"type":"Feature","geometry":{"type":"LineString","coordinates":[[21.259274,45.773475],[21.259338,45.773411],[21.259954,45.772784],[21.260075,45.772644],[21.260154,45.772508],[21.260206,45.772232],[21.260204,45.772181],[21.260208,45.771968],[21.26021,45.771849],[21.260153,45.772045],[21.260114,45.772177],[21.260105,45.772228],[21.260025,45.772467],[21.259963,45.772612],[21.259855,45.772757],[21.259293,45.773305],[21.259219,45.773378],[21.259095,45.773454],[21.258886,45.773554]]},"properties":{"name":"Strada Gheorghe Adam"}},{"type":"Feature","geometry":{"type":"LineString","coordinates":[[21.2446,45.76629],[21.244715,45.766362],[21.244775,45.766396],[21.244895,45.766466],[21.244986,45.766512],[21.245284,45.766664],[21.245463,45.766754],[21.245814,45.766933],[21.246554,45.76731],[21.246797,45.767433],[21.248323,45.768195],[21.248467,45.768273],[21.248589,45.768335],[21.248711,45.768396],[21.248912,45.7685],[21.249124,45.768606],[21.249493,45.768791],[21.251836,45.769962],[21.251907,45.769997],[21.252006,45.770047],[21.253307,45.770711],[21.253716,45.770919],[21.254276,45.771205],[21.255188,45.771671],[21.255209,45.771682],[21.255257,45.771709],[21.255288,45.771727],[21.25535,45.771758],[21.255436,45.771803],[21.255779,45.771976],[21.255883,45.772032],[21.255979,45.772092]]},"properties":{"name":"Strada Avram Imbroane"}},{"type":"Feature","geometry":{"type":"LineString","coordinates":[[21.256172,45.772192],[21.256063,45.772135],[21.255979,45.772092],[21.256005,45.772154],[21.256035,45.772223]]},"properties":{"name":"Strada Avram Imbroane"}},{"type":"Feature","geometry":{"type":"LineString","coordinates":[[21.256318,45.772282],[21.256393,45.772298],[21.256467,45.772324],[21.25657,45.772368],[21.25715,45.772682],[21.257963,45.77309],[21.258886,45.773554],[21.258981,45.773608],[21.259283,45.773762],[21.259354,45.773798],[21.260297,45.774251],[21.261051,45.774642],[21.26191,45.775078],[21.262191,45.775221],[21.262853,45.775556],[21.263716,45.775986],[21.26475,45.776462],[21.264838,45.776506],[21.265767,45.776957],[21.266077,45.77703]]},"properties":{"name":"Strada Avram Imbroane"}},{"type":"Feature","geometry":{"type":"LineString","coordinates":[[21.247735,45.762568],[21.247683,45.762681],[21.247637,45.76278],[21.247607,45.762843],[21.247416,45.763255],[21.247405,45.763284],[21.247394,45.763319],[21.247387,45.763348],[21.247383,45.763378],[21.247379,45.763435],[21.247368,45.763602],[21.247363,45.76364],[21.247353,45.763678],[21.247338,45.763715],[21.247315,45.763755],[21.247289,45.763799],[21.247266,45.763839],[21.247202,45.76393],[21.247103,45.764049],[21.24703,45.764135],[21.24695,45.76422],[21.246707,45.764476],[21.246541,45.764642],[21.246405,45.764782],[21.246077,45.76512],[21.246007,45.765192],[21.245145,45.766028],[21.244865,45.766307],[21.244833,45.766339],[21.244775,45.766396]]},"properties":{"name":"Strada Mihail Kogălniceanu"}},{"type":"Feature","geometry":{"type":"LineString","coordinates":[[21.2446,45.76629],[21.244663,45.766227],[21.244781,45.766108],[21.244788,45.7661],[21.244974,45.765914],[21.245013,45.765876],[21.245132,45.765756],[21.24576,45.765126],[21.245862,45.765024],[21.246345,45.76454],[21.246797,45.764087],[21.246831,45.764048],[21.24686,45.76401],[21.246877,45.763984],[21.246885,45.763972],[21.24689,45.763966],[21.246911,45.763932],[21.246937,45.763891],[21.246959,45.763853],[21.246982,45.763808],[21.24717,45.763437],[21.247207,45.763349],[21.247239,45.763263],[21.247288,45.763129],[21.24733,45.763029],[21.247391,45.762906],[21.247422,45.762843],[21.247437,45.762811],[21.247486,45.762713],[21.247517,45.762649],[21.247529,45.762631],[21.247592,45.762534]]},"properties":{"name":"Strada Mihail Kogălniceanu"}},{"type":"Feature","geometry":{"type":"LineString","coordinates":[[21.241342,45.756163],[21.241452,45.756181]]},"properties":{"name":"Bulevardul 3 August 1919"}},{"type":"Feature","geometry":{"type":"LineString","coordinates":[[21.233595,45.755731],[21.233561,45.755644],[21.233549,45.755615],[21.233533,45.755574]]},"properties":{"name":"Bulevardul Ion C. Brătianu"}},{"type":"Feature","geometry":{"type":"LineString","coordinates":[[21.232779,45.752678],[21.23272,45.752749],[21.232661,45.752816],[21.232645,45.752838],[21.232632,45.752859],[21.23262,45.752878],[21.23261,45.752898],[21.2326,45.752919],[21.232593,45.752937],[21.232586,45.75296],[21.23258,45.75298],[21.232575,45.753005],[21.232571,45.753027],[21.232568,45.753048],[21.232567,45.753069],[21.232566,45.753096],[21.232567,45.753121],[21.232569,45.753156],[21.232572,45.753186],[21.23258,45.753241],[21.232592,45.753285],[21.232601,45.753317],[21.232613,45.75335],[21.232626,45.753381],[21.232876,45.754055],[21.233093,45.754465],[21.233172,45.754616],[21.233293,45.754739],[21.23336,45.754868],[21.233413,45.754968],[21.233622,45.75546],[21.23367,45.755562],[21.233684,45.755606],[21.233693,45.755635],[21.233721,45.755723]]},"properties":{"name":"Bulevardul Ion C. Brătianu"}},{"type":"Feature","geometry":{"type":"LineString","coordinates":[[21.22839,45.753381],[21.228477,45.753388],[21.228541,45.753391],[21.228633,45.753389],[21.22877,45.753384],[21.229047,45.753377]]},"properties":{"name":"Bulevardul Ion C. Brătianu"}},{"type":"Feature","geometry":{"type":"LineString","coordinates":[[21.228337,45.753536],[21.228684,45.753488],[21.228711,45.753484],[21.228802,45.753467],[21.229047,45.753377],[21.229317,45.753328],[21.229572,45.753293],[21.229826,45.753258],[21.230176,45.753223],[21.230771,45.753181],[21.231117,45.753167],[21.231253,45.753168]]},"properties":{"name":"Bulevardul Ion C. Brătianu"}},{"type":"Feature","geometry":{"type":"LineString","coordinates":[[21.232636,45.755644],[21.232781,45.755621],[21.232817,45.755615],[21.232855,45.755606],[21.23292,45.755584],[21.232993,45.755555],[21.233052,45.755528],[21.233082,45.75551],[21.233116,45.755488],[21.233168,45.755453],[21.23318,45.755443],[21.233202,45.755426],[21.233226,45.755398],[21.233251,45.75537],[21.233291,45.755319],[21.233325,45.755245],[21.233337,45.755178],[21.233325,45.755108],[21.233319,45.755085],[21.233174,45.75476],[21.233172,45.754616]]},"properties":{"name":"Bulevardul Ion C. Brătianu"}},{"type":"Feature","geometry":{"type":"LineString","coordinates":[[21.232876,45.754055],[21.232667,45.753733],[21.232515,45.75346],[21.23249,45.753407],[21.232453,45.753312],[21.232444,45.753235],[21.232434,45.753165],[21.232429,45.753104],[21.232429,45.753059],[21.232439,45.752992],[21.232466,45.752916],[21.232491,45.752849],[21.232529,45.752768],[21.232593,45.752693],[21.232655,45.752626]]},"properties":{"name":"Bulevardul Ion C. Brătianu"}},{"type":"Feature","geometry":{"type":"LineString","coordinates":[[21.231253,45.753168],[21.231639,45.753123],[21.231853,45.7531],[21.232026,45.753063],[21.232066,45.753047],[21.232093,45.753041],[21.23212,45.753036],[21.232145,45.753033],[21.232173,45.753032],[21.2322,45.753033],[21.232222,45.753035],[21.232245,45.753038],[21.23227,45.753044],[21.232293,45.753051],[21.232373,45.753083],[21.232413,45.753098],[21.232429,45.753104],[21.23249,45.753128],[21.232503,45.753135],[21.232517,45.753143],[21.232528,45.753153],[21.232537,45.753162],[21.232548,45.753175],[21.232558,45.75319],[21.232566,45.753202],[21.232572,45.753213],[21.232576,45.753225],[21.23258,45.753241],[21.232583,45.753255],[21.232584,45.753272],[21.232582,45.753286],[21.232578,45.753303],[21.232574,45.753316],[21.232567,45.753331],[21.232559,45.753345],[21.232547,45.753361],[21.232535,45.753373],[21.23252,45.753386],[21.23249,45.753407],[21.232467,45.75342],[21.232443,45.753429],[21.232423,45.753436],[21.232398,45.753442],[21.232377,45.753446],[21.232356,45.753448],[21.232335,45.75345],[21.232311,45.75345],[21.232289,45.753448],[21.232266,45.753446],[21.232242,45.75344],[21.23212,45.753395],[21.231797,45.753296],[21.23164,45.753258],[21.231558,45.753238],[21.231253,45.753168]]},"properties":{"name":"Bulevardul Ion C. Brătianu"}},{"type":"Feature","geometry":{"type":"LineString","coordinates":[[21.199718,45.749078],[21.199687,45.749214]]},"properties":{"name":"Strada Gheorghe Barițiu"}},{"type":"Feature","geometry":{"type":"LineString","coordinates":[[21.207588,45.750349],[21.20743,45.750332],[21.207365,45.750325],[21.207258,45.75034]]},"properties":{"name":"Strada Gării"}},{"type":"Feature","geometry":{"type":"LineString","coordinates":[[21.207556,45.750432],[21.20738,45.750395],[21.207335,45.750383],[21.207258,45.75034],[21.206713,45.750255],[21.206477,45.750219],[21.206331,45.750196],[21.205551,45.750074],[21.20539,45.750049],[21.205171,45.750015],[21.204963,45.749984],[21.204052,45.749849]]},"properties":{"name":"Strada Gării"}},{"type":"Feature","geometry":{"type":"LineString","coordinates":[[21.199446,45.74917],[21.199576,45.749196],[21.199687,45.749214],[21.199946,45.749252],[21.200634,45.749357],[21.201876,45.74953],[21.201962,45.749543]]},"properties":{"name":"Strada Gării"}},{"type":"Feature","geometry":{"type":"LineString","coordinates":[[21.048772,45.83192],[21.04828,45.833977]]},"properties":{"name":"Strada Gării"}},{"type":"Feature","geometry":{"type":"LineString","coordinates":[[21.201962,45.749543],[21.202143,45.749531],[21.202398,45.74957],[21.202525,45.749589],[21.20268,45.749613],[21.203856,45.749791],[21.204052,45.749849],[21.203833,45.749864],[21.203448,45.749813],[21.20265,45.749692],[21.202498,45.749669],[21.202367,45.749649],[21.20212,45.749603],[21.201962,45.749543]]},"properties":{"name":"Strada Gării"}},{"type":"Feature","geometry":{"type":"LineString","coordinates":[[21.221088,45.752918],[21.221372,45.752987],[21.221409,45.752995],[21.221736,45.753074]]},"properties":{"name":"Piața Regina Maria"}},{"type":"Feature","geometry":{"type":"LineString","coordinates":[[21.221718,45.752914],[21.221739,45.752957],[21.221742,45.75297],[21.221748,45.752998],[21.221746,45.753038],[21.221736,45.753074],[21.221713,45.753117],[21.221683,45.753152],[21.221643,45.753184],[21.221597,45.753211],[21.221546,45.753231],[21.221486,45.753245],[21.221425,45.753252],[21.221364,45.753251],[21.221329,45.753246],[21.221305,45.753242],[21.221291,45.753238],[21.221279,45.753235],[21.221247,45.753226],[21.221196,45.753204],[21.22115,45.753174],[21.221116,45.753144],[21.221085,45.753103],[21.221067,45.753061],[21.221059,45.75302],[21.221065,45.752971],[21.221076,45.752937],[21.221088,45.752918],[21.2211,45.752898],[21.221133,45.752863],[21.221181,45.752829]]},"properties":{"name":"Piața Regina Maria"}},{"type":"Feature","geometry":{"type":"LineString","coordinates":[[21.227332,45.759248],[21.227622,45.759237],[21.227742,45.759233],[21.227854,45.759248]]},"properties":{"name":"Piața Mărăști"}},{"type":"Feature","geometry":{"type":"LineString","coordinates":[[21.228284,45.759397],[21.228366,45.75943],[21.228449,45.759454],[21.228551,45.759472]]},"properties":{"name":"Strada Oituz"}},{"type":"Feature","geometry":{"type":"LineString","coordinates":[[21.232367,45.757992],[21.232368,45.75802],[21.232367,45.758049],[21.232365,45.758071],[21.232362,45.758095],[21.232358,45.758117],[21.232352,45.758144],[21.232325,45.758221],[21.232309,45.758259],[21.232289,45.758299],[21.232262,45.758347],[21.232247,45.758366],[21.232152,45.758495],[21.232113,45.758538],[21.232085,45.758568],[21.232057,45.758594],[21.231982,45.758667],[21.231842,45.758769]]},"properties":{"name":"Strada Oituz"}},{"type":"Feature","geometry":{"type":"LineString","coordinates":[[21.23241,45.758537],[21.232338,45.758571],[21.232142,45.758665],[21.231962,45.758723],[21.231842,45.758769],[21.23142,45.758957],[21.231056,45.759109],[21.23052,45.759304],[21.230333,45.75934],[21.23014,45.759357],[21.229389,45.759412],[21.229193,45.759426],[21.228807,45.759454],[21.228551,45.759472],[21.228467,45.759498],[21.22839,45.759532],[21.228297,45.759592]]},"properties":{"name":"Strada Oituz"}},{"type":"Feature","geometry":{"type":"LineString","coordinates":[[21.233034,45.757705],[21.233264,45.757784],[21.233493,45.757864],[21.23363,45.757911],[21.23314,45.758187],[21.233078,45.758218],[21.233045,45.758233],[21.232721,45.758377],[21.232701,45.758386],[21.232487,45.758495],[21.23241,45.758537],[21.232395,45.758342],[21.232367,45.757992],[21.23231,45.757525],[21.232294,45.757389],[21.232284,45.757313]]},"properties":{"name":"Piața Ionel I.C. Brătianu"}},{"type":"Feature","geometry":{"type":"LineString","coordinates":[[21.23363,45.757911],[21.233719,45.757942],[21.234074,45.758065],[21.234273,45.758134],[21.234807,45.75832],[21.235477,45.758552],[21.236121,45.758774],[21.236247,45.758817],[21.236384,45.758864],[21.237315,45.759184],[21.237601,45.759282],[21.237748,45.759333],[21.238633,45.759637],[21.238976,45.759755],[21.240227,45.760184],[21.240613,45.7603],[21.241,45.760432],[21.241087,45.760463],[21.241174,45.760494],[21.241596,45.760644],[21.24164,45.760659],[21.24317,45.761216],[21.243551,45.761355],[21.243664,45.761391],[21.243874,45.761455],[21.244557,45.761683],[21.244783,45.761761],[21.244987,45.761832],[21.245549,45.762028],[21.245604,45.762044],[21.245682,45.762068],[21.245911,45.762128],[21.24611,45.762175],[21.24635,45.762233],[21.246423,45.762251],[21.246593,45.762292],[21.247434,45.762495],[21.247468,45.762504],[21.247552,45.762524],[21.247592,45.762534]]},"properties":{"name":"Bulevardul Take Ionescu"}},{"type":"Feature","geometry":{"type":"LineString","coordinates":[[21.233045,45.758233],[21.233078,45.758218],[21.233133,45.758192],[21.233153,45.758183],[21.233173,45.758175],[21.233198,45.758166],[21.233222,45.758157],[21.233248,45.75815],[21.233275,45.758143],[21.233304,45.758137],[21.233334,45.758132],[21.233363,45.758128],[21.233389,45.758126],[21.23342,45.758123],[21.233454,45.758121],[21.23349,45.75812],[21.233522,45.758119],[21.233637,45.758116],[21.233738,45.758122],[21.233791,45.758129],[21.233844,45.758136],[21.233938,45.75815],[21.234085,45.758187],[21.234218,45.758226],[21.234353,45.758273],[21.236186,45.758903],[21.236323,45.75895],[21.236344,45.758957],[21.236378,45.758969],[21.236798,45.759113],[21.23717,45.759241],[21.237547,45.759363],[21.237747,45.759427],[21.237801,45.759445],[21.238359,45.759635],[21.24077,45.760458],[21.241022,45.76056],[21.241106,45.760594],[21.241224,45.760643],[21.241493,45.760736],[21.242342,45.761032],[21.243134,45.761296],[21.243438,45.761406],[21.243582,45.761457],[21.243647,45.761476],[21.243819,45.761532],[21.245497,45.762115],[21.24558,45.762145],[21.24598,45.762267],[21.246132,45.762313],[21.247415,45.762625],[21.247491,45.762643],[21.247517,45.762649],[21.247582,45.762661],[21.247633,45.762671],[21.247683,45.762681]]},"properties":{"name":"Bulevardul Take Ionescu"}},{"type":"Feature","geometry":{"type":"LineString","coordinates":[[21.247592,45.762534],[21.247634,45.762544],[21.247662,45.762551],[21.247684,45.762556],[21.247735,45.762568],[21.247869,45.762599],[21.248054,45.762643],[21.24835,45.762712],[21.248469,45.762739],[21.248914,45.762845],[21.24912,45.762894],[21.2492,45.762913],[21.251164,45.76338],[21.251289,45.763409],[21.25164,45.763483],[21.251706,45.763496],[21.251904,45.763517],[21.252109,45.763536],[21.252423,45.763553],[21.25288,45.763572],[21.253063,45.763584],[21.253705,45.763637],[21.254041,45.763692]]},"properties":{"name":"Bulevardul Simion Bărnuțiu"}},{"type":"Feature","geometry":{"type":"LineString","coordinates":[[21.26051,45.765337],[21.26039,45.76527],[21.260349,45.765248],[21.26008,45.76509],[21.260018,45.765052],[21.259921,45.764993],[21.259767,45.764908],[21.259583,45.764815],[21.259262,45.764703]]},"properties":{"name":"Bulevardul Simion Bărnuțiu"}},{"type":"Feature","geometry":{"type":"LineString","coordinates":[[21.247683,45.762681],[21.247812,45.762711],[21.247869,45.762724],[21.248006,45.762755],[21.248632,45.762902],[21.251232,45.763507],[21.251658,45.763583],[21.25184,45.763607],[21.252041,45.763622],[21.25212,45.763627],[21.253044,45.763684],[21.253689,45.763721],[21.254041,45.763692],[21.255328,45.763769],[21.255444,45.763776],[21.255499,45.763783],[21.255696,45.763811],[21.255782,45.763827],[21.255834,45.763838],[21.255857,45.763843],[21.256164,45.763906],[21.256583,45.764002],[21.257454,45.764203],[21.257753,45.76427],[21.258497,45.764438],[21.258768,45.76451],[21.259011,45.764594],[21.259262,45.764703],[21.259509,45.76489],[21.259675,45.764991],[21.260041,45.765231],[21.260345,45.765401],[21.260501,45.765487],[21.260577,45.76553],[21.260616,45.765552],[21.260693,45.765595]]},"properties":{"name":"Bulevardul Simion Bărnuțiu"}},{"type":"Feature","geometry":{"type":"LineString","coordinates":[[21.2575,45.764124],[21.257454,45.764203]]},"properties":{"name":"Strada Behelei"}},{"type":"Feature","geometry":{"type":"LineString","coordinates":[[21.26051,45.765337],[21.260571,45.765371],[21.260611,45.765394],[21.260695,45.765441],[21.260909,45.765561],[21.261233,45.765773],[21.261847,45.766204],[21.262099,45.766442]]},"properties":{"name":"Calea Dorobanților"}},{"type":"Feature","geometry":{"type":"LineString","coordinates":[[21.260693,45.765595],[21.260894,45.765709],[21.260985,45.765759],[21.261175,45.765875],[21.261196,45.765888],[21.2613,45.765953],[21.261773,45.766263],[21.262099,45.766442],[21.263172,45.767245],[21.263213,45.767272],[21.26329,45.767324],[21.263427,45.767416],[21.263561,45.767515],[21.263933,45.767804],[21.264104,45.767934],[21.264479,45.768207],[21.26476,45.768392],[21.264945,45.768494],[21.265111,45.768577],[21.265288,45.768654],[21.265424,45.768708],[21.265988,45.768927],[21.266466,45.76909],[21.266713,45.769169],[21.267093,45.769275],[21.267444,45.769397],[21.268066,45.769547],[21.268251,45.76958],[21.268439,45.769614],[21.268554,45.769635],[21.268732,45.769667],[21.269177,45.769757],[21.269529,45.769771]]},"properties":{"name":"Calea Dorobanților"}},{"type":"Feature","geometry":{"type":"LineString","coordinates":[[21.267093,45.769275],[21.267487,45.769315],[21.268103,45.769428],[21.26826,45.76946],[21.268454,45.769504],[21.268573,45.76953],[21.268769,45.769573],[21.269201,45.769662],[21.269398,45.769731],[21.269529,45.769771],[21.270525,45.770003],[21.271363,45.770188],[21.272309,45.7704],[21.274726,45.770926],[21.274944,45.770972]]},"properties":{"name":"Calea Dorobanților"}},{"type":"Feature","geometry":{"type":"LineString","coordinates":[[21.268251,45.76958],[21.26826,45.76946],[21.268264,45.769376],[21.268277,45.769251],[21.268295,45.769011],[21.26841,45.768453],[21.268512,45.76786],[21.268528,45.767762],[21.268599,45.767254],[21.268643,45.766923],[21.2687,45.766474],[21.26883,45.76541],[21.26885,45.765242]]},"properties":{"name":"Strada Ștrandului"}},{"type":"Feature","geometry":{"type":"LineString","coordinates":[[21.22439,45.757155],[21.22433,45.75715],[21.224279,45.757147],[21.22425,45.757147],[21.224222,45.757149],[21.224191,45.757153],[21.223773,45.757226],[21.223727,45.757234],[21.223567,45.757263]]},"properties":{"name":"Piața Timișoara 700"}},{"type":"Feature","geometry":{"type":"LineString","coordinates":[[21.223567,45.757263],[21.223535,45.757177],[21.223441,45.756907]]},"properties":{"name":"Strada Paris"}},{"type":"Feature","geometry":{"type":"LineString","coordinates":[[21.223735,45.753559],[21.223708,45.753615],[21.223701,45.753628],[21.223607,45.753821],[21.223521,45.753998],[21.223437,45.754189],[21.223423,45.754222],[21.223382,45.754328],[21.223323,45.754491],[21.223279,45.754642],[21.223257,45.754738],[21.223245,45.754793],[21.223223,45.75493],[21.223219,45.754958],[21.223199,45.755107],[21.223191,45.755177],[21.223186,45.755225],[21.223179,45.755282],[21.223171,45.755401],[21.223167,45.75551],[21.223165,45.755612],[21.223166,45.755715],[21.223172,45.755856],[21.223177,45.755936],[21.223183,45.756],[21.223188,45.756049],[21.223194,45.756097],[21.2232,45.756145],[21.223208,45.756191],[21.223222,45.756252],[21.223232,45.7563],[21.223239,45.756331]]},"properties":{"name":"Strada Paris"}},{"type":"Feature","geometry":{"type":"LineString","coordinates":[[21.223441,45.756907],[21.223415,45.756893],[21.223394,45.756881],[21.223385,45.756876],[21.223377,45.756869],[21.223371,45.756863],[21.223366,45.756857],[21.223361,45.756851],[21.223358,45.756844],[21.223355,45.756837],[21.223351,45.756829],[21.223315,45.756752],[21.22331,45.756741],[21.223224,45.756525],[21.223177,45.756372],[21.223239,45.756331],[21.223246,45.756366],[21.223263,45.756416],[21.223292,45.756504],[21.223335,45.756621],[21.223375,45.75673],[21.223379,45.756741],[21.223441,45.756907]]},"properties":{"name":"Strada Paris"}},{"type":"Feature","geometry":{"type":"LineString","coordinates":[[21.225049,45.757771],[21.224858,45.757826],[21.224728,45.757859],[21.224661,45.75788],[21.224638,45.757887],[21.22436,45.757973],[21.223926,45.758107],[21.223836,45.758134],[21.223538,45.758235],[21.223117,45.758359],[21.222671,45.75849],[21.2226,45.758511],[21.222497,45.758542],[21.22238,45.758577],[21.221637,45.758801],[21.221326,45.758954],[21.220873,45.759123],[21.220832,45.759138],[21.220079,45.759425],[21.219583,45.759625],[21.219241,45.75976],[21.218889,45.759908],[21.218622,45.760024],[21.21857,45.760047],[21.218449,45.760098],[21.218346,45.760141],[21.218233,45.760188],[21.218024,45.760244],[21.217939,45.760239]]},"properties":{"name":"Strada Gheorghe Lazăr"}},{"type":"Feature","geometry":{"type":"LineString","coordinates":[[21.221637,45.758801],[21.221398,45.758853],[21.221083,45.758954],[21.220914,45.759013],[21.220777,45.759061],[21.220703,45.75909],[21.219894,45.759393],[21.219239,45.759638],[21.219002,45.75974],[21.218929,45.759771],[21.218532,45.759939],[21.218409,45.759994],[21.218302,45.760043],[21.218192,45.760092],[21.218146,45.76011],[21.218067,45.760145],[21.217985,45.760184],[21.217939,45.760239],[21.217506,45.760424],[21.21737,45.76048],[21.216763,45.760726],[21.216196,45.760945],[21.216105,45.760981],[21.215055,45.761377],[21.213856,45.761834],[21.213706,45.76189],[21.213596,45.761934],[21.213141,45.762112],[21.212567,45.762328],[21.211515,45.762731],[21.211462,45.76275]]},"properties":{"name":"Strada Gheorghe Lazăr"}},{"type":"Feature","geometry":{"type":"LineString","coordinates":[[21.211462,45.76275],[21.211138,45.762917],[21.211114,45.76293],[21.211008,45.762984],[21.210951,45.763005],[21.210861,45.763038],[21.210752,45.763051],[21.210705,45.763056],[21.210582,45.763057],[21.210681,45.763027],[21.210719,45.763008],[21.210817,45.762961],[21.210907,45.762928],[21.211177,45.762832],[21.211313,45.762795],[21.211462,45.76275]]},"properties":{"name":"Strada Gheorghe Lazăr"}},{"type":"Feature","geometry":{"type":"LineString","coordinates":[[21.210582,45.763057],[21.210525,45.76307],[21.210395,45.763107],[21.21007,45.763191],[21.209655,45.763304],[21.208039,45.763736],[21.207913,45.763769],[21.207771,45.763808],[21.206674,45.764107],[21.205725,45.764359],[21.20535,45.764455],[21.205218,45.76449],[21.20506,45.764532],[21.203779,45.764867],[21.202813,45.765118],[21.202556,45.765188],[21.20224,45.765269],[21.20154,45.765447],[21.200866,45.765628],[21.200604,45.765693],[21.199973,45.765833],[21.199391,45.765963],[21.198575,45.766138],[21.197886,45.766282],[21.19648,45.766557],[21.196013,45.766655]]},"properties":{"name":"Strada Cloșca"}},{"type":"Feature","geometry":{"type":"LineString","coordinates":[[21.195586,45.766765],[21.195779,45.766735],[21.196013,45.766655],[21.195789,45.766648],[21.1957,45.766637],[21.195616,45.766607]]},"properties":{"name":"Strada Cloșca"}},{"type":"Feature","geometry":{"type":"LineString","coordinates":[[21.195233,45.76671],[21.195088,45.766629],[21.195011,45.766598],[21.194824,45.766555],[21.194482,45.766481],[21.193027,45.766173],[21.192066,45.765985],[21.19126,45.765818],[21.191077,45.765775],[21.190732,45.765701],[21.189411,45.765428],[21.189129,45.765351]]},"properties":{"name":"Strada Locotenent Ovidiu Balea"}},{"type":"Feature","geometry":{"type":"LineString","coordinates":[[21.195317,45.766551],[21.195052,45.766492],[21.193072,45.76607],[21.191884,45.765834],[21.191301,45.765723],[21.191114,45.765683],[21.190718,45.765601],[21.190301,45.765507],[21.190097,45.765461],[21.189699,45.765395],[21.189129,45.765351],[21.188891,45.765298],[21.18782,45.765046],[21.187055,45.764893],[21.185735,45.764609],[21.185071,45.764441],[21.18464,45.764345],[21.183681,45.764189],[21.183389,45.764138]]},"properties":{"name":"Strada Locotenent Ovidiu Balea"}},{"type":"Feature","geometry":{"type":"LineString","coordinates":[[21.172511,45.761877],[21.172714,45.761932],[21.173207,45.762062],[21.174294,45.762331],[21.175025,45.762511],[21.176517,45.762807],[21.180464,45.763564],[21.181897,45.763845],[21.183389,45.764138]]},"properties":{"name":"Strada Locotenent Ovidiu Balea"}},{"type":"Feature","geometry":{"type":"LineString","coordinates":[[21.183389,45.764138],[21.183357,45.764255],[21.183348,45.764282],[21.183331,45.764299],[21.183315,45.76431],[21.183288,45.764324],[21.183251,45.764337],[21.183201,45.764345],[21.183162,45.76435],[21.183129,45.764352],[21.183088,45.764349],[21.183014,45.764333],[21.182238,45.764094],[21.181404,45.763888],[21.180329,45.763677],[21.179987,45.76361],[21.17993,45.763585],[21.179914,45.763552],[21.179912,45.763518],[21.17993,45.763458],[21.179946,45.76343],[21.179973,45.763404],[21.180004,45.763393],[21.180055,45.763393],[21.180202,45.763419],[21.180441,45.763469],[21.18071,45.763522],[21.181059,45.763591],[21.181426,45.763663],[21.181818,45.763742],[21.182391,45.763858],[21.18282,45.763942],[21.183071,45.763993],[21.183267,45.764037],[21.183389,45.764138]]},"properties":{"name":"Strada Locotenent Ovidiu Balea"}},{"type":"Feature","geometry":{"type":"LineString","coordinates":[[21.227943,45.75977],[21.227867,45.759803],[21.227806,45.759837],[21.227706,45.759909]]},"properties":{"name":"Calea Alexandru Ioan Cuza"}},{"type":"Feature","geometry":{"type":"LineString","coordinates":[[21.226353,45.762344],[21.226546,45.762029],[21.22696,45.761239],[21.227625,45.760045],[21.227706,45.759909],[21.227704,45.759807],[21.227696,45.759752],[21.227676,45.759696]]},"properties":{"name":"Calea Alexandru Ioan Cuza"}},{"type":"Feature","geometry":{"type":"LineString","coordinates":[[21.226353,45.762344],[21.226318,45.762402],[21.226252,45.762517],[21.226142,45.762687],[21.226037,45.76287],[21.225929,45.763061],[21.225783,45.763277],[21.225661,45.763455],[21.225588,45.763585],[21.225554,45.76366],[21.225521,45.763799],[21.225483,45.763918],[21.225462,45.76404],[21.22544,45.764166],[21.225412,45.764356],[21.22538,45.764485],[21.225339,45.764708],[21.225309,45.765062],[21.225274,45.765353],[21.225258,45.765509],[21.22524,45.765832],[21.22521,45.766123],[21.225225,45.766252]]},"properties":{"name":"Calea Aradului"}},{"type":"Feature","geometry":{"type":"LineString","coordinates":[[21.225783,45.763277],[21.225762,45.763488],[21.22574,45.763564],[21.225722,45.763602],[21.225706,45.763644],[21.22567,45.763751],[21.225642,45.76386],[21.225613,45.763994],[21.225583,45.764171],[21.225548,45.764427],[21.225521,45.764567],[21.225501,45.764711],[21.225459,45.765066],[21.225436,45.765226],[21.225432,45.765308],[21.225406,45.765495],[21.225401,45.765613],[21.225343,45.766004],[21.225319,45.766135],[21.225225,45.766252],[21.225193,45.766349],[21.225107,45.766541],[21.224782,45.767113],[21.224675,45.7673],[21.224364,45.767847],[21.224197,45.768173],[21.224133,45.768294],[21.224091,45.768368],[21.224075,45.768396],[21.223987,45.768551],[21.223703,45.769062],[21.223625,45.769185],[21.223568,45.769382],[21.223493,45.769514],[21.22343,45.769632],[21.223288,45.769928],[21.223235,45.770069],[21.223206,45.770148],[21.223176,45.770229],[21.223124,45.770368],[21.222992,45.770711],[21.222881,45.770859],[21.222863,45.770912],[21.222835,45.770996],[21.22278,45.77116],[21.22272,45.771339],[21.222683,45.771447],[21.222654,45.771534],[21.22261,45.771662],[21.222578,45.771762],[21.222504,45.771976],[21.222368,45.772372],[21.222048,45.773303],[21.222,45.773444],[21.221936,45.77363],[21.221911,45.773689],[21.221919,45.773826],[21.221867,45.774027],[21.221823,45.774152],[21.221677,45.774543],[21.22166,45.774589],[21.221587,45.774749],[21.221534,45.774864],[21.221448,45.775151],[21.221344,45.775261],[21.221247,45.775599],[21.221115,45.776061],[21.220851,45.777139],[21.22083,45.777216],[21.220761,45.777468],[21.220684,45.777755],[21.220507,45.778346],[21.220398,45.778812],[21.220373,45.778903],[21.220343,45.779015],[21.220193,45.779567],[21.220119,45.779841],[21.220049,45.780102],[21.220028,45.780408],[21.220016,45.780581],[21.220004,45.780635],[21.219976,45.780776],[21.219897,45.781062],[21.219808,45.781385],[21.219491,45.782466],[21.219437,45.782644],[21.21935,45.782912],[21.219281,45.783094],[21.219264,45.78313],[21.219178,45.783352],[21.219029,45.783766],[21.219001,45.783839],[21.218896,45.784101],[21.218778,45.784395],[21.218561,45.784957],[21.218414,45.785392],[21.21839,45.785454],[21.218327,45.785607],[21.218261,45.785747],[21.218203,45.785863],[21.218151,45.78599],[21.218132,45.786114],[21.218138,45.786188],[21.218157,45.786247],[21.218194,45.786311],[21.218276,45.786406]]},"properties":{"name":"Calea Aradului"}},{"type":"Feature","geometry":{"type":"LineString","coordinates":[[21.21886,45.783489],[21.218902,45.783466],[21.21894,45.783453],[21.218975,45.783446],[21.219051,45.783437]]},"properties":{"name":"Calea Aradului"}},{"type":"Feature","geometry":{"type":"LineString","coordinates":[[21.220049,45.780102],[21.219854,45.780523],[21.219823,45.780706],[21.219797,45.780806],[21.219648,45.781407],[21.219387,45.782466],[21.219287,45.782768],[21.219177,45.783116],[21.219051,45.783437],[21.21894,45.783753],[21.218909,45.783821],[21.218687,45.784373],[21.218108,45.785809],[21.217978,45.786069],[21.217925,45.786178],[21.217894,45.786244],[21.217832,45.786351]]},"properties":{"name":"Calea Aradului"}},{"type":"Feature","geometry":{"type":"LineString","coordinates":[[21.221344,45.775261],[21.221292,45.775107],[21.22134,45.774905],[21.221358,45.774836],[21.221417,45.774713],[21.221495,45.774553],[21.221627,45.77423],[21.22167,45.774126],[21.221722,45.773999],[21.22181,45.773872],[21.221911,45.773689]]},"properties":{"name":"Calea Aradului"}},{"type":"Feature","geometry":{"type":"LineString","coordinates":[[21.222881,45.770859],[21.222843,45.770685],[21.222871,45.770612],[21.222936,45.770442],[21.222984,45.770317],[21.223029,45.7702],[21.223071,45.770105],[21.223103,45.770036],[21.223164,45.7699],[21.22323,45.769764],[21.223345,45.769525],[21.223452,45.769356],[21.223625,45.769185]]},"properties":{"name":"Calea Aradului"}},{"type":"Feature","geometry":{"type":"LineString","coordinates":[[21.210646,45.791585],[21.211275,45.791049]]},"properties":{"name":"Calea Aradului"}},{"type":"Feature","geometry":{"type":"LineString","coordinates":[[21.217865,45.786863],[21.217725,45.786876],[21.217652,45.786887],[21.217587,45.786919],[21.217494,45.786986],[21.217337,45.78713],[21.217167,45.787276],[21.216926,45.787452],[21.216252,45.787902],[21.215486,45.788405],[21.213194,45.789894],[21.213032,45.789999],[21.212011,45.790662],[21.211339,45.791098],[21.211227,45.791259],[21.211146,45.791408],[21.2111,45.791493],[21.211017,45.791633]]},"properties":{"name":"Calea Aradului"}},{"type":"Feature","geometry":{"type":"LineString","coordinates":[[21.217865,45.786863],[21.217725,45.786876],[21.217652,45.786887],[21.217587,45.786919],[21.217494,45.786986],[21.217337,45.78713],[21.217167,45.787276],[21.216926,45.787452],[21.216252,45.787902],[21.215486,45.788405],[21.213194,45.789894],[21.213032,45.789999],[21.212011,45.790662],[21.211339,45.791098],[21.211227,45.791259],[21.211146,45.791408],[21.2111,45.791493],[21.211017,45.791633]]},"properties":{"name":"Calea Aradului"}},{"type":"Feature","geometry":{"type":"LineString","coordinates":[[21.217865,45.786863],[21.217725,45.786876],[21.217652,45.786887],[21.217587,45.786919],[21.217494,45.786986],[21.217337,45.78713],[21.217167,45.787276],[21.216926,45.787452],[21.216252,45.787902],[21.215486,45.788405],[21.213194,45.789894],[21.213032,45.789999],[21.212011,45.790662],[21.211339,45.791098],[21.211227,45.791259],[21.211146,45.791408],[21.2111,45.791493],[21.211017,45.791633]]},"properties":{"name":"Calea Aradului"}},{"type":"Feature","geometry":{"type":"LineString","coordinates":[[21.217865,45.786863],[21.217725,45.786876],[21.217652,45.786887],[21.217587,45.786919],[21.217494,45.786986],[21.217337,45.78713],[21.217167,45.787276],[21.216926,45.787452],[21.216252,45.787902],[21.215486,45.788405],[21.213194,45.789894],[21.213032,45.789999],[21.212011,45.790662],[21.211339,45.791098],[21.211227,45.791259],[21.211146,45.791408],[21.2111,45.791493],[21.211017,45.791633],[21.2111,45.791493],[21.211146,45.791408],[21.211227,45.791259],[21.211339,45.791098],[21.212011,45.790662],[21.213032,45.789999],[21.213194,45.789894],[21.215486,45.788405],[21.216252,45.787902],[21.216926,45.787452],[21.217167,45.787276],[21.217337,45.78713],[21.217494,45.786986],[21.217587,45.786919],[21.217652,45.786887],[21.217725,45.786876],[21.217865,45.786863]]},"properties":{"name":"Calea Aradului"}},{"type":"Feature","geometry":{"type":"LineString","coordinates":[[21.211275,45.791049],[21.211951,45.790614],[21.212967,45.789956],[21.21313,45.789847],[21.214307,45.789083],[21.214698,45.788832],[21.215424,45.788356],[21.216194,45.787848],[21.216862,45.787399],[21.217102,45.787226],[21.217272,45.78708],[21.21741,45.786945],[21.217439,45.786915],[21.217498,45.786854],[21.217547,45.78679],[21.217584,45.786722],[21.217608,45.786651]]},"properties":{"name":"Calea Aradului"}},{"type":"Feature","geometry":{"type":"LineString","coordinates":[[21.211275,45.791049],[21.211951,45.790614],[21.212967,45.789956],[21.21313,45.789847],[21.214307,45.789083],[21.214698,45.788832],[21.215424,45.788356],[21.216194,45.787848],[21.216862,45.787399],[21.217102,45.787226],[21.217272,45.78708],[21.21741,45.786945],[21.217439,45.786915],[21.217498,45.786854],[21.217547,45.78679],[21.217584,45.786722],[21.217608,45.786651]]},"properties":{"name":"Calea Aradului"}},{"type":"Feature","geometry":{"type":"LineString","coordinates":[[21.211275,45.791049],[21.211951,45.790614],[21.212967,45.789956],[21.21313,45.789847],[21.214307,45.789083],[21.214698,45.788832],[21.215424,45.788356],[21.216194,45.787848],[21.216862,45.787399],[21.217102,45.787226],[21.217272,45.78708],[21.21741,45.786945],[21.217439,45.786915],[21.217498,45.786854],[21.217547,45.78679],[21.217584,45.786722],[21.217608,45.786651]]},"properties":{"name":"Calea Aradului"}},{"type":"Feature","geometry":{"type":"LineString","coordinates":[[21.211275,45.791049],[21.211951,45.790614],[21.212967,45.789956],[21.21313,45.789847],[21.214307,45.789083],[21.214698,45.788832],[21.215424,45.788356],[21.216194,45.787848],[21.216862,45.787399],[21.217102,45.787226],[21.217272,45.78708],[21.21741,45.786945],[21.217439,45.786915],[21.217498,45.786854],[21.217547,45.78679],[21.217584,45.786722],[21.217608,45.786651],[21.217584,45.786722],[21.217547,45.78679],[21.217498,45.786854],[21.217439,45.786915],[21.21741,45.786945],[21.217272,45.78708],[21.217102,45.787226],[21.216862,45.787399],[21.216194,45.787848],[21.215424,45.788356],[21.214698,45.788832],[21.214307,45.789083],[21.21313,45.789847],[21.212967,45.789956],[21.211951,45.790614],[21.211275,45.791049]]},"properties":{"name":"Calea Aradului"}},{"type":"Feature","geometry":{"type":"LineString","coordinates":[[21.210532,45.79207],[21.210162,45.792155],[21.20973,45.792279],[21.209133,45.792492]]},"properties":{"name":"Calea Aradului"}},{"type":"Feature","geometry":{"type":"LineString","coordinates":[[21.210532,45.79207],[21.210162,45.792155],[21.20973,45.792279],[21.209133,45.792492]]},"properties":{"name":"Calea Aradului"}},{"type":"Feature","geometry":{"type":"LineString","coordinates":[[21.210532,45.79207],[21.210162,45.792155],[21.20973,45.792279],[21.209133,45.792492],[21.20973,45.792279],[21.210162,45.792155],[21.210532,45.79207]]},"properties":{"name":"Calea Aradului"}},{"type":"Feature","geometry":{"type":"LineString","coordinates":[[21.19484,45.810303],[21.194822,45.810212],[21.194817,45.8101],[21.194914,45.809832],[21.194954,45.809652]]},"properties":{"name":"Calea Aradului"}},{"type":"Feature","geometry":{"type":"LineString","coordinates":[[21.19484,45.810303],[21.194822,45.810212],[21.194817,45.8101],[21.194914,45.809832],[21.194954,45.809652]]},"properties":{"name":"Calea Aradului"}},{"type":"Feature","geometry":{"type":"LineString","coordinates":[[21.19484,45.810303],[21.194822,45.810212],[21.194817,45.8101],[21.194914,45.809832],[21.194954,45.809652],[21.194914,45.809832],[21.194817,45.8101],[21.194822,45.810212],[21.19484,45.810303]]},"properties":{"name":"Calea Aradului"}},{"type":"Feature","geometry":{"type":"LineString","coordinates":[[21.194456,45.810208],[21.194574,45.810109],[21.194632,45.810061],[21.194805,45.80981],[21.194954,45.809652],[21.195448,45.808804],[21.195732,45.808306],[21.196053,45.807732],[21.196216,45.807389],[21.196379,45.807026],[21.196578,45.806542],[21.196739,45.806208],[21.196814,45.806051],[21.196865,45.805965],[21.196946,45.805849],[21.197072,45.805685],[21.197237,45.805502],[21.197492,45.805274],[21.197993,45.804879],[21.198155,45.804758],[21.198411,45.804568],[21.198998,45.804139],[21.200104,45.80332],[21.200504,45.803007],[21.200786,45.802752],[21.201003,45.802493],[21.201242,45.802219],[21.202077,45.80116],[21.202643,45.800414],[21.203301,45.79952],[21.204468,45.797832],[21.205281,45.796602],[21.206066,45.795476],[21.206192,45.795293],[21.206976,45.794154],[21.20718,45.793889],[21.207431,45.793637],[21.20764,45.793462],[21.207877,45.793294],[21.209133,45.792492],[21.209281,45.792328],[21.211122,45.791138],[21.211275,45.791049]]},"properties":{"name":"Calea Aradului"}},{"type":"Feature","geometry":{"type":"LineString","coordinates":[[21.194456,45.810208],[21.194574,45.810109],[21.194632,45.810061],[21.194805,45.80981],[21.194954,45.809652],[21.195448,45.808804],[21.195732,45.808306],[21.196053,45.807732],[21.196216,45.807389],[21.196379,45.807026],[21.196578,45.806542],[21.196739,45.806208],[21.196814,45.806051],[21.196865,45.805965],[21.196946,45.805849],[21.197072,45.805685],[21.197237,45.805502],[21.197492,45.805274],[21.197993,45.804879],[21.198155,45.804758],[21.198411,45.804568],[21.198998,45.804139],[21.200104,45.80332],[21.200504,45.803007],[21.200786,45.802752],[21.201003,45.802493],[21.201242,45.802219],[21.202077,45.80116],[21.202643,45.800414],[21.203301,45.79952],[21.204468,45.797832],[21.205281,45.796602],[21.206066,45.795476],[21.206192,45.795293],[21.206976,45.794154],[21.20718,45.793889],[21.207431,45.793637],[21.20764,45.793462],[21.207877,45.793294],[21.209133,45.792492],[21.209281,45.792328],[21.211122,45.791138],[21.211275,45.791049]]},"properties":{"name":"Calea Aradului"}},{"type":"Feature","geometry":{"type":"LineString","coordinates":[[21.194456,45.810208],[21.194574,45.810109],[21.194632,45.810061],[21.194805,45.80981],[21.194954,45.809652],[21.195448,45.808804],[21.195732,45.808306],[21.196053,45.807732],[21.196216,45.807389],[21.196379,45.807026],[21.196578,45.806542],[21.196739,45.806208],[21.196814,45.806051],[21.196865,45.805965],[21.196946,45.805849],[21.197072,45.805685],[21.197237,45.805502],[21.197492,45.805274],[21.197993,45.804879],[21.198155,45.804758],[21.198411,45.804568],[21.198998,45.804139],[21.200104,45.80332],[21.200504,45.803007],[21.200786,45.802752],[21.201003,45.802493],[21.201242,45.802219],[21.202077,45.80116],[21.202643,45.800414],[21.203301,45.79952],[21.204468,45.797832],[21.205281,45.796602],[21.206066,45.795476],[21.206192,45.795293],[21.206976,45.794154],[21.20718,45.793889],[21.207431,45.793637],[21.20764,45.793462],[21.207877,45.793294],[21.209133,45.792492],[21.209281,45.792328],[21.211122,45.791138],[21.211275,45.791049],[21.211122,45.791138],[21.209281,45.792328],[21.209133,45.792492],[21.207877,45.793294],[21.20764,45.793462],[21.207431,45.793637],[21.20718,45.793889],[21.206976,45.794154],[21.206192,45.795293],[21.206066,45.795476],[21.205281,45.796602],[21.204468,45.797832],[21.203301,45.79952],[21.202643,45.800414],[21.202077,45.80116],[21.201242,45.802219],[21.201003,45.802493],[21.200786,45.802752],[21.200504,45.803007],[21.200104,45.80332],[21.198998,45.804139],[21.198411,45.804568],[21.198155,45.804758],[21.197993,45.804879],[21.197492,45.805274],[21.197237,45.805502],[21.197072,45.805685],[21.196946,45.805849],[21.196865,45.805965],[21.196814,45.806051],[21.196739,45.806208],[21.196578,45.806542],[21.196379,45.807026],[21.196216,45.807389],[21.196053,45.807732],[21.195732,45.808306],[21.195448,45.808804],[21.194954,45.809652],[21.194805,45.80981],[21.194632,45.810061],[21.194574,45.810109],[21.194456,45.810208]]},"properties":{"name":"Calea Aradului"}},{"type":"Feature","geometry":{"type":"LineString","coordinates":[[21.225401,45.765613],[21.225408,45.765719],[21.225422,45.765759],[21.22548,45.765913],[21.225504,45.76594],[21.225529,45.765967],[21.225558,45.765986],[21.225589,45.766001],[21.225638,45.766029],[21.2257,45.766069],[21.225736,45.766094],[21.225785,45.766128],[21.225884,45.766228],[21.225908,45.766274],[21.225936,45.766326],[21.225963,45.766436],[21.225979,45.766554],[21.225997,45.766696],[21.226002,45.766736],[21.226027,45.766952],[21.226031,45.767001],[21.226067,45.767408],[21.226078,45.767507],[21.226099,45.7677],[21.226126,45.767945],[21.226128,45.767966],[21.226134,45.768008],[21.226149,45.768078],[21.226186,45.768142],[21.226262,45.768182],[21.226435,45.768201],[21.226892,45.768174],[21.226952,45.768169],[21.227497,45.768125],[21.227703,45.768108],[21.228336,45.768059],[21.228499,45.768048],[21.228586,45.768041],[21.228814,45.768024],[21.229074,45.768004],[21.229208,45.767991],[21.229349,45.767976],[21.229396,45.767964],[21.229452,45.767951],[21.229499,45.767934],[21.229544,45.767914],[21.229591,45.767886]]},"properties":{"name":"Calea Sever Bocu"}},{"type":"Feature","geometry":{"type":"LineString","coordinates":[[21.226043,45.768285],[21.226234,45.768271],[21.226437,45.768258],[21.227494,45.768169],[21.228514,45.76809],[21.229095,45.768054],[21.229227,45.768045],[21.22927,45.768045]]},"properties":{"name":"Calea Sever Bocu"}},{"type":"Feature","geometry":{"type":"LineString","coordinates":[[21.229973,45.768066],[21.229954,45.768114],[21.229938,45.768158],[21.229943,45.768212],[21.229952,45.768262],[21.229967,45.768313],[21.229982,45.768355],[21.2301,45.76865],[21.230183,45.768858],[21.230218,45.768945],[21.230384,45.769351],[21.230417,45.769429],[21.230487,45.769608],[21.230518,45.769688],[21.230575,45.769843],[21.230639,45.770047],[21.230909,45.770924]]},"properties":{"name":"Calea Sever Bocu"}},{"type":"Feature","geometry":{"type":"LineString","coordinates":[[21.23396,45.778151],[21.233905,45.777995],[21.233733,45.777489],[21.233637,45.777267],[21.233531,45.777024],[21.23348,45.7769],[21.233452,45.776836],[21.233407,45.776733],[21.233393,45.7767],[21.233288,45.776456],[21.233247,45.776362],[21.233204,45.776278],[21.233129,45.776135],[21.233064,45.77601],[21.232992,45.775872]]},"properties":{"name":"Calea Sever Bocu"}},{"type":"Feature","geometry":{"type":"LineString","coordinates":[[21.234986,45.78033],[21.234933,45.780259],[21.23489,45.780185],[21.234834,45.780087],[21.234734,45.780001]]},"properties":{"name":"Calea Sever Bocu"}},{"type":"Feature","geometry":{"type":"LineString","coordinates":[[21.234803,45.780377],[21.234784,45.780291],[21.234762,45.78022],[21.23472,45.78011],[21.234734,45.780001],[21.234597,45.779652],[21.234518,45.779462],[21.23438,45.779132],[21.234309,45.778966],[21.234186,45.778685],[21.234157,45.778618],[21.23396,45.778151],[21.233743,45.777754],[21.233637,45.777511],[21.233543,45.777295],[21.23345,45.77708],[21.233435,45.777046],[21.233385,45.776931],[21.233313,45.776759],[21.233191,45.776477],[21.233149,45.77638],[21.23302,45.775961],[21.232992,45.775872],[21.232937,45.77574],[21.232828,45.775484],[21.232812,45.775444],[21.232788,45.775383],[21.232552,45.774853],[21.232358,45.774414],[21.232092,45.773809],[21.232049,45.773708],[21.231914,45.773396],[21.231839,45.77322],[21.231718,45.772933],[21.231696,45.772879],[21.23166,45.772798],[21.231295,45.771888],[21.23118,45.771601],[21.230909,45.770924],[21.230515,45.770079],[21.230366,45.769719],[21.230336,45.769644],[21.230262,45.769465],[21.230229,45.769387],[21.230203,45.769321],[21.230167,45.769242],[21.230014,45.76886],[21.229963,45.768732],[21.229809,45.768346],[21.229801,45.768326]]},"properties":{"name":"Calea Sever Bocu"}},{"type":"Feature","geometry":{"type":"LineString","coordinates":[[21.229633,45.768083],[21.229729,45.76818],[21.229739,45.768196],[21.229768,45.768243],[21.229801,45.768326],[21.22973,45.768262],[21.229653,45.768193],[21.229552,45.768131],[21.229435,45.76809],[21.229365,45.768067],[21.22927,45.768045],[21.229361,45.768048],[21.229407,45.76805],[21.229461,45.768055],[21.229513,45.768062],[21.229566,45.768068],[21.229616,45.768072]]},"properties":{"name":"Calea Sever Bocu"}},{"type":"Feature","geometry":{"type":"LineString","coordinates":[[21.235064,45.780559],[21.23505,45.780576],[21.235037,45.780598],[21.235031,45.780669],[21.235037,45.780709],[21.235058,45.780811],[21.235032,45.780866],[21.235058,45.780811],[21.235037,45.780709],[21.235031,45.780669],[21.235037,45.780598],[21.23505,45.780576],[21.235064,45.780559]]},"properties":{"name":"Calea Sever Bocu"}},{"type":"Feature","geometry":{"type":"LineString","coordinates":[[21.236282,45.784049],[21.236262,45.783987],[21.236239,45.783915],[21.236173,45.783837],[21.236239,45.783915],[21.236262,45.783987],[21.236282,45.784049]]},"properties":{"name":"Calea Sever Bocu"}},{"type":"Feature","geometry":{"type":"LineString","coordinates":[[21.23621,45.784075],[21.236169,45.783933],[21.236173,45.783837],[21.235407,45.781834],[21.235092,45.781012],[21.235032,45.780866],[21.234984,45.780832],[21.234932,45.780728],[21.234907,45.780677],[21.234886,45.780628],[21.234858,45.780569],[21.234886,45.780628],[21.234907,45.780677],[21.234932,45.780728],[21.234984,45.780832],[21.235032,45.780866],[21.235092,45.781012],[21.235407,45.781834],[21.236173,45.783837],[21.236169,45.783933],[21.23621,45.784075]]},"properties":{"name":"Calea Sever Bocu"}},{"type":"Feature","geometry":{"type":"LineString","coordinates":[[21.226043,45.768285],[21.225818,45.768309],[21.22493,45.768386],[21.224848,45.768393],[21.224694,45.768408],[21.224675,45.768409],[21.224662,45.768409],[21.224649,45.768408],[21.224635,45.768406],[21.224622,45.768405],[21.22461,45.768402],[21.224597,45.7684],[21.224565,45.768394],[21.224506,45.768381],[21.224418,45.768362],[21.224324,45.768338],[21.224261,45.768321],[21.224133,45.768294]]},"properties":{"name":"Strada Mitropolit Doctor Vasile Lăzărescu"}},{"type":"Feature","geometry":{"type":"LineString","coordinates":[[21.247212,45.731419],[21.247237,45.731522],[21.247283,45.731614],[21.247306,45.731666],[21.247356,45.73176],[21.247395,45.731848],[21.247398,45.731918]]},"properties":{"name":"Bulevardul Sudului"}},{"type":"Feature","geometry":{"type":"LineString","coordinates":[[21.250669,45.737248],[21.25064,45.737189],[21.250623,45.73715],[21.250587,45.737078],[21.250547,45.737014],[21.250518,45.736971],[21.250253,45.736608],[21.250096,45.736528]]},"properties":{"name":"Bulevardul Sudului"}},{"type":"Feature","geometry":{"type":"LineString","coordinates":[[21.246998,45.731535],[21.24707,45.731591],[21.247171,45.731702],[21.247325,45.731884],[21.247398,45.731918],[21.247434,45.731972],[21.247597,45.732256],[21.247699,45.732444],[21.247809,45.732655],[21.247861,45.732747],[21.248321,45.73353],[21.24835,45.73358],[21.248607,45.734028],[21.248744,45.734263],[21.248775,45.734318],[21.248853,45.734454],[21.249406,45.735376],[21.249463,45.735475],[21.249709,45.735897],[21.249995,45.736357],[21.250096,45.736528],[21.250109,45.73664],[21.250311,45.737055],[21.250341,45.737115],[21.250387,45.737193],[21.250408,45.737233],[21.250442,45.737285]]},"properties":{"name":"Bulevardul Sudului"}},{"type":"Feature","geometry":{"type":"LineString","coordinates":[[21.240702,45.738416],[21.240862,45.738397],[21.241035,45.738378],[21.241479,45.73833],[21.241678,45.738306],[21.242246,45.738223],[21.242825,45.738136],[21.243977,45.737996],[21.244515,45.737952],[21.244671,45.737931],[21.244886,45.737902],[21.245487,45.737842],[21.246861,45.737678],[21.247579,45.737588],[21.247681,45.737576],[21.248756,45.737455],[21.24936,45.737387],[21.249737,45.737357],[21.250091,45.737328],[21.250183,45.73732],[21.250216,45.737317],[21.250442,45.737285],[21.250669,45.737248],[21.250776,45.737227],[21.251364,45.737082],[21.251621,45.73702],[21.252365,45.736791],[21.252949,45.736578],[21.253595,45.736291],[21.253617,45.73628],[21.254019,45.73607],[21.25413,45.736008],[21.255299,45.735322],[21.25618,45.734852],[21.256334,45.734768],[21.256684,45.734574],[21.257646,45.734052],[21.258108,45.733831],[21.258421,45.733662],[21.258495,45.733623],[21.258575,45.73359],[21.258653,45.73357],[21.258748,45.733558],[21.258866,45.733561]]},"properties":{"name":"Bulevardul Liviu Rebreanu"}},{"type":"Feature","geometry":{"type":"LineString","coordinates":[[21.250341,45.737115],[21.250164,45.73714],[21.249535,45.737212],[21.249213,45.73725],[21.248167,45.737377],[21.247769,45.737424],[21.247197,45.737481],[21.246326,45.737598],[21.244854,45.737757],[21.244627,45.737785],[21.244484,45.737803],[21.243464,45.737943],[21.242678,45.738023],[21.241877,45.738118],[21.240985,45.73821],[21.240846,45.738226]]},"properties":{"name":"Bulevardul Liviu Rebreanu"}},{"type":"Feature","geometry":{"type":"LineString","coordinates":[[21.250587,45.737078],[21.250715,45.737054],[21.250797,45.737037],[21.251626,45.736863],[21.251791,45.736819],[21.251984,45.736764],[21.252423,45.736611],[21.252515,45.736581],[21.253165,45.736323],[21.253733,45.736036],[21.253948,45.735922],[21.254245,45.735766],[21.255175,45.73522],[21.256512,45.734485],[21.257188,45.734115],[21.258083,45.733612],[21.258255,45.733516],[21.258418,45.73342],[21.258488,45.733361],[21.258509,45.73333],[21.258513,45.733296]]},"properties":{"name":"Bulevardul Liviu Rebreanu"}},{"type":"Feature","geometry":{"type":"LineString","coordinates":[[21.238732,45.741383],[21.23882,45.741221],[21.239027,45.740801]]},"properties":{"name":"Strada Arieș"}},{"type":"Feature","geometry":{"type":"LineString","coordinates":[[21.236983,45.743651],[21.237127,45.743441],[21.237187,45.743356],[21.237438,45.743003],[21.237929,45.742302],[21.23809,45.742095],[21.238182,45.74198],[21.238358,45.741749],[21.238423,45.741654],[21.238548,45.74148],[21.238674,45.74128],[21.238747,45.741163],[21.239027,45.740801],[21.239275,45.740449],[21.239289,45.740428],[21.239326,45.740373],[21.239406,45.740255],[21.239471,45.740161],[21.2395,45.740118],[21.24025,45.73911]]},"properties":{"name":"Strada Arieș"}},{"type":"Feature","geometry":{"type":"LineString","coordinates":[[21.240985,45.73821],[21.240937,45.738283],[21.240915,45.738316],[21.240862,45.738397],[21.240788,45.738509],[21.240523,45.738843],[21.240381,45.738988],[21.240322,45.739048],[21.24025,45.73911],[21.240417,45.738809],[21.240493,45.738706],[21.24062,45.738525],[21.240702,45.738416],[21.240763,45.738335],[21.240789,45.738301],[21.240846,45.738226]]},"properties":{"name":"Strada Arieș"}},{"type":"Feature","geometry":{"type":"LineString","coordinates":[[21.238732,45.741383],[21.238775,45.741434],[21.238896,45.741552],[21.239062,45.741672],[21.239155,45.741732],[21.239365,45.741868],[21.239479,45.741913],[21.239555,45.741936],[21.239725,45.741991],[21.240814,45.742346],[21.24176,45.742679],[21.241982,45.742754],[21.242692,45.742997]]},"properties":{"name":"Strada Surorile Martir Caceu"}},{"type":"Feature","geometry":{"type":"LineString","coordinates":[[21.242692,45.742997],[21.242755,45.743048],[21.242782,45.743088],[21.242804,45.743151],[21.242814,45.74323],[21.242669,45.743426],[21.242636,45.743469],[21.242506,45.743652],[21.24222,45.744052],[21.241876,45.744533],[21.241438,45.745176],[21.241393,45.745244],[21.241378,45.745266],[21.241365,45.745285],[21.241345,45.745316],[21.241182,45.745555],[21.241116,45.745646],[21.240876,45.745994],[21.240818,45.746078],[21.240632,45.746364],[21.240424,45.746722],[21.240401,45.746762],[21.240376,45.746817],[21.240341,45.746884],[21.240249,45.747044],[21.240057,45.747361],[21.239629,45.747833],[21.239431,45.747994],[21.23913,45.748199],[21.239062,45.748245],[21.238925,45.74832],[21.23864,45.748462],[21.238456,45.74855],[21.238307,45.748614],[21.238013,45.748729],[21.23783,45.748782],[21.237522,45.748868],[21.237221,45.748936],[21.236853,45.749],[21.236715,45.749024],[21.236642,45.749035],[21.236525,45.749054]]},"properties":{"name":"Aleea F.C. Ripensia"}},{"type":"Feature","geometry":{"type":"LineString","coordinates":[[21.236525,45.749054],[21.236129,45.749125],[21.236047,45.74914]]},"properties":{"name":"Piața Leonardo da Vinci"}},{"type":"Feature","geometry":{"type":"LineString","coordinates":[[21.236047,45.74914],[21.235934,45.749172],[21.235826,45.749118],[21.235534,45.74898],[21.235417,45.748937],[21.23543,45.748862]]},"properties":{"name":"Piața Leonardo da Vinci"}},{"type":"Feature","geometry":{"type":"LineString","coordinates":[[21.23543,45.748862],[21.235445,45.748682],[21.235451,45.748615],[21.235719,45.748675],[21.235806,45.748702]]},"properties":{"name":"Piața Leonardo da Vinci"}},{"type":"Feature","geometry":{"type":"LineString","coordinates":[[21.23543,45.748862],[21.23548,45.748828],[21.235536,45.748791],[21.235629,45.748731],[21.235676,45.748718],[21.235741,45.748707],[21.235806,45.748702],[21.235919,45.748743],[21.23603,45.74879],[21.23604,45.748794],[21.236141,45.748837]]},"properties":{"name":"Piața Leonardo da Vinci"}},{"type":"Feature","geometry":{"type":"LineString","coordinates":[[21.236141,45.748837],[21.236428,45.748984],[21.236525,45.749054]]},"properties":{"name":"Piața Leonardo da Vinci"}},{"type":"Feature","geometry":{"type":"LineString","coordinates":[[21.236141,45.748837],[21.236172,45.748902],[21.236193,45.74896],[21.236188,45.748999],[21.236176,45.749034],[21.236157,45.749069],[21.236047,45.74914]]},"properties":{"name":"Piața Leonardo da Vinci"}},{"type":"Feature","geometry":{"type":"LineString","coordinates":[[21.235934,45.749172],[21.235832,45.749206],[21.235735,45.749261],[21.235671,45.749304],[21.235621,45.749357],[21.235569,45.749416],[21.235463,45.749527],[21.235344,45.749627],[21.235162,45.749767]]},"properties":{"name":"Strada Michelangelo"}},{"type":"Feature","geometry":{"type":"LineString","coordinates":[[21.232779,45.752678],[21.23284,45.752612],[21.233186,45.752224],[21.233329,45.752047],[21.233387,45.751974],[21.233463,45.751885],[21.233521,45.751816],[21.233884,45.751384],[21.233949,45.751191]]},"properties":{"name":"Strada Michelangelo"}},{"type":"Feature","geometry":{"type":"LineString","coordinates":[[21.232655,45.752626],[21.232714,45.752558],[21.233018,45.752167],[21.23324,45.751897],[21.233316,45.751809],[21.233376,45.751741],[21.233519,45.751578],[21.233739,45.751327],[21.233769,45.751299],[21.233949,45.751191],[21.234274,45.750809],[21.234514,45.750528],[21.234978,45.749976],[21.235162,45.749767],[21.235254,45.749601],[21.235282,45.749517],[21.235338,45.749302],[21.235384,45.749094],[21.235391,45.749067],[21.235417,45.748937]]},"properties":{"name":"Strada Michelangelo"}},{"type":"Feature","geometry":{"type":"LineString","coordinates":[[21.23336,45.754868],[21.23346,45.754814],[21.233572,45.754759],[21.233933,45.754571],[21.234229,45.754417],[21.234539,45.754256]]},"properties":{"name":"Strada Traian Grozăvescu"}},{"type":"Feature","geometry":{"type":"LineString","coordinates":[[21.232655,45.752626],[21.232779,45.752678],[21.2329,45.752731],[21.232934,45.752745],[21.233047,45.752799],[21.23316,45.752857],[21.233364,45.75297],[21.233451,45.753023],[21.233471,45.753036],[21.233565,45.753099],[21.23368,45.753184],[21.233772,45.753258],[21.233866,45.753339],[21.233943,45.753414],[21.234025,45.753496],[21.234088,45.753565],[21.234138,45.753625],[21.234172,45.753664],[21.234234,45.753744],[21.234302,45.753844],[21.234358,45.753936],[21.234528,45.754235],[21.234539,45.754256],[21.234861,45.75488],[21.235102,45.755367],[21.23514,45.755443],[21.235162,45.755498]]},"properties":{"name":"Bulevardul Mihai Eminescu"}},{"type":"Feature","geometry":{"type":"LineString","coordinates":[[21.235451,45.748615],[21.235443,45.748507],[21.235415,45.748377],[21.235395,45.748278],[21.23534,45.748074],[21.235311,45.747932],[21.235301,45.747805],[21.235296,45.747699],[21.235296,45.747617],[21.235297,45.7475],[21.235301,45.747398],[21.235308,45.74724],[21.235316,45.747103],[21.235326,45.747027],[21.235349,45.746907],[21.235359,45.746846],[21.235364,45.74681],[21.235418,45.746644],[21.23548,45.746408],[21.23588,45.7454],[21.235923,45.745313],[21.236311,45.744577],[21.236421,45.744413],[21.23665,45.744098],[21.236905,45.743759],[21.236952,45.743693],[21.236967,45.743673],[21.236983,45.743651]]},"properties":{"name":"Strada Cluj"}},{"type":"Feature","geometry":{"type":"LineString","coordinates":[[21.238548,45.74148],[21.238552,45.741378],[21.238533,45.741197],[21.2385,45.740752]]},"properties":{"name":"Calea Martirilor 1989"}},{"type":"Feature","geometry":{"type":"LineString","coordinates":[[21.238732,45.741383],[21.238674,45.74128],[21.238594,45.741146],[21.238579,45.741054],[21.2385,45.740752],[21.238498,45.740723],[21.238437,45.740336],[21.238417,45.740158],[21.238405,45.740053],[21.2384,45.740006],[21.238395,45.739961],[21.238295,45.739002]]},"properties":{"name":"Calea Martirilor 1989"}},{"type":"Feature","geometry":{"type":"LineString","coordinates":[[21.23674,45.721188],[21.236643,45.721359]]},"properties":{"name":"Calea Martirilor 1989"}},{"type":"Feature","geometry":{"type":"LineString","coordinates":[[21.237367,45.73064],[21.237416,45.730835],[21.237499,45.731482],[21.237524,45.731618],[21.237538,45.731695],[21.23756,45.731813],[21.237561,45.731933],[21.237548,45.732565]]},"properties":{"name":"Calea Martirilor 1989"}},{"type":"Feature","geometry":{"type":"LineString","coordinates":[[21.237272,45.729059],[21.237284,45.729678],[21.237314,45.730069],[21.237318,45.730112],[21.237367,45.73064],[21.237348,45.730807],[21.237365,45.731487],[21.237381,45.731619],[21.23739,45.731692],[21.237405,45.731817],[21.237548,45.732565],[21.237623,45.732995],[21.237645,45.73317],[21.237664,45.733362],[21.237683,45.733523],[21.237764,45.734247],[21.237769,45.7343],[21.237781,45.734418],[21.237792,45.734532],[21.237799,45.734607],[21.237808,45.7347],[21.237976,45.73619],[21.238064,45.736985],[21.238087,45.737177],[21.238086,45.73719],[21.238112,45.737434],[21.238161,45.737887],[21.238163,45.737903]]},"properties":{"name":"Calea Martirilor 1989"}},{"type":"Feature","geometry":{"type":"LineString","coordinates":[[21.236618,45.720999],[21.236643,45.721359],[21.236642,45.721398],[21.236641,45.721464],[21.236647,45.722573],[21.23665,45.722698],[21.236684,45.723624],[21.236688,45.724561],[21.236692,45.72464],[21.236694,45.724673],[21.2367,45.724809],[21.236709,45.724868],[21.236716,45.724914],[21.236723,45.724958],[21.236761,45.725149],[21.236867,45.725514],[21.236996,45.726643],[21.237027,45.726903],[21.237052,45.727157],[21.237126,45.727799],[21.237133,45.727863],[21.237162,45.728149],[21.237166,45.728187],[21.237191,45.728448],[21.237195,45.728486]]},"properties":{"name":"Calea Martirilor 1989"}},{"type":"Feature","geometry":{"type":"LineString","coordinates":[[21.236825,45.72104],[21.236748,45.721174]]},"properties":{"name":"Calea Martirilor 1989"}},{"type":"Feature","geometry":{"type":"LineString","coordinates":[[21.238295,45.739002],[21.238203,45.738794],[21.238174,45.738668],[21.238158,45.738582],[21.238154,45.738554],[21.238145,45.738489],[21.238133,45.738398],[21.238127,45.738096],[21.238163,45.737903],[21.238227,45.738094],[21.238251,45.738247],[21.238275,45.738404],[21.238285,45.738505],[21.238292,45.738558],[21.238295,45.738588],[21.238306,45.738669],[21.238321,45.73879],[21.238295,45.739002]]},"properties":{"name":"Calea Martirilor 1989"}},{"type":"Feature","geometry":{"type":"LineString","coordinates":[[21.237195,45.728486],[21.237253,45.728552],[21.237297,45.728652],[21.237306,45.728746],[21.237329,45.728914],[21.237317,45.729006],[21.237272,45.729059],[21.237234,45.729008],[21.237195,45.728918],[21.237166,45.728755],[21.237157,45.728655],[21.237164,45.728559],[21.237195,45.728486]]},"properties":{"name":"Calea Martirilor 1989"}},{"type":"Feature","geometry":{"type":"LineString","coordinates":[[21.237381,45.731619],[21.237524,45.731618],[21.237756,45.731616],[21.237966,45.731607],[21.238611,45.731567],[21.238772,45.731583]]},"properties":{"name":"Strada Mareșal Constantin Prezan"}},{"type":"Feature","geometry":{"type":"LineString","coordinates":[[21.246766,45.731233],[21.246666,45.731218],[21.246522,45.731196],[21.246393,45.731181],[21.246303,45.731176],[21.24621,45.731203]]},"properties":{"name":"Strada Mareșal Constantin Prezan"}},{"type":"Feature","geometry":{"type":"LineString","coordinates":[[21.246704,45.731368],[21.246612,45.731334],[21.246488,45.731298],[21.246289,45.731254],[21.24621,45.731203],[21.246049,45.731204],[21.24568,45.731207],[21.245069,45.731223],[21.244916,45.731229],[21.244696,45.731241],[21.244005,45.731282],[21.242977,45.731334],[21.241203,45.731438],[21.240984,45.731449],[21.240906,45.731453],[21.240827,45.731457],[21.240707,45.731462],[21.24058,45.731471],[21.239718,45.731528],[21.239199,45.731558],[21.238872,45.731577],[21.238772,45.731583],[21.238613,45.731644],[21.238278,45.731674],[21.237768,45.731699],[21.237538,45.731695]]},"properties":{"name":"Strada Mareșal Constantin Prezan"}},{"type":"Feature","geometry":{"type":"LineString","coordinates":[[21.247109,45.731197],[21.24735,45.731124],[21.247561,45.731074],[21.247651,45.73109]]},"properties":{"name":"Strada Mareșal Constantin Prezan"}},{"type":"Feature","geometry":{"type":"LineString","coordinates":[[21.253522,45.730739],[21.253627,45.730697],[21.253727,45.730654],[21.253778,45.730624],[21.253823,45.730592],[21.253886,45.730534]]},"properties":{"name":"Strada Mareșal Constantin Prezan"}},{"type":"Feature","geometry":{"type":"LineString","coordinates":[[21.24723,45.731353],[21.247319,45.731294],[21.247385,45.731252],[21.247441,45.731219],[21.247501,45.731191],[21.247602,45.731146],[21.247651,45.73109],[21.24775,45.731077],[21.247821,45.731068],[21.248239,45.731042],[21.248493,45.731024],[21.248783,45.731004],[21.249386,45.730969],[21.249642,45.730954],[21.249765,45.730948],[21.249836,45.730945],[21.249939,45.730938],[21.250532,45.730903],[21.251015,45.730878],[21.251772,45.730837],[21.252868,45.730777],[21.253491,45.73074],[21.253522,45.730739],[21.253578,45.730733],[21.253914,45.730694],[21.254066,45.730667],[21.254155,45.73064]]},"properties":{"name":"Strada Mareșal Constantin Prezan"}},{"type":"Feature","geometry":{"type":"LineString","coordinates":[[21.235417,45.748937],[21.23523,45.748867],[21.235034,45.748792],[21.234677,45.748668],[21.234488,45.748615],[21.234327,45.748578],[21.233829,45.748485],[21.233056,45.748371],[21.232615,45.748279],[21.232179,45.748139]]},"properties":{"name":"Bulevardul Vasile Pârvan"}},{"type":"Feature","geometry":{"type":"LineString","coordinates":[[21.227001,45.747771],[21.226668,45.747838],[21.226352,45.74788],[21.225743,45.747961],[21.225672,45.747973],[21.225558,45.747989],[21.225449,45.748001]]},"properties":{"name":"Bulevardul Vasile Pârvan"}},{"type":"Feature","geometry":{"type":"LineString","coordinates":[[21.235451,45.748615],[21.235295,45.748568],[21.235285,45.748566],[21.234929,45.748503],[21.234113,45.748338],[21.233812,45.748283],[21.232933,45.748139],[21.232711,45.748119],[21.232179,45.748139],[21.232071,45.74812],[21.231371,45.748016],[21.231309,45.748005],[21.231232,45.747994],[21.23116,45.747982],[21.231097,45.747975],[21.230736,45.747937],[21.230343,45.747895],[21.23027,45.747886],[21.229233,45.747795],[21.229098,45.747786],[21.228381,45.747752],[21.228001,45.747755],[21.227551,45.747758],[21.227204,45.747765],[21.227001,45.747771],[21.226801,45.74776],[21.226684,45.74776],[21.226377,45.747786],[21.226092,45.747808],[21.225654,45.747863],[21.225529,45.747883],[21.225414,45.747901]]},"properties":{"name":"Bulevardul Vasile Pârvan"}},{"type":"Feature","geometry":{"type":"LineString","coordinates":[[21.225558,45.747989],[21.225588,45.748093],[21.225613,45.748216],[21.225622,45.748351],[21.225613,45.748408],[21.225596,45.748448],[21.225569,45.748413],[21.225539,45.748359],[21.225488,45.748151],[21.225478,45.748107],[21.225449,45.748001]]},"properties":{"name":"Bulevardul Regele Ferdinand I"}},{"type":"Feature","geometry":{"type":"LineString","coordinates":[[21.225714,45.748929],[21.225566,45.749417],[21.225541,45.749515],[21.225513,45.749606],[21.225505,45.749681],[21.225485,45.74974],[21.22537,45.75012],[21.225269,45.75039],[21.225222,45.750527],[21.225184,45.750573],[21.225103,45.750802],[21.225062,45.750907],[21.225035,45.750975],[21.225011,45.75101],[21.224966,45.751052],[21.224916,45.751087],[21.224855,45.751111],[21.224575,45.751181],[21.224397,45.751227],[21.224193,45.751275],[21.224137,45.751295],[21.224042,45.751328],[21.223881,45.751364],[21.223751,45.751397],[21.223706,45.751412],[21.223633,45.751438],[21.22354,45.751484],[21.22321,45.751668],[21.222985,45.751811],[21.222876,45.751883],[21.222765,45.75196],[21.222411,45.752154],[21.221955,45.752404],[21.221479,45.752665],[21.221181,45.752829]]},"properties":{"name":"Bulevardul Regele Ferdinand I"}},{"type":"Feature","geometry":{"type":"LineString","coordinates":[[21.223978,45.751437],[21.223947,45.75145],[21.223891,45.751473],[21.223884,45.751476],[21.223755,45.751538],[21.223644,45.751592],[21.223529,45.751649],[21.223357,45.751733],[21.223046,45.751888],[21.223003,45.751911],[21.222783,45.752023],[21.222534,45.752156],[21.222287,45.752293],[21.221879,45.752533],[21.221839,45.75256],[21.221808,45.752584],[21.22178,45.752612],[21.221758,45.752637],[21.22174,45.752664],[21.221723,45.752695],[21.22171,45.752729],[21.221701,45.75276],[21.221697,45.752791],[21.221697,45.75282],[21.221701,45.752853],[21.221708,45.752882],[21.221718,45.752914]]},"properties":{"name":"Bulevardul Regele Ferdinand I"}},{"type":"Feature","geometry":{"type":"LineString","coordinates":[[21.225596,45.748448],[21.225714,45.748929]]},"properties":{"name":"Podul Mihai Viteazul"}},{"type":"Feature","geometry":{"type":"LineString","coordinates":[[21.225714,45.748929],[21.225899,45.749191],[21.225927,45.749227],[21.225946,45.749253],[21.225988,45.749309],[21.226066,45.749419],[21.226187,45.749621],[21.22659,45.750194],[21.22672,45.750379],[21.226778,45.750471],[21.226813,45.750533],[21.226829,45.750561],[21.226849,45.7506],[21.226869,45.75064],[21.226905,45.750713],[21.226938,45.750784],[21.226947,45.750803],[21.226965,45.750844],[21.226993,45.750899],[21.227003,45.75092],[21.227106,45.751138],[21.227264,45.751474],[21.227304,45.751558],[21.227337,45.751622],[21.22748,45.751931],[21.227569,45.752122],[21.227603,45.752194],[21.227623,45.752237],[21.227758,45.752525],[21.227842,45.752697],[21.227886,45.752798],[21.227907,45.752842],[21.22796,45.752953],[21.227978,45.752992]]},"properties":{"name":"Strada 20 Decembrie 1989"}},{"type":"Feature","geometry":{"type":"LineString","coordinates":[[21.228337,45.753354],[21.228249,45.753298],[21.228184,45.753236],[21.227978,45.752992],[21.227986,45.753021],[21.227995,45.753052],[21.228002,45.753081],[21.228009,45.753119],[21.22803,45.753214],[21.228052,45.753264],[21.228146,45.753427]]},"properties":{"name":"Strada 20 Decembrie 1989"}},{"type":"Feature","geometry":{"type":"LineString","coordinates":[[21.226965,45.750844],[21.22692,45.750848],[21.226651,45.750876],[21.226556,45.750892],[21.225836,45.751012],[21.225422,45.751081]]},"properties":{"name":"Bulevardul Constantin Diaconovici Loga"}},{"type":"Feature","geometry":{"type":"LineString","coordinates":[[21.225449,45.748001],[21.225414,45.747901],[21.225381,45.747775],[21.22536,45.747661],[21.225313,45.747292],[21.225294,45.747032],[21.225294,45.746895],[21.225309,45.746649],[21.225382,45.746022],[21.225477,45.745339],[21.225505,45.745171],[21.225541,45.744923],[21.225567,45.744748],[21.225587,45.74461],[21.225615,45.744438],[21.225955,45.742261],[21.225962,45.742191],[21.225963,45.742171]]},"properties":{"name":"Bulevardul Mihai Viteazu"}},{"type":"Feature","geometry":{"type":"LineString","coordinates":[[21.226057,45.742249],[21.226056,45.742265],[21.226039,45.742392],[21.2258,45.744021],[21.22575,45.744456],[21.22573,45.744613],[21.225705,45.744755],[21.225664,45.745003],[21.22565,45.745095],[21.225638,45.745176],[21.225611,45.745344],[21.225469,45.74632],[21.225421,45.746795],[21.225419,45.746956],[21.225446,45.747279],[21.225494,45.747694],[21.225507,45.747758],[21.225529,45.747883]]},"properties":{"name":"Bulevardul Mihai Viteazu"}},{"type":"Feature","geometry":{"type":"LineString","coordinates":[[21.221417,45.774713],[21.22127,45.774682],[21.221208,45.774668],[21.220891,45.7746],[21.220223,45.774421],[21.220012,45.774335],[21.219537,45.774084],[21.219507,45.774068],[21.219056,45.77383],[21.218762,45.773671],[21.218311,45.773444],[21.217661,45.773118],[21.217129,45.772813],[21.217056,45.772772],[21.216835,45.772644],[21.216732,45.77262],[21.216605,45.772565]]},"properties":{"name":"Strada Liege"}},{"type":"Feature","geometry":{"type":"LineString","coordinates":[[21.216605,45.772565],[21.216491,45.772499]]},"properties":{"name":"Strada Bucovinei"}},{"type":"Feature","geometry":{"type":"LineString","coordinates":[[21.224751,45.764358],[21.224723,45.76445],[21.224713,45.76448],[21.224664,45.764565],[21.224611,45.764623],[21.224539,45.76469],[21.224432,45.7648],[21.224342,45.764961],[21.223875,45.765454],[21.222535,45.766737],[21.221903,45.767329],[21.221828,45.767401],[21.221664,45.767559],[21.221294,45.767937],[21.221074,45.768148],[21.220854,45.768359],[21.220713,45.768431],[21.220599,45.768525],[21.220505,45.768614],[21.220334,45.768771],[21.220258,45.768842],[21.220192,45.768908],[21.220066,45.769041],[21.220019,45.769088],[21.219815,45.769281],[21.219613,45.769471],[21.219504,45.769652],[21.219253,45.769899],[21.219082,45.770069],[21.219049,45.770103],[21.218379,45.770742],[21.218342,45.770777],[21.21814,45.770972],[21.218035,45.771074],[21.217819,45.771284],[21.217259,45.771837],[21.217109,45.771919],[21.216852,45.77216],[21.216676,45.772325],[21.216574,45.772421],[21.216491,45.772499],[21.216387,45.7726],[21.216075,45.772903],[21.215936,45.773039],[21.215895,45.773133],[21.215851,45.773174],[21.215738,45.773285],[21.215515,45.7735],[21.215446,45.773566],[21.21504,45.773957],[21.214662,45.774322]]},"properties":{"name":"Calea Torontalului"}},{"type":"Feature","geometry":{"type":"LineString","coordinates":[[21.224739,45.764236],[21.224767,45.76427],[21.224806,45.764309],[21.224842,45.764374],[21.224856,45.764497]]},"properties":{"name":"Calea Torontalului"}},{"type":"Feature","geometry":{"type":"LineString","coordinates":[[21.224342,45.764961],[21.224524,45.764838],[21.224641,45.764722],[21.224756,45.764609],[21.224856,45.764497],[21.224942,45.764476],[21.225035,45.764464],[21.225201,45.764451]]},"properties":{"name":"Calea Torontalului"}},{"type":"Feature","geometry":{"type":"LineString","coordinates":[[21.220854,45.768359],[21.220791,45.768477],[21.220686,45.768586],[21.220429,45.768837],[21.220337,45.768926],[21.220273,45.768994],[21.22018,45.76909],[21.220108,45.76916],[21.219915,45.769348],[21.2197,45.769542],[21.219504,45.769652]]},"properties":{"name":"Calea Torontalului"}},{"type":"Feature","geometry":{"type":"LineString","coordinates":[[21.217259,45.771837],[21.217199,45.771975],[21.216795,45.772384],[21.21669,45.77249],[21.216605,45.772565],[21.216502,45.772655],[21.21627,45.772859],[21.216016,45.773082],[21.215895,45.773133]]},"properties":{"name":"Calea Torontalului"}},{"type":"Feature","geometry":{"type":"LineString","coordinates":[[21.210739,45.777864],[21.210845,45.7778],[21.21094,45.777729],[21.211032,45.777655],[21.21117,45.777599],[21.2112,45.777574],[21.211321,45.777472],[21.211391,45.777415],[21.211415,45.777393],[21.211644,45.777185],[21.211708,45.777126],[21.21182,45.777025],[21.211935,45.776915],[21.212052,45.776804],[21.212419,45.776455],[21.212498,45.776383],[21.212959,45.775962]]},"properties":{"name":"Calea Torontalului"}},{"type":"Feature","geometry":{"type":"LineString","coordinates":[[21.21117,45.777599],[21.211121,45.777701],[21.211058,45.777771],[21.211027,45.777824],[21.211019,45.777885],[21.211036,45.777938]]},"properties":{"name":"Calea Torontalului"}},{"type":"Feature","geometry":{"type":"LineString","coordinates":[[21.210342,45.778334],[21.210235,45.778393],[21.20995,45.778551]]},"properties":{"name":"Calea Torontalului"}},{"type":"Feature","geometry":{"type":"LineString","coordinates":[[21.188885,45.794428],[21.188415,45.794758],[21.188208,45.794904]]},"properties":{"name":"Calea Torontalului"}},{"type":"Feature","geometry":{"type":"LineString","coordinates":[[21.210143,45.778241],[21.21011,45.778312],[21.210057,45.778396],[21.20995,45.778551],[21.209491,45.778916],[21.20918,45.779151],[21.208848,45.779405],[21.208475,45.779699],[21.207318,45.780579],[21.206512,45.781196],[21.20574,45.781794],[21.205345,45.7821],[21.205191,45.782206],[21.203876,45.783253],[21.203795,45.783316],[21.203727,45.783368],[21.202886,45.784014],[21.202834,45.784052],[21.202488,45.784306],[21.20194,45.78471],[21.198714,45.787162],[21.198611,45.787238],[21.198565,45.787273],[21.197833,45.78783],[21.197289,45.788235],[21.195811,45.789334],[21.195005,45.789933],[21.194602,45.790233],[21.193768,45.79083],[21.193535,45.790997],[21.192021,45.792151],[21.190925,45.792939],[21.190184,45.793479],[21.189566,45.793915],[21.188885,45.794428],[21.188837,45.79446],[21.188801,45.794481],[21.188755,45.794503],[21.188713,45.794519],[21.188669,45.794533],[21.188626,45.794543],[21.188578,45.794552],[21.188533,45.794557],[21.188482,45.794559],[21.188448,45.794559],[21.1884,45.79456],[21.188352,45.794563],[21.188308,45.794569]]},"properties":{"name":"Calea Torontalului"}},{"type":"Feature","geometry":{"type":"LineString","coordinates":[[21.214662,45.774322],[21.214587,45.774455],[21.214359,45.774677],[21.213897,45.775126],[21.213801,45.775219],[21.213693,45.775324],[21.213402,45.775607],[21.213106,45.775895],[21.213069,45.775924],[21.212959,45.775962],[21.212978,45.775875],[21.213135,45.775721],[21.213314,45.775549],[21.213596,45.775275],[21.213691,45.775183],[21.2138,45.775077],[21.213996,45.774887],[21.214354,45.774539],[21.214504,45.774416],[21.214662,45.774322]]},"properties":{"name":"Calea Torontalului"}},{"type":"Feature","geometry":{"type":"LineString","coordinates":[[21.188208,45.794904],[21.188089,45.794987],[21.187723,45.795244],[21.188089,45.794987],[21.188208,45.794904]]},"properties":{"name":"Calea Torontalului"}},{"type":"Feature","geometry":{"type":"LineString","coordinates":[[21.164097,45.801178],[21.164447,45.801067],[21.164649,45.801002],[21.164786,45.800946],[21.166097,45.800441],[21.166282,45.800369],[21.166641,45.800235],[21.166964,45.800113],[21.16718,45.800031],[21.167314,45.799981],[21.167406,45.799946],[21.168321,45.799613],[21.168507,45.79955],[21.168641,45.799506],[21.168799,45.799453],[21.16903,45.799373],[21.169788,45.799112],[21.170381,45.798914],[21.170565,45.798856],[21.170381,45.798914],[21.169788,45.799112],[21.16903,45.799373],[21.168799,45.799453],[21.168641,45.799506],[21.168507,45.79955],[21.168321,45.799613],[21.167406,45.799946],[21.167314,45.799981],[21.16718,45.800031],[21.166964,45.800113],[21.166641,45.800235],[21.166282,45.800369],[21.166097,45.800441],[21.164786,45.800946],[21.164649,45.801002],[21.164447,45.801067],[21.164097,45.801178]]},"properties":{"name":"Calea Torontalului"}},{"type":"Feature","geometry":{"type":"LineString","coordinates":[[21.188308,45.794569],[21.188264,45.794578],[21.18822,45.794589],[21.188176,45.794604],[21.188131,45.794622],[21.18809,45.794643],[21.188053,45.794665],[21.188016,45.794692],[21.187986,45.794718],[21.187959,45.794747],[21.187935,45.794777],[21.187914,45.794813],[21.187902,45.794838],[21.18789,45.79487],[21.187883,45.794903],[21.18788,45.794935],[21.187879,45.79497],[21.187878,45.795003],[21.187871,45.79504],[21.187862,45.795071],[21.18785,45.7951],[21.187836,45.795125],[21.187816,45.795155],[21.187791,45.795185],[21.187763,45.795212],[21.187723,45.795244],[21.186056,45.796401],[21.184494,45.797475],[21.18378,45.797965],[21.183594,45.798094],[21.183404,45.798218],[21.183255,45.798315],[21.183022,45.798449],[21.182861,45.798537],[21.182756,45.798588],[21.18268,45.798619],[21.182627,45.798639],[21.182447,45.798708],[21.182139,45.798799],[21.182006,45.79883],[21.181698,45.798894],[21.181493,45.798927],[21.18132,45.798952],[21.18112,45.79897],[21.180943,45.798981],[21.180745,45.798989],[21.180377,45.798985],[21.180126,45.79898],[21.179792,45.79897],[21.178518,45.798921],[21.178174,45.798908],[21.177752,45.798895],[21.177326,45.798887]]},"properties":{"name":"Calea Torontalului"}},{"type":"Feature","geometry":{"type":"LineString","coordinates":[[21.188308,45.794569],[21.188264,45.794578],[21.18822,45.794589],[21.188176,45.794604],[21.188131,45.794622],[21.18809,45.794643],[21.188053,45.794665],[21.188016,45.794692],[21.187986,45.794718],[21.187959,45.794747],[21.187935,45.794777],[21.187914,45.794813],[21.187902,45.794838],[21.18789,45.79487],[21.187883,45.794903],[21.18788,45.794935],[21.187879,45.79497],[21.187878,45.795003],[21.187871,45.79504],[21.187862,45.795071],[21.18785,45.7951],[21.187836,45.795125],[21.187816,45.795155],[21.187791,45.795185],[21.187763,45.795212],[21.187723,45.795244],[21.186056,45.796401],[21.184494,45.797475],[21.18378,45.797965],[21.183594,45.798094],[21.183404,45.798218],[21.183255,45.798315],[21.183022,45.798449],[21.182861,45.798537],[21.182756,45.798588],[21.18268,45.798619],[21.182627,45.798639],[21.182447,45.798708],[21.182139,45.798799],[21.182006,45.79883],[21.181698,45.798894],[21.181493,45.798927],[21.18132,45.798952],[21.18112,45.79897],[21.180943,45.798981],[21.180745,45.798989],[21.180377,45.798985],[21.180126,45.79898],[21.179792,45.79897],[21.178518,45.798921],[21.178174,45.798908],[21.177752,45.798895],[21.177326,45.798887]]},"properties":{"name":"Calea Torontalului"}},{"type":"Feature","geometry":{"type":"LineString","coordinates":[[21.177326,45.798887],[21.17697,45.798887],[21.175128,45.798865],[21.174952,45.79886],[21.174769,45.798854],[21.17461,45.798846],[21.174434,45.798837],[21.173853,45.798803],[21.173785,45.798798],[21.173628,45.798789],[21.172327,45.79871],[21.172045,45.798694],[21.171959,45.79869],[21.171867,45.798687],[21.171776,45.798686],[21.17169,45.798688],[21.171593,45.798692],[21.171497,45.798698],[21.171408,45.798705],[21.171322,45.798713],[21.171232,45.798723],[21.171137,45.798736],[21.171047,45.798749],[21.170959,45.798765],[21.170862,45.798784],[21.170762,45.798807],[21.170657,45.798832],[21.170565,45.798856],[21.170764,45.798792],[21.170874,45.798758],[21.170985,45.798728],[21.171101,45.7987],[21.171203,45.798681],[21.17131,45.798665],[21.171394,45.798654],[21.171486,45.798645],[21.171571,45.798638],[21.171657,45.798633],[21.171759,45.798631],[21.171853,45.79863],[21.171961,45.798632],[21.172071,45.798636],[21.172203,45.798641],[21.172334,45.798648],[21.173421,45.798714],[21.173785,45.798736],[21.173877,45.798743],[21.174036,45.79875],[21.175608,45.798847],[21.175981,45.798849],[21.176405,45.798861],[21.176971,45.79886],[21.177326,45.798887]]},"properties":{"name":"Calea Torontalului"}},{"type":"Feature","geometry":{"type":"LineString","coordinates":[[21.177326,45.798887],[21.17697,45.798887],[21.175128,45.798865],[21.174952,45.79886],[21.174769,45.798854],[21.17461,45.798846],[21.174434,45.798837],[21.173853,45.798803],[21.173785,45.798798],[21.173628,45.798789],[21.172327,45.79871],[21.172045,45.798694],[21.171959,45.79869],[21.171867,45.798687],[21.171776,45.798686],[21.17169,45.798688],[21.171593,45.798692],[21.171497,45.798698],[21.171408,45.798705],[21.171322,45.798713],[21.171232,45.798723],[21.171137,45.798736],[21.171047,45.798749],[21.170959,45.798765],[21.170862,45.798784],[21.170762,45.798807],[21.170657,45.798832],[21.170565,45.798856],[21.170764,45.798792],[21.170874,45.798758],[21.170985,45.798728],[21.171101,45.7987],[21.171203,45.798681],[21.17131,45.798665],[21.171394,45.798654],[21.171486,45.798645],[21.171571,45.798638],[21.171657,45.798633],[21.171759,45.798631],[21.171853,45.79863],[21.171961,45.798632],[21.172071,45.798636],[21.172203,45.798641],[21.172334,45.798648],[21.173421,45.798714],[21.173785,45.798736],[21.173877,45.798743],[21.174036,45.79875],[21.175608,45.798847],[21.175981,45.798849],[21.176405,45.798861],[21.176971,45.79886],[21.177326,45.798887]]},"properties":{"name":"Calea Torontalului"}},{"type":"Feature","geometry":{"type":"LineString","coordinates":[[21.224751,45.764358],[21.224746,45.764297],[21.224739,45.764236],[21.2247,45.764157],[21.224682,45.764082],[21.224682,45.764017],[21.224706,45.763918],[21.224744,45.763883],[21.224804,45.763835],[21.22489,45.763783],[21.225012,45.763727],[21.225131,45.76369],[21.225378,45.763633],[21.225437,45.763616],[21.225588,45.763585]]},"properties":{"name":"Piața Consiliul Europei"}},{"type":"Feature","geometry":{"type":"LineString","coordinates":[[21.223906,45.76409],[21.224262,45.764154],[21.224604,45.764212],[21.224739,45.764236]]},"properties":{"name":"Piața Consiliul Europei"}},{"type":"Feature","geometry":{"type":"LineString","coordinates":[[21.225548,45.764427],[21.225503,45.764466],[21.225438,45.764482],[21.22538,45.764485],[21.225278,45.764469],[21.225201,45.764451]]},"properties":{"name":"Piața Consiliul Europei"}},{"type":"Feature","geometry":{"type":"LineString","coordinates":[[21.236525,45.749054],[21.236587,45.749106],[21.236625,45.749134],[21.236716,45.749238],[21.236862,45.749432],[21.237127,45.749683],[21.23754,45.750067],[21.237769,45.750298],[21.237859,45.750549]]},"properties":{"name":"Bulevardul Corneliu Coposu"}},{"type":"Feature","geometry":{"type":"LineString","coordinates":[[21.240131,45.754051],[21.240044,45.753885],[21.239946,45.753699],[21.239828,45.753517],[21.239232,45.752523],[21.238468,45.751344],[21.238415,45.75127],[21.238223,45.751001],[21.238171,45.750928],[21.238026,45.750737],[21.237859,45.750549],[21.237543,45.750394],[21.236941,45.749832],[21.236734,45.749665],[21.23636,45.749416],[21.236073,45.749251],[21.236035,45.749229],[21.235934,45.749172]]},"properties":{"name":"Bulevardul Corneliu Coposu"}},{"type":"Feature","geometry":{"type":"LineString","coordinates":[[21.258128,45.759185],[21.258185,45.759146],[21.258227,45.759117],[21.258501,45.758997],[21.258605,45.758952],[21.25903,45.758766],[21.260473,45.758162],[21.262105,45.757466],[21.263486,45.756844],[21.263641,45.756775],[21.263779,45.756735]]},"properties":{"name":"Strada Iosif Vulcan"}},{"type":"Feature","geometry":{"type":"LineString","coordinates":[[21.262708,45.745244],[21.262745,45.74562],[21.262774,45.745952],[21.262838,45.746566],[21.262867,45.74686],[21.262883,45.747023],[21.262899,45.74718],[21.262921,45.7474],[21.262971,45.747909],[21.263127,45.74949],[21.26318,45.750031],[21.263319,45.751439],[21.263329,45.751533],[21.263334,45.751589],[21.263338,45.75163],[21.263344,45.751686],[21.263392,45.752336],[21.263412,45.752602],[21.263458,45.753213],[21.263478,45.753412],[21.263495,45.753572],[21.263568,45.75426],[21.263578,45.754338],[21.263763,45.755933],[21.263783,45.756131],[21.263823,45.756465],[21.263859,45.756615]]},"properties":{"name":"Strada Câmpului"}},{"type":"Feature","geometry":{"type":"LineString","coordinates":[[21.293925,45.764212],[21.293902,45.764179],[21.293901,45.764138],[21.293917,45.764018],[21.293919,45.763922],[21.293893,45.763785],[21.293424,45.763558],[21.293194,45.763447]]},"properties":{"name":"Strada Câmpului"}},{"type":"Feature","geometry":{"type":"LineString","coordinates":[[21.263783,45.756131],[21.263977,45.756059],[21.264294,45.755944],[21.264855,45.755745],[21.264952,45.755712],[21.265109,45.755668],[21.266078,45.755403],[21.266457,45.755299],[21.267371,45.755041],[21.268377,45.754735],[21.268488,45.754704],[21.26866,45.754656],[21.269659,45.754376],[21.270992,45.75401],[21.271109,45.753985],[21.271219,45.753984],[21.271309,45.753999],[21.271386,45.754026],[21.271457,45.754073],[21.27154,45.754146],[21.271982,45.754666],[21.272588,45.755377],[21.272641,45.755424],[21.2727,45.755459]]},"properties":{"name":"Strada Rudolf Walter"}},{"type":"Feature","geometry":{"type":"LineString","coordinates":[[21.2727,45.755459],[21.27279,45.755473],[21.272891,45.755462],[21.273076,45.755408],[21.274639,45.754966],[21.2758,45.754643],[21.275992,45.75459],[21.276394,45.75448],[21.277217,45.754255],[21.278471,45.753913],[21.279803,45.753549],[21.280109,45.753465],[21.28105,45.753209],[21.282244,45.752883]]},"properties":{"name":"Strada Canalul Bega"}},{"type":"Feature","geometry":{"type":"LineString","coordinates":[[21.282244,45.752883],[21.283058,45.751414],[21.283151,45.751239],[21.283566,45.750546],[21.283967,45.749827],[21.284363,45.749097],[21.284772,45.74838],[21.285157,45.747673]]},"properties":{"name":"Strada Martir Cornel Popescu (1918)"}},{"type":"Feature","geometry":{"type":"LineString","coordinates":[[21.281306,45.750734],[21.282232,45.750987],[21.283151,45.751239]]},"properties":{"name":"Strada Nicolae Tincu Velea"}},{"type":"Feature","geometry":{"type":"LineString","coordinates":[[21.281306,45.750734],[21.281428,45.750507]]},"properties":{"name":"Strada Jókai Mór"}},{"type":"Feature","geometry":{"type":"LineString","coordinates":[[21.279787,45.750062],[21.280496,45.750254],[21.280934,45.750373],[21.281428,45.750507]]},"properties":{"name":"Strada Tata Oancea"}},{"type":"Feature","geometry":{"type":"LineString","coordinates":[[21.279753,45.750053],[21.279538,45.749995],[21.27862,45.749746]]},"properties":{"name":"Strada Tata Oancea"}},{"type":"Feature","geometry":{"type":"LineString","coordinates":[[21.279951,45.745273],[21.28012,45.745421],[21.280181,45.745478],[21.280238,45.745552],[21.280302,45.745671],[21.280348,45.745818],[21.280366,45.746009],[21.28037,45.746228],[21.280375,45.746484],[21.280362,45.746564],[21.280322,45.746654],[21.279861,45.747485],[21.279474,45.748197],[21.27862,45.749746],[21.278359,45.750219],[21.277581,45.75163],[21.2772,45.752322],[21.277145,45.752421],[21.276665,45.753292],[21.276247,45.754049],[21.276042,45.754432],[21.275983,45.754541],[21.275982,45.754565],[21.275992,45.75459]]},"properties":{"name":"Strada Albăstrelelor"}},{"type":"Feature","geometry":{"type":"LineString","coordinates":[[21.279951,45.745273],[21.279802,45.745295],[21.27969,45.745295],[21.278416,45.745192],[21.275862,45.74495],[21.275242,45.744892],[21.275141,45.744882],[21.274952,45.744866],[21.274479,45.744825],[21.274425,45.74482],[21.274027,45.744783],[21.27345,45.744726],[21.273291,45.744709],[21.273093,45.744688],[21.272828,45.74466],[21.272728,45.74465],[21.272543,45.744631],[21.272359,45.744624],[21.270079,45.744603],[21.269863,45.7446],[21.267109,45.74457]]},"properties":{"name":"Calea Moșniței"}},{"type":"Feature","geometry":{"type":"LineString","coordinates":[[21.267109,45.74457],[21.266648,45.744577],[21.266484,45.744582],[21.266245,45.744608],[21.264965,45.744824],[21.263686,45.745053],[21.263285,45.745131],[21.263049,45.745177],[21.262708,45.745244]]},"properties":{"name":"Strada Torac"}},{"type":"Feature","geometry":{"type":"LineString","coordinates":[[21.258007,45.759266],[21.258062,45.759229],[21.258091,45.759209],[21.258128,45.759185]]},"properties":{"name":"Piața Sarmizegetusa"}},{"type":"Feature","geometry":{"type":"LineString","coordinates":[[21.253489,45.747894],[21.253613,45.747578],[21.253702,45.747336],[21.253867,45.746919],[21.253959,45.746671],[21.254045,45.746463],[21.25407,45.746391],[21.254191,45.746078],[21.254286,45.74583],[21.254305,45.745778],[21.254318,45.74574],[21.254397,45.745519]]},"properties":{"name":"Calea Stan Vidrighin"}},{"type":"Feature","geometry":{"type":"LineString","coordinates":[[21.254596,45.745619],[21.254539,45.745787],[21.254251,45.746521],[21.25387,45.747488],[21.253553,45.748292],[21.253412,45.748645],[21.253401,45.748673],[21.253316,45.748886]]},"properties":{"name":"Calea Stan Vidrighin"}},{"type":"Feature","geometry":{"type":"LineString","coordinates":[[21.253176,45.74874],[21.253212,45.748635],[21.253483,45.74791]]},"properties":{"name":"Calea Stan Vidrighin"}},{"type":"Feature","geometry":{"type":"LineString","coordinates":[[21.254596,45.745619],[21.254504,45.745573],[21.254465,45.745553],[21.254397,45.745519]]},"properties":{"name":"Strada Profesor Doctor Aurel Păunescu Podeanu"}},{"type":"Feature","geometry":{"type":"LineString","coordinates":[[21.253316,45.748886],[21.25302,45.749664],[21.252973,45.749766],[21.252781,45.75016],[21.252713,45.750289],[21.252428,45.750752],[21.252337,45.750897],[21.252274,45.750997],[21.252182,45.751139],[21.252076,45.751277],[21.252037,45.751325],[21.251945,45.751413],[21.251247,45.751989],[21.251095,45.752127],[21.250895,45.752266],[21.250772,45.752373],[21.250619,45.752438],[21.25058,45.752454]]},"properties":{"name":"Strada Ștefan cel Mare"}},{"type":"Feature","geometry":{"type":"LineString","coordinates":[[21.249105,45.754976],[21.249213,45.754875],[21.249302,45.754776],[21.249511,45.754423],[21.249874,45.753648],[21.249905,45.753595],[21.250228,45.752996],[21.250408,45.752665],[21.250467,45.752571],[21.25058,45.752454],[21.250596,45.7524],[21.250629,45.752289],[21.251112,45.751907],[21.25134,45.751718],[21.251519,45.75157],[21.251742,45.751383],[21.251825,45.751299],[21.2519,45.75121],[21.251954,45.751135],[21.252073,45.750937],[21.252132,45.750839],[21.252219,45.750694],[21.252421,45.750352],[21.25264,45.749987],[21.252788,45.749693],[21.252825,45.749615],[21.252928,45.749387],[21.253058,45.749099],[21.253086,45.749018],[21.253115,45.748935],[21.253137,45.748861],[21.253154,45.748813],[21.253176,45.74874]]},"properties":{"name":"Strada Ștefan cel Mare"}},{"type":"Feature","geometry":{"type":"LineString","coordinates":[[21.248938,45.759969],[21.248895,45.760027],[21.248825,45.760122],[21.248584,45.760471],[21.248569,45.760492],[21.248535,45.760543]]},"properties":{"name":"Podul Dacilor"}},{"type":"Feature","geometry":{"type":"LineString","coordinates":[[21.247735,45.762568],[21.247796,45.762438],[21.247804,45.762421],[21.247854,45.762314],[21.24797,45.76205],[21.248028,45.76185],[21.248534,45.760656],[21.248534,45.760596],[21.248535,45.760543],[21.248485,45.760586],[21.248462,45.760606],[21.247673,45.762411],[21.247632,45.762477],[21.247592,45.762534]]},"properties":{"name":"Piața Badea Cârțan"}},{"type":"Feature","geometry":{"type":"LineString","coordinates":[[21.248535,45.760543],[21.24851,45.760538],[21.248413,45.760518],[21.248352,45.760504],[21.248196,45.760467],[21.247699,45.76035],[21.247457,45.760293],[21.247023,45.760191],[21.246643,45.760102],[21.245893,45.759922],[21.245737,45.759882],[21.24562,45.759854],[21.245364,45.759786],[21.24516,45.759728],[21.244955,45.759663],[21.244849,45.759628],[21.244763,45.759599],[21.24457,45.759533],[21.244406,45.75947],[21.244238,45.7594],[21.244145,45.759359],[21.24406,45.759321],[21.243873,45.75923],[21.243369,45.758971],[21.24331,45.758942],[21.2431,45.758843],[21.243063,45.758826],[21.243018,45.758809],[21.242948,45.758786],[21.242912,45.758776],[21.242866,45.758765],[21.242817,45.758756],[21.242784,45.758752],[21.242563,45.758729],[21.242411,45.758712]]},"properties":{"name":"Splaiul Protopop Meleție Drăghici"}},{"type":"Feature","geometry":{"type":"LineString","coordinates":[[21.242411,45.758712],[21.242338,45.758695],[21.242228,45.75867],[21.242134,45.758645],[21.24203,45.75861],[21.24195,45.758582],[21.241874,45.758549],[21.241795,45.758512],[21.241705,45.758462],[21.241592,45.758385],[21.241457,45.758284],[21.241359,45.758203],[21.241236,45.75809],[21.240971,45.757818],[21.240813,45.757651],[21.24065,45.757465],[21.24062,45.757429],[21.240537,45.757329],[21.240397,45.757149],[21.240287,45.75699],[21.240177,45.756816],[21.239888,45.756329],[21.239778,45.756154],[21.239709,45.756029],[21.239674,45.755968]]},"properties":{"name":"Strada Andrei Mocioni"}},{"type":"Feature","geometry":{"type":"LineString","coordinates":[[21.277755,45.726774],[21.277808,45.726763],[21.277861,45.726753],[21.277994,45.726726],[21.278293,45.726667],[21.278456,45.726635],[21.278554,45.726615],[21.278733,45.72658],[21.278773,45.726572],[21.278985,45.72653],[21.279044,45.726518],[21.279664,45.726395],[21.279974,45.726334],[21.280006,45.726327],[21.280104,45.726308],[21.280155,45.726298],[21.28026,45.726278],[21.280756,45.726187],[21.280927,45.726155],[21.281115,45.72612],[21.281431,45.726062],[21.281637,45.726023],[21.282075,45.726008],[21.282168,45.725992],[21.282337,45.725964],[21.282572,45.725925],[21.282773,45.725892],[21.282919,45.725868],[21.283154,45.725829],[21.28339,45.725744]]},"properties":{"name":"Calea Buziașului"}},{"type":"Feature","geometry":{"type":"LineString","coordinates":[[21.277156,45.726993],[21.277213,45.726958],[21.277262,45.726939],[21.277328,45.726915],[21.277471,45.726868],[21.277635,45.726829],[21.277703,45.7268],[21.277755,45.726774],[21.277605,45.726775],[21.277459,45.726796],[21.277283,45.726824],[21.277198,45.72683],[21.277112,45.726826]]},"properties":{"name":"Calea Buziașului"}},{"type":"Feature","geometry":{"type":"LineString","coordinates":[[21.276894,45.727033],[21.276717,45.727038],[21.276613,45.727052],[21.27636,45.727108],[21.276227,45.72711]]},"properties":{"name":"Calea Buziașului"}},{"type":"Feature","geometry":{"type":"LineString","coordinates":[[21.276834,45.726869],[21.27675,45.726915],[21.276665,45.726951],[21.276582,45.726984],[21.27646,45.727018],[21.276337,45.72705],[21.276227,45.72711],[21.276045,45.72715],[21.274935,45.727397],[21.274315,45.727554],[21.273626,45.727753],[21.272962,45.727962],[21.271995,45.728252],[21.270356,45.728761],[21.270015,45.728864],[21.26949,45.729022],[21.269265,45.72909],[21.268291,45.729383],[21.268024,45.729464],[21.267672,45.729566],[21.266724,45.729842],[21.266147,45.730002],[21.265998,45.729991],[21.265843,45.730014],[21.265653,45.730036],[21.265169,45.730096]]},"properties":{"name":"Calea Buziașului"}},{"type":"Feature","geometry":{"type":"LineString","coordinates":[[21.266147,45.730002],[21.266029,45.730069],[21.265855,45.730102],[21.265669,45.730123],[21.265512,45.730158],[21.265402,45.730197],[21.265298,45.730252]]},"properties":{"name":"Calea Buziașului"}},{"type":"Feature","geometry":{"type":"LineString","coordinates":[[21.264986,45.730351],[21.264701,45.730418],[21.264541,45.730456]]},"properties":{"name":"Calea Buziașului"}},{"type":"Feature","geometry":{"type":"LineString","coordinates":[[21.260172,45.732719],[21.260178,45.732656],[21.260203,45.732606],[21.260256,45.732559],[21.260444,45.732451],[21.261232,45.732001],[21.261313,45.731955],[21.261401,45.73184]]},"properties":{"name":"Calea Buziașului"}},{"type":"Feature","geometry":{"type":"LineString","coordinates":[[21.264875,45.73022],[21.264797,45.730275],[21.264654,45.730376],[21.264541,45.730456],[21.264489,45.730479],[21.263963,45.730669],[21.263425,45.730868],[21.262904,45.731088],[21.262342,45.731349],[21.26214,45.731449],[21.262058,45.731492],[21.261934,45.731554],[21.261646,45.731706],[21.261401,45.73184],[21.261242,45.731887],[21.260844,45.732105],[21.2604,45.732348],[21.260355,45.732373],[21.260163,45.732479],[21.260117,45.7325],[21.260079,45.73251],[21.260046,45.732513],[21.26,45.732506],[21.259835,45.732458]]},"properties":{"name":"Calea Buziașului"}},{"type":"Feature","geometry":{"type":"LineString","coordinates":[[21.281637,45.726023],[21.28179,45.72599],[21.282119,45.725926],[21.282371,45.725877]]},"properties":{"name":"Calea Buziașului"}},{"type":"Feature","geometry":{"type":"LineString","coordinates":[[21.282479,45.725853],[21.282742,45.725797],[21.282917,45.72576],[21.283006,45.725757],[21.283186,45.72575],[21.28339,45.725744]]},"properties":{"name":"Calea Buziașului"}},{"type":"Feature","geometry":{"type":"LineString","coordinates":[[21.28339,45.725744],[21.283713,45.725692],[21.283772,45.725682],[21.284016,45.725643],[21.284134,45.725624],[21.284185,45.725616],[21.284231,45.725609],[21.28428,45.725601],[21.284486,45.725568],[21.284577,45.725553],[21.284711,45.725532],[21.285106,45.725469],[21.286193,45.725308]]},"properties":{"name":"Calea Buziașului"}},{"type":"Feature","geometry":{"type":"LineString","coordinates":[[21.28339,45.725744],[21.283713,45.725692],[21.283772,45.725682],[21.284016,45.725643],[21.284134,45.725624],[21.284185,45.725616],[21.284231,45.725609],[21.28428,45.725601],[21.284486,45.725568],[21.284577,45.725553],[21.284711,45.725532],[21.285106,45.725469],[21.286193,45.725308],[21.285106,45.725469],[21.284711,45.725532],[21.284577,45.725553],[21.284486,45.725568],[21.28428,45.725601],[21.284231,45.725609],[21.284185,45.725616],[21.284134,45.725624],[21.284016,45.725643],[21.283772,45.725682],[21.283713,45.725692],[21.28339,45.725744]]},"properties":{"name":"Calea Buziașului"}},{"type":"Feature","geometry":{"type":"LineString","coordinates":[[21.286536,45.725125],[21.286478,45.725172],[21.286411,45.725218],[21.286326,45.725258],[21.286193,45.725308],[21.286337,45.725306],[21.286435,45.725309],[21.286523,45.725314],[21.286626,45.725327]]},"properties":{"name":"Calea Buziașului"}},{"type":"Feature","geometry":{"type":"LineString","coordinates":[[21.286536,45.725125],[21.286478,45.725172],[21.286411,45.725218],[21.286326,45.725258],[21.286193,45.725308],[21.286337,45.725306],[21.286435,45.725309],[21.286523,45.725314],[21.286626,45.725327],[21.286523,45.725314],[21.286435,45.725309],[21.286337,45.725306],[21.286193,45.725308],[21.286326,45.725258],[21.286411,45.725218],[21.286478,45.725172],[21.286536,45.725125]]},"properties":{"name":"Calea Buziașului"}},{"type":"Feature","geometry":{"type":"LineString","coordinates":[[21.27007,45.728949],[21.270015,45.728864]]},"properties":{"name":"Strada Olarilor"}},{"type":"Feature","geometry":{"type":"LineString","coordinates":[[21.26949,45.729022],[21.26958,45.729164],[21.269612,45.729219],[21.269695,45.729324],[21.269822,45.729485],[21.270411,45.730233],[21.27059,45.730451],[21.270632,45.730503],[21.270743,45.730668],[21.270833,45.731118],[21.270867,45.731279],[21.270861,45.731379],[21.270828,45.731445],[21.270749,45.731493],[21.270622,45.73155],[21.270527,45.731608],[21.270477,45.731645],[21.27044,45.731699],[21.270413,45.7318],[21.270421,45.731947],[21.270483,45.732295],[21.270513,45.732476],[21.270545,45.732711],[21.270546,45.732768],[21.270515,45.732861],[21.270477,45.732899],[21.269883,45.733187],[21.269818,45.733221],[21.269763,45.733244],[21.269684,45.73325],[21.269609,45.733235],[21.26957,45.733217],[21.268671,45.73279],[21.268579,45.732784],[21.26847,45.732785],[21.267638,45.732869],[21.26755,45.732878],[21.266657,45.732968],[21.266401,45.732994],[21.266193,45.733037],[21.266081,45.733065],[21.265913,45.733122]]},"properties":{"name":"Strada Siemens"}},{"type":"Feature","geometry":{"type":"LineString","coordinates":[[21.265339,45.73643],[21.265324,45.73633]]},"properties":{"name":"Strada Siemens"}},{"type":"Feature","geometry":{"type":"LineString","coordinates":[[21.265265,45.736417],[21.265324,45.73633],[21.26544,45.736064],[21.265542,45.735851],[21.265629,45.735661],[21.265838,45.735156],[21.265823,45.734851],[21.265823,45.734818],[21.265804,45.73452],[21.265763,45.734204],[21.265762,45.734193],[21.265737,45.733738],[21.265718,45.733506],[21.265715,45.73335],[21.265728,45.733268]]},"properties":{"name":"Strada Siemens"}},{"type":"Feature","geometry":{"type":"LineString","coordinates":[[21.265745,45.733139],[21.265728,45.733268],[21.265845,45.733159]]},"properties":{"name":"Strada Siemens"}},{"type":"Feature","geometry":{"type":"LineString","coordinates":[[21.25392,45.730285],[21.253854,45.730162],[21.253831,45.730099],[21.253824,45.729987],[21.253849,45.729806]]},"properties":{"name":"Calea Urseni"}},{"type":"Feature","geometry":{"type":"LineString","coordinates":[[21.272178,45.715742],[21.270662,45.71673],[21.269238,45.717633],[21.268135,45.718324],[21.267521,45.718712],[21.267115,45.718972],[21.266744,45.719208],[21.266099,45.719618],[21.26505,45.72028],[21.264919,45.720368],[21.264775,45.720455],[21.264478,45.720637],[21.262724,45.721753],[21.262562,45.721856],[21.262292,45.722036],[21.26205,45.722193],[21.261723,45.722392],[21.258578,45.724418],[21.25832,45.724621],[21.25818,45.724697],[21.258041,45.724724],[21.257189,45.724855],[21.256259,45.724994],[21.256157,45.725011],[21.255777,45.725071],[21.255679,45.725087],[21.255655,45.725146],[21.255487,45.725581],[21.255371,45.725881],[21.255059,45.726685],[21.254766,45.727422],[21.254676,45.727645],[21.254372,45.728465],[21.2543,45.728654],[21.254135,45.729085],[21.254028,45.729363],[21.253979,45.729495],[21.253873,45.729737],[21.253849,45.729806],[21.253895,45.729975],[21.253941,45.730071],[21.253977,45.730124],[21.254013,45.730169],[21.254071,45.730219]]},"properties":{"name":"Calea Urseni"}},{"type":"Feature","geometry":{"type":"LineString","coordinates":[[21.263604,45.765312],[21.262172,45.766385],[21.262099,45.766442]]},"properties":{"name":"Strada Palmierilor"}},{"type":"Feature","geometry":{"type":"LineString","coordinates":[[21.26885,45.765242],[21.267207,45.765274]]},"properties":{"name":"Strada Palmierilor"}},{"type":"Feature","geometry":{"type":"LineString","coordinates":[[21.263604,45.765312],[21.263589,45.765244],[21.263552,45.765177],[21.263006,45.764325],[21.262852,45.764086],[21.262783,45.763983],[21.262605,45.763729],[21.262074,45.762965],[21.261391,45.761952],[21.261357,45.761901],[21.261325,45.761851],[21.260292,45.760264],[21.260202,45.760127]]},"properties":{"name":"Strada Mătăsarilor"}},{"type":"Feature","geometry":{"type":"LineString","coordinates":[[21.2653,45.759023],[21.265206,45.758968],[21.264944,45.758901],[21.264768,45.758856],[21.264671,45.758833],[21.264615,45.758832],[21.264555,45.758837],[21.264466,45.758852],[21.264297,45.7589],[21.264235,45.758918],[21.264086,45.758961],[21.263781,45.759058],[21.263749,45.759068],[21.263457,45.759151],[21.263009,45.75928],[21.262813,45.759334],[21.26255,45.759408],[21.262268,45.759489],[21.261989,45.759571],[21.261867,45.759607],[21.261374,45.759744],[21.260307,45.760093],[21.260202,45.760127],[21.259756,45.760285],[21.259505,45.760374],[21.259415,45.760405],[21.259389,45.760413],[21.259328,45.760433],[21.259303,45.760442],[21.259279,45.76045],[21.259229,45.760467]]},"properties":{"name":"Strada Uzinei"}},{"type":"Feature","geometry":{"type":"LineString","coordinates":[[21.2653,45.759023],[21.265343,45.759066],[21.265653,45.759599],[21.265705,45.759648],[21.265771,45.759683],[21.265839,45.759691],[21.265899,45.759688],[21.269271,45.759058],[21.269511,45.759016],[21.269576,45.758992],[21.269751,45.758929],[21.269829,45.758873],[21.269928,45.758801],[21.270014,45.758706],[21.270078,45.758585],[21.270364,45.757866],[21.270441,45.75772],[21.270545,45.757594],[21.270615,45.757534],[21.270784,45.757443],[21.270879,45.757405],[21.271659,45.757163],[21.272683,45.756882],[21.273685,45.756612],[21.273977,45.756507],[21.274187,45.756398],[21.274377,45.756301],[21.274519,45.756235]]},"properties":{"name":"Strada Rozelor"}},{"type":"Feature","geometry":{"type":"LineString","coordinates":[[21.274519,45.756235],[21.274678,45.756175],[21.275333,45.755997],[21.275843,45.755861],[21.277052,45.755525],[21.277137,45.755502],[21.278285,45.755183]]},"properties":{"name":"Strada Vălișoara"}},{"type":"Feature","geometry":{"type":"LineString","coordinates":[[21.275843,45.755861],[21.276397,45.757847],[21.276897,45.759653],[21.276967,45.759963]]},"properties":{"name":"Strada Gheorghe Țițeica"}},{"type":"Feature","geometry":{"type":"LineString","coordinates":[[21.279603,45.759946],[21.278975,45.759954],[21.27832,45.759964],[21.278084,45.759967],[21.276972,45.759983]]},"properties":{"name":"Strada Ismail"}},{"type":"Feature","geometry":{"type":"LineString","coordinates":[[21.278285,45.755183],[21.278898,45.757356],[21.278938,45.757501],[21.279603,45.759946]]},"properties":{"name":"Strada Luncani"}},{"type":"Feature","geometry":{"type":"LineString","coordinates":[[21.225449,45.748001],[21.225331,45.748016],[21.225061,45.748048],[21.224798,45.748057],[21.224293,45.748144],[21.223712,45.748272],[21.223301,45.748367],[21.220996,45.749047],[21.220546,45.749177]]},"properties":{"name":"Splaiul Tudor Vladimirescu"}},{"type":"Feature","geometry":{"type":"LineString","coordinates":[[21.220081,45.749336],[21.220162,45.749316],[21.220209,45.749304],[21.220271,45.749288],[21.220345,45.749263],[21.220546,45.749177],[21.220271,45.749214],[21.220178,45.749234],[21.220112,45.749251],[21.220068,45.749263],[21.219981,45.749285]]},"properties":{"name":"Splaiul Tudor Vladimirescu"}},{"type":"Feature","geometry":{"type":"LineString","coordinates":[[21.224798,45.748057],[21.22523,45.747931],[21.2253,45.74792],[21.225414,45.747901]]},"properties":{"name":"Splaiul Tudor Vladimirescu"}},{"type":"Feature","geometry":{"type":"LineString","coordinates":[[21.220081,45.749336],[21.219981,45.749285],[21.21983,45.749205],[21.219141,45.748823],[21.218845,45.748667],[21.218536,45.748495],[21.218257,45.74834],[21.217933,45.748137],[21.217782,45.748026],[21.217209,45.747482],[21.217006,45.747273],[21.216673,45.746922],[21.216601,45.746853],[21.216554,45.746816],[21.216506,45.746785],[21.216456,45.746764],[21.216204,45.746669],[21.215896,45.746571]]},"properties":{"name":"Bulevardul 16 Decembrie 1989"}},{"type":"Feature","geometry":{"type":"LineString","coordinates":[[21.216195,45.746405],[21.216339,45.746509],[21.216471,45.74662],[21.216645,45.746758],[21.21729,45.747406],[21.217743,45.747846],[21.2179,45.747971],[21.218048,45.748064],[21.218272,45.748187],[21.218648,45.748395],[21.218705,45.748426],[21.21884,45.748506],[21.218864,45.748519],[21.218894,45.748537],[21.21891,45.748546],[21.218958,45.748574],[21.218992,45.748593],[21.219051,45.748627],[21.219101,45.748653],[21.219242,45.748731],[21.219865,45.749059],[21.219973,45.749112],[21.220178,45.749234],[21.220271,45.749288],[21.220327,45.749322],[21.220758,45.749564],[21.221319,45.749869],[21.221389,45.749904],[21.221448,45.749934],[21.22146,45.749941],[21.221657,45.750055],[21.221834,45.75015],[21.222181,45.750339],[21.222473,45.750489],[21.222661,45.750588],[21.22297,45.750759],[21.223397,45.750992],[21.223785,45.751178],[21.223923,45.75123],[21.223951,45.751242],[21.223991,45.751261],[21.224005,45.751269],[21.224016,45.751278],[21.224024,45.751287],[21.224031,45.751297],[21.224036,45.751308],[21.22404,45.751319],[21.224042,45.751328],[21.224043,45.751335],[21.224043,45.751344],[21.224042,45.751353],[21.22404,45.751363],[21.224037,45.751369],[21.224031,45.751382],[21.224027,45.751389],[21.224026,45.751391],[21.22402,45.751399],[21.224012,45.751407],[21.224004,45.751415],[21.223997,45.751421],[21.223978,45.751437]]},"properties":{"name":"Bulevardul 16 Decembrie 1989"}},{"type":"Feature","geometry":{"type":"LineString","coordinates":[[21.21575,45.746387],[21.215734,45.746308],[21.21569,45.746194],[21.215608,45.745983],[21.215548,45.745886],[21.215484,45.745798],[21.215093,45.745406],[21.214923,45.745235],[21.214403,45.744714],[21.214307,45.744618],[21.214085,45.744346],[21.213751,45.743999],[21.213367,45.743602],[21.212968,45.743193],[21.212885,45.743108],[21.212791,45.742994],[21.21275,45.742943],[21.212309,45.74236],[21.211504,45.741338],[21.211479,45.741308],[21.211466,45.741291],[21.211308,45.741091],[21.211246,45.741011],[21.21118,45.740927],[21.210191,45.739587],[21.21012,45.739477],[21.210073,45.739423],[21.210001,45.739358],[21.209957,45.739333],[21.209909,45.739312],[21.20985,45.739295]]},"properties":{"name":"Bulevardul 16 Decembrie 1989"}},{"type":"Feature","geometry":{"type":"LineString","coordinates":[[21.216091,45.746289],[21.216062,45.746241],[21.216015,45.746187],[21.215994,45.746161],[21.21557,45.745729],[21.215356,45.745531],[21.214874,45.745043],[21.214468,45.744631],[21.214371,45.744526],[21.214204,45.744355],[21.214162,45.744314],[21.213284,45.743347],[21.213073,45.743129],[21.212958,45.74301],[21.212867,45.742902],[21.212828,45.742854],[21.212693,45.742693],[21.212323,45.742212],[21.212047,45.741832],[21.211627,45.741305],[21.211592,45.741261],[21.211389,45.740993],[21.211335,45.740923],[21.211276,45.740846],[21.21125,45.740811],[21.210356,45.739615],[21.210225,45.739439],[21.210194,45.739394],[21.210094,45.739251],[21.210011,45.739125]]},"properties":{"name":"Bulevardul 16 Decembrie 1989"}},{"type":"Feature","geometry":{"type":"LineString","coordinates":[[21.209707,45.738897],[21.20977,45.738793],[21.209793,45.738714],[21.2098,45.738601],[21.209816,45.738457]]},"properties":{"name":"Bulevardul 16 Decembrie 1989"}},{"type":"Feature","geometry":{"type":"LineString","coordinates":[[21.209398,45.736111],[21.209561,45.736978],[21.209597,45.73717],[21.209703,45.737779],[21.20973,45.73793],[21.209787,45.738257],[21.209799,45.738327],[21.209816,45.738457],[21.209891,45.738616],[21.209912,45.738716],[21.209915,45.738737],[21.209915,45.738837],[21.209916,45.738916]]},"properties":{"name":"Bulevardul 16 Decembrie 1989"}},{"type":"Feature","geometry":{"type":"LineString","coordinates":[[21.212791,45.742994],[21.212867,45.742902],[21.212933,45.742822],[21.213014,45.742723],[21.213209,45.742418],[21.213375,45.742273]]},"properties":{"name":"Bulevardul Constantin Brâncoveanu"}},{"type":"Feature","geometry":{"type":"LineString","coordinates":[[21.216618,45.737614],[21.216524,45.737679],[21.216104,45.738285],[21.216016,45.738418],[21.215937,45.738537],[21.215875,45.738635],[21.215846,45.738672],[21.21563,45.738973],[21.215572,45.739125]]},"properties":{"name":"Bulevardul Constantin Brâncoveanu"}},{"type":"Feature","geometry":{"type":"LineString","coordinates":[[21.218453,45.726326],[21.218462,45.726363],[21.218496,45.726539],[21.218524,45.726745],[21.218668,45.728741],[21.218726,45.729586],[21.218724,45.72963],[21.21872,45.7297],[21.218717,45.729765],[21.218715,45.729796],[21.218736,45.729986],[21.218762,45.730209],[21.218874,45.73115],[21.219012,45.732303],[21.219052,45.732536],[21.219057,45.732563],[21.219087,45.732741],[21.219092,45.732842],[21.219094,45.732916],[21.219095,45.732944],[21.219098,45.732999],[21.219101,45.733071],[21.219078,45.733465],[21.21902,45.733703],[21.218993,45.733812],[21.218981,45.733859],[21.218974,45.733884],[21.218958,45.733948],[21.218947,45.733981],[21.218863,45.734187],[21.21879,45.734339],[21.218725,45.734466],[21.21863,45.734621],[21.218529,45.734772],[21.217986,45.735567],[21.217952,45.735616],[21.217891,45.735706],[21.217822,45.735807],[21.217276,45.736606],[21.217147,45.736801],[21.216618,45.737614],[21.216616,45.737703],[21.216434,45.738002],[21.216327,45.738141],[21.216148,45.73841],[21.216122,45.738449],[21.216049,45.738564],[21.215984,45.738665],[21.215718,45.73901],[21.215572,45.739125],[21.215506,45.739208],[21.214963,45.740006],[21.214327,45.74095],[21.214248,45.741066],[21.214194,45.741141],[21.213375,45.742273],[21.213367,45.742307],[21.213327,45.742455],[21.213017,45.742907],[21.212958,45.74301],[21.212885,45.743108]]},"properties":{"name":"Bulevardul Constantin Brâncoveanu"}},{"type":"Feature","geometry":{"type":"LineString","coordinates":[[21.218453,45.726326],[21.218439,45.726288],[21.21834,45.726051],[21.217999,45.725385],[21.217716,45.724843],[21.217602,45.724626],[21.217574,45.724573],[21.217561,45.724547],[21.217447,45.724329],[21.216854,45.723198],[21.216156,45.722587],[21.215497,45.722029],[21.215203,45.721778],[21.214604,45.721262],[21.21403,45.720844],[21.213258,45.720615],[21.212309,45.720348],[21.211891,45.72024]]},"properties":{"name":"Strada Emile Zola"}},{"type":"Feature","geometry":{"type":"LineString","coordinates":[[21.202003,45.717778],[21.202646,45.717941],[21.203653,45.718185],[21.203849,45.718225],[21.205462,45.718648],[21.205549,45.71867],[21.205647,45.718694],[21.206925,45.719001],[21.207521,45.719155],[21.208797,45.719469],[21.208919,45.719501]]},"properties":{"name":"Strada Emile Zola"}},{"type":"Feature","geometry":{"type":"LineString","coordinates":[[21.214411,45.715765],[21.213335,45.717696],[21.213273,45.717804],[21.211981,45.720083],[21.211891,45.72024]]},"properties":{"name":"Strada Chișodei"}},{"type":"Feature","geometry":{"type":"LineString","coordinates":[[21.214411,45.715765],[21.213608,45.715176],[21.212329,45.714238],[21.212121,45.714087]]},"properties":{"name":"Strada Cercului"}},{"type":"Feature","geometry":{"type":"LineString","coordinates":[[21.212121,45.714087],[21.211799,45.714587],[21.211148,45.715689],[21.211071,45.715819],[21.210854,45.7162],[21.210628,45.716571],[21.210366,45.717014],[21.209665,45.718201],[21.209592,45.718324],[21.209494,45.718489],[21.208975,45.719402],[21.208919,45.719501]]},"properties":{"name":"Strada Bujorilor"}},{"type":"Feature","geometry":{"type":"LineString","coordinates":[[21.20748,45.722001],[21.207439,45.722074],[21.207086,45.722694],[21.206864,45.723096],[21.206676,45.723419],[21.205762,45.724961],[21.205734,45.725009],[21.205504,45.725408],[21.204719,45.726847],[21.204604,45.727042],[21.204458,45.727119],[21.2044,45.727149]]},"properties":{"name":"Strada Bujorilor"}},{"type":"Feature","geometry":{"type":"LineString","coordinates":[[21.204508,45.727289],[21.204513,45.727395]]},"properties":{"name":"Strada Bujorilor"}},{"type":"Feature","geometry":{"type":"LineString","coordinates":[[21.202003,45.717778],[21.20269,45.716639],[21.202748,45.716571],[21.202825,45.7165],[21.202959,45.716388],[21.202982,45.716374],[21.202997,45.716367],[21.203014,45.716361],[21.203032,45.716357],[21.203051,45.716356],[21.20307,45.716356],[21.203089,45.716359],[21.203106,45.716364],[21.203129,45.716375],[21.203144,45.716384],[21.203162,45.716392],[21.203181,45.716397],[21.203202,45.716401],[21.203221,45.716401],[21.20324,45.7164],[21.203259,45.716396],[21.203277,45.71639],[21.203293,45.716383],[21.203307,45.716373],[21.203319,45.716363],[21.203328,45.716351],[21.203334,45.716338],[21.20335,45.716292],[21.203352,45.716282],[21.203353,45.716271],[21.203351,45.71626],[21.203347,45.71625],[21.20334,45.716239],[21.203331,45.71623],[21.203319,45.716222],[21.203306,45.716215],[21.203293,45.716211],[21.203279,45.716207],[21.203258,45.716205],[21.203234,45.716207],[21.203218,45.71621],[21.203204,45.716215],[21.20319,45.716223],[21.20312,45.716266],[21.202967,45.716382]]},"properties":{"name":"Strada Ceferiștilor"}},{"type":"Feature","geometry":{"type":"LineString","coordinates":[[21.199758,45.721458],[21.199804,45.721399],[21.199867,45.721318],[21.200065,45.720884],[21.200462,45.720112]]},"properties":{"name":"Strada Ceferiștilor"}},{"type":"Feature","geometry":{"type":"LineString","coordinates":[[21.209398,45.736111],[21.209381,45.736014],[21.209145,45.734726],[21.209131,45.734663],[21.208971,45.733779],[21.208891,45.733336]]},"properties":{"name":"Calea Șagului"}},{"type":"Feature","geometry":{"type":"LineString","coordinates":[[21.205365,45.728652],[21.205457,45.728751],[21.205504,45.728801],[21.20568,45.728971],[21.205948,45.729209],[21.206257,45.729465],[21.206518,45.729718],[21.206627,45.729828],[21.206691,45.729899],[21.207602,45.730965],[21.207721,45.731105],[21.207755,45.731145],[21.208259,45.731828],[21.208433,45.732098],[21.208524,45.732326],[21.20858,45.732516],[21.208599,45.732581],[21.208606,45.732607],[21.208621,45.732658],[21.20866,45.73279],[21.208787,45.73317],[21.208891,45.733336],[21.208937,45.733158],[21.208924,45.733067],[21.208863,45.732767],[21.208821,45.732649],[21.208798,45.732585],[21.208789,45.732559],[21.208767,45.732497],[21.208697,45.732302],[21.208579,45.732062],[21.208482,45.731907],[21.208402,45.731795],[21.207972,45.731213],[21.207871,45.731092],[21.207795,45.731001],[21.206828,45.729849],[21.206753,45.729756],[21.206661,45.729632],[21.206357,45.729249],[21.20602,45.728793],[21.205856,45.728581],[21.205746,45.728443]]},"properties":{"name":"Calea Șagului"}},{"type":"Feature","geometry":{"type":"LineString","coordinates":[[21.205196,45.728457],[21.205147,45.728395],[21.205142,45.728388],[21.205125,45.728366],[21.205107,45.728343],[21.205074,45.728302],[21.204995,45.728205],[21.204603,45.727731],[21.204445,45.727561],[21.204362,45.727463],[21.203439,45.726353],[21.203275,45.726188],[21.203172,45.726103],[21.203089,45.726038],[21.20297,45.725974]]},"properties":{"name":"Calea Șagului"}},{"type":"Feature","geometry":{"type":"LineString","coordinates":[[21.202751,45.725694],[21.202709,45.725596],[21.202623,45.725399]]},"properties":{"name":"Calea Șagului"}},{"type":"Feature","geometry":{"type":"LineString","coordinates":[[21.20559,45.728265],[21.20554,45.728213],[21.205514,45.728186],[21.205461,45.728139],[21.205424,45.728108],[21.205037,45.727809],[21.204513,45.727395],[21.204355,45.727261],[21.204187,45.727071],[21.203546,45.726307],[21.203473,45.726191],[21.203421,45.726073],[21.203374,45.725913],[21.203326,45.725793]]},"properties":{"name":"Calea Șagului"}},{"type":"Feature","geometry":{"type":"LineString","coordinates":[[21.199514,45.72175],[21.199574,45.721825],[21.199732,45.722014],[21.199886,45.722202],[21.199967,45.722292],[21.200113,45.722485],[21.200224,45.722632],[21.200334,45.722777],[21.200462,45.722947],[21.20086,45.723427],[21.201195,45.723789],[21.201526,45.724173],[21.201613,45.724283],[21.201867,45.7246],[21.202058,45.724827],[21.202145,45.724934],[21.202415,45.725267],[21.202506,45.725332],[21.202623,45.725399],[21.202566,45.725267],[21.20251,45.725175],[21.202397,45.725023],[21.202279,45.724881],[21.201908,45.724433],[21.200553,45.722857],[21.19975,45.721871],[21.198888,45.720848],[21.198447,45.720322],[21.198243,45.72008],[21.197992,45.719782],[21.196963,45.718528],[21.196807,45.71834],[21.196647,45.718145],[21.196458,45.717904],[21.19623,45.717637],[21.196117,45.7175],[21.195962,45.717315],[21.195618,45.716904],[21.195491,45.716749],[21.195164,45.716362],[21.194826,45.715958],[21.194239,45.715261],[21.19412,45.715126],[21.193348,45.714194],[21.192974,45.713741],[21.192799,45.713528],[21.19263,45.71332],[21.19259,45.713268],[21.192453,45.713102],[21.192285,45.712896],[21.192073,45.712638],[21.191794,45.712299],[21.191423,45.71184],[21.19114,45.711489],[21.190395,45.710562],[21.189406,45.709372],[21.188745,45.708578],[21.188083,45.70778],[21.187496,45.707076],[21.186894,45.706355],[21.186754,45.706236],[21.186681,45.706204],[21.18658,45.706154]]},"properties":{"name":"Calea Șagului"}},{"type":"Feature","geometry":{"type":"LineString","coordinates":[[21.199928,45.721692],[21.200067,45.721887],[21.20022,45.722063],[21.200299,45.722171],[21.200452,45.722349],[21.200575,45.722507],[21.200699,45.722652],[21.201109,45.723138],[21.201341,45.723442],[21.201575,45.723727],[21.201961,45.724191],[21.202083,45.724337],[21.202139,45.7244],[21.202491,45.724799],[21.202573,45.724905],[21.202611,45.724954],[21.202762,45.725144],[21.202814,45.725236],[21.202818,45.725297],[21.202814,45.725345]]},"properties":{"name":"Calea Șagului"}},{"type":"Feature","geometry":{"type":"LineString","coordinates":[[21.203088,45.725567],[21.20298,45.725492],[21.202814,45.725345],[21.202357,45.724851],[21.201986,45.724397],[21.201577,45.723914],[21.201115,45.723354],[21.200666,45.722808],[21.199015,45.720807],[21.19856,45.720271],[21.198366,45.720028],[21.198121,45.719722],[21.197083,45.718485],[21.196986,45.718368],[21.196714,45.718045],[21.196701,45.718031],[21.195467,45.716525],[21.194121,45.714889],[21.193735,45.714435],[21.193482,45.714138],[21.193303,45.713916],[21.192867,45.713375],[21.192807,45.713301],[21.192733,45.71321],[21.192586,45.713033],[21.19242,45.712845],[21.192385,45.712801],[21.192142,45.712487],[21.191831,45.712116],[21.191582,45.71182],[21.191552,45.711784],[21.191206,45.711357],[21.190816,45.710905],[21.190498,45.710526],[21.189996,45.709931],[21.189769,45.709669],[21.1895,45.709331],[21.188845,45.708554],[21.188188,45.707754],[21.187386,45.706772],[21.187104,45.706426],[21.187022,45.706313],[21.186986,45.706237],[21.186975,45.706157],[21.187037,45.705883]]},"properties":{"name":"Calea Șagului"}},{"type":"Feature","geometry":{"type":"LineString","coordinates":[[21.186065,45.705527],[21.186021,45.705358],[21.186011,45.705318],[21.185915,45.705162],[21.185737,45.704919],[21.185479,45.704603]]},"properties":{"name":"Calea Șagului"}},{"type":"Feature","geometry":{"type":"LineString","coordinates":[[21.186413,45.705383],[21.186283,45.705325],[21.186219,45.705285],[21.186171,45.705255],[21.185943,45.705031],[21.185565,45.704574],[21.185315,45.70428],[21.18503,45.703931],[21.184663,45.703455],[21.184395,45.703138],[21.184245,45.70296],[21.183881,45.702539],[21.182764,45.701167],[21.182326,45.700581],[21.182206,45.700434],[21.182032,45.700198],[21.181744,45.699853],[21.181623,45.699709],[21.181302,45.699325]]},"properties":{"name":"Calea Șagului"}},{"type":"Feature","geometry":{"type":"LineString","coordinates":[[21.2044,45.727149],[21.204508,45.727289]]},"properties":{"name":"Calea Șagului"}},{"type":"Feature","geometry":{"type":"LineString","coordinates":[[21.183905,45.702702],[21.183283,45.701936],[21.1829,45.701471],[21.182602,45.70111],[21.182399,45.70086]]},"properties":{"name":"Calea Șagului"}},{"type":"Feature","geometry":{"type":"LineString","coordinates":[[21.182399,45.70086],[21.182253,45.700681],[21.18221,45.700629],[21.181612,45.69991],[21.181231,45.699454],[21.18117,45.69938],[21.181039,45.699227],[21.180963,45.699141],[21.180854,45.699015],[21.180508,45.698591],[21.18016,45.698173],[21.179715,45.697633],[21.179267,45.697104],[21.178302,45.695927],[21.177358,45.694796],[21.176804,45.694103],[21.176248,45.693449],[21.17599,45.693147],[21.175939,45.693088],[21.175749,45.692866],[21.175502,45.69258],[21.175186,45.692162],[21.174791,45.691666],[21.173975,45.690688],[21.173271,45.689835],[21.172434,45.68881],[21.171851,45.688104],[21.171122,45.687226],[21.170644,45.686644],[21.170205,45.68611],[21.169535,45.685318],[21.169026,45.684699],[21.168848,45.684391],[21.168754,45.684232],[21.16869,45.684103],[21.168647,45.684009],[21.168629,45.683938],[21.168608,45.683872],[21.16857,45.683806],[21.168521,45.683746]]},"properties":{"name":"Calea Șagului"}},{"type":"Feature","geometry":{"type":"LineString","coordinates":[[21.182399,45.70086],[21.182253,45.700681],[21.18221,45.700629],[21.181612,45.69991],[21.181231,45.699454],[21.18117,45.69938],[21.181039,45.699227],[21.180963,45.699141],[21.180854,45.699015],[21.180508,45.698591],[21.18016,45.698173],[21.179715,45.697633],[21.179267,45.697104],[21.178302,45.695927],[21.177358,45.694796],[21.176804,45.694103],[21.176248,45.693449],[21.17599,45.693147],[21.175939,45.693088],[21.175749,45.692866],[21.175502,45.69258],[21.175186,45.692162],[21.174791,45.691666],[21.173975,45.690688],[21.173271,45.689835],[21.172434,45.68881],[21.171851,45.688104],[21.171122,45.687226],[21.170644,45.686644],[21.170205,45.68611],[21.169535,45.685318],[21.169026,45.684699],[21.168848,45.684391],[21.168754,45.684232],[21.16869,45.684103],[21.168647,45.684009],[21.168629,45.683938],[21.168608,45.683872],[21.16857,45.683806],[21.168521,45.683746]]},"properties":{"name":"Calea Șagului"}},{"type":"Feature","geometry":{"type":"LineString","coordinates":[[21.182399,45.70086],[21.182253,45.700681],[21.18221,45.700629],[21.181612,45.69991],[21.181231,45.699454],[21.18117,45.69938],[21.181039,45.699227],[21.180963,45.699141],[21.180854,45.699015],[21.180508,45.698591],[21.18016,45.698173],[21.179715,45.697633],[21.179267,45.697104],[21.178302,45.695927],[21.177358,45.694796],[21.176804,45.694103],[21.176248,45.693449],[21.17599,45.693147],[21.175939,45.693088],[21.175749,45.692866],[21.175502,45.69258],[21.175186,45.692162],[21.174791,45.691666],[21.173975,45.690688],[21.173271,45.689835],[21.172434,45.68881],[21.171851,45.688104],[21.171122,45.687226],[21.170644,45.686644],[21.170205,45.68611],[21.169535,45.685318],[21.169026,45.684699],[21.168848,45.684391],[21.168754,45.684232],[21.16869,45.684103],[21.168647,45.684009],[21.168629,45.683938],[21.168608,45.683872],[21.16857,45.683806],[21.168521,45.683746]]},"properties":{"name":"Calea Șagului"}},{"type":"Feature","geometry":{"type":"LineString","coordinates":[[21.182399,45.70086],[21.182253,45.700681],[21.18221,45.700629],[21.181612,45.69991],[21.181231,45.699454],[21.18117,45.69938],[21.181039,45.699227],[21.180963,45.699141],[21.180854,45.699015],[21.180508,45.698591],[21.18016,45.698173],[21.179715,45.697633],[21.179267,45.697104],[21.178302,45.695927],[21.177358,45.694796],[21.176804,45.694103],[21.176248,45.693449],[21.17599,45.693147],[21.175939,45.693088],[21.175749,45.692866],[21.175502,45.69258],[21.175186,45.692162],[21.174791,45.691666],[21.173975,45.690688],[21.173271,45.689835],[21.172434,45.68881],[21.171851,45.688104],[21.171122,45.687226],[21.170644,45.686644],[21.170205,45.68611],[21.169535,45.685318],[21.169026,45.684699],[21.168848,45.684391],[21.168754,45.684232],[21.16869,45.684103],[21.168647,45.684009],[21.168629,45.683938],[21.168608,45.683872],[21.16857,45.683806],[21.168521,45.683746],[21.16857,45.683806],[21.168608,45.683872],[21.168629,45.683938],[21.168647,45.684009],[21.16869,45.684103],[21.168754,45.684232],[21.168848,45.684391],[21.169026,45.684699],[21.169535,45.685318],[21.170205,45.68611],[21.170644,45.686644],[21.171122,45.687226],[21.171851,45.688104],[21.172434,45.68881],[21.173271,45.689835],[21.173975,45.690688],[21.174791,45.691666],[21.175186,45.692162],[21.175502,45.69258],[21.175749,45.692866],[21.175939,45.693088],[21.17599,45.693147],[21.176248,45.693449],[21.176804,45.694103],[21.177358,45.694796],[21.178302,45.695927],[21.179267,45.697104],[21.179715,45.697633],[21.18016,45.698173],[21.180508,45.698591],[21.180854,45.699015],[21.180963,45.699141],[21.181039,45.699227],[21.18117,45.69938],[21.181231,45.699454],[21.181612,45.69991],[21.18221,45.700629],[21.182253,45.700681],[21.182399,45.70086]]},"properties":{"name":"Calea Șagului"}},{"type":"Feature","geometry":{"type":"LineString","coordinates":[[21.168849,45.683692],[21.168826,45.683776],[21.168809,45.683854],[21.16881,45.683932],[21.168822,45.684005],[21.16894,45.684286],[21.169038,45.684474],[21.169131,45.684672],[21.169611,45.685287],[21.170637,45.686523],[21.171211,45.687205],[21.171818,45.687943],[21.172047,45.688214],[21.172304,45.68854],[21.172521,45.688801],[21.172801,45.689137],[21.173008,45.689387],[21.173347,45.689798],[21.174088,45.690654],[21.174902,45.69163],[21.175641,45.692535],[21.176067,45.693031],[21.176121,45.693092],[21.176906,45.694066],[21.177476,45.694758],[21.17799,45.695386],[21.178419,45.695887],[21.178902,45.696476],[21.179197,45.69685],[21.179408,45.697117],[21.179807,45.697592],[21.180022,45.697879],[21.180517,45.698474],[21.180987,45.698973],[21.181175,45.699175],[21.181302,45.699325]]},"properties":{"name":"Calea Șagului"}},{"type":"Feature","geometry":{"type":"LineString","coordinates":[[21.168849,45.683692],[21.168826,45.683776],[21.168809,45.683854],[21.16881,45.683932],[21.168822,45.684005],[21.16894,45.684286],[21.169038,45.684474],[21.169131,45.684672],[21.169611,45.685287],[21.170637,45.686523],[21.171211,45.687205],[21.171818,45.687943],[21.172047,45.688214],[21.172304,45.68854],[21.172521,45.688801],[21.172801,45.689137],[21.173008,45.689387],[21.173347,45.689798],[21.174088,45.690654],[21.174902,45.69163],[21.175641,45.692535],[21.176067,45.693031],[21.176121,45.693092],[21.176906,45.694066],[21.177476,45.694758],[21.17799,45.695386],[21.178419,45.695887],[21.178902,45.696476],[21.179197,45.69685],[21.179408,45.697117],[21.179807,45.697592],[21.180022,45.697879],[21.180517,45.698474],[21.180987,45.698973],[21.181175,45.699175],[21.181302,45.699325]]},"properties":{"name":"Calea Șagului"}},{"type":"Feature","geometry":{"type":"LineString","coordinates":[[21.168849,45.683692],[21.168826,45.683776],[21.168809,45.683854],[21.16881,45.683932],[21.168822,45.684005],[21.16894,45.684286],[21.169038,45.684474],[21.169131,45.684672],[21.169611,45.685287],[21.170637,45.686523],[21.171211,45.687205],[21.171818,45.687943],[21.172047,45.688214],[21.172304,45.68854],[21.172521,45.688801],[21.172801,45.689137],[21.173008,45.689387],[21.173347,45.689798],[21.174088,45.690654],[21.174902,45.69163],[21.175641,45.692535],[21.176067,45.693031],[21.176121,45.693092],[21.176906,45.694066],[21.177476,45.694758],[21.17799,45.695386],[21.178419,45.695887],[21.178902,45.696476],[21.179197,45.69685],[21.179408,45.697117],[21.179807,45.697592],[21.180022,45.697879],[21.180517,45.698474],[21.180987,45.698973],[21.181175,45.699175],[21.181302,45.699325]]},"properties":{"name":"Calea Șagului"}},{"type":"Feature","geometry":{"type":"LineString","coordinates":[[21.168849,45.683692],[21.168826,45.683776],[21.168809,45.683854],[21.16881,45.683932],[21.168822,45.684005],[21.16894,45.684286],[21.169038,45.684474],[21.169131,45.684672],[21.169611,45.685287],[21.170637,45.686523],[21.171211,45.687205],[21.171818,45.687943],[21.172047,45.688214],[21.172304,45.68854],[21.172521,45.688801],[21.172801,45.689137],[21.173008,45.689387],[21.173347,45.689798],[21.174088,45.690654],[21.174902,45.69163],[21.175641,45.692535],[21.176067,45.693031],[21.176121,45.693092],[21.176906,45.694066],[21.177476,45.694758],[21.17799,45.695386],[21.178419,45.695887],[21.178902,45.696476],[21.179197,45.69685],[21.179408,45.697117],[21.179807,45.697592],[21.180022,45.697879],[21.180517,45.698474],[21.180987,45.698973],[21.181175,45.699175],[21.181302,45.699325],[21.181175,45.699175],[21.180987,45.698973],[21.180517,45.698474],[21.180022,45.697879],[21.179807,45.697592],[21.179408,45.697117],[21.179197,45.69685],[21.178902,45.696476],[21.178419,45.695887],[21.17799,45.695386],[21.177476,45.694758],[21.176906,45.694066],[21.176121,45.693092],[21.176067,45.693031],[21.175641,45.692535],[21.174902,45.69163],[21.174088,45.690654],[21.173347,45.689798],[21.173008,45.689387],[21.172801,45.689137],[21.172521,45.688801],[21.172304,45.68854],[21.172047,45.688214],[21.171818,45.687943],[21.171211,45.687205],[21.170637,45.686523],[21.169611,45.685287],[21.169131,45.684672],[21.169038,45.684474],[21.16894,45.684286],[21.168822,45.684005],[21.16881,45.683932],[21.168809,45.683854],[21.168826,45.683776],[21.168849,45.683692]]},"properties":{"name":"Calea Șagului"}},{"type":"Feature","geometry":{"type":"LineString","coordinates":[[21.185479,45.704603],[21.183905,45.702702]]},"properties":{"name":"Calea Șagului"}},{"type":"Feature","geometry":{"type":"LineString","coordinates":[[21.185479,45.704603],[21.183905,45.702702],[21.185479,45.704603]]},"properties":{"name":"Calea Șagului"}},{"type":"Feature","geometry":{"type":"LineString","coordinates":[[21.205365,45.728652],[21.205245,45.728517],[21.205196,45.728457]]},"properties":{"name":"Piața Veteranilor"}},{"type":"Feature","geometry":{"type":"LineString","coordinates":[[21.20559,45.728265],[21.205691,45.72838],[21.205746,45.728443]]},"properties":{"name":"Piața Veteranilor"}},{"type":"Feature","geometry":{"type":"LineString","coordinates":[[21.185479,45.704603],[21.185027,45.704354],[21.184767,45.704164],[21.184472,45.703846],[21.184188,45.703497],[21.184159,45.703461],[21.183817,45.703051],[21.183799,45.702992],[21.183802,45.702942],[21.183812,45.702907],[21.183833,45.702867],[21.183866,45.702814],[21.183885,45.702772],[21.183905,45.702702]]},"properties":{"name":"Strada Adam Anavi"}},{"type":"Feature","geometry":{"type":"LineString","coordinates":[[21.233721,45.755723],[21.233746,45.755801],[21.23377,45.755929],[21.233792,45.756116],[21.233805,45.756217],[21.23382,45.756381],[21.233827,45.756471],[21.233832,45.756811],[21.233851,45.757027],[21.233875,45.757094],[21.233895,45.757124],[21.233937,45.75717],[21.234086,45.757335],[21.234116,45.757369],[21.234147,45.757428],[21.234155,45.757496],[21.234145,45.757565],[21.234132,45.757581],[21.234095,45.75762],[21.234025,45.757675],[21.233933,45.757739],[21.233912,45.757754],[21.233772,45.757832],[21.233735,45.757854],[21.23363,45.757911]]},"properties":{"name":"Strada Hector"}},{"type":"Feature","geometry":{"type":"LineString","coordinates":[[21.232701,45.758386],[21.232653,45.758421],[21.232639,45.75843],[21.232626,45.75844],[21.23261,45.758452],[21.232596,45.758463],[21.232583,45.758477],[21.23257,45.758491],[21.232562,45.758502],[21.232555,45.758514],[21.232547,45.758526],[21.232541,45.75854],[21.232532,45.758561],[21.232531,45.758567],[21.232524,45.758587],[21.232517,45.758632],[21.232512,45.758665],[21.232508,45.758686],[21.232504,45.758709],[21.232502,45.758741],[21.232503,45.758836]]},"properties":{"name":"Strada Popa Șapcă"}},{"type":"Feature","geometry":{"type":"LineString","coordinates":[[21.233034,45.763169],[21.233022,45.763069],[21.232988,45.76281],[21.232881,45.761904],[21.232836,45.761532],[21.232805,45.761299],[21.232738,45.760728],[21.232722,45.760594],[21.232712,45.760516],[21.232692,45.760328],[21.232679,45.760208],[21.232638,45.759887],[21.232546,45.759131],[21.232503,45.758836],[21.232488,45.758799],[21.232461,45.758738],[21.23242,45.758601],[21.23241,45.758537]]},"properties":{"name":"Strada Popa Șapcă"}},{"type":"Feature","geometry":{"type":"LineString","coordinates":[[21.233034,45.763169],[21.233046,45.763286],[21.233056,45.763425],[21.233048,45.763522],[21.23303,45.763622],[21.233008,45.763705],[21.232973,45.763787],[21.232926,45.763866],[21.232868,45.76394],[21.232668,45.764145],[21.232513,45.764333],[21.232438,45.764418],[21.232396,45.764469],[21.232368,45.764504]]},"properties":{"name":"Bulevardul Antenei"}},{"type":"Feature","geometry":{"type":"LineString","coordinates":[[21.232283,45.764734],[21.232368,45.764504],[21.232057,45.764591]]},"properties":{"name":"Bulevardul Antenei"}},{"type":"Feature","geometry":{"type":"LineString","coordinates":[[21.23198,45.76502],[21.231894,45.76505],[21.231822,45.765097],[21.23175,45.765177],[21.231511,45.765463],[21.231311,45.765703],[21.231112,45.765924],[21.231057,45.766026],[21.230946,45.76628],[21.230871,45.766434],[21.230832,45.766525],[21.230812,45.766573],[21.230763,45.766678],[21.230704,45.766802],[21.230635,45.766907],[21.230568,45.766992],[21.230224,45.767395],[21.230008,45.767652],[21.229993,45.767672],[21.229975,45.767697],[21.229964,45.767722],[21.229957,45.767747],[21.229953,45.767771],[21.22995,45.767798],[21.229953,45.767823],[21.229959,45.767846],[21.229974,45.767868]]},"properties":{"name":"Bulevardul Antenei"}},{"type":"Feature","geometry":{"type":"LineString","coordinates":[[21.229615,45.767863],[21.229641,45.767836],[21.229671,45.767809],[21.229696,45.767784],[21.229723,45.767756],[21.229862,45.767593],[21.230359,45.767016],[21.230524,45.766824],[21.230573,45.766721],[21.230647,45.76656],[21.230656,45.766481],[21.230657,45.766398],[21.230665,45.766266],[21.2307,45.76601],[21.23072,45.765966],[21.230755,45.76592],[21.230794,45.765877],[21.230909,45.765766],[21.231,45.765706],[21.231072,45.765659],[21.231228,45.765557],[21.2313,45.765501],[21.23139,45.765428],[21.231539,45.765288],[21.231666,45.765144],[21.231717,45.765066],[21.231734,45.765004],[21.231724,45.764919]]},"properties":{"name":"Bulevardul Antenei"}},{"type":"Feature","geometry":{"type":"LineString","coordinates":[[21.230417,45.769429],[21.230522,45.769408],[21.230609,45.769388],[21.2311,45.769291],[21.231279,45.769259],[21.231983,45.769132],[21.232073,45.769116],[21.232263,45.769082],[21.232455,45.769047],[21.232546,45.769031],[21.232821,45.76898],[21.232973,45.768947],[21.233415,45.768862],[21.233638,45.768807],[21.233823,45.768759],[21.234612,45.768535],[21.23489,45.768464],[21.235111,45.768414],[21.235386,45.768367],[21.23552,45.768343],[21.235709,45.768304],[21.235762,45.768294],[21.236205,45.768229],[21.236552,45.768171],[21.236688,45.768142],[21.236808,45.768114],[21.2369,45.768088],[21.236993,45.768054],[21.23705,45.768032],[21.237107,45.768006],[21.237218,45.76795],[21.237308,45.767905],[21.237326,45.767893],[21.23734,45.767882],[21.23735,45.76787],[21.237356,45.767856],[21.237359,45.767844],[21.237362,45.767812]]},"properties":{"name":"Strada Divizia 9 Cavalerie"}},{"type":"Feature","geometry":{"type":"LineString","coordinates":[[21.237755,45.767718],[21.237803,45.767746],[21.237829,45.767756],[21.237866,45.767769],[21.237983,45.767777],[21.238204,45.767787]]},"properties":{"name":"Strada Divizia 9 Cavalerie"}},{"type":"Feature","geometry":{"type":"LineString","coordinates":[[21.242857,45.766478],[21.242833,45.766482],[21.242763,45.766493],[21.242675,45.766514],[21.242631,45.766524],[21.241664,45.766794],[21.241473,45.766849],[21.240922,45.76701],[21.240546,45.76712],[21.240364,45.767173],[21.24024,45.767208],[21.239893,45.767308],[21.239378,45.767453],[21.239218,45.767498],[21.239074,45.767539],[21.238694,45.767646],[21.238618,45.767667],[21.238293,45.767757],[21.238204,45.767787],[21.238075,45.76784],[21.237994,45.767854],[21.237899,45.76786],[21.237849,45.767871],[21.237803,45.767887]]},"properties":{"name":"Strada Divizia 9 Cavalerie"}},{"type":"Feature","geometry":{"type":"LineString","coordinates":[[21.237596,45.767988],[21.237587,45.767988],[21.237573,45.767991],[21.23755,45.767996],[21.237441,45.768024],[21.237293,45.768064],[21.236222,45.76835],[21.236123,45.768376],[21.235894,45.768432],[21.235702,45.768477],[21.235481,45.768521],[21.235367,45.768541],[21.235178,45.768575],[21.23494,45.768615],[21.234792,45.76864],[21.234587,45.768677],[21.234074,45.768776],[21.233502,45.768911],[21.233295,45.768954],[21.233008,45.769015],[21.232852,45.769048],[21.232628,45.769095],[21.232223,45.769197],[21.231771,45.769304],[21.231658,45.769337],[21.231383,45.769404],[21.231175,45.769452],[21.230871,45.769522],[21.230601,45.769583],[21.230487,45.769608]]},"properties":{"name":"Strada Divizia 9 Cavalerie"}},{"type":"Feature","geometry":{"type":"LineString","coordinates":[[21.242841,45.766436],[21.242857,45.766478],[21.242884,45.766477],[21.242927,45.766479],[21.242976,45.766487],[21.243024,45.766504],[21.243055,45.766518],[21.2431,45.766546],[21.24317,45.766587],[21.244053,45.767164],[21.244521,45.76747],[21.244624,45.767536],[21.244698,45.767585],[21.245121,45.767862],[21.245267,45.767959],[21.245461,45.768088],[21.245644,45.768208],[21.245788,45.768298],[21.245928,45.768374],[21.246124,45.768475],[21.247226,45.769044],[21.247386,45.769127],[21.248481,45.769695],[21.249276,45.770108]]},"properties":{"name":"Strada Aristide Demetriade"}},{"type":"Feature","geometry":{"type":"LineString","coordinates":[[21.248077,45.771231],[21.249195,45.770184],[21.249276,45.770108]]},"properties":{"name":"Strada Frigului"}},{"type":"Feature","geometry":{"type":"LineString","coordinates":[[21.246277,45.77268],[21.247209,45.771945],[21.247927,45.771354],[21.248077,45.771231]]},"properties":{"name":"Strada Oravița"}},{"type":"Feature","geometry":{"type":"LineString","coordinates":[[21.246277,45.77268],[21.246134,45.77279],[21.246039,45.772843],[21.246007,45.77286],[21.245964,45.772881],[21.245845,45.772932],[21.245728,45.772981],[21.245453,45.773084],[21.244729,45.773351],[21.244554,45.773417],[21.243739,45.773723],[21.243649,45.773751],[21.242952,45.774011],[21.242576,45.77413],[21.242473,45.774163],[21.241381,45.774486],[21.240699,45.774703],[21.240508,45.774758],[21.240055,45.774901],[21.239967,45.774932]]},"properties":{"name":"Strada Sfinții Apostoli Petru și Pavel"}},{"type":"Feature","geometry":{"type":"LineString","coordinates":[[21.239624,45.775114],[21.239744,45.77504],[21.239967,45.774932],[21.2397,45.774972],[21.239545,45.774971]]},"properties":{"name":"Strada Sfinții Apostoli Petru și Pavel"}},{"type":"Feature","geometry":{"type":"LineString","coordinates":[[21.239339,45.775202],[21.239202,45.775214],[21.239036,45.775238]]},"properties":{"name":"Strada Sfinții Apostoli Petru și Pavel"}},{"type":"Feature","geometry":{"type":"LineString","coordinates":[[21.23348,45.7769],[21.233606,45.77686],[21.233659,45.776843],[21.233982,45.776743],[21.234278,45.776655],[21.234595,45.776528]]},"properties":{"name":"Strada Sfinții Apostoli Petru și Pavel"}},{"type":"Feature","geometry":{"type":"LineString","coordinates":[[21.233452,45.776836],[21.233574,45.776796],[21.23394,45.776683],[21.233985,45.77667],[21.234116,45.776634],[21.23425,45.776596],[21.234485,45.776546],[21.234595,45.776528],[21.235549,45.776241],[21.235791,45.776168],[21.23645,45.77597],[21.236615,45.775923],[21.238066,45.775508],[21.238396,45.775414],[21.238511,45.775381],[21.23866,45.775339],[21.239036,45.775238],[21.239127,45.77516],[21.23924,45.775068]]},"properties":{"name":"Strada Sfinții Apostoli Petru și Pavel"}},{"type":"Feature","geometry":{"type":"LineString","coordinates":[[21.232284,45.757313],[21.232277,45.757254],[21.232268,45.757183],[21.232238,45.756923],[21.2322,45.756612],[21.23219,45.756524],[21.232184,45.756476],[21.232181,45.756416],[21.232181,45.756307],[21.232184,45.756182],[21.232186,45.756146],[21.232189,45.756056],[21.232195,45.755942],[21.232194,45.755868],[21.232191,45.755822],[21.232221,45.755783],[21.23225,45.755749],[21.232281,45.75572],[21.232296,45.75571],[21.232316,45.755698],[21.232337,45.755689],[21.232361,45.75568],[21.23239,45.755671],[21.232421,45.755663],[21.232443,45.755659],[21.232467,45.755655]]},"properties":{"name":"Strada Martin Luther"}},{"type":"Feature","geometry":{"type":"LineString","coordinates":[[21.263751,45.77746],[21.264691,45.776521],[21.26475,45.776462]]},"properties":{"name":"Strada Măcin"}},{"type":"Feature","geometry":{"type":"LineString","coordinates":[[21.248307,45.779475],[21.249169,45.779152],[21.250429,45.778687],[21.251029,45.778463],[21.251392,45.778346],[21.251598,45.778287],[21.251748,45.778253],[21.25191,45.778237],[21.251978,45.778234],[21.252161,45.778256],[21.252298,45.778305],[21.252443,45.77838],[21.252563,45.778474],[21.252953,45.778896],[21.253344,45.779313],[21.253561,45.779496],[21.253867,45.779711],[21.254693,45.780123],[21.255856,45.780692],[21.256721,45.781154],[21.257016,45.7813],[21.257443,45.7815],[21.257593,45.781601],[21.257697,45.781695],[21.257791,45.78176],[21.257923,45.781801],[21.258091,45.781798],[21.258188,45.781775],[21.258274,45.781711],[21.258322,45.781662],[21.258379,45.781576],[21.258457,45.781457],[21.258573,45.781317],[21.258982,45.780944],[21.259178,45.780752],[21.259339,45.780619],[21.259476,45.780574],[21.259645,45.780572],[21.259827,45.780619],[21.260009,45.780686],[21.260148,45.780717],[21.260289,45.780715],[21.260427,45.780679],[21.260548,45.780597],[21.260889,45.780281],[21.260893,45.780277],[21.260943,45.780226],[21.261591,45.779571],[21.262096,45.779071],[21.262107,45.779059],[21.26212,45.779047],[21.263186,45.778006],[21.26329,45.777905],[21.263365,45.777832],[21.263527,45.777678],[21.263684,45.777526],[21.263751,45.77746]]},"properties":{"name":"Inelul IV"}},{"type":"Feature","geometry":{"type":"LineString","coordinates":[[21.248307,45.779475],[21.24828,45.779435],[21.248067,45.779152],[21.248013,45.779085],[21.247905,45.778941],[21.247872,45.779082],[21.247772,45.779239]]},"properties":{"name":"Strada Constructorilor"}},{"type":"Feature","geometry":{"type":"LineString","coordinates":[[21.21117,45.777599],[21.211211,45.77773],[21.211199,45.777794],[21.211203,45.777848],[21.211226,45.777897],[21.211253,45.777931],[21.211288,45.777961],[21.211379,45.77801],[21.211598,45.778098]]},"properties":{"name":"Strada Grigore Alexandrescu"}},{"type":"Feature","geometry":{"type":"LineString","coordinates":[[21.219976,45.780776],[21.219823,45.780706],[21.21956,45.780551],[21.21953,45.780535],[21.219267,45.780401],[21.218585,45.779958],[21.218309,45.779779],[21.217988,45.77957],[21.217606,45.779335],[21.217249,45.779111],[21.217064,45.779005],[21.216715,45.778804],[21.216454,45.778694],[21.216232,45.778613],[21.216052,45.778554],[21.215863,45.778507],[21.215733,45.77848],[21.215571,45.778454],[21.215341,45.778428],[21.214946,45.778391],[21.214531,45.778357],[21.213971,45.778307],[21.213399,45.778257],[21.212759,45.7782],[21.212054,45.778138],[21.211861,45.778121],[21.211598,45.778098],[21.211362,45.778111],[21.211214,45.778119],[21.211062,45.778134]]},"properties":{"name":"Strada Grigore Alexandrescu"}},{"type":"Feature","geometry":{"type":"LineString","coordinates":[[21.218324,45.786759],[21.218286,45.786826],[21.218266,45.786903],[21.218266,45.786967],[21.218271,45.787028],[21.218273,45.787068],[21.218272,45.787142]]},"properties":{"name":"Strada Ștefan Procopiu"}},{"type":"Feature","geometry":{"type":"LineString","coordinates":[[21.222687,45.790155],[21.222508,45.790024],[21.222324,45.789891],[21.221974,45.789637],[21.221469,45.789292],[21.220974,45.788963],[21.2202,45.78848],[21.218855,45.787641],[21.218645,45.787494],[21.21849,45.787378],[21.21842,45.78731],[21.218339,45.78722],[21.218312,45.787187],[21.218272,45.787142],[21.218218,45.787071],[21.218177,45.787023],[21.218134,45.78697],[21.218096,45.786939],[21.218038,45.786903],[21.21797,45.786878]]},"properties":{"name":"Strada Ștefan Procopiu"}},{"type":"Feature","geometry":{"type":"LineString","coordinates":[[21.222765,45.790211],[21.22294,45.790325]]},"properties":{"name":"Strada Ștefan Procopiu"}},{"type":"Feature","geometry":{"type":"LineString","coordinates":[[21.265745,45.733036],[21.265766,45.732877],[21.265745,45.732701],[21.265732,45.732631],[21.26554,45.731574],[21.265438,45.730856],[21.265375,45.730716],[21.26523,45.730472],[21.265163,45.730426],[21.26513,45.730403],[21.265061,45.730355]]},"properties":{"name":"Strada Matei Millo"}},{"type":"Feature","geometry":{"type":"LineString","coordinates":[[21.258875,45.732446],[21.258763,45.73243],[21.258709,45.732416],[21.258636,45.732386],[21.258486,45.732259],[21.258357,45.732162],[21.258227,45.732093],[21.258033,45.732027]]},"properties":{"name":"Strada Venus"}},{"type":"Feature","geometry":{"type":"LineString","coordinates":[[21.254428,45.730334],[21.254783,45.730463],[21.254966,45.730565],[21.255029,45.730629],[21.255141,45.730675],[21.255393,45.730788],[21.255812,45.731],[21.256247,45.731191],[21.256462,45.731292],[21.258033,45.732027],[21.258121,45.732154],[21.258205,45.732222],[21.258293,45.732308],[21.258358,45.732373],[21.258403,45.73242],[21.258448,45.732471],[21.258516,45.732547],[21.258584,45.732632]]},"properties":{"name":"Strada Venus"}},{"type":"Feature","geometry":{"type":"LineString","coordinates":[[21.223235,45.770069],[21.223368,45.770102],[21.223469,45.770132],[21.223613,45.77017],[21.223694,45.770186],[21.223826,45.77021],[21.223991,45.770262]]},"properties":{"name":"Strada Amurgului"}},{"type":"Feature","geometry":{"type":"LineString","coordinates":[[21.230262,45.769465],[21.230141,45.769494],[21.22947,45.76966],[21.228885,45.769815],[21.228829,45.769829],[21.228662,45.769871],[21.228469,45.769916],[21.228284,45.769952],[21.228099,45.769978],[21.227875,45.770006]]},"properties":{"name":"Strada Amurgului"}},{"type":"Feature","geometry":{"type":"LineString","coordinates":[[21.230336,45.769644],[21.23021,45.769672],[21.22995,45.769729],[21.229696,45.769778],[21.229455,45.769821],[21.229013,45.769892],[21.228804,45.769919],[21.228603,45.769941],[21.227875,45.770006],[21.227343,45.770042],[21.225914,45.770155],[21.225708,45.770171],[21.225166,45.770214],[21.224545,45.770258],[21.224413,45.770266],[21.224183,45.77027],[21.223991,45.770262],[21.223826,45.770286],[21.223679,45.770279],[21.223533,45.770248],[21.223424,45.770216],[21.22333,45.770187],[21.223206,45.770148]]},"properties":{"name":"Strada Amurgului"}},{"type":"Feature","geometry":{"type":"LineString","coordinates":[[21.223206,45.770148],[21.223071,45.770105]]},"properties":{"name":"Strada Miresei"}},{"type":"Feature","geometry":{"type":"LineString","coordinates":[[21.209554,45.739072],[21.209444,45.739057],[21.209338,45.739042],[21.208736,45.738952],[21.208553,45.738926],[21.207827,45.738822],[21.20676,45.738664],[21.206546,45.738633],[21.204963,45.738399],[21.204173,45.738282],[21.204101,45.73827],[21.20405,45.73826],[21.203944,45.738239],[21.203724,45.73819],[21.203687,45.738183],[21.203346,45.738113],[21.203033,45.738043],[21.20249,45.737915],[21.201533,45.737729],[21.19994,45.737394],[21.199862,45.737377],[21.198504,45.737083],[21.198145,45.737001],[21.198044,45.736964],[21.197863,45.736946]]},"properties":{"name":"Strada Budai Deleanu"}},{"type":"Feature","geometry":{"type":"LineString","coordinates":[[21.197863,45.736946],[21.197768,45.737056],[21.197743,45.737089],[21.197652,45.737203],[21.197347,45.737589],[21.197181,45.737799],[21.197095,45.737907],[21.196795,45.738333],[21.196733,45.738422]]},"properties":{"name":"Bulevardul Dâmbovița"}},{"type":"Feature","geometry":{"type":"LineString","coordinates":[[21.195813,45.740103],[21.195835,45.740073],[21.195858,45.740041],[21.195867,45.740028],[21.195898,45.739985],[21.196021,45.739815],[21.196044,45.739784],[21.196093,45.739708],[21.19614,45.739636],[21.196363,45.739273],[21.1965,45.739052],[21.196617,45.738863],[21.196625,45.738849],[21.196642,45.738794],[21.196651,45.73875],[21.196652,45.738713],[21.196653,45.738663],[21.196658,45.738613],[21.196666,45.738572],[21.1967,45.738495],[21.196733,45.738422],[21.196633,45.738514],[21.196604,45.738559],[21.196559,45.738654],[21.196527,45.738709],[21.19646,45.738818],[21.196294,45.739092],[21.196184,45.739255],[21.195981,45.73954],[21.195944,45.739595]]},"properties":{"name":"Bulevardul Dâmbovița"}},{"type":"Feature","geometry":{"type":"LineString","coordinates":[[21.195813,45.740103],[21.195636,45.740044],[21.195558,45.740017],[21.19383,45.739418]]},"properties":{"name":"Strada Ion Barac"}},{"type":"Feature","geometry":{"type":"LineString","coordinates":[[21.192396,45.738917],[21.192523,45.738972],[21.193046,45.73915],[21.19383,45.739418],[21.193935,45.739446],[21.193984,45.739453],[21.194036,45.739454],[21.194086,45.739452],[21.194143,45.739448],[21.194193,45.739449],[21.19421,45.73945],[21.194261,45.739455],[21.194273,45.739457],[21.194321,45.739465],[21.194372,45.739478],[21.19496,45.739682],[21.195101,45.739729],[21.19533,45.739811]]},"properties":{"name":"Strada Ion Barac"}},{"type":"Feature","geometry":{"type":"LineString","coordinates":[[21.192396,45.738917],[21.192265,45.738841],[21.192008,45.738673],[21.191309,45.738214],[21.190817,45.737909],[21.190055,45.737428],[21.189856,45.737302],[21.189255,45.736907],[21.188669,45.736535],[21.188517,45.736439],[21.188004,45.736115],[21.187947,45.736078],[21.187829,45.736001],[21.187414,45.735747],[21.186211,45.73498],[21.185121,45.734319],[21.185061,45.73428],[21.184995,45.734234],[21.18495,45.734206],[21.183537,45.733322],[21.18287,45.732892],[21.181741,45.732166],[21.181257,45.731832],[21.181121,45.731717],[21.180988,45.731589],[21.180923,45.731462],[21.180887,45.731397],[21.180872,45.731361],[21.180834,45.730892],[21.180805,45.730399],[21.180789,45.729744],[21.180763,45.729136],[21.180747,45.72876],[21.180735,45.728483],[21.180731,45.728333],[21.180726,45.728157],[21.18072,45.728029],[21.180713,45.727869],[21.180691,45.72773],[21.18065,45.727565],[21.180489,45.727205],[21.180457,45.727107],[21.180454,45.727055],[21.180465,45.727001],[21.180487,45.726973]]},"properties":{"name":"Strada Ardealului"}},{"type":"Feature","geometry":{"type":"LineString","coordinates":[[21.180487,45.726973],[21.18032,45.726903],[21.180206,45.726839],[21.17956,45.726415],[21.178549,45.725757],[21.178439,45.725687],[21.178326,45.725615],[21.176644,45.724524],[21.176126,45.724189],[21.175884,45.724033],[21.175784,45.723968],[21.175731,45.723934],[21.175681,45.723902],[21.175336,45.723678],[21.174084,45.722879],[21.17367,45.722606],[21.173008,45.722167],[21.172515,45.721827],[21.171638,45.721241],[21.171617,45.721227],[21.171276,45.720997],[21.171073,45.72085],[21.170205,45.720253],[21.16956,45.71982],[21.169392,45.71971],[21.169253,45.719645],[21.169103,45.719604],[21.168972,45.719586],[21.168893,45.719584],[21.168811,45.719589],[21.16872,45.719603],[21.168621,45.719629]]},"properties":{"name":"Strada Ioan Slavici"}},{"type":"Feature","geometry":{"type":"LineString","coordinates":[[21.168621,45.719629],[21.167298,45.720098],[21.165619,45.720699],[21.165244,45.720844],[21.164884,45.721008],[21.164602,45.721173],[21.164354,45.721344],[21.16398,45.721649],[21.163868,45.721738],[21.163625,45.721938],[21.16354,45.722008]]},"properties":{"name":"Strada Ovidiu Cotruș"}},{"type":"Feature","geometry":{"type":"LineString","coordinates":[[21.16354,45.722008],[21.163287,45.722219],[21.163235,45.722265],[21.163099,45.72238],[21.162984,45.722477],[21.162536,45.722851],[21.161072,45.724072],[21.160888,45.724239],[21.160807,45.724365],[21.160789,45.724417],[21.160776,45.724511],[21.160793,45.72459],[21.16086,45.724695],[21.160997,45.724817],[21.161153,45.724924],[21.161205,45.724993],[21.161228,45.725071],[21.161217,45.725164],[21.161137,45.725265],[21.161056,45.725352]]},"properties":{"name":"Strada Wilhelm Tell"}},{"type":"Feature","geometry":{"type":"LineString","coordinates":[[21.161099,45.72556],[21.16104,45.725478],[21.161037,45.725403],[21.161056,45.725352],[21.160974,45.725382],[21.160878,45.725393],[21.160786,45.725379]]},"properties":{"name":"Strada Wilhelm Tell"}},{"type":"Feature","geometry":{"type":"LineString","coordinates":[[21.166212,45.728696],[21.166028,45.728601]]},"properties":{"name":"Strada Paul Morand"}},{"type":"Feature","geometry":{"type":"LineString","coordinates":[[21.166126,45.728758],[21.166028,45.728601],[21.165693,45.728408],[21.165144,45.72807],[21.163708,45.727148],[21.163415,45.72696],[21.16285,45.726636],[21.161688,45.725916],[21.161515,45.725809],[21.161249,45.72565],[21.161099,45.72556],[21.160786,45.725379],[21.160467,45.725208]]},"properties":{"name":"Strada Paul Morand"}},{"type":"Feature","geometry":{"type":"LineString","coordinates":[[21.274944,45.770972],[21.275075,45.771]]},"properties":{"name":"Calea Lugojului"}},{"type":"Feature","geometry":{"type":"LineString","coordinates":[[21.305803,45.775908],[21.305783,45.775919],[21.305756,45.775932],[21.305729,45.775942],[21.305705,45.775949],[21.305681,45.775956],[21.305662,45.77596],[21.305641,45.775964],[21.305621,45.775966],[21.305609,45.775968],[21.305578,45.775969],[21.305545,45.775969],[21.305512,45.775966],[21.305478,45.775961],[21.30431,45.775761],[21.30273,45.775491],[21.301878,45.775348],[21.301145,45.775223],[21.301033,45.775204],[21.300293,45.775081],[21.300195,45.775065],[21.299545,45.774954],[21.299401,45.77493],[21.298679,45.774813],[21.2986,45.7748],[21.295906,45.774363],[21.29563,45.774318],[21.294912,45.774201],[21.292805,45.773859],[21.292322,45.773785],[21.291585,45.773672],[21.290153,45.773447],[21.289097,45.773281],[21.288125,45.773129],[21.288003,45.77311],[21.287552,45.773038],[21.286935,45.77294],[21.286844,45.772926],[21.285677,45.772737],[21.28522,45.772665],[21.284269,45.772505],[21.283338,45.772351],[21.282899,45.77228],[21.28209,45.772146],[21.281848,45.772103],[21.280008,45.771771],[21.27951,45.771687],[21.279402,45.771669],[21.279193,45.771633],[21.278019,45.771435],[21.276642,45.771215],[21.275484,45.77104],[21.275145,45.771007],[21.275075,45.771],[21.275458,45.771116],[21.276617,45.771294],[21.277989,45.771514],[21.280129,45.771895],[21.282639,45.772322],[21.284501,45.772624],[21.287721,45.773148],[21.288769,45.773312],[21.289991,45.773497],[21.290484,45.773574],[21.290988,45.773651],[21.291126,45.773674],[21.291344,45.77371],[21.292853,45.773952],[21.294708,45.774254],[21.294856,45.774277],[21.295109,45.774317],[21.295912,45.774446],[21.298958,45.77494],[21.299366,45.775006],[21.299696,45.775063],[21.300345,45.775177],[21.300695,45.775239],[21.300882,45.775271],[21.30101,45.775294],[21.301205,45.775319],[21.301381,45.775348],[21.301419,45.775355],[21.301987,45.775451],[21.302827,45.775609],[21.303788,45.77578],[21.304282,45.775859],[21.304432,45.775884],[21.304769,45.77594],[21.304932,45.775967],[21.305454,45.776056],[21.305485,45.776062],[21.305511,45.776068],[21.305536,45.776076],[21.305563,45.776086],[21.305584,45.776095],[21.305603,45.776105],[21.305621,45.776115],[21.305644,45.776132],[21.305662,45.776147],[21.30568,45.776164],[21.305695,45.776182],[21.305707,45.7762]]},"properties":{"name":"Calea Lugojului"}},{"type":"Feature","geometry":{"type":"LineString","coordinates":[[21.306348,45.776042],[21.306356,45.776049],[21.30638,45.77606],[21.306441,45.776093],[21.306514,45.776119],[21.306676,45.776157],[21.307006,45.77621],[21.308437,45.776443],[21.308851,45.77651],[21.310242,45.776737],[21.312329,45.777075],[21.31357,45.777282],[21.313994,45.777338],[21.314531,45.777425],[21.315157,45.777538],[21.315765,45.777633],[21.317296,45.777884],[21.319535,45.778247],[21.320538,45.778406],[21.322159,45.778672],[21.322478,45.778723],[21.32525,45.779167],[21.326046,45.77933]]},"properties":{"name":"DN6"}},{"type":"Feature","geometry":{"type":"LineString","coordinates":[[21.306243,45.776272],[21.306278,45.776251],[21.306314,45.776233],[21.306348,45.776219],[21.306399,45.776211],[21.306442,45.776208],[21.306528,45.776213],[21.306609,45.77622],[21.306756,45.776244],[21.307651,45.776389],[21.309028,45.776612],[21.31021,45.776805],[21.310953,45.776922],[21.311652,45.777032],[21.312307,45.777134],[21.313861,45.777393],[21.314706,45.777528],[21.314995,45.777573],[21.317301,45.777957],[21.31898,45.778222],[21.320417,45.778455],[21.322134,45.778732],[21.323268,45.77892],[21.325226,45.779231],[21.326046,45.77933],[21.327823,45.779628],[21.328972,45.779813],[21.329838,45.779951],[21.330096,45.779994],[21.33057,45.780073],[21.331785,45.780275],[21.333071,45.780482],[21.334088,45.780648],[21.335072,45.780802],[21.335663,45.780895],[21.336291,45.780991],[21.337729,45.781206],[21.338928,45.781399],[21.339417,45.781481],[21.339564,45.781505],[21.340173,45.781607],[21.34094,45.781727],[21.341114,45.781754],[21.341817,45.781865],[21.342496,45.781981],[21.343501,45.78214],[21.344175,45.782252],[21.344518,45.782301],[21.344781,45.782334],[21.345108,45.782364],[21.34547,45.782375],[21.345835,45.782371],[21.346149,45.782342],[21.34643,45.782297],[21.346688,45.782242],[21.346924,45.782177],[21.347216,45.78208],[21.347437,45.781998],[21.347707,45.781886],[21.34931,45.781177],[21.349695,45.781005],[21.34987,45.780929],[21.34996,45.780888],[21.350903,45.780477],[21.351377,45.780268],[21.351804,45.78008],[21.352273,45.779865],[21.35294,45.77956],[21.354056,45.779042],[21.35485,45.778703],[21.355244,45.778548],[21.35551,45.778447],[21.356041,45.778261],[21.356725,45.778026],[21.35702,45.777945],[21.357236,45.777889],[21.357422,45.777857],[21.357555,45.777842],[21.357689,45.777825],[21.357885,45.777811],[21.358101,45.77781],[21.358327,45.777826],[21.358582,45.777848],[21.358905,45.777894],[21.359291,45.777954],[21.359613,45.777999],[21.360085,45.778069]]},"properties":{"name":"DN6"}},{"type":"Feature","geometry":{"type":"LineString","coordinates":[[21.038688,45.833429],[21.038396,45.833613],[21.037698,45.83407],[21.037389,45.834273],[21.035856,45.835247],[21.034474,45.836125],[21.028449,45.83989],[21.028367,45.839942],[21.02819,45.840052],[21.027656,45.840398],[21.02592,45.841502],[21.023281,45.843174],[21.022672,45.843561],[21.022637,45.843583],[21.020935,45.844624],[21.019993,45.8452],[21.017715,45.846561],[21.014715,45.848371],[21.012716,45.84958],[21.009181,45.85169],[21.006784,45.853124],[21.00477,45.854326],[21.000841,45.856668],[20.99945,45.857471],[20.995742,45.859476],[20.983521,45.866202],[20.976712,45.869997],[20.975474,45.870673],[20.974978,45.870924],[20.974337,45.871224],[20.972428,45.872096],[20.971917,45.872336],[20.969604,45.873422],[20.968811,45.87378],[20.968007,45.87414],[20.967084,45.874524],[20.965925,45.875019],[20.965731,45.875135],[20.965592,45.875225],[20.965409,45.875362],[20.965192,45.875572],[20.965109,45.875681],[20.965019,45.87582],[20.96492,45.876069],[20.964905,45.876289],[20.964913,45.87649],[20.965054,45.87745],[20.965189,45.878436]]},"properties":{"name":"DN6"}},{"type":"Feature","geometry":{"type":"LineString","coordinates":[[20.942517,45.898279],[20.942363,45.898362],[20.94061,45.899266],[20.936017,45.901682],[20.935069,45.902173],[20.934876,45.90226],[20.934139,45.902652],[20.932802,45.903359],[20.931734,45.903923],[20.931063,45.904278],[20.92667,45.906588],[20.9195,45.910346],[20.912327,45.914104],[20.910549,45.915031],[20.90708,45.916856],[20.905739,45.917557],[20.90556,45.917649],[20.901386,45.919836]]},"properties":{"name":"DN6"}},{"type":"Feature","geometry":{"type":"LineString","coordinates":[[21.096562,45.818198],[21.096709,45.818115],[21.096865,45.818035],[21.097218,45.817861],[21.098883,45.817101],[21.098967,45.817068],[21.099923,45.816655],[21.10036,45.816466],[21.100583,45.816389]]},"properties":{"name":"DN6"}},{"type":"Feature","geometry":{"type":"LineString","coordinates":[[21.108996,45.812515],[21.109277,45.812322]]},"properties":{"name":"DN6"}},{"type":"Feature","geometry":{"type":"LineString","coordinates":[[21.164097,45.801178],[21.164052,45.801193],[21.163868,45.801251],[21.163297,45.801421],[21.162633,45.80158],[21.162447,45.801623],[21.161541,45.801805],[21.160104,45.802095],[21.157126,45.802695],[21.154932,45.803128],[21.15458,45.803198],[21.151622,45.803783],[21.143626,45.805414],[21.139454,45.806284],[21.139069,45.806377],[21.138733,45.806494],[21.138071,45.806764],[21.137819,45.806846],[21.137581,45.806906],[21.137289,45.806957],[21.137045,45.806991],[21.136385,45.807061],[21.133727,45.807429],[21.12656,45.808521],[21.123846,45.808887],[21.123181,45.808975],[21.121894,45.809151],[21.119853,45.80942],[21.118314,45.809647],[21.117116,45.809846],[21.115421,45.810126],[21.114722,45.810239],[21.114111,45.810355],[21.113852,45.810421],[21.113631,45.81049],[21.113424,45.810566],[21.112637,45.810906],[21.110785,45.811722],[21.10999,45.812088],[21.110785,45.811722],[21.112637,45.810906],[21.113424,45.810566],[21.113631,45.81049],[21.113852,45.810421],[21.114111,45.810355],[21.114722,45.810239],[21.115421,45.810126],[21.117116,45.809846],[21.118314,45.809647],[21.119853,45.80942],[21.121894,45.809151],[21.123181,45.808975],[21.123846,45.808887],[21.12656,45.808521],[21.133727,45.807429],[21.136385,45.807061],[21.137045,45.806991],[21.137289,45.806957],[21.137581,45.806906],[21.137819,45.806846],[21.138071,45.806764],[21.138733,45.806494],[21.139069,45.806377],[21.139454,45.806284],[21.143626,45.805414],[21.151622,45.803783],[21.15458,45.803198],[21.154932,45.803128],[21.157126,45.802695],[21.160104,45.802095],[21.161541,45.801805],[21.162447,45.801623],[21.162633,45.80158],[21.163297,45.801421],[21.163868,45.801251],[21.164052,45.801193],[21.164097,45.801178]]},"properties":{"name":"DN6"}},{"type":"Feature","geometry":{"type":"LineString","coordinates":[[21.109676,45.812303],[21.10999,45.812088],[21.109616,45.812206],[21.10999,45.812088],[21.109676,45.812303]]},"properties":{"name":"DN6"}},{"type":"Feature","geometry":{"type":"LineString","coordinates":[[21.109354,45.812416],[21.108996,45.812515],[21.10821,45.812868],[21.107618,45.813124],[21.107032,45.813389],[21.10678,45.813507],[21.106174,45.813826],[21.105948,45.813944],[21.105635,45.814094],[21.104326,45.81466],[21.103267,45.815121],[21.101271,45.81606],[21.100583,45.816389],[21.100169,45.816596],[21.099633,45.816834],[21.0993,45.816982],[21.099007,45.817112],[21.098932,45.817148],[21.098653,45.817274],[21.096823,45.818101],[21.096562,45.818198],[21.095974,45.818465],[21.091292,45.820549],[21.090386,45.820958],[21.090275,45.82101],[21.085666,45.823118],[21.084529,45.823627],[21.083656,45.824008],[21.083399,45.82412],[21.082513,45.824515],[21.08164,45.824851],[21.081459,45.824919],[21.081343,45.82496],[21.075852,45.826761],[21.070366,45.828546],[21.067994,45.82929],[21.06409,45.830559],[21.063924,45.830613],[21.063765,45.83067],[21.063581,45.830729],[21.063765,45.83067],[21.063924,45.830613],[21.06409,45.830559],[21.067994,45.82929],[21.070366,45.828546],[21.075852,45.826761],[21.081343,45.82496],[21.081459,45.824919],[21.08164,45.824851],[21.082513,45.824515],[21.083399,45.82412],[21.083656,45.824008],[21.084529,45.823627],[21.085666,45.823118],[21.090275,45.82101],[21.090386,45.820958],[21.091292,45.820549],[21.095974,45.818465],[21.096562,45.818198],[21.096823,45.818101],[21.098653,45.817274],[21.098932,45.817148],[21.099007,45.817112],[21.0993,45.816982],[21.099633,45.816834],[21.100169,45.816596],[21.100583,45.816389],[21.101271,45.81606],[21.103267,45.815121],[21.104326,45.81466],[21.105635,45.814094],[21.105948,45.813944],[21.106174,45.813826],[21.10678,45.813507],[21.107032,45.813389],[21.107618,45.813124],[21.10821,45.812868],[21.108996,45.812515],[21.109354,45.812416]]},"properties":{"name":"DN6"}},{"type":"Feature","geometry":{"type":"LineString","coordinates":[[21.320538,45.778406],[21.320904,45.77835],[21.321099,45.778274],[21.321226,45.778179],[21.321381,45.777977],[21.321456,45.77776],[21.321561,45.777429],[21.32159,45.777244],[21.321563,45.777072],[21.321464,45.776881],[21.321319,45.776726],[21.321108,45.776591],[21.319839,45.776125],[21.319536,45.776077],[21.319343,45.776073],[21.319174,45.776097],[21.319031,45.776148],[21.318922,45.776203],[21.318863,45.776258],[21.318517,45.776848]]},"properties":{"name":"Centura Timișoara Sud"}},{"type":"Feature","geometry":{"type":"LineString","coordinates":[[21.278093,45.711209],[21.278305,45.711508],[21.278419,45.711685]]},"properties":{"name":"Centura Timișoara Sud"}},{"type":"Feature","geometry":{"type":"LineString","coordinates":[[21.278419,45.711685],[21.280719,45.715278],[21.282777,45.718451],[21.283747,45.719949],[21.284716,45.721503],[21.285087,45.721922],[21.285463,45.722482],[21.285825,45.723108],[21.286794,45.724797],[21.286835,45.724844],[21.286921,45.724913],[21.286987,45.724955],[21.286921,45.724913],[21.286835,45.724844],[21.286794,45.724797],[21.285825,45.723108],[21.285463,45.722482],[21.285087,45.721922],[21.284716,45.721503],[21.283747,45.719949],[21.282777,45.718451],[21.280719,45.715278],[21.278419,45.711685]]},"properties":{"name":"Centura Timișoara Sud"}},{"type":"Feature","geometry":{"type":"LineString","coordinates":[[21.318517,45.776848],[21.318227,45.777715],[21.318006,45.778376],[21.317953,45.778535],[21.317924,45.778622],[21.31765,45.779585]]},"properties":{"name":"Centura Timișoara Nord"}},{"type":"Feature","geometry":{"type":"LineString","coordinates":[[21.315605,45.786912],[21.315593,45.786775],[21.315675,45.786423],[21.315756,45.78612],[21.315814,45.785813],[21.315963,45.785324],[21.316672,45.782926],[21.317143,45.78136],[21.31713,45.781259]]},"properties":{"name":"Centura Timișoara Nord"}},{"type":"Feature","geometry":{"type":"LineString","coordinates":[[21.315388,45.786891],[21.31547,45.786759],[21.315588,45.786419],[21.315751,45.785804],[21.3159,45.785315],[21.316596,45.782916],[21.317056,45.781351],[21.31713,45.781259],[21.317255,45.780837],[21.317486,45.780067],[21.317563,45.779826],[21.31765,45.779585],[21.317667,45.779469],[21.31767,45.779374],[21.317669,45.779282],[21.317648,45.779195],[21.31762,45.779124],[21.317583,45.779034],[21.317542,45.778945],[21.317493,45.778861],[21.317429,45.778781],[21.317338,45.778678],[21.31674,45.778185],[21.31659,45.77807],[21.316441,45.777973],[21.316305,45.777898],[21.316144,45.777837],[21.3158,45.777752],[21.315199,45.777632],[21.314706,45.777528]]},"properties":{"name":"Centura Timișoara Nord"}},{"type":"Feature","geometry":{"type":"LineString","coordinates":[[21.195348,45.810963],[21.195423,45.811018],[21.195481,45.811046],[21.195563,45.811075],[21.195758,45.811132],[21.196338,45.811293],[21.19682,45.811444],[21.197225,45.811576],[21.19734,45.811618],[21.198252,45.81197],[21.198417,45.812031],[21.198681,45.81212],[21.199758,45.812441],[21.201487,45.812936],[21.202853,45.813323],[21.203912,45.813624],[21.204697,45.813864],[21.204889,45.813937],[21.205126,45.814035],[21.205262,45.814095],[21.205455,45.814194],[21.205716,45.814339],[21.206084,45.814558],[21.208388,45.815923],[21.208692,45.816078],[21.20902,45.816233],[21.209489,45.816426],[21.209811,45.816538],[21.211001,45.816948],[21.211601,45.81718],[21.212104,45.817379],[21.213313,45.817908],[21.213935,45.818232],[21.216266,45.819512],[21.217197,45.82006],[21.217707,45.820326],[21.217911,45.820416],[21.218056,45.820468],[21.218194,45.820513],[21.218425,45.820583],[21.21865,45.820627],[21.218952,45.820649]]},"properties":{"name":"Centura Timișoara Nord"}},{"type":"Feature","geometry":{"type":"LineString","coordinates":[[21.218953,45.820806],[21.218663,45.820729],[21.218382,45.820656],[21.218155,45.820582],[21.218001,45.820531],[21.217864,45.82048],[21.217657,45.820386],[21.217147,45.820098],[21.216226,45.819547],[21.213896,45.818267],[21.213277,45.817945],[21.212071,45.817417],[21.211569,45.817219],[21.210971,45.816988],[21.209782,45.816579],[21.209458,45.816466],[21.208985,45.816271],[21.208655,45.816115],[21.208348,45.815959],[21.206042,45.814592],[21.205675,45.814374],[21.205416,45.814229],[21.205226,45.814132],[21.205092,45.814073],[21.204857,45.813976],[21.204679,45.813906],[21.203981,45.813694],[21.20271,45.813327],[21.201467,45.812977],[21.199727,45.812484],[21.199066,45.812306],[21.19883,45.812251],[21.198556,45.812186],[21.198126,45.812089],[21.197899,45.812045],[21.197172,45.811916],[21.196443,45.811773],[21.196048,45.811692],[21.195892,45.811654],[21.195796,45.811621],[21.195522,45.81152],[21.195341,45.811445],[21.19528,45.811426],[21.195204,45.811416],[21.195084,45.811411]]},"properties":{"name":"Centura Timișoara Nord"}},{"type":"Feature","geometry":{"type":"LineString","coordinates":[[21.315737,45.787253],[21.315798,45.787528]]},"properties":{"name":"Strada Hella"}},{"type":"Feature","geometry":{"type":"LineString","coordinates":[[21.320018,45.792368],[21.319946,45.792288],[21.319878,45.792226],[21.319745,45.792086]]},"properties":{"name":"Strada Hella"}},{"type":"Feature","geometry":{"type":"LineString","coordinates":[[21.319718,45.792431],[21.319731,45.792298],[21.319745,45.792086],[21.319668,45.791985],[21.319641,45.791938],[21.31958,45.791862],[21.318929,45.791075],[21.318631,45.790738],[21.318609,45.790713],[21.318519,45.79061],[21.317934,45.789939],[21.317714,45.789687],[21.317402,45.789331],[21.317135,45.789026],[21.316985,45.788854],[21.316912,45.788772],[21.316646,45.788467],[21.316427,45.788218],[21.315981,45.787745],[21.315798,45.787528],[21.315524,45.787355]]},"properties":{"name":"Strada Hella"}},{"type":"Feature","geometry":{"type":"LineString","coordinates":[[21.320253,45.792561],[21.320339,45.792623],[21.320514,45.792707]]},"properties":{"name":"Calea Aviatorilor"}},{"type":"Feature","geometry":{"type":"LineString","coordinates":[[21.320196,45.792702],[21.320313,45.792685],[21.320514,45.792707],[21.320551,45.792723],[21.320656,45.792764],[21.320849,45.792868],[21.321229,45.793075],[21.321937,45.793475],[21.324165,45.794732],[21.324785,45.795082],[21.324981,45.795193],[21.325183,45.795307],[21.325273,45.795358],[21.325894,45.795708],[21.327791,45.796779],[21.329932,45.797987],[21.330106,45.798085],[21.330635,45.798384]]},"properties":{"name":"Calea Aviatorilor"}},{"type":"Feature","geometry":{"type":"LineString","coordinates":[[21.330984,45.79858],[21.331,45.798589],[21.331017,45.798596],[21.331033,45.798601],[21.331051,45.798606],[21.331069,45.79861],[21.331089,45.798613],[21.33111,45.798615],[21.331131,45.798615],[21.33115,45.798614],[21.33117,45.798612],[21.331182,45.798609],[21.331194,45.798607],[21.331211,45.798602],[21.331228,45.798597],[21.331244,45.798591],[21.33126,45.798583],[21.331275,45.798575],[21.331289,45.798565],[21.331303,45.798553],[21.331313,45.798543],[21.331324,45.79853],[21.331332,45.798518],[21.331339,45.798505],[21.331344,45.79849],[21.331347,45.798477],[21.331349,45.798463],[21.331349,45.79845],[21.331347,45.798436],[21.331343,45.798424],[21.331338,45.798411],[21.331332,45.798399],[21.331322,45.798385],[21.331313,45.798374],[21.331302,45.798363],[21.331291,45.798353],[21.331275,45.798343],[21.331264,45.798336],[21.331252,45.79833],[21.33124,45.798325],[21.331222,45.798318],[21.331205,45.798312],[21.33119,45.798309],[21.331171,45.798305],[21.33115,45.798303],[21.331134,45.798302],[21.331115,45.798302],[21.331095,45.798303],[21.331074,45.798306],[21.331057,45.798309],[21.331036,45.798315],[21.33102,45.79832],[21.331003,45.798327],[21.330986,45.798335],[21.330969,45.798346],[21.330938,45.798368],[21.330924,45.798378],[21.330909,45.798386],[21.330893,45.798394],[21.330877,45.7984],[21.330861,45.798405],[21.330843,45.79841],[21.330831,45.798412],[21.330819,45.798415],[21.3308,45.798417],[21.330781,45.798418],[21.33076,45.798417],[21.330739,45.798416],[21.330719,45.798413],[21.330701,45.798409],[21.330683,45.798404],[21.330668,45.798399],[21.330651,45.798392],[21.330635,45.798384],[21.330711,45.798426],[21.330984,45.79858]]},"properties":{"name":"Calea Aviatorilor"}},{"type":"Feature","geometry":{"type":"LineString","coordinates":[[21.320061,45.792777],[21.319909,45.792921]]},"properties":{"name":"Strada Aeroport"}},{"type":"Feature","geometry":{"type":"LineString","coordinates":[[21.319991,45.809055],[21.320004,45.809026],[21.32002,45.80899],[21.320039,45.808944],[21.320086,45.808782],[21.320115,45.808461],[21.320095,45.807038],[21.32008,45.805952],[21.320074,45.805558],[21.320072,45.805356],[21.320071,45.805287],[21.320066,45.805131],[21.32003,45.803606],[21.31996,45.799416],[21.319963,45.798898],[21.319962,45.798567],[21.319959,45.798417],[21.319943,45.79725],[21.319932,45.796688],[21.31993,45.796421],[21.319935,45.795952],[21.319936,45.795643],[21.31993,45.795459],[21.319909,45.792921],[21.319748,45.792743]]},"properties":{"name":"Strada Aeroport"}},{"type":"Feature","geometry":{"type":"LineString","coordinates":[[21.187439,45.794319],[21.187371,45.794281],[21.186316,45.793617]]},"properties":{"name":"Strada General Leonard Mociulschi"}},{"type":"Feature","geometry":{"type":"LineString","coordinates":[[21.197863,45.736946],[21.19772,45.73692],[21.197661,45.736909],[21.197611,45.736901],[21.197564,45.736891],[21.197311,45.736839],[21.196848,45.736745],[21.19668,45.736696],[21.196552,45.736645],[21.196443,45.736595],[21.196363,45.736549],[21.196238,45.736475],[21.1961,45.736381],[21.194218,45.735155],[21.19385,45.734902],[21.193362,45.734589],[21.192465,45.734034],[21.192286,45.733933],[21.192136,45.733821]]},"properties":{"name":"Strada Banatul"}},{"type":"Feature","geometry":{"type":"LineString","coordinates":[[21.192136,45.733821],[21.191865,45.733657],[21.191503,45.733419],[21.191452,45.733385],[21.190852,45.732988],[21.190177,45.732543],[21.189703,45.732233],[21.189344,45.732009],[21.188595,45.731511],[21.188553,45.731485],[21.188472,45.731434],[21.187844,45.731019],[21.187797,45.730989],[21.187742,45.730952],[21.187217,45.730606],[21.187109,45.730533],[21.186516,45.730138],[21.186437,45.730085],[21.186345,45.730023],[21.185302,45.729357],[21.185008,45.729157],[21.184853,45.729052],[21.184524,45.728833],[21.183452,45.728129],[21.182977,45.727808],[21.182882,45.727748],[21.182792,45.7277],[21.182702,45.727651],[21.182606,45.72761],[21.182487,45.72757],[21.182239,45.727496],[21.181694,45.727307],[21.181131,45.727135],[21.180955,45.727086],[21.180609,45.72701],[21.180487,45.726973]]},"properties":{"name":"Strada Nicolae Andreescu"}},{"type":"Feature","geometry":{"type":"LineString","coordinates":[[21.163868,45.721738],[21.163901,45.721752],[21.164116,45.721839],[21.164219,45.72189],[21.164373,45.721986],[21.164482,45.722073],[21.16453,45.722135],[21.164554,45.722201],[21.164555,45.722273],[21.164534,45.722351],[21.164488,45.722424],[21.164415,45.722489],[21.164357,45.722523],[21.16428,45.722555],[21.16416,45.722584],[21.164059,45.722588],[21.163966,45.722581],[21.163852,45.722557],[21.163509,45.722444],[21.163293,45.72237],[21.163093,45.722298],[21.162832,45.722213],[21.162547,45.72213],[21.162213,45.722053],[21.161977,45.722008],[21.16157,45.721937],[21.161199,45.721854],[21.160572,45.721692]]},"properties":{"name":"Strada Polonă"}},{"type":"Feature","geometry":{"type":"LineString","coordinates":[[21.16354,45.722008],[21.163447,45.72204],[21.16335,45.722092],[21.163266,45.722118],[21.163144,45.722136],[21.163084,45.722137],[21.163027,45.72213],[21.162958,45.722115],[21.162769,45.722056],[21.162659,45.722023],[21.162453,45.721969],[21.1623,45.721934],[21.161087,45.721703],[21.161001,45.721692],[21.16098,45.721691],[21.160802,45.721684],[21.160734,45.721686],[21.160572,45.721692],[21.159856,45.721502],[21.158274,45.721073],[21.157413,45.720838],[21.157206,45.720782],[21.156929,45.720707],[21.156842,45.720683],[21.156485,45.720586],[21.156423,45.720569],[21.156145,45.720494],[21.154296,45.72],[21.153337,45.719749],[21.152279,45.719507],[21.151822,45.719406],[21.151692,45.719379],[21.149898,45.719005],[21.149811,45.718985],[21.149475,45.718914],[21.149049,45.718829],[21.148656,45.718753],[21.147943,45.718612],[21.147737,45.718567],[21.145414,45.718045],[21.141851,45.71728],[21.140654,45.717041],[21.138023,45.71653],[21.137634,45.716456]]},"properties":{"name":"Strada Polonă"}},{"type":"Feature","geometry":{"type":"LineString","coordinates":[[21.200462,45.720112],[21.201279,45.720341],[21.20251,45.720671],[21.202921,45.72078],[21.204183,45.721129],[21.205768,45.721559],[21.207092,45.721901],[21.20738,45.721975],[21.20748,45.722001]]},"properties":{"name":"Strada Izlaz"}},{"type":"Feature","geometry":{"type":"LineString","coordinates":[[21.294532,45.802077],[21.294449,45.802014],[21.293983,45.80167],[21.292661,45.800664],[21.292441,45.800501],[21.291976,45.800146],[21.291918,45.80006]]},"properties":{"name":"Strada Izlaz"}},{"type":"Feature","geometry":{"type":"LineString","coordinates":[[21.215937,45.738537],[21.216049,45.738564],[21.216143,45.738586],[21.216181,45.738595],[21.21691,45.738765],[21.217763,45.738969],[21.217828,45.738985],[21.218506,45.739153],[21.218569,45.739169],[21.219566,45.739416],[21.220274,45.739582],[21.220397,45.739614],[21.220716,45.73971],[21.22095,45.739797],[21.221318,45.739948],[21.22275,45.740516],[21.222792,45.740533],[21.22287,45.740564],[21.222914,45.740579],[21.222958,45.740593],[21.223008,45.74061],[21.223664,45.740832],[21.224358,45.741048],[21.225027,45.741261]]},"properties":{"name":"Strada Ciprian Porumbescu"}},{"type":"Feature","geometry":{"type":"LineString","coordinates":[[21.225347,45.741327],[21.225334,45.741326],[21.225319,45.741324],[21.225289,45.741322],[21.225241,45.741317],[21.225027,45.741261],[21.225147,45.741393],[21.225159,45.74141],[21.22517,45.741434],[21.225177,45.741472],[21.225179,45.741527]]},"properties":{"name":"Strada Ciprian Porumbescu"}},{"type":"Feature","geometry":{"type":"LineString","coordinates":[[21.225347,45.741327],[21.225386,45.741326],[21.225425,45.741326],[21.225492,45.741336],[21.22553,45.741347],[21.225573,45.741365],[21.225607,45.741385],[21.225649,45.74141],[21.225705,45.741456],[21.225748,45.741514],[21.225803,45.741599],[21.225864,45.741689],[21.225935,45.741794],[21.225978,45.741859],[21.226025,45.741924],[21.226056,45.741973],[21.226074,45.742035],[21.226073,45.742066],[21.226057,45.742249]]},"properties":{"name":"Piața Nicolae Bălcescu"}},{"type":"Feature","geometry":{"type":"LineString","coordinates":[[21.225963,45.742171],[21.225962,45.742152],[21.225959,45.742141],[21.22595,45.742121],[21.225941,45.742109],[21.225927,45.742097],[21.225889,45.742071],[21.22564,45.741952],[21.22542,45.741865],[21.225229,45.741789],[21.225189,45.741766],[21.225173,45.741753],[21.225163,45.74174],[21.225153,45.741723],[21.225149,45.7417],[21.225157,45.741642],[21.225173,45.741558],[21.225179,45.741527]]},"properties":{"name":"Piața Nicolae Bălcescu"}},{"type":"Feature","geometry":{"type":"LineString","coordinates":[[21.300293,45.775081],[21.300515,45.775098],[21.300715,45.77511],[21.300849,45.77512],[21.300975,45.775125],[21.301052,45.775128],[21.301156,45.775107],[21.301209,45.775017],[21.30122,45.774999],[21.301243,45.774959],[21.301323,45.774859],[21.301428,45.774521],[21.301444,45.774469],[21.30177,45.773413],[21.302013,45.772626],[21.302056,45.772504],[21.302311,45.771779],[21.302536,45.771043],[21.302565,45.770953],[21.302585,45.770894]]},"properties":{"name":"Strada Victoria"}},{"type":"Feature","geometry":{"type":"LineString","coordinates":[[21.304455,45.763516],[21.304358,45.763645],[21.304331,45.763824],[21.304325,45.763912],[21.304331,45.763992],[21.304435,45.764785],[21.304435,45.764856],[21.304432,45.764953],[21.304423,45.765042],[21.304402,45.765144],[21.304392,45.765178],[21.30414,45.766012]]},"properties":{"name":"Strada Victoria"}},{"type":"Feature","geometry":{"type":"LineString","coordinates":[[21.302585,45.770894],[21.302631,45.770746],[21.302695,45.770541],[21.302841,45.770076],[21.302856,45.770025],[21.302938,45.769764],[21.303115,45.769195],[21.303629,45.767612],[21.304067,45.766253],[21.30414,45.766012],[21.304067,45.766253],[21.303629,45.767612],[21.303115,45.769195],[21.302938,45.769764],[21.302856,45.770025],[21.302841,45.770076],[21.302695,45.770541],[21.302631,45.770746],[21.302585,45.770894]]},"properties":{"name":"Strada Victoria"}},{"type":"Feature","geometry":{"type":"LineString","coordinates":[[21.304397,45.763297],[21.304534,45.763184],[21.304397,45.763297]]},"properties":{"name":"Strada Victoria"}},{"type":"Feature","geometry":{"type":"LineString","coordinates":[[21.306093,45.76221],[21.305636,45.76229],[21.305394,45.762361],[21.30527,45.7624],[21.305175,45.762441],[21.305129,45.762464],[21.30509,45.762494],[21.305059,45.762521],[21.304616,45.76309],[21.304612,45.763094],[21.304534,45.763184],[21.30452,45.763277],[21.304519,45.763287],[21.304513,45.763334],[21.304519,45.763287],[21.30452,45.763277],[21.304534,45.763184],[21.304612,45.763094],[21.304616,45.76309],[21.305059,45.762521],[21.30509,45.762494],[21.305129,45.762464],[21.305175,45.762441],[21.30527,45.7624],[21.305394,45.762361],[21.305636,45.76229],[21.306093,45.76221]]},"properties":{"name":"Strada Victoria"}},{"type":"Feature","geometry":{"type":"LineString","coordinates":[[21.30414,45.766012],[21.303925,45.76598],[21.302275,45.765734],[21.301883,45.765676],[21.300505,45.765487],[21.300405,45.765475],[21.300318,45.765464],[21.299787,45.765384],[21.298602,45.765232],[21.297878,45.76512],[21.297584,45.765069],[21.296902,45.764917],[21.296726,45.764877],[21.296447,45.764811],[21.295177,45.764519],[21.29488,45.764447],[21.294226,45.76429],[21.293978,45.764244],[21.293925,45.764212]]},"properties":{"name":"Strada Ialomiței"}},{"type":"Feature","geometry":{"type":"LineString","coordinates":[[21.285262,45.763622],[21.284998,45.763633],[21.284524,45.763653],[21.2812,45.763719],[21.28113,45.76372],[21.280814,45.763726],[21.280786,45.763727],[21.280419,45.763734],[21.279743,45.763747],[21.278728,45.763762],[21.27634,45.76382],[21.276003,45.763829],[21.275805,45.76382],[21.275676,45.763801],[21.27554,45.763769],[21.275347,45.763727],[21.275172,45.763702],[21.275022,45.763688],[21.274794,45.763681],[21.273215,45.763713],[21.270973,45.763754],[21.270913,45.763755],[21.270526,45.763763],[21.270507,45.763764],[21.270354,45.763766],[21.270309,45.763766],[21.27017,45.763768],[21.270103,45.763769],[21.269791,45.763773],[21.268996,45.763792],[21.26821,45.763824],[21.267995,45.763831],[21.267753,45.763839],[21.267138,45.763849]]},"properties":{"name":"Calea Ghirodei"}},{"type":"Feature","geometry":{"type":"LineString","coordinates":[[21.285262,45.763622],[21.284998,45.763633],[21.284524,45.763653],[21.2812,45.763719],[21.28113,45.76372],[21.280814,45.763726],[21.280786,45.763727],[21.280419,45.763734],[21.279743,45.763747],[21.278728,45.763762],[21.27634,45.76382],[21.276003,45.763829],[21.275805,45.76382],[21.275676,45.763801],[21.27554,45.763769],[21.275347,45.763727],[21.275172,45.763702],[21.275022,45.763688],[21.274794,45.763681],[21.273215,45.763713],[21.270973,45.763754],[21.270913,45.763755],[21.270526,45.763763],[21.270507,45.763764],[21.270354,45.763766],[21.270309,45.763766],[21.27017,45.763768],[21.270103,45.763769],[21.269791,45.763773],[21.268996,45.763792],[21.26821,45.763824],[21.267995,45.763831],[21.267753,45.763839],[21.267138,45.763849]]},"properties":{"name":"Calea Ghirodei"}},{"type":"Feature","geometry":{"type":"LineString","coordinates":[[21.285262,45.763622],[21.284998,45.763633],[21.284524,45.763653],[21.2812,45.763719],[21.28113,45.76372],[21.280814,45.763726],[21.280786,45.763727],[21.280419,45.763734],[21.279743,45.763747],[21.278728,45.763762],[21.27634,45.76382],[21.276003,45.763829],[21.275805,45.76382],[21.275676,45.763801],[21.27554,45.763769],[21.275347,45.763727],[21.275172,45.763702],[21.275022,45.763688],[21.274794,45.763681],[21.273215,45.763713],[21.270973,45.763754],[21.270913,45.763755],[21.270526,45.763763],[21.270507,45.763764],[21.270354,45.763766],[21.270309,45.763766],[21.27017,45.763768],[21.270103,45.763769],[21.269791,45.763773],[21.268996,45.763792],[21.26821,45.763824],[21.267995,45.763831],[21.267753,45.763839],[21.267138,45.763849]]},"properties":{"name":"Calea Ghirodei"}},{"type":"Feature","geometry":{"type":"LineString","coordinates":[[21.262783,45.763983],[21.264607,45.763907],[21.26571,45.763865],[21.267138,45.763849],[21.26571,45.763865],[21.264607,45.763907],[21.262783,45.763983]]},"properties":{"name":"Calea Ghirodei"}},{"type":"Feature","geometry":{"type":"LineString","coordinates":[[21.267138,45.763849],[21.267158,45.764257],[21.267166,45.764436],[21.267207,45.765274]]},"properties":{"name":"Strada Turda"}},{"type":"Feature","geometry":{"type":"LineString","coordinates":[[21.236282,45.784049],[21.23631,45.78415],[21.236298,45.784217],[21.23631,45.78415],[21.236282,45.784049]]},"properties":{"name":"Strada Conac"}},{"type":"Feature","geometry":{"type":"LineString","coordinates":[[21.236733,45.785163],[21.236659,45.785107],[21.236606,45.785056],[21.236579,45.785022],[21.236535,45.784971],[21.236579,45.785022],[21.236606,45.785056],[21.236659,45.785107],[21.236733,45.785163]]},"properties":{"name":"Strada Conac"}},{"type":"Feature","geometry":{"type":"LineString","coordinates":[[21.236805,45.785411],[21.2368,45.785524],[21.236813,45.785678],[21.236937,45.786181],[21.236963,45.786286],[21.236978,45.78635],[21.237008,45.786449],[21.237053,45.786599],[21.237103,45.786767],[21.237221,45.787141],[21.237233,45.787178],[21.237307,45.787383],[21.237462,45.787848],[21.237521,45.788034],[21.237605,45.788237],[21.237631,45.788314],[21.237657,45.788413],[21.237689,45.788554],[21.237715,45.788686],[21.237766,45.788831],[21.237936,45.789316],[21.238137,45.789888],[21.238366,45.790421],[21.238556,45.790863],[21.238701,45.791163],[21.238721,45.791205],[21.238768,45.791321],[21.238721,45.791205],[21.238701,45.791163],[21.238556,45.790863],[21.238366,45.790421],[21.238137,45.789888],[21.237936,45.789316],[21.237766,45.788831],[21.237715,45.788686],[21.237689,45.788554],[21.237657,45.788413],[21.237631,45.788314],[21.237605,45.788237],[21.237521,45.788034],[21.237462,45.787848],[21.237307,45.787383],[21.237233,45.787178],[21.237221,45.787141],[21.237103,45.786767],[21.237053,45.786599],[21.237008,45.786449],[21.236978,45.78635],[21.236963,45.786286],[21.236937,45.786181],[21.236813,45.785678],[21.2368,45.785524],[21.236805,45.785411]]},"properties":{"name":"Strada Conac"}},{"type":"Feature","geometry":{"type":"LineString","coordinates":[[21.238691,45.791354],[21.23862,45.791228],[21.23835,45.790584],[21.238082,45.789944],[21.238019,45.789785],[21.238004,45.789746],[21.237951,45.789611],[21.237597,45.788578],[21.237561,45.788474],[21.237546,45.788415],[21.237526,45.788338],[21.237286,45.787605],[21.237178,45.787291],[21.236974,45.786621],[21.236901,45.786364],[21.236857,45.786207],[21.236785,45.785939],[21.236725,45.785705],[21.236666,45.785494],[21.236643,45.785408],[21.236666,45.785494],[21.236725,45.785705],[21.236785,45.785939],[21.236857,45.786207],[21.236901,45.786364],[21.236974,45.786621],[21.237178,45.787291],[21.237286,45.787605],[21.237526,45.788338],[21.237546,45.788415],[21.237561,45.788474],[21.237597,45.788578],[21.237951,45.789611],[21.238004,45.789746],[21.238019,45.789785],[21.238082,45.789944],[21.23835,45.790584],[21.23862,45.791228],[21.238691,45.791354]]},"properties":{"name":"Strada Conac"}},{"type":"Feature","geometry":{"type":"LineString","coordinates":[[21.236552,45.785253],[21.236535,45.784971],[21.236373,45.784452],[21.23632,45.784286],[21.236298,45.784217],[21.236234,45.784154],[21.23621,45.784075],[21.236234,45.784154],[21.236298,45.784217],[21.23632,45.784286],[21.236373,45.784452],[21.236535,45.784971],[21.236552,45.785253]]},"properties":{"name":"Strada Conac"}},{"type":"Feature","geometry":{"type":"LineString","coordinates":[[21.238768,45.791321],[21.238826,45.791432],[21.238969,45.791745],[21.238994,45.791834],[21.239,45.791883],[21.239079,45.792049],[21.239211,45.792345],[21.239328,45.792601],[21.239453,45.792871],[21.239567,45.793119],[21.23981,45.793648],[21.239986,45.794054],[21.240177,45.794469],[21.240546,45.795246],[21.240697,45.795498],[21.240897,45.795717],[21.24126,45.796065],[21.241537,45.796284],[21.242264,45.79686],[21.242531,45.79705],[21.242709,45.797181],[21.242845,45.797281],[21.243829,45.797988],[21.243978,45.798094],[21.243829,45.797988],[21.242845,45.797281],[21.242709,45.797181],[21.242531,45.79705],[21.242264,45.79686],[21.241537,45.796284],[21.24126,45.796065],[21.240897,45.795717],[21.240697,45.795498],[21.240546,45.795246],[21.240177,45.794469],[21.239986,45.794054],[21.23981,45.793648],[21.239567,45.793119],[21.239453,45.792871],[21.239328,45.792601],[21.239211,45.792345],[21.239079,45.792049],[21.239,45.791883],[21.238994,45.791834],[21.238969,45.791745],[21.238826,45.791432],[21.238768,45.791321]]},"properties":{"name":"Strada Petőfi Sándor"}},{"type":"Feature","geometry":{"type":"LineString","coordinates":[[21.24419,45.798237],[21.244307,45.79832],[21.244511,45.798465],[21.24454,45.798551],[21.244511,45.798465],[21.244307,45.79832],[21.24419,45.798237]]},"properties":{"name":"Strada Petőfi Sándor"}},{"type":"Feature","geometry":{"type":"LineString","coordinates":[[21.256583,45.807958],[21.256519,45.807946],[21.256453,45.807924],[21.256396,45.807894],[21.256174,45.807711],[21.256111,45.807653],[21.256042,45.807591],[21.255639,45.807252],[21.255561,45.807186],[21.255247,45.806921],[21.254754,45.8065],[21.254625,45.806391],[21.254539,45.806318],[21.25402,45.805874],[21.253584,45.805501],[21.253213,45.805194],[21.253103,45.8051],[21.25298,45.804996],[21.252948,45.804969],[21.252909,45.804934],[21.252716,45.804775],[21.250416,45.802878],[21.250175,45.802697],[21.249794,45.802411],[21.249425,45.802134],[21.249295,45.802034],[21.249186,45.801951],[21.249151,45.801925],[21.24869,45.801576],[21.248138,45.801156],[21.248036,45.801079],[21.24793,45.801],[21.247887,45.800969],[21.247593,45.800752],[21.247437,45.800685],[21.247593,45.800752],[21.247887,45.800969],[21.24793,45.801],[21.248036,45.801079],[21.248138,45.801156],[21.24869,45.801576],[21.249151,45.801925],[21.249186,45.801951],[21.249295,45.802034],[21.249425,45.802134],[21.249794,45.802411],[21.250175,45.802697],[21.250416,45.802878],[21.252716,45.804775],[21.252909,45.804934],[21.252948,45.804969],[21.25298,45.804996],[21.253103,45.8051],[21.253213,45.805194],[21.253584,45.805501],[21.25402,45.805874],[21.254539,45.806318],[21.254625,45.806391],[21.254754,45.8065],[21.255247,45.806921],[21.255561,45.807186],[21.255639,45.807252],[21.256042,45.807591],[21.256111,45.807653],[21.256174,45.807711],[21.256396,45.807894],[21.256453,45.807924],[21.256519,45.807946],[21.256583,45.807958]]},"properties":{"name":"Strada Petőfi Sándor"}},{"type":"Feature","geometry":{"type":"LineString","coordinates":[[21.256367,45.808096],[21.25635,45.808008],[21.256333,45.80796],[21.256318,45.807933],[21.256296,45.807907],[21.256056,45.807684],[21.255676,45.807361],[21.254922,45.806723],[21.254574,45.806424],[21.25353,45.805532],[21.253185,45.805254],[21.253153,45.805229],[21.253045,45.80514],[21.252918,45.805036],[21.252241,45.804471],[21.25035,45.802913],[21.249728,45.802451],[21.249388,45.802208],[21.249352,45.802181],[21.249221,45.802082],[21.249111,45.801999],[21.248615,45.801626],[21.248218,45.801323],[21.248104,45.801237],[21.248062,45.801205],[21.247961,45.801128],[21.247853,45.801049],[21.247527,45.800809],[21.247437,45.800685],[21.245166,45.799013],[21.244697,45.798666],[21.24454,45.798551],[21.244416,45.798519],[21.244219,45.798379],[21.2441,45.798294],[21.244219,45.798379],[21.244416,45.798519],[21.24454,45.798551],[21.244697,45.798666],[21.245166,45.799013],[21.247437,45.800685],[21.247527,45.800809],[21.247853,45.801049],[21.247961,45.801128],[21.248062,45.801205],[21.248104,45.801237],[21.248218,45.801323],[21.248615,45.801626],[21.249111,45.801999],[21.249221,45.802082],[21.249352,45.802181],[21.249388,45.802208],[21.249728,45.802451],[21.25035,45.802913],[21.252241,45.804471],[21.252918,45.805036],[21.253045,45.80514],[21.253153,45.805229],[21.253185,45.805254],[21.25353,45.805532],[21.254574,45.806424],[21.254922,45.806723],[21.255676,45.807361],[21.256056,45.807684],[21.256296,45.807907],[21.256318,45.807933],[21.256333,45.80796],[21.25635,45.808008],[21.256367,45.808096]]},"properties":{"name":"Strada Petőfi Sándor"}},{"type":"Feature","geometry":{"type":"LineString","coordinates":[[21.243907,45.798144],[21.243757,45.798035],[21.242778,45.797325],[21.242595,45.797189],[21.242198,45.796898],[21.241464,45.796321],[21.241156,45.796076],[21.240825,45.795757],[21.240622,45.795523],[21.240469,45.79527],[21.240184,45.794663],[21.239906,45.794071],[21.23973,45.793666],[21.239699,45.793594],[21.239278,45.792651],[21.23915,45.792363],[21.239015,45.792065],[21.23888,45.791769],[21.238756,45.791479],[21.238746,45.791457],[21.238691,45.791354],[21.238746,45.791457],[21.238756,45.791479],[21.23888,45.791769],[21.239015,45.792065],[21.23915,45.792363],[21.239278,45.792651],[21.239699,45.793594],[21.23973,45.793666],[21.239906,45.794071],[21.240184,45.794663],[21.240469,45.79527],[21.240622,45.795523],[21.240825,45.795757],[21.241156,45.796076],[21.241464,45.796321],[21.242198,45.796898],[21.242595,45.797189],[21.242778,45.797325],[21.243757,45.798035],[21.243907,45.798144]]},"properties":{"name":"Strada Petőfi Sándor"}},{"type":"Feature","geometry":{"type":"LineString","coordinates":[[21.262364,45.813528],[21.262322,45.8134],[21.262283,45.813328],[21.262227,45.813233],[21.262197,45.813186],[21.262153,45.81313],[21.262077,45.813042],[21.261975,45.812931]]},"properties":{"name":"Strada Bartók Béla"}},{"type":"Feature","geometry":{"type":"LineString","coordinates":[[21.262588,45.813864],[21.262532,45.813804],[21.262501,45.813763],[21.262471,45.813714],[21.262364,45.813528],[21.262394,45.813699],[21.262406,45.813766],[21.262405,45.813809],[21.262398,45.813859],[21.262391,45.813905]]},"properties":{"name":"Strada Bartók Béla"}},{"type":"Feature","geometry":{"type":"LineString","coordinates":[[21.256835,45.808202],[21.256863,45.80827],[21.256889,45.808318],[21.256914,45.808361],[21.256952,45.808416],[21.257055,45.808523],[21.256952,45.808416],[21.256914,45.808361],[21.256889,45.808318],[21.256863,45.80827],[21.256835,45.808202]]},"properties":{"name":"Strada Bartók Béla"}},{"type":"Feature","geometry":{"type":"LineString","coordinates":[[21.261975,45.812931],[21.261774,45.812753],[21.259889,45.811058],[21.259766,45.810948],[21.259608,45.810807],[21.259452,45.810666],[21.259301,45.810531],[21.259247,45.810483],[21.258258,45.809598],[21.257427,45.808855],[21.257055,45.808523],[21.256959,45.808455],[21.256881,45.808407],[21.256811,45.808366],[21.256746,45.808333],[21.256662,45.808298],[21.256746,45.808333],[21.256811,45.808366],[21.256881,45.808407],[21.256959,45.808455],[21.257055,45.808523],[21.257427,45.808855],[21.258258,45.809598],[21.259247,45.810483],[21.259301,45.810531],[21.259452,45.810666],[21.259608,45.810807],[21.259766,45.810948],[21.259889,45.811058],[21.261774,45.812753],[21.261975,45.812931]]},"properties":{"name":"Strada Bartók Béla"}},{"type":"Feature","geometry":{"type":"LineString","coordinates":[[21.326106,45.71844],[21.325847,45.718474],[21.325573,45.718522],[21.323436,45.718894],[21.323345,45.718909],[21.322614,45.719033],[21.322167,45.7191],[21.318875,45.719708],[21.318447,45.719822],[21.318398,45.719837],[21.318324,45.719859]]},"properties":{"name":"Strada Principală"}},{"type":"Feature","geometry":{"type":"LineString","coordinates":[[21.318147,45.71988],[21.318078,45.719883],[21.318025,45.719887],[21.317793,45.719913],[21.317376,45.719957],[21.315742,45.720249],[21.315559,45.720306],[21.315435,45.720346]]},"properties":{"name":"Strada Principală"}},{"type":"Feature","geometry":{"type":"LineString","coordinates":[[21.315254,45.720374],[21.314827,45.720403],[21.314509,45.720457],[21.313379,45.720654],[21.311932,45.720897],[21.311463,45.720983],[21.311069,45.72105],[21.310906,45.721077],[21.310775,45.721124],[21.310663,45.721165]]},"properties":{"name":"Strada Principală"}},{"type":"Feature","geometry":{"type":"LineString","coordinates":[[21.310369,45.721193],[21.310219,45.721207],[21.309998,45.721244],[21.30858,45.721482],[21.307311,45.721702],[21.306018,45.72192],[21.304431,45.722181],[21.303355,45.722361],[21.301817,45.722623],[21.300774,45.722799],[21.30023,45.72288],[21.300119,45.72291],[21.300041,45.722932]]},"properties":{"name":"Strada Principală"}},{"type":"Feature","geometry":{"type":"LineString","coordinates":[[21.299756,45.72298],[21.29958,45.722993],[21.299381,45.723026],[21.298387,45.723195],[21.297371,45.72336],[21.296433,45.723518],[21.295498,45.723684],[21.295235,45.723731],[21.29491,45.72379],[21.294623,45.723844],[21.294525,45.723877],[21.294422,45.723928]]},"properties":{"name":"Strada Principală"}},{"type":"Feature","geometry":{"type":"LineString","coordinates":[[21.294158,45.72396],[21.294079,45.723955],[21.293981,45.723962],[21.293744,45.724009],[21.293248,45.724102],[21.292428,45.724255],[21.291595,45.7244],[21.290615,45.72458],[21.288947,45.724883],[21.288679,45.724929],[21.287632,45.725101],[21.287392,45.725144],[21.287259,45.725184],[21.287176,45.725224]]},"properties":{"name":"Strada Principală"}},{"type":"Feature","geometry":{"type":"LineString","coordinates":[[21.326317,45.71828],[21.326511,45.718262],[21.326821,45.718211],[21.330889,45.717504],[21.330962,45.717492],[21.331325,45.717425],[21.332652,45.717195],[21.333588,45.717019],[21.334508,45.716849],[21.33475,45.716803]]},"properties":{"name":"Strada Principală"}},{"type":"Feature","geometry":{"type":"LineString","coordinates":[[21.335037,45.716784],[21.335212,45.716787]]},"properties":{"name":"Strada Principală"}},{"type":"Feature","geometry":{"type":"LineString","coordinates":[[21.336557,45.716539],[21.335212,45.716787],[21.335054,45.71688]]},"properties":{"name":"Strada Principală"}},{"type":"Feature","geometry":{"type":"LineString","coordinates":[[21.334816,45.71694],[21.334646,45.716943],[21.334545,45.716947],[21.333435,45.717129],[21.332683,45.717262],[21.332228,45.717335],[21.33219,45.717342],[21.330983,45.717546],[21.330909,45.71756],[21.330681,45.717601],[21.326843,45.718293],[21.326555,45.718349],[21.32647,45.718369],[21.326355,45.718397]]},"properties":{"name":"Strada Principală"}},{"type":"Feature","geometry":{"type":"LineString","coordinates":[[21.360085,45.778069],[21.361516,45.778285],[21.362965,45.778493],[21.363382,45.778538],[21.364106,45.7786],[21.364686,45.778645],[21.364997,45.778671],[21.365087,45.778679],[21.365317,45.778697],[21.365407,45.778704],[21.365542,45.778714],[21.365996,45.778743],[21.367966,45.778873],[21.370244,45.779055],[21.371469,45.77915],[21.373002,45.779269],[21.373487,45.779306],[21.374038,45.779348],[21.374353,45.779375],[21.375328,45.779448],[21.375604,45.779472],[21.376081,45.779513],[21.376429,45.77955],[21.376917,45.779593],[21.377761,45.779639],[21.378274,45.779667],[21.379431,45.779739],[21.380362,45.779779],[21.380886,45.779794],[21.381044,45.779806],[21.381284,45.779824],[21.381819,45.779856],[21.383236,45.779974],[21.383762,45.780017],[21.383966,45.780047],[21.384119,45.780068],[21.384245,45.780094],[21.384467,45.780141],[21.384674,45.780206],[21.384913,45.780272],[21.385098,45.780349],[21.385304,45.780427],[21.385481,45.780521],[21.385766,45.78067],[21.38688,45.781267],[21.387299,45.781493],[21.387526,45.781616],[21.388466,45.782124],[21.389133,45.782492],[21.38962,45.782753],[21.389982,45.782948],[21.390239,45.783083],[21.390979,45.783484],[21.3912,45.783602],[21.391897,45.783975],[21.392095,45.784077],[21.392697,45.784388]]},"properties":{"name":"Strada Principală"}},{"type":"Feature","geometry":{"type":"LineString","coordinates":[[21.077341,45.616794],[21.076813,45.61647],[21.076199,45.616107],[21.075304,45.615599],[21.074241,45.614987],[21.073903,45.614802],[21.073145,45.614373],[21.072665,45.6141],[21.072017,45.613739],[21.071642,45.613522],[21.070936,45.613134],[21.070627,45.612972],[21.070129,45.612674],[21.069292,45.612208],[21.068791,45.61193],[21.067945,45.611449],[21.067933,45.611443],[21.06789,45.611419],[21.067434,45.611157],[21.066996,45.61091],[21.06646,45.610606],[21.066375,45.610558],[21.066251,45.610487],[21.066182,45.610456],[21.066009,45.61036],[21.065496,45.61006],[21.06515,45.609876],[21.064955,45.609758],[21.064794,45.609665],[21.064114,45.609288],[21.063874,45.609152],[21.063725,45.609074],[21.063646,45.609032],[21.063225,45.608799],[21.062976,45.608663],[21.06292,45.608631],[21.062705,45.608506],[21.062255,45.608259],[21.062131,45.608195],[21.061847,45.608037],[21.061547,45.607871],[21.061457,45.607819],[21.061326,45.607749],[21.061306,45.607738],[21.061067,45.607599],[21.060813,45.607459],[21.060631,45.607364],[21.060424,45.607247],[21.060342,45.607204],[21.060141,45.607087],[21.060094,45.60706],[21.05965,45.606808],[21.059206,45.606567],[21.058573,45.606212],[21.058479,45.60616],[21.05837,45.606099],[21.057762,45.60576],[21.057627,45.605683],[21.057002,45.605349],[21.056593,45.605108],[21.056343,45.604968],[21.056181,45.604883],[21.05585,45.604704],[21.055571,45.60454],[21.055094,45.604283],[21.054709,45.604069],[21.054296,45.603831],[21.053843,45.603591]]},"properties":{"name":"Strada Principală"}},{"type":"Feature","geometry":{"type":"LineString","coordinates":[[20.993262,45.552124],[20.993185,45.551964],[20.99313,45.55185],[20.993095,45.551751],[20.993046,45.551622],[20.993012,45.551509],[20.992899,45.551054],[20.992808,45.550637],[20.992762,45.550402],[20.992743,45.550253],[20.992733,45.550214],[20.992719,45.550183],[20.992704,45.550172],[20.992688,45.550162],[20.992656,45.550151],[20.99218,45.550055],[20.991209,45.549862],[20.990378,45.549715],[20.989294,45.549497],[20.988202,45.549283],[20.9875,45.549147],[20.986434,45.548935],[20.985078,45.548661],[20.984283,45.548502],[20.98398,45.548447],[20.983154,45.548288],[20.98257,45.548171],[20.981568,45.547962],[20.980857,45.547817],[20.98036,45.547714],[20.98011,45.547676],[20.97988,45.547647]]},"properties":{"name":"Strada Principală"}},{"type":"Feature","geometry":{"type":"LineString","coordinates":[[20.878559,45.504242],[20.876757,45.503111],[20.87556,45.502356],[20.873906,45.501305],[20.873588,45.501102],[20.872128,45.50018],[20.871602,45.499848],[20.871041,45.499492],[20.870981,45.499454],[20.870459,45.499121],[20.868839,45.498096],[20.867358,45.497159],[20.867211,45.497074],[20.867114,45.497015],[20.867038,45.496947],[20.867005,45.496893],[20.86702,45.496803],[20.867117,45.496715],[20.867923,45.49609],[20.868921,45.495324],[20.870544,45.494064],[20.870637,45.493992],[20.871532,45.493277],[20.871851,45.493065],[20.872914,45.492404],[20.873049,45.492329],[20.87373,45.491864],[20.873919,45.491719],[20.874098,45.491569],[20.874418,45.491224],[20.875004,45.490532]]},"properties":{"name":"Strada Principală"}},{"type":"Feature","geometry":{"type":"LineString","coordinates":[[21.228898,45.829744],[21.229229,45.830429],[21.229537,45.831053],[21.229764,45.831524],[21.230797,45.83384],[21.230891,45.834044]]},"properties":{"name":"Strada Principală"}},{"type":"Feature","geometry":{"type":"LineString","coordinates":[[21.142614,45.916672],[21.142737,45.916571],[21.142965,45.916391],[21.143096,45.916314],[21.143182,45.916264],[21.14339,45.916165],[21.144752,45.915689],[21.145337,45.915458],[21.145844,45.915243],[21.146375,45.915001],[21.146836,45.914771],[21.147359,45.914499],[21.147546,45.914371],[21.147661,45.914263],[21.147721,45.914163],[21.147751,45.91404],[21.147746,45.913938],[21.147712,45.913838],[21.147544,45.91353],[21.147405,45.913277],[21.147358,45.913168],[21.147322,45.913032],[21.147322,45.912928],[21.14735,45.912841],[21.147406,45.912773],[21.147479,45.912735],[21.14757,45.912712],[21.147672,45.912705],[21.147996,45.912732],[21.148202,45.912745],[21.148582,45.912768],[21.148895,45.912793],[21.149281,45.912817],[21.149531,45.912829],[21.149768,45.912828],[21.150091,45.912802],[21.15037,45.912762],[21.150856,45.912681],[21.1512,45.912631],[21.151739,45.912563],[21.152324,45.912457],[21.153076,45.912285],[21.153708,45.91214],[21.154367,45.912],[21.155044,45.911845]]},"properties":{"name":"Strada Principală"}},{"type":"Feature","geometry":{"type":"LineString","coordinates":[[21.095356,45.962783],[21.095273,45.962956],[21.095185,45.963121],[21.094509,45.964497],[21.093396,45.966824],[21.092648,45.968384],[21.09256,45.968564],[21.091926,45.969868]]},"properties":{"name":"Strada Principală"}},{"type":"Feature","geometry":{"type":"LineString","coordinates":[[21.319889,45.848716],[21.319907,45.848665],[21.319867,45.848519],[21.319695,45.84791],[21.319568,45.847493],[21.319423,45.847062],[21.31919,45.846372],[21.318965,45.845799],[21.318826,45.845442],[21.318774,45.845308],[21.318651,45.84496],[21.318338,45.844231],[21.318228,45.843981],[21.317952,45.843327],[21.317684,45.842713],[21.317501,45.842299],[21.317408,45.842095],[21.317315,45.841889],[21.317009,45.841162],[21.316772,45.84064],[21.316733,45.840554],[21.316625,45.840313],[21.316323,45.839694],[21.316021,45.839045],[21.315677,45.838216],[21.315554,45.837947],[21.31546,45.837701],[21.315047,45.836706],[21.314739,45.835969],[21.314702,45.835879]]},"properties":{"name":"Strada Principală"}},{"type":"Feature","geometry":{"type":"LineString","coordinates":[[20.901386,45.919836],[20.899972,45.920591],[20.898312,45.921471],[20.897798,45.921737],[20.896555,45.922384],[20.896451,45.922435],[20.894522,45.923468],[20.894322,45.923571],[20.89211,45.924746],[20.891808,45.924939],[20.891723,45.925011],[20.891549,45.925154],[20.89142,45.925274],[20.891306,45.925373],[20.891218,45.925438],[20.890994,45.92557],[20.890747,45.925682],[20.890539,45.92576]]},"properties":{"name":"Strada Principală"}},{"type":"Feature","geometry":{"type":"LineString","coordinates":[[21.20738,45.608008],[21.207828,45.60606],[21.208147,45.604672],[21.209888,45.604018],[21.210064,45.603723],[21.210248,45.603174],[21.210333,45.603031],[21.212049,45.60184],[21.214129,45.600398],[21.216068,45.599014],[21.218015,45.597694]]},"properties":{"name":"Strada Principală"}},{"type":"Feature","geometry":{"type":"LineString","coordinates":[[21.287127,45.725035],[21.287278,45.725048],[21.287427,45.725044],[21.287583,45.725025],[21.288648,45.724865],[21.288917,45.724818],[21.289171,45.724773],[21.290597,45.724523],[21.291578,45.724349],[21.292402,45.724198],[21.292918,45.724107],[21.293225,45.72405],[21.293738,45.723951],[21.293955,45.723896],[21.294037,45.723869],[21.294105,45.723824]]},"properties":{"name":"Strada Principală"}},{"type":"Feature","geometry":{"type":"LineString","coordinates":[[21.287127,45.725035],[21.287278,45.725048],[21.287427,45.725044],[21.287583,45.725025],[21.288648,45.724865],[21.288917,45.724818],[21.289171,45.724773],[21.290597,45.724523],[21.291578,45.724349],[21.292402,45.724198],[21.292918,45.724107],[21.293225,45.72405],[21.293738,45.723951],[21.293955,45.723896],[21.294037,45.723869],[21.294105,45.723824],[21.294037,45.723869],[21.293955,45.723896],[21.293738,45.723951],[21.293225,45.72405],[21.292918,45.724107],[21.292402,45.724198],[21.291578,45.724349],[21.290597,45.724523],[21.289171,45.724773],[21.288917,45.724818],[21.288648,45.724865],[21.287583,45.725025],[21.287427,45.725044],[21.287278,45.725048],[21.287127,45.725035]]},"properties":{"name":"Strada Principală"}},{"type":"Feature","geometry":{"type":"LineString","coordinates":[[21.294382,45.723771],[21.294493,45.723789],[21.294606,45.723782],[21.294886,45.723733],[21.29558,45.723614],[21.296542,45.723441],[21.299357,45.722964],[21.299551,45.72292],[21.299632,45.722887],[21.299709,45.722856]]},"properties":{"name":"Strada Principală"}},{"type":"Feature","geometry":{"type":"LineString","coordinates":[[21.294382,45.723771],[21.294493,45.723789],[21.294606,45.723782],[21.294886,45.723733],[21.29558,45.723614],[21.296542,45.723441],[21.299357,45.722964],[21.299551,45.72292],[21.299632,45.722887],[21.299709,45.722856],[21.299632,45.722887],[21.299551,45.72292],[21.299357,45.722964],[21.296542,45.723441],[21.29558,45.723614],[21.294886,45.723733],[21.294606,45.723782],[21.294493,45.723789],[21.294382,45.723771]]},"properties":{"name":"Strada Principală"}},{"type":"Feature","geometry":{"type":"LineString","coordinates":[[21.299997,45.722803],[21.300216,45.722815],[21.30037,45.722798],[21.300608,45.722761],[21.302038,45.722521],[21.303508,45.722271],[21.305799,45.721891],[21.306764,45.721726],[21.308456,45.721434],[21.309464,45.721255],[21.309995,45.721168],[21.310179,45.721128],[21.310265,45.7211],[21.310336,45.721077],[21.310265,45.7211],[21.310179,45.721128],[21.309995,45.721168],[21.309464,45.721255],[21.308456,45.721434],[21.306764,45.721726],[21.305799,45.721891],[21.303508,45.722271],[21.302038,45.722521],[21.300608,45.722761],[21.30037,45.722798],[21.300216,45.722815],[21.299997,45.722803]]},"properties":{"name":"Strada Principală"}},{"type":"Feature","geometry":{"type":"LineString","coordinates":[[21.310629,45.721029],[21.310883,45.72101],[21.31117,45.720965],[21.312194,45.72079],[21.312759,45.720695],[21.314162,45.720452],[21.314358,45.72042],[21.314723,45.720348],[21.314894,45.720306],[21.315068,45.720251],[21.315163,45.720221],[21.315068,45.720251],[21.314894,45.720306],[21.314723,45.720348],[21.314358,45.72042],[21.314162,45.720452],[21.312759,45.720695],[21.312194,45.72079],[21.31117,45.720965],[21.310883,45.72101],[21.310629,45.721029]]},"properties":{"name":"Strada Principală"}},{"type":"Feature","geometry":{"type":"LineString","coordinates":[[21.315391,45.720164],[21.315709,45.720168],[21.316625,45.720018],[21.316728,45.72],[21.317347,45.719892],[21.317969,45.71974],[21.318023,45.719727],[21.318085,45.719712],[21.318023,45.719727],[21.317969,45.71974],[21.317347,45.719892],[21.316728,45.72],[21.316625,45.720018],[21.315709,45.720168],[21.315391,45.720164]]},"properties":{"name":"Strada Principală"}},{"type":"Feature","geometry":{"type":"LineString","coordinates":[[21.318228,45.719668],[21.318376,45.719646],[21.318627,45.719611],[21.319255,45.719539],[21.322169,45.71903],[21.322753,45.718932],[21.323316,45.718829],[21.323408,45.718813],[21.32368,45.71876],[21.325804,45.71838],[21.325962,45.718346],[21.326062,45.718324],[21.325962,45.718346],[21.325804,45.71838],[21.32368,45.71876],[21.323408,45.718813],[21.323316,45.718829],[21.322753,45.718932],[21.322169,45.71903],[21.319255,45.719539],[21.318627,45.719611],[21.318376,45.719646],[21.318228,45.719668]]},"properties":{"name":"Strada Principală"}},{"type":"Feature","geometry":{"type":"LineString","coordinates":[[21.155044,45.911845],[21.155071,45.911839],[21.155187,45.911811],[21.15731,45.911378],[21.160584,45.910694],[21.16098,45.910638],[21.161272,45.910631],[21.161467,45.910626],[21.164011,45.910648],[21.164096,45.910645],[21.164169,45.910629],[21.164096,45.910645],[21.164011,45.910648],[21.161467,45.910626],[21.161272,45.910631],[21.16098,45.910638],[21.160584,45.910694],[21.15731,45.911378],[21.155187,45.911811],[21.155071,45.911839],[21.155044,45.911845]]},"properties":{"name":"Strada Principală"}},{"type":"Feature","geometry":{"type":"LineString","coordinates":[[21.299991,45.722983],[21.300003,45.723136],[21.300016,45.723171],[21.300037,45.723226],[21.300187,45.72366],[21.300199,45.723694],[21.300374,45.724199],[21.300562,45.724751],[21.300753,45.725302],[21.300945,45.725843],[21.301501,45.727439],[21.301842,45.728441],[21.301873,45.72854],[21.301884,45.728577],[21.301896,45.728612],[21.302136,45.729277],[21.302344,45.72989],[21.302505,45.730363],[21.302691,45.730927],[21.302709,45.730982],[21.302752,45.731143],[21.30278,45.731318],[21.302803,45.731365],[21.302828,45.731396],[21.302907,45.731443]]},"properties":{"name":"Strada Berlin"}},{"type":"Feature","geometry":{"type":"LineString","coordinates":[[21.302907,45.731443],[21.303182,45.731216],[21.303314,45.731088],[21.303412,45.731006],[21.303477,45.730972],[21.303545,45.730955],[21.303623,45.730954],[21.303708,45.730963],[21.303835,45.731002],[21.304809,45.731254],[21.305671,45.731468],[21.306243,45.73161],[21.306364,45.731643],[21.306372,45.731645],[21.307659,45.731994],[21.308877,45.732296],[21.309046,45.732341],[21.309188,45.732378],[21.309999,45.732581],[21.31187,45.733062],[21.312191,45.733144],[21.312379,45.733191],[21.312684,45.733269],[21.31294,45.733334],[21.313131,45.733383],[21.313952,45.733591],[21.314077,45.733591],[21.314223,45.733627],[21.314311,45.733649]]},"properties":{"name":"Drumul Boilor"}},{"type":"Feature","geometry":{"type":"LineString","coordinates":[[21.314541,45.733707],[21.314841,45.733789],[21.31491,45.733837],[21.315671,45.734031],[21.316451,45.73423],[21.316592,45.734269],[21.317485,45.734512],[21.317854,45.734595],[21.31794,45.734617],[21.318028,45.734638],[21.318348,45.73472],[21.318503,45.73476],[21.31884,45.734817]]},"properties":{"name":"Drumul Boilor"}},{"type":"Feature","geometry":{"type":"LineString","coordinates":[[21.329928,45.738027],[21.329171,45.737798],[21.328802,45.737689],[21.328497,45.7376],[21.32726,45.73723],[21.32444,45.736405],[21.323996,45.736273],[21.322933,45.735957],[21.322694,45.73589],[21.322027,45.735704],[21.32103,45.735426],[21.320749,45.735347],[21.320148,45.735179],[21.319612,45.735031],[21.31884,45.734817]]},"properties":{"name":"Strada Mare"}},{"type":"Feature","geometry":{"type":"LineString","coordinates":[[21.330876,45.738311],[21.330794,45.738287]]},"properties":{"name":"Strada Mare"}},{"type":"Feature","geometry":{"type":"LineString","coordinates":[[21.302765,45.690602],[21.302854,45.690628],[21.305325,45.69143],[21.30795,45.692316],[21.305325,45.69143],[21.302854,45.690628],[21.302765,45.690602]]},"properties":{"name":"Strada Mare"}},{"type":"Feature","geometry":{"type":"LineString","coordinates":[[21.330876,45.738311],[21.330915,45.73825],[21.33137,45.73753],[21.331878,45.736682],[21.33197,45.73652],[21.332652,45.735389],[21.333282,45.734314],[21.333835,45.733467],[21.3339,45.73336],[21.334103,45.733029],[21.334202,45.732872],[21.334461,45.732461],[21.334701,45.732051],[21.334944,45.731633],[21.335448,45.730849],[21.335477,45.730798]]},"properties":{"name":"Strada Bistrei"}},{"type":"Feature","geometry":{"type":"LineString","coordinates":[[21.326289,45.718452],[21.326325,45.718507],[21.32637,45.718576],[21.326421,45.718658],[21.327214,45.719931],[21.327853,45.720962],[21.328054,45.721279],[21.328589,45.72215],[21.329215,45.723062],[21.329731,45.723938],[21.330145,45.724644],[21.330209,45.72475],[21.330543,45.725314],[21.330656,45.725502],[21.331354,45.726534],[21.331729,45.727137],[21.331976,45.72751],[21.332296,45.727907],[21.332603,45.728199],[21.332762,45.728342],[21.333394,45.728819],[21.333945,45.729252],[21.334535,45.7297],[21.335098,45.730159],[21.33531,45.730343],[21.33542,45.730453],[21.335481,45.730522],[21.335512,45.730562],[21.335527,45.730599],[21.33553,45.730652],[21.335516,45.730701],[21.335504,45.730736],[21.335477,45.730798]]},"properties":{"name":"Calea Moșnița Veche"}},{"type":"Feature","geometry":{"type":"LineString","coordinates":[[21.326188,45.718251],[21.326162,45.718211],[21.326141,45.71818],[21.326042,45.718021],[21.325288,45.716806],[21.324781,45.715977],[21.324419,45.715418],[21.324333,45.715283],[21.323932,45.714639],[21.323554,45.714021],[21.323296,45.713602],[21.323143,45.71335],[21.32285,45.712897],[21.322816,45.712842],[21.321552,45.710846],[21.321208,45.710292],[21.320736,45.709539],[21.320566,45.709268],[21.320489,45.709144],[21.320423,45.709039],[21.320019,45.708394],[21.319983,45.708337],[21.319742,45.707951],[21.319448,45.707482],[21.318889,45.706571],[21.318819,45.706461],[21.318055,45.705275],[21.318024,45.705223],[21.317741,45.704745],[21.31759,45.704505],[21.317224,45.703913],[21.316819,45.70328],[21.316477,45.702745],[21.315975,45.701962],[21.315305,45.700901],[21.315263,45.700836],[21.314551,45.69967],[21.314429,45.699512],[21.314071,45.698927],[21.313852,45.698568],[21.313671,45.698275],[21.313231,45.697547],[21.313089,45.697344],[21.313008,45.697243],[21.312944,45.697163],[21.312838,45.697044],[21.312799,45.697001],[21.312838,45.697044],[21.312944,45.697163],[21.313008,45.697243],[21.313089,45.697344],[21.313231,45.697547],[21.313671,45.698275],[21.313852,45.698568],[21.314071,45.698927],[21.314429,45.699512],[21.314551,45.69967],[21.315263,45.700836],[21.315305,45.700901],[21.315975,45.701962],[21.316477,45.702745],[21.316819,45.70328],[21.317224,45.703913],[21.31759,45.704505],[21.317741,45.704745],[21.318024,45.705223],[21.318055,45.705275],[21.318819,45.706461],[21.318889,45.706571],[21.319448,45.707482],[21.319742,45.707951],[21.319983,45.708337],[21.320019,45.708394],[21.320423,45.709039],[21.320489,45.709144],[21.320566,45.709268],[21.320736,45.709539],[21.321208,45.710292],[21.321552,45.710846],[21.322816,45.712842],[21.32285,45.712897],[21.323143,45.71335],[21.323296,45.713602],[21.323554,45.714021],[21.323932,45.714639],[21.324333,45.715283],[21.324419,45.715418],[21.324781,45.715977],[21.325288,45.716806],[21.326042,45.718021],[21.326141,45.71818],[21.326162,45.718211],[21.326188,45.718251]]},"properties":{"name":"Calea Medveș"}},{"type":"Feature","geometry":{"type":"LineString","coordinates":[[21.306154,45.694932],[21.306193,45.694943]]},"properties":{"name":"Strada Morii"}},{"type":"Feature","geometry":{"type":"LineString","coordinates":[[21.293728,45.837921],[21.293842,45.837924],[21.293984,45.83793],[21.29425,45.837939]]},"properties":{"name":"Strada Morii"}},{"type":"Feature","geometry":{"type":"LineString","coordinates":[[21.310231,45.836859],[21.30895,45.837224],[21.308778,45.837271],[21.307992,45.837484],[21.307662,45.837568],[21.307336,45.837635],[21.307206,45.837647],[21.306922,45.837675],[21.306683,45.83769],[21.306423,45.837697],[21.306211,45.837697],[21.305841,45.837681],[21.304476,45.837628],[21.30402,45.837623],[21.303842,45.83763],[21.30345,45.837646],[21.301029,45.837719],[21.300793,45.837726],[21.297913,45.837823],[21.297346,45.837842],[21.297012,45.837853],[21.295638,45.837895],[21.29514,45.837911],[21.294417,45.837935],[21.29425,45.837939],[21.294037,45.837983],[21.293937,45.838005],[21.293901,45.838023],[21.29383,45.838057]]},"properties":{"name":"Strada Morii"}},{"type":"Feature","geometry":{"type":"LineString","coordinates":[[21.314702,45.835879],[21.314627,45.835893],[21.314002,45.836015],[21.312626,45.836289],[21.311805,45.836474],[21.311077,45.836651],[21.310783,45.836724],[21.310372,45.836827]]},"properties":{"name":"Strada Morii"}},{"type":"Feature","geometry":{"type":"LineString","coordinates":[[21.306193,45.694943],[21.306666,45.695119],[21.30711,45.695286],[21.307545,45.695477],[21.307833,45.695606],[21.308042,45.695704],[21.308333,45.695829],[21.308516,45.695906],[21.308713,45.69598],[21.308899,45.696039],[21.309951,45.696345],[21.310438,45.696491],[21.310494,45.696507],[21.311325,45.696755],[21.311607,45.696822],[21.311851,45.696872],[21.311984,45.696895],[21.312199,45.696911],[21.312464,45.696903],[21.312575,45.696901],[21.312617,45.696907],[21.312655,45.696913],[21.312735,45.696948],[21.312745,45.696957],[21.312799,45.697001],[21.312745,45.696957],[21.312735,45.696948],[21.312655,45.696913],[21.312617,45.696907],[21.312575,45.696901],[21.312464,45.696903],[21.312199,45.696911],[21.311984,45.696895],[21.311851,45.696872],[21.311607,45.696822],[21.311325,45.696755],[21.310494,45.696507],[21.310438,45.696491],[21.309951,45.696345],[21.308899,45.696039],[21.308713,45.69598],[21.308516,45.695906],[21.308333,45.695829],[21.308042,45.695704],[21.307833,45.695606],[21.307545,45.695477],[21.30711,45.695286],[21.306666,45.695119],[21.306193,45.694943]]},"properties":{"name":"Strada Morii"}},{"type":"Feature","geometry":{"type":"LineString","coordinates":[[21.301955,45.797269],[21.301991,45.797296],[21.302028,45.797325],[21.302061,45.79735],[21.303765,45.798648],[21.304473,45.799176],[21.304523,45.799213],[21.304543,45.799228],[21.304615,45.799281]]},"properties":{"name":"Strada Bisericii"}},{"type":"Feature","geometry":{"type":"LineString","coordinates":[[21.228358,45.834614],[21.230139,45.834213]]},"properties":{"name":"Strada Bisericii"}},{"type":"Feature","geometry":{"type":"LineString","coordinates":[[21.306193,45.694943],[21.306444,45.694539],[21.307756,45.692582],[21.30795,45.692316],[21.307756,45.692582],[21.306444,45.694539],[21.306193,45.694943]]},"properties":{"name":"Strada Bisericii"}},{"type":"Feature","geometry":{"type":"LineString","coordinates":[[21.302765,45.690602],[21.30122,45.692911],[21.301113,45.693092],[21.301011,45.693251],[21.300945,45.693339],[21.300886,45.693345],[21.300835,45.693363],[21.300741,45.693447],[21.300354,45.693973],[21.300004,45.694458],[21.299473,45.695196],[21.299128,45.695634],[21.299005,45.69579],[21.299128,45.695634],[21.299473,45.695196],[21.300004,45.694458],[21.300354,45.693973],[21.300741,45.693447],[21.300835,45.693363],[21.300886,45.693345],[21.300945,45.693339],[21.301011,45.693251],[21.301113,45.693092],[21.30122,45.692911],[21.302765,45.690602]]},"properties":{"name":"Strada Nicolae Botoca"}},{"type":"Feature","geometry":{"type":"LineString","coordinates":[[21.278093,45.711209],[21.278084,45.71133],[21.278035,45.711477],[21.277931,45.711672],[21.277818,45.711817],[21.278012,45.711734],[21.278125,45.711703],[21.278274,45.711679],[21.278419,45.711685]]},"properties":{"name":"DJ595G"}},{"type":"Feature","geometry":{"type":"LineString","coordinates":[[21.299005,45.69579],[21.298652,45.696358],[21.298372,45.696798],[21.298313,45.696864],[21.298256,45.696915],[21.298206,45.69695],[21.298168,45.696974],[21.29812,45.697],[21.298002,45.697044],[21.297831,45.697099],[21.296214,45.697525],[21.293821,45.698151],[21.292582,45.698461],[21.292138,45.698576],[21.291681,45.698695],[21.291228,45.698812],[21.290089,45.699149],[21.289972,45.699201],[21.289862,45.69927],[21.289764,45.699357],[21.289651,45.699453],[21.287988,45.701164],[21.285419,45.703856],[21.284064,45.705238],[21.283617,45.70571],[21.280742,45.708772],[21.279943,45.709582],[21.279381,45.710141],[21.279265,45.71026],[21.278538,45.711027],[21.278452,45.711122],[21.278344,45.711265],[21.278324,45.711301],[21.278311,45.711351],[21.278305,45.711508],[21.278311,45.711351],[21.278324,45.711301],[21.278344,45.711265],[21.278452,45.711122],[21.278538,45.711027],[21.279265,45.71026],[21.279381,45.710141],[21.279943,45.709582],[21.280742,45.708772],[21.283617,45.70571],[21.284064,45.705238],[21.285419,45.703856],[21.287988,45.701164],[21.289651,45.699453],[21.289764,45.699357],[21.289862,45.69927],[21.289972,45.699201],[21.290089,45.699149],[21.291228,45.698812],[21.291681,45.698695],[21.292138,45.698576],[21.292582,45.698461],[21.293821,45.698151],[21.296214,45.697525],[21.297831,45.697099],[21.298002,45.697044],[21.29812,45.697],[21.298168,45.696974],[21.298206,45.69695],[21.298256,45.696915],[21.298313,45.696864],[21.298372,45.696798],[21.298652,45.696358],[21.299005,45.69579]]},"properties":{"name":"DJ595G"}},{"type":"Feature","geometry":{"type":"LineString","coordinates":[[21.336557,45.716539],[21.337034,45.716457],[21.338876,45.716142],[21.340748,45.71582],[21.341102,45.715759],[21.342217,45.71555],[21.343009,45.715407],[21.343194,45.715373],[21.343934,45.715226],[21.344833,45.715053],[21.345663,45.714911],[21.348218,45.714473],[21.348428,45.714436],[21.3508,45.714023],[21.352931,45.71364],[21.354846,45.713287],[21.357617,45.712798],[21.359206,45.712474],[21.361769,45.712046],[21.363013,45.711826],[21.364316,45.711594],[21.366117,45.711265],[21.367927,45.710931],[21.368598,45.7108],[21.369279,45.710655],[21.369407,45.71062],[21.369554,45.710583]]},"properties":{"name":"DJ592"}},{"type":"Feature","geometry":{"type":"LineString","coordinates":[[21.371299,45.711626],[21.371267,45.711606],[21.371234,45.711588],[21.371195,45.711573],[21.371038,45.711532],[21.370806,45.711465],[21.370575,45.711384],[21.370399,45.711301],[21.370259,45.711212],[21.370153,45.71113],[21.370013,45.711001],[21.369745,45.710748],[21.369694,45.710704],[21.369554,45.710583]]},"properties":{"name":"Strada Hodoș"}},{"type":"Feature","geometry":{"type":"LineString","coordinates":[[21.371108,45.714333],[21.371274,45.712766],[21.371367,45.711815],[21.371369,45.711744],[21.371352,45.711694],[21.371326,45.711653],[21.371299,45.711626]]},"properties":{"name":"Strada Brod"}},{"type":"Feature","geometry":{"type":"LineString","coordinates":[[21.371274,45.712766],[21.372312,45.71281],[21.373537,45.712875]]},"properties":{"name":"Strada Boștinarilor"}},{"type":"Feature","geometry":{"type":"LineString","coordinates":[[21.373537,45.712875],[21.373382,45.714439]]},"properties":{"name":"Strada Sebeș"}},{"type":"Feature","geometry":{"type":"LineString","coordinates":[[21.371108,45.714333],[21.373006,45.714423]]},"properties":{"name":"Strada Rusca"}},{"type":"Feature","geometry":{"type":"LineString","coordinates":[[21.380909,45.77994],[21.380905,45.779965],[21.380886,45.780017],[21.38086,45.779959],[21.380853,45.779898],[21.38086,45.779842],[21.380886,45.779794]]},"properties":{"name":"DC62"}},{"type":"Feature","geometry":{"type":"LineString","coordinates":[[21.383637,45.788678],[21.383633,45.788736],[21.383648,45.788794],[21.383684,45.788831],[21.383721,45.788864],[21.38386,45.788929],[21.384041,45.789005],[21.384222,45.789094],[21.384294,45.789145],[21.384437,45.789283],[21.384967,45.789852],[21.385542,45.790472],[21.386397,45.791386],[21.386497,45.791495],[21.387159,45.792196],[21.388104,45.793165],[21.388835,45.793928],[21.389516,45.794623],[21.390274,45.795398],[21.390902,45.796036],[21.391279,45.796426],[21.391497,45.796646],[21.391756,45.796912],[21.392308,45.797479],[21.39302,45.798215],[21.393712,45.798931],[21.394309,45.79956],[21.394948,45.800225],[21.396923,45.802323],[21.397263,45.802676],[21.397601,45.803053],[21.397896,45.803361],[21.398125,45.803533],[21.398397,45.803702],[21.398774,45.803909],[21.399034,45.804067],[21.399238,45.804254],[21.399393,45.804557],[21.39954,45.80499],[21.399678,45.805394],[21.399835,45.805831],[21.399951,45.806004],[21.400046,45.806108],[21.400235,45.80625],[21.400545,45.806426],[21.400953,45.806671],[21.401179,45.806832],[21.401389,45.807012],[21.401863,45.807503],[21.402772,45.808445],[21.40301,45.80868],[21.403193,45.808878],[21.403378,45.809073],[21.403607,45.809308],[21.403715,45.809422],[21.404478,45.810256],[21.405203,45.810996],[21.405746,45.811586],[21.406212,45.812109],[21.406352,45.812257],[21.406801,45.812748],[21.407011,45.812965],[21.407171,45.813131],[21.407291,45.813259],[21.407357,45.81335],[21.407424,45.813472],[21.407617,45.813825],[21.407858,45.814279],[21.408303,45.815111],[21.408623,45.815719],[21.408818,45.816092],[21.409309,45.817012],[21.409712,45.817779],[21.409921,45.818182],[21.410176,45.818689],[21.410691,45.819682],[21.411125,45.820506],[21.41153,45.821306],[21.411975,45.822155],[21.412453,45.823069],[21.412783,45.82373],[21.41315,45.824465],[21.41351,45.825173],[21.413936,45.826016],[21.414049,45.826239],[21.414124,45.826405],[21.414172,45.826536],[21.414191,45.82662],[21.414191,45.826713],[21.414186,45.826818],[21.414156,45.826957],[21.414081,45.827183],[21.414015,45.827381],[21.413869,45.827754],[21.413603,45.828405],[21.413306,45.829143],[21.413051,45.829835],[21.412785,45.830502],[21.412587,45.831064],[21.412513,45.831315],[21.412473,45.831487],[21.412447,45.831625],[21.412439,45.831754],[21.412447,45.831898],[21.412472,45.832057],[21.412503,45.832141],[21.412549,45.832268],[21.412681,45.832507],[21.412803,45.832701],[21.413186,45.83333],[21.413326,45.833556],[21.413444,45.833773],[21.413511,45.833934],[21.41357,45.834087],[21.413583,45.834182],[21.413583,45.834268],[21.41358,45.834427],[21.413562,45.834541],[21.413559,45.834578],[21.413479,45.83493],[21.413406,45.835388],[21.413363,45.835631],[21.413355,45.835695]]},"properties":{"name":"DC62"}},{"type":"Feature","geometry":{"type":"LineString","coordinates":[[21.418708,45.838602],[21.418923,45.839127],[21.419095,45.839486],[21.419349,45.840051],[21.419644,45.84069],[21.419705,45.840845],[21.419759,45.840967],[21.420033,45.84158],[21.420229,45.841968],[21.42036,45.842245],[21.420607,45.842748],[21.420835,45.843258],[21.421022,45.843648],[21.421221,45.844076],[21.421478,45.844614],[21.421081,45.844842],[21.421134,45.844891],[21.42116,45.844964],[21.42115,45.84511],[21.421093,45.845293]]},"properties":{"name":"DC62"}},{"type":"Feature","geometry":{"type":"LineString","coordinates":[[21.383637,45.788678],[21.38364,45.788628],[21.383645,45.788557],[21.383645,45.788516],[21.383645,45.78849],[21.383638,45.788459],[21.38361,45.788415],[21.383408,45.788202],[21.382888,45.787692],[21.381968,45.786765],[21.381342,45.78615],[21.38089,45.785694],[21.380802,45.785613],[21.380555,45.785367],[21.38041,45.785206],[21.380351,45.785102],[21.380329,45.785057],[21.380312,45.785006],[21.380308,45.784968],[21.380311,45.784854],[21.380321,45.784782],[21.380448,45.783863],[21.380547,45.783199],[21.380557,45.78311],[21.380736,45.781464],[21.380849,45.780474],[21.380886,45.780017]]},"properties":{"name":"Calea Ianovei"}},{"type":"Feature","geometry":{"type":"LineString","coordinates":[[21.418708,45.838602],[21.418615,45.838393],[21.418572,45.838247],[21.418559,45.838185],[21.418551,45.838062],[21.418543,45.837847],[21.418543,45.837638],[21.418535,45.837447],[21.41853,45.837425],[21.418522,45.837383],[21.418473,45.837352],[21.41843,45.837326],[21.41836,45.837301],[21.418282,45.837283],[21.41817,45.837256],[21.417735,45.837168],[21.416246,45.836882],[21.415232,45.836696],[21.415105,45.836673],[21.415005,45.836655],[21.414969,45.836649],[21.414466,45.836557],[21.413795,45.836429],[21.413656,45.836391],[21.413554,45.836346],[21.413487,45.836296],[21.413436,45.836242],[21.413382,45.836169],[21.41335,45.836077],[21.413331,45.835939],[21.413339,45.835816],[21.413355,45.835695]]},"properties":{"name":"Str Principala"}},{"type":"Feature","geometry":{"type":"LineString","coordinates":[[21.255474,45.756953],[21.255488,45.756938],[21.25561,45.756812]]},"properties":{"name":"Strada Tigrului"}},{"type":"Feature","geometry":{"type":"LineString","coordinates":[[21.307885,45.771647],[21.307625,45.771603],[21.307016,45.771488],[21.305733,45.771354],[21.305331,45.771293],[21.302585,45.770894]]},"properties":{"name":"Strada Plopilor"}},{"type":"Feature","geometry":{"type":"LineString","coordinates":[[21.307885,45.771647],[21.307848,45.771748],[21.307411,45.773043],[21.307383,45.773118],[21.307369,45.773167],[21.307351,45.773214],[21.307308,45.773346],[21.307142,45.773982],[21.306983,45.774768],[21.306787,45.775566],[21.30675,45.775664],[21.306713,45.775728],[21.306648,45.775804],[21.306551,45.775857],[21.306314,45.77598]]},"properties":{"name":"Strada Sinaia"}},{"type":"Feature","geometry":{"type":"LineString","coordinates":[[21.266077,45.77703],[21.266624,45.777041],[21.267078,45.777015],[21.267156,45.77699],[21.268171,45.776651],[21.268381,45.77658],[21.268688,45.776476],[21.267522,45.774715]]},"properties":{"name":"Aleea Pădurea Verde"}},{"type":"Feature","geometry":{"type":"LineString","coordinates":[[21.267522,45.774715],[21.268232,45.774482],[21.269971,45.77391],[21.27103,45.773548],[21.271197,45.77352],[21.271316,45.773509],[21.271446,45.773525],[21.271582,45.773564],[21.271823,45.773654],[21.27234,45.773942],[21.272761,45.774238],[21.273171,45.774543],[21.273519,45.774822],[21.27382,45.77512],[21.274018,45.775365],[21.275032,45.776817],[21.275471,45.777526],[21.275542,45.777726],[21.27557,45.777796],[21.275609,45.777823],[21.275653,45.77784],[21.275731,45.777848],[21.275801,45.777838],[21.275958,45.777805]]},"properties":{"name":"DC64"}},{"type":"Feature","geometry":{"type":"LineString","coordinates":[[21.275958,45.777805],[21.276063,45.777772],[21.276122,45.777778],[21.276169,45.777797],[21.276211,45.777859],[21.276356,45.778177],[21.276602,45.778585],[21.276897,45.778981],[21.277683,45.780079],[21.277954,45.780457],[21.278955,45.781815],[21.279083,45.781993],[21.28021,45.783536],[21.280902,45.784484],[21.282,45.786002],[21.282618,45.786843],[21.283036,45.787422],[21.285332,45.790588],[21.288054,45.794349],[21.288387,45.79481],[21.288435,45.794874],[21.289306,45.796092],[21.289468,45.796304],[21.289878,45.796862],[21.290286,45.79739],[21.290817,45.798142],[21.291016,45.79837],[21.291171,45.798525],[21.291457,45.798753],[21.292427,45.799535],[21.292528,45.799617]]},"properties":{"name":"Calea Timișoarei"}},{"type":"Feature","geometry":{"type":"LineString","coordinates":[[21.100743,45.839173],[21.101593,45.838244],[21.103106,45.83653],[21.103347,45.836275],[21.104966,45.834449],[21.105253,45.834115],[21.105345,45.834009],[21.106144,45.833087],[21.106395,45.832796],[21.106515,45.832627],[21.106566,45.83252],[21.106649,45.832317],[21.107044,45.831055],[21.107397,45.829501],[21.107998,45.827224],[21.108121,45.826755],[21.108173,45.82656],[21.108339,45.825932],[21.108636,45.824792],[21.109669,45.820843],[21.109774,45.820457],[21.109825,45.82017],[21.109833,45.819986],[21.109835,45.819857],[21.109825,45.819444],[21.1098,45.818799],[21.109747,45.817358],[21.109693,45.816107],[21.109628,45.814998],[21.109575,45.814094],[21.109514,45.812844],[21.109515,45.812706]]},"properties":{"name":"Calea Timișoarei"}},{"type":"Feature","geometry":{"type":"LineString","coordinates":[[21.051693,45.834532],[21.051934,45.834509],[21.052251,45.834446],[21.052521,45.834366],[21.052868,45.834255],[21.054018,45.833874],[21.054703,45.833649],[21.055203,45.833488],[21.056212,45.833155],[21.056901,45.832926]]},"properties":{"name":"Calea Timișoarei"}},{"type":"Feature","geometry":{"type":"LineString","coordinates":[[21.063581,45.830729],[21.063027,45.830909],[21.062419,45.831113],[21.057249,45.832812],[21.057043,45.83288],[21.056901,45.832926],[21.057043,45.83288],[21.057249,45.832812],[21.062419,45.831113],[21.063027,45.830909],[21.063581,45.830729]]},"properties":{"name":"Calea Timișoarei"}},{"type":"Feature","geometry":{"type":"LineString","coordinates":[[21.292528,45.799617],[21.292199,45.799851],[21.291962,45.800027],[21.291918,45.80006],[21.291877,45.800084],[21.291771,45.800143],[21.2907,45.800797],[21.289709,45.801416],[21.288938,45.801965],[21.288814,45.802048],[21.28775,45.802718],[21.287259,45.803017],[21.286218,45.803676],[21.285656,45.804022]]},"properties":{"name":"Strada Parcului"}},{"type":"Feature","geometry":{"type":"LineString","coordinates":[[21.285656,45.804022],[21.285724,45.804134],[21.285816,45.804311],[21.285917,45.804512],[21.286055,45.804763],[21.2863,45.805223],[21.286355,45.805331],[21.286576,45.805683],[21.286634,45.805783],[21.286718,45.805926],[21.286839,45.806143],[21.287147,45.806619],[21.28724,45.806788],[21.287354,45.806997],[21.287706,45.80761],[21.287753,45.80771],[21.287833,45.807925],[21.288053,45.80837],[21.288112,45.808459],[21.288224,45.808626],[21.288728,45.809401],[21.288844,45.809474],[21.288981,45.809485],[21.28912,45.809443],[21.289426,45.809283]]},"properties":{"name":"Strada Albatros"}},{"type":"Feature","geometry":{"type":"LineString","coordinates":[[21.289426,45.809283],[21.289588,45.809179],[21.289867,45.808975],[21.289977,45.8089],[21.29056,45.808501],[21.291287,45.808023],[21.292294,45.807381],[21.292433,45.807288],[21.292682,45.807119],[21.292887,45.806976],[21.29338,45.806629],[21.294024,45.806218],[21.294368,45.806003],[21.294878,45.805683],[21.294957,45.805639],[21.295007,45.805611],[21.295127,45.805542],[21.295291,45.805432],[21.296287,45.804785],[21.296751,45.804471],[21.296984,45.804314],[21.29728,45.804114],[21.297432,45.804013],[21.297581,45.803916],[21.298748,45.803153],[21.300308,45.802133],[21.301109,45.801609],[21.301364,45.80144],[21.304615,45.799281],[21.304652,45.799257],[21.304698,45.799228],[21.304718,45.799215],[21.305052,45.799],[21.306095,45.798311],[21.306382,45.798112],[21.306435,45.798075]]},"properties":{"name":"Strada Teilor"}},{"type":"Feature","geometry":{"type":"LineString","coordinates":[[21.301955,45.797269],[21.301679,45.797427],[21.300993,45.797877],[21.300397,45.79827],[21.299889,45.798599],[21.298418,45.799562],[21.298309,45.799632],[21.296901,45.800543],[21.296634,45.800716],[21.296187,45.801003],[21.295017,45.801763],[21.294532,45.802077]]},"properties":{"name":"Strada Înfrățirea"}},{"type":"Feature","geometry":{"type":"LineString","coordinates":[[21.137634,45.716456],[21.137135,45.716367],[21.136888,45.716328],[21.1367,45.716299],[21.136093,45.71624],[21.135356,45.716196],[21.13301,45.716092],[21.132414,45.716069],[21.131831,45.716046],[21.131466,45.716025],[21.131265,45.716006],[21.127856,45.715608],[21.124864,45.715197],[21.124552,45.715155],[21.12246,45.714449],[21.121131,45.714002],[21.11916,45.713341],[21.117201,45.712651],[21.116981,45.712579],[21.116358,45.712358],[21.116145,45.712287],[21.116063,45.71225],[21.116015,45.712195],[21.115993,45.71215],[21.115974,45.712104],[21.115964,45.712066],[21.115967,45.712024],[21.115983,45.711932],[21.116071,45.711565],[21.116113,45.711359],[21.116145,45.711238],[21.116154,45.711153],[21.116151,45.711073],[21.116137,45.710992],[21.1161,45.710915],[21.116043,45.710829],[21.115853,45.710686],[21.115596,45.710505],[21.115364,45.710381],[21.115223,45.710341],[21.115053,45.710295],[21.114825,45.71025],[21.114595,45.710213],[21.114124,45.710144],[21.113263,45.710012],[21.107983,45.709253],[21.102066,45.708373],[21.101687,45.708341],[21.101358,45.708342],[21.09824,45.708274],[21.097678,45.708226],[21.09703,45.708099],[21.096312,45.707878],[21.095889,45.707712],[21.095663,45.707623],[21.092651,45.706625],[21.091686,45.706311],[21.091503,45.706252],[21.091384,45.706213],[21.091022,45.706099],[21.090854,45.706056],[21.090702,45.706038],[21.090579,45.706036],[21.090472,45.706043],[21.090354,45.706062],[21.090241,45.706092],[21.090123,45.706136],[21.089969,45.706208],[21.089793,45.70631],[21.0892,45.706756],[21.089087,45.70684]]},"properties":{"name":"DJ591"}},{"type":"Feature","geometry":{"type":"LineString","coordinates":[[21.08889,45.707123],[21.088913,45.707049],[21.088946,45.706995],[21.089087,45.70684],[21.088807,45.706958],[21.088696,45.706999]]},"properties":{"name":"DJ591"}},{"type":"Feature","geometry":{"type":"LineString","coordinates":[[21.088698,45.707199],[21.088319,45.707135]]},"properties":{"name":"DJ591"}},{"type":"Feature","geometry":{"type":"LineString","coordinates":[[21.021573,45.713069],[21.021911,45.713047],[21.023213,45.713027],[21.023775,45.713019],[21.024452,45.713008],[21.025664,45.71299],[21.02837,45.712949],[21.030427,45.712918],[21.030305,45.710944],[21.030276,45.710466],[21.031348,45.710445],[21.033482,45.710403],[21.034453,45.710385],[21.036849,45.710338],[21.037394,45.710327],[21.038436,45.710307],[21.038736,45.710306],[21.040123,45.7103],[21.042473,45.710289],[21.043954,45.7103],[21.044045,45.710299],[21.044424,45.710291],[21.044646,45.710272],[21.044927,45.710215],[21.04595,45.709988],[21.046524,45.709858],[21.047288,45.709697],[21.050788,45.708896],[21.053572,45.708287],[21.053743,45.708245],[21.061175,45.706569],[21.062705,45.706237],[21.063608,45.706038],[21.063662,45.706025],[21.065213,45.705714],[21.067737,45.705209],[21.069825,45.704765],[21.070042,45.704718],[21.070269,45.704679],[21.070595,45.704647],[21.071874,45.704593],[21.071966,45.70459],[21.072646,45.70456],[21.072855,45.70456],[21.073064,45.704571],[21.073144,45.704578],[21.074586,45.704689],[21.074937,45.704712],[21.075043,45.704714],[21.076516,45.70473],[21.07656,45.704729],[21.077753,45.704733],[21.078622,45.70472],[21.079431,45.704716],[21.079836,45.70472],[21.080012,45.704735],[21.080122,45.704755],[21.080393,45.704831],[21.081085,45.705035],[21.082394,45.70543],[21.08326,45.705694],[21.085428,45.706329],[21.086212,45.706559],[21.087576,45.706939],[21.087844,45.707014],[21.0881,45.707084],[21.088319,45.707135],[21.088427,45.70711],[21.088517,45.707076],[21.088627,45.707031]]},"properties":{"name":"DJ591"}},{"type":"Feature","geometry":{"type":"LineString","coordinates":[[21.091384,45.706213],[21.091448,45.706116],[21.091471,45.706081],[21.092626,45.704359],[21.093716,45.702758],[21.093747,45.70258]]},"properties":{"name":"DJ591A"}},{"type":"Feature","geometry":{"type":"LineString","coordinates":[[21.093722,45.702371],[21.093687,45.702181]]},"properties":{"name":"DJ591A"}},{"type":"Feature","geometry":{"type":"LineString","coordinates":[[21.083362,45.697177],[21.086148,45.698003],[21.08736,45.698365],[21.08988,45.699121],[21.091095,45.699485],[21.091513,45.699629],[21.091651,45.699704],[21.091754,45.699771],[21.091836,45.699848],[21.091942,45.699958],[21.092278,45.700386],[21.092688,45.700908],[21.093635,45.702109],[21.093687,45.702181],[21.093851,45.702314]]},"properties":{"name":"DJ591A"}},{"type":"Feature","geometry":{"type":"LineString","coordinates":[[21.083049,45.697084],[21.083259,45.697146]]},"properties":{"name":"DJ591A"}},{"type":"Feature","geometry":{"type":"LineString","coordinates":[[21.088875,45.70715],[21.088901,45.70718],[21.088928,45.707236],[21.088994,45.707326]]},"properties":{"name":"DJ591C"}},{"type":"Feature","geometry":{"type":"LineString","coordinates":[[21.090274,45.707893],[21.089617,45.707601],[21.089131,45.707416],[21.088994,45.707326],[21.088832,45.707248],[21.088738,45.707204]]},"properties":{"name":"DJ591C"}},{"type":"Feature","geometry":{"type":"LineString","coordinates":[[21.021465,45.710613],[21.026514,45.710529],[21.028337,45.710498],[21.030276,45.710466]]},"properties":{"name":"DC209"}},{"type":"Feature","geometry":{"type":"LineString","coordinates":[[21.221668,45.553205],[21.220848,45.554722],[21.220764,45.554871],[21.220348,45.555578],[21.220063,45.556053],[21.219924,45.556259],[21.219441,45.556991],[21.218993,45.557647],[21.218682,45.558049],[21.218334,45.558591],[21.218044,45.559068],[21.217819,45.55946],[21.217788,45.559511],[21.217764,45.55955],[21.217423,45.560106],[21.217155,45.56052],[21.216481,45.561631],[21.21614,45.562194],[21.215845,45.56268],[21.215666,45.562976],[21.215408,45.563402],[21.215291,45.563596],[21.215204,45.563742],[21.214921,45.564217],[21.214771,45.564459],[21.214709,45.564549],[21.214591,45.564682],[21.214462,45.564805],[21.21429,45.564924],[21.214102,45.565022],[21.213899,45.565108],[21.213629,45.565215],[21.213187,45.565386],[21.212357,45.565701],[21.212073,45.565809],[21.211822,45.565905],[21.211139,45.566168],[21.210465,45.566428],[21.210137,45.566556],[21.209896,45.566672],[21.209753,45.566755],[21.209624,45.566851],[21.209538,45.566925],[21.209444,45.567017],[21.209331,45.567133],[21.20922,45.567265],[21.209052,45.567478],[21.208725,45.567837],[21.208628,45.567933],[21.208523,45.568031],[21.208394,45.56814],[21.208265,45.568244],[21.208106,45.568372],[21.207918,45.568519],[21.207542,45.568816],[21.20716,45.56912],[21.206746,45.569442],[21.206418,45.569697],[21.206107,45.569944],[21.205977,45.570043],[21.205708,45.570249],[21.205118,45.570674],[21.204817,45.570894],[21.204659,45.571011],[21.204542,45.571107],[21.204395,45.57123],[21.204266,45.571367],[21.204149,45.571513],[21.204032,45.571689],[21.203948,45.571855],[21.20389,45.572018],[21.203846,45.572172],[21.203811,45.572336],[21.203729,45.572709],[21.203503,45.573762],[21.20339,45.574241],[21.203333,45.574509],[21.203278,45.57478],[21.203151,45.575336],[21.20304,45.575833],[21.202875,45.576633],[21.202757,45.577149],[21.202665,45.577565],[21.201201,45.584497],[21.200947,45.585685],[21.200792,45.586404],[21.200651,45.58712]]},"properties":{"name":"DN59"}},{"type":"Feature","geometry":{"type":"LineString","coordinates":[[21.168469,45.683318],[21.16851,45.683229],[21.168533,45.683138],[21.168544,45.68304],[21.168554,45.682858],[21.168572,45.682694],[21.16859,45.68258],[21.168623,45.682428],[21.168716,45.682114],[21.168838,45.681706],[21.168927,45.681337],[21.16926,45.679857],[21.16957,45.678492],[21.169865,45.677333],[21.170097,45.676317],[21.170492,45.674663],[21.170678,45.673822],[21.170853,45.673035],[21.170868,45.672924],[21.170874,45.672845],[21.170862,45.672785]]},"properties":{"name":"DN59"}},{"type":"Feature","geometry":{"type":"LineString","coordinates":[[21.168469,45.683318],[21.16851,45.683229],[21.168533,45.683138],[21.168544,45.68304],[21.168554,45.682858],[21.168572,45.682694],[21.16859,45.68258],[21.168623,45.682428],[21.168716,45.682114],[21.168838,45.681706],[21.168927,45.681337],[21.16926,45.679857],[21.16957,45.678492],[21.169865,45.677333],[21.170097,45.676317],[21.170492,45.674663],[21.170678,45.673822],[21.170853,45.673035],[21.170868,45.672924],[21.170874,45.672845],[21.170862,45.672785]]},"properties":{"name":"DN59"}},{"type":"Feature","geometry":{"type":"LineString","coordinates":[[21.168469,45.683318],[21.16851,45.683229],[21.168533,45.683138],[21.168544,45.68304],[21.168554,45.682858],[21.168572,45.682694],[21.16859,45.68258],[21.168623,45.682428],[21.168716,45.682114],[21.168838,45.681706],[21.168927,45.681337],[21.16926,45.679857],[21.16957,45.678492],[21.169865,45.677333],[21.170097,45.676317],[21.170492,45.674663],[21.170678,45.673822],[21.170853,45.673035],[21.170868,45.672924],[21.170874,45.672845],[21.170862,45.672785],[21.170874,45.672845],[21.170868,45.672924],[21.170853,45.673035],[21.170678,45.673822],[21.170492,45.674663],[21.170097,45.676317],[21.169865,45.677333],[21.16957,45.678492],[21.16926,45.679857],[21.168927,45.681337],[21.168838,45.681706],[21.168716,45.682114],[21.168623,45.682428],[21.16859,45.68258],[21.168572,45.682694],[21.168554,45.682858],[21.168544,45.68304],[21.168533,45.683138],[21.16851,45.683229],[21.168469,45.683318]]},"properties":{"name":"DN59"}},{"type":"Feature","geometry":{"type":"LineString","coordinates":[[21.170953,45.672355],[21.171002,45.672285],[21.171045,45.672207],[21.171067,45.672139],[21.171275,45.671374],[21.171683,45.669628],[21.17193,45.66855],[21.172154,45.667391],[21.172431,45.665415],[21.172483,45.665039],[21.17249,45.664973],[21.172514,45.664791],[21.172519,45.66476],[21.172614,45.663943],[21.172764,45.662702],[21.17291,45.661565],[21.173066,45.660351],[21.173164,45.659551],[21.173241,45.659065],[21.173365,45.658002],[21.173478,45.657188],[21.17363,45.655727],[21.173643,45.655632],[21.173715,45.655197],[21.173819,45.654432],[21.173857,45.654283],[21.173936,45.654186]]},"properties":{"name":"DN59"}},{"type":"Feature","geometry":{"type":"LineString","coordinates":[[21.170953,45.672355],[21.171002,45.672285],[21.171045,45.672207],[21.171067,45.672139],[21.171275,45.671374],[21.171683,45.669628],[21.17193,45.66855],[21.172154,45.667391],[21.172431,45.665415],[21.172483,45.665039],[21.17249,45.664973],[21.172514,45.664791],[21.172519,45.66476],[21.172614,45.663943],[21.172764,45.662702],[21.17291,45.661565],[21.173066,45.660351],[21.173164,45.659551],[21.173241,45.659065],[21.173365,45.658002],[21.173478,45.657188],[21.17363,45.655727],[21.173643,45.655632],[21.173715,45.655197],[21.173819,45.654432],[21.173857,45.654283],[21.173936,45.654186]]},"properties":{"name":"DN59"}},{"type":"Feature","geometry":{"type":"LineString","coordinates":[[21.170953,45.672355],[21.171002,45.672285],[21.171045,45.672207],[21.171067,45.672139],[21.171275,45.671374],[21.171683,45.669628],[21.17193,45.66855],[21.172154,45.667391],[21.172431,45.665415],[21.172483,45.665039],[21.17249,45.664973],[21.172514,45.664791],[21.172519,45.66476],[21.172614,45.663943],[21.172764,45.662702],[21.17291,45.661565],[21.173066,45.660351],[21.173164,45.659551],[21.173241,45.659065],[21.173365,45.658002],[21.173478,45.657188],[21.17363,45.655727],[21.173643,45.655632],[21.173715,45.655197],[21.173819,45.654432],[21.173857,45.654283],[21.173936,45.654186],[21.173857,45.654283],[21.173819,45.654432],[21.173715,45.655197],[21.173643,45.655632],[21.17363,45.655727],[21.173478,45.657188],[21.173365,45.658002],[21.173241,45.659065],[21.173164,45.659551],[21.173066,45.660351],[21.17291,45.661565],[21.172764,45.662702],[21.172614,45.663943],[21.172519,45.66476],[21.172514,45.664791],[21.17249,45.664973],[21.172483,45.665039],[21.172431,45.665415],[21.172154,45.667391],[21.17193,45.66855],[21.171683,45.669628],[21.171275,45.671374],[21.171067,45.672139],[21.171045,45.672207],[21.171002,45.672285],[21.170953,45.672355]]},"properties":{"name":"DN59"}},{"type":"Feature","geometry":{"type":"LineString","coordinates":[[21.174377,45.651147],[21.174366,45.65127],[21.174342,45.651433],[21.174056,45.653441],[21.173936,45.654186],[21.173971,45.65429],[21.173951,45.654438],[21.173832,45.655206],[21.173778,45.655643],[21.173772,45.655674],[21.173721,45.656091],[21.173655,45.656563],[21.173565,45.657189],[21.173459,45.658005],[21.173341,45.659033],[21.173258,45.659566],[21.173153,45.660354],[21.172852,45.662704],[21.172704,45.664003],[21.172614,45.664786],[21.172589,45.664988],[21.172583,45.665034],[21.172244,45.66739],[21.172196,45.667626],[21.171919,45.668989],[21.171853,45.669281],[21.171608,45.670358],[21.17155,45.670612],[21.171379,45.671329],[21.171268,45.671793],[21.171186,45.672136],[21.171178,45.672212],[21.171172,45.672271],[21.171181,45.672326],[21.171197,45.672388]]},"properties":{"name":"DN59"}},{"type":"Feature","geometry":{"type":"LineString","coordinates":[[21.174377,45.651147],[21.174366,45.65127],[21.174342,45.651433],[21.174056,45.653441],[21.173936,45.654186],[21.173971,45.65429],[21.173951,45.654438],[21.173832,45.655206],[21.173778,45.655643],[21.173772,45.655674],[21.173721,45.656091],[21.173655,45.656563],[21.173565,45.657189],[21.173459,45.658005],[21.173341,45.659033],[21.173258,45.659566],[21.173153,45.660354],[21.172852,45.662704],[21.172704,45.664003],[21.172614,45.664786],[21.172589,45.664988],[21.172583,45.665034],[21.172244,45.66739],[21.172196,45.667626],[21.171919,45.668989],[21.171853,45.669281],[21.171608,45.670358],[21.17155,45.670612],[21.171379,45.671329],[21.171268,45.671793],[21.171186,45.672136],[21.171178,45.672212],[21.171172,45.672271],[21.171181,45.672326],[21.171197,45.672388]]},"properties":{"name":"DN59"}},{"type":"Feature","geometry":{"type":"LineString","coordinates":[[21.174377,45.651147],[21.174366,45.65127],[21.174342,45.651433],[21.174056,45.653441],[21.173936,45.654186],[21.173971,45.65429],[21.173951,45.654438],[21.173832,45.655206],[21.173778,45.655643],[21.173772,45.655674],[21.173721,45.656091],[21.173655,45.656563],[21.173565,45.657189],[21.173459,45.658005],[21.173341,45.659033],[21.173258,45.659566],[21.173153,45.660354],[21.172852,45.662704],[21.172704,45.664003],[21.172614,45.664786],[21.172589,45.664988],[21.172583,45.665034],[21.172244,45.66739],[21.172196,45.667626],[21.171919,45.668989],[21.171853,45.669281],[21.171608,45.670358],[21.17155,45.670612],[21.171379,45.671329],[21.171268,45.671793],[21.171186,45.672136],[21.171178,45.672212],[21.171172,45.672271],[21.171181,45.672326],[21.171197,45.672388],[21.171181,45.672326],[21.171172,45.672271],[21.171178,45.672212],[21.171186,45.672136],[21.171268,45.671793],[21.171379,45.671329],[21.17155,45.670612],[21.171608,45.670358],[21.171853,45.669281],[21.171919,45.668989],[21.172196,45.667626],[21.172244,45.66739],[21.172583,45.665034],[21.172589,45.664988],[21.172614,45.664786],[21.172704,45.664003],[21.172852,45.662704],[21.173153,45.660354],[21.173258,45.659566],[21.173341,45.659033],[21.173459,45.658005],[21.173565,45.657189],[21.173655,45.656563],[21.173721,45.656091],[21.173772,45.655674],[21.173778,45.655643],[21.173832,45.655206],[21.173951,45.654438],[21.173971,45.65429],[21.173936,45.654186],[21.174056,45.653441],[21.174342,45.651433],[21.174366,45.65127],[21.174377,45.651147]]},"properties":{"name":"DN59"}},{"type":"Feature","geometry":{"type":"LineString","coordinates":[[21.171096,45.672805],[21.171053,45.672863],[21.171012,45.672946],[21.170978,45.673073],[21.170579,45.674672],[21.170185,45.676321],[21.169955,45.677337],[21.169665,45.678495],[21.169357,45.679858],[21.169194,45.680573],[21.16902,45.681336],[21.168933,45.681711],[21.168831,45.682125],[21.168756,45.682465],[21.168713,45.682684],[21.168685,45.682872],[21.168671,45.683056],[21.168668,45.68315],[21.168692,45.683239],[21.168744,45.68331]]},"properties":{"name":"DN59"}},{"type":"Feature","geometry":{"type":"LineString","coordinates":[[21.171096,45.672805],[21.171053,45.672863],[21.171012,45.672946],[21.170978,45.673073],[21.170579,45.674672],[21.170185,45.676321],[21.169955,45.677337],[21.169665,45.678495],[21.169357,45.679858],[21.169194,45.680573],[21.16902,45.681336],[21.168933,45.681711],[21.168831,45.682125],[21.168756,45.682465],[21.168713,45.682684],[21.168685,45.682872],[21.168671,45.683056],[21.168668,45.68315],[21.168692,45.683239],[21.168744,45.68331]]},"properties":{"name":"DN59"}},{"type":"Feature","geometry":{"type":"LineString","coordinates":[[21.171096,45.672805],[21.171053,45.672863],[21.171012,45.672946],[21.170978,45.673073],[21.170579,45.674672],[21.170185,45.676321],[21.169955,45.677337],[21.169665,45.678495],[21.169357,45.679858],[21.169194,45.680573],[21.16902,45.681336],[21.168933,45.681711],[21.168831,45.682125],[21.168756,45.682465],[21.168713,45.682684],[21.168685,45.682872],[21.168671,45.683056],[21.168668,45.68315],[21.168692,45.683239],[21.168744,45.68331],[21.168692,45.683239],[21.168668,45.68315],[21.168671,45.683056],[21.168685,45.682872],[21.168713,45.682684],[21.168756,45.682465],[21.168831,45.682125],[21.168933,45.681711],[21.16902,45.681336],[21.169194,45.680573],[21.169357,45.679858],[21.169665,45.678495],[21.169955,45.677337],[21.170185,45.676321],[21.170579,45.674672],[21.170978,45.673073],[21.171012,45.672946],[21.171053,45.672863],[21.171096,45.672805]]},"properties":{"name":"DN59"}},{"type":"Feature","geometry":{"type":"LineString","coordinates":[[21.174377,45.651147],[21.174542,45.650138],[21.17468,45.649169],[21.174692,45.649089],[21.174813,45.648173],[21.174937,45.647308],[21.174946,45.647239],[21.174963,45.647155],[21.17502,45.646924],[21.175062,45.646724],[21.175137,45.646465],[21.175205,45.646268],[21.175287,45.646043],[21.175346,45.645906],[21.175496,45.645631],[21.175651,45.645382],[21.175811,45.645153],[21.175947,45.644966],[21.176126,45.644757],[21.176476,45.644378],[21.177398,45.643497],[21.177485,45.643412],[21.177599,45.643298],[21.177698,45.643188],[21.177796,45.643063],[21.177859,45.64297],[21.177926,45.642849],[21.17814,45.642456],[21.178357,45.64206],[21.178922,45.641],[21.179771,45.639409],[21.179894,45.639184],[21.180155,45.638805],[21.180367,45.638602],[21.18068,45.638361],[21.182468,45.637355],[21.184524,45.636165],[21.185216,45.635539],[21.185805,45.635007],[21.186677,45.634218],[21.186864,45.634031],[21.186995,45.633891],[21.187127,45.633739],[21.187253,45.633567],[21.187348,45.633421],[21.187458,45.633231],[21.187571,45.633018],[21.18839,45.631305]]},"properties":{"name":"DN59"}},{"type":"Feature","geometry":{"type":"LineString","coordinates":[[21.174377,45.651147],[21.174542,45.650138],[21.17468,45.649169],[21.174692,45.649089],[21.174813,45.648173],[21.174937,45.647308],[21.174946,45.647239],[21.174963,45.647155],[21.17502,45.646924],[21.175062,45.646724],[21.175137,45.646465],[21.175205,45.646268],[21.175287,45.646043],[21.175346,45.645906],[21.175496,45.645631],[21.175651,45.645382],[21.175811,45.645153],[21.175947,45.644966],[21.176126,45.644757],[21.176476,45.644378],[21.177398,45.643497],[21.177485,45.643412],[21.177599,45.643298],[21.177698,45.643188],[21.177796,45.643063],[21.177859,45.64297],[21.177926,45.642849],[21.17814,45.642456],[21.178357,45.64206],[21.178922,45.641],[21.179771,45.639409],[21.179894,45.639184],[21.180155,45.638805],[21.180367,45.638602],[21.18068,45.638361],[21.182468,45.637355],[21.184524,45.636165],[21.185216,45.635539],[21.185805,45.635007],[21.186677,45.634218],[21.186864,45.634031],[21.186995,45.633891],[21.187127,45.633739],[21.187253,45.633567],[21.187348,45.633421],[21.187458,45.633231],[21.187571,45.633018],[21.18839,45.631305]]},"properties":{"name":"DN59"}},{"type":"Feature","geometry":{"type":"LineString","coordinates":[[21.174377,45.651147],[21.174542,45.650138],[21.17468,45.649169],[21.174692,45.649089],[21.174813,45.648173],[21.174937,45.647308],[21.174946,45.647239],[21.174963,45.647155],[21.17502,45.646924],[21.175062,45.646724],[21.175137,45.646465],[21.175205,45.646268],[21.175287,45.646043],[21.175346,45.645906],[21.175496,45.645631],[21.175651,45.645382],[21.175811,45.645153],[21.175947,45.644966],[21.176126,45.644757],[21.176476,45.644378],[21.177398,45.643497],[21.177485,45.643412],[21.177599,45.643298],[21.177698,45.643188],[21.177796,45.643063],[21.177859,45.64297],[21.177926,45.642849],[21.17814,45.642456],[21.178357,45.64206],[21.178922,45.641],[21.179771,45.639409],[21.179894,45.639184],[21.180155,45.638805],[21.180367,45.638602],[21.18068,45.638361],[21.182468,45.637355],[21.184524,45.636165],[21.185216,45.635539],[21.185805,45.635007],[21.186677,45.634218],[21.186864,45.634031],[21.186995,45.633891],[21.187127,45.633739],[21.187253,45.633567],[21.187348,45.633421],[21.187458,45.633231],[21.187571,45.633018],[21.18839,45.631305]]},"properties":{"name":"DN59"}},{"type":"Feature","geometry":{"type":"LineString","coordinates":[[21.18839,45.631305],[21.189091,45.629759],[21.189409,45.629076],[21.189777,45.628317],[21.189989,45.627889],[21.190123,45.627637],[21.190287,45.627359],[21.191015,45.626177],[21.191224,45.625793],[21.191452,45.625324],[21.191743,45.624531],[21.191873,45.624197],[21.191983,45.623891],[21.192176,45.62314],[21.192225,45.622691],[21.192454,45.620622],[21.192612,45.620287],[21.19285,45.619986],[21.193796,45.618978],[21.195028,45.617726],[21.195189,45.617542],[21.195332,45.617336],[21.195408,45.617177],[21.19549,45.616941],[21.195535,45.616661],[21.195151,45.613094],[21.195142,45.612918],[21.195155,45.612791],[21.195385,45.611512],[21.195689,45.61001],[21.195717,45.609872],[21.19587,45.609117],[21.195993,45.60851],[21.196118,45.60789],[21.196309,45.60702],[21.196414,45.606537],[21.1981,45.598823],[21.198708,45.596049],[21.19887,45.595308],[21.199068,45.594203],[21.199243,45.593579],[21.199376,45.592948],[21.200091,45.589547],[21.200207,45.589044],[21.200375,45.588314],[21.200486,45.587835],[21.200651,45.58712],[21.200486,45.587835],[21.200375,45.588314],[21.200207,45.589044],[21.200091,45.589547],[21.199376,45.592948],[21.199243,45.593579],[21.199068,45.594203],[21.19887,45.595308],[21.198708,45.596049],[21.1981,45.598823],[21.196414,45.606537],[21.196309,45.60702],[21.196118,45.60789],[21.195993,45.60851],[21.19587,45.609117],[21.195717,45.609872],[21.195689,45.61001],[21.195385,45.611512],[21.195155,45.612791],[21.195142,45.612918],[21.195151,45.613094],[21.195535,45.616661],[21.19549,45.616941],[21.195408,45.617177],[21.195332,45.617336],[21.195189,45.617542],[21.195028,45.617726],[21.193796,45.618978],[21.19285,45.619986],[21.192612,45.620287],[21.192454,45.620622],[21.192225,45.622691],[21.192176,45.62314],[21.191983,45.623891],[21.191873,45.624197],[21.191743,45.624531],[21.191452,45.625324],[21.191224,45.625793],[21.191015,45.626177],[21.190287,45.627359],[21.190123,45.627637],[21.189989,45.627889],[21.189777,45.628317],[21.189409,45.629076],[21.189091,45.629759],[21.18839,45.631305]]},"properties":{"name":"DN59"}},{"type":"Feature","geometry":{"type":"LineString","coordinates":[[21.143242,45.624126],[21.143037,45.624731],[21.142425,45.626568],[21.141824,45.628436],[21.141268,45.6301],[21.141185,45.630347],[21.14051,45.632327]]},"properties":{"name":"DJ593B"}},{"type":"Feature","geometry":{"type":"LineString","coordinates":[[21.168296,45.683471],[21.168273,45.683429],[21.16823,45.68339],[21.168108,45.683314],[21.167862,45.683144],[21.167779,45.683047]]},"properties":{"name":"DJ593"}},{"type":"Feature","geometry":{"type":"LineString","coordinates":[[21.14869,45.659778],[21.148745,45.65981],[21.148802,45.659848]]},"properties":{"name":"DJ593"}},{"type":"Feature","geometry":{"type":"LineString","coordinates":[[21.148582,45.659636],[21.148567,45.659527]]},"properties":{"name":"DJ593"}},{"type":"Feature","geometry":{"type":"LineString","coordinates":[[21.077341,45.616794],[21.07755,45.616927],[21.078223,45.617356],[21.079077,45.617907],[21.07985,45.6184],[21.080489,45.618799],[21.08104,45.619149],[21.081606,45.619508],[21.082528,45.620088],[21.083517,45.620717],[21.083874,45.620945],[21.084503,45.621333],[21.085227,45.621803],[21.085689,45.622088],[21.086217,45.622414],[21.087236,45.623065],[21.087948,45.623514],[21.088718,45.624008],[21.08913,45.624255],[21.089854,45.624719],[21.090374,45.625045],[21.090994,45.625437],[21.091834,45.625968],[21.092307,45.62626],[21.092935,45.626654],[21.093573,45.62706],[21.094199,45.627459],[21.094919,45.627919],[21.096043,45.628623],[21.09734,45.629447],[21.098616,45.630253],[21.099007,45.630502],[21.099699,45.63094],[21.100246,45.631271],[21.100767,45.631602],[21.101236,45.6319],[21.101575,45.632113],[21.10199,45.632363],[21.102408,45.63261],[21.102811,45.632836],[21.102942,45.632906],[21.103066,45.632971],[21.103164,45.633021],[21.103243,45.633061],[21.103331,45.633103],[21.103435,45.633138],[21.103516,45.63316],[21.103603,45.633173],[21.103678,45.633176],[21.103732,45.633159],[21.103928,45.633204],[21.104059,45.633204],[21.104142,45.633221],[21.10422,45.63324],[21.104373,45.633335],[21.104626,45.633505],[21.104811,45.633607],[21.105069,45.633724],[21.105768,45.634032],[21.108757,45.635275],[21.109092,45.635414],[21.111241,45.636254],[21.114175,45.637498],[21.11646,45.638467],[21.121046,45.640314],[21.123673,45.641421],[21.125604,45.642232],[21.126146,45.64249],[21.1268,45.642771],[21.128132,45.643341],[21.128719,45.643623],[21.129207,45.643833],[21.130085,45.644224],[21.130727,45.644476],[21.130906,45.644543],[21.131525,45.644753],[21.131897,45.644867],[21.132106,45.644923],[21.132289,45.64496],[21.132461,45.644989],[21.132724,45.645024],[21.133247,45.645087],[21.134075,45.645197],[21.134101,45.6452],[21.135158,45.645316],[21.135681,45.645381],[21.135886,45.645416],[21.136046,45.645452],[21.136213,45.645495],[21.136326,45.645539],[21.136478,45.645605],[21.136602,45.645668],[21.136773,45.645764],[21.13698,45.645887],[21.137217,45.646036],[21.138054,45.6465],[21.139168,45.64712],[21.13935,45.647213],[21.139507,45.647319],[21.139591,45.647396],[21.139696,45.647501],[21.14049,45.648553],[21.141272,45.649657],[21.14139,45.649818],[21.143768,45.65305],[21.144696,45.654228],[21.14493,45.654549],[21.145176,45.654886],[21.145854,45.655814],[21.146886,45.657201],[21.147399,45.657897],[21.147654,45.658253],[21.147893,45.65859],[21.148567,45.659527],[21.148626,45.659577],[21.148659,45.659608]]},"properties":{"name":"DJ593"}},{"type":"Feature","geometry":{"type":"LineString","coordinates":[[21.053843,45.603591],[21.053665,45.603495],[21.053506,45.603409],[21.053626,45.60331],[21.053857,45.603121],[21.054457,45.602707],[21.054757,45.602492],[21.055262,45.602137],[21.055441,45.601994],[21.055479,45.601955],[21.055502,45.601917],[21.055516,45.601879],[21.055511,45.601831],[21.055493,45.601803],[21.055474,45.601784],[21.05542,45.601747],[21.054988,45.601466],[21.054729,45.601317],[21.054449,45.601179],[21.053689,45.600824],[21.053632,45.600799],[21.052936,45.600499],[21.052867,45.600469],[21.051988,45.60009],[21.051885,45.600045],[21.051767,45.599993],[21.051034,45.599706],[21.050851,45.599623],[21.050764,45.599582],[21.050719,45.59956],[21.050616,45.5995],[21.050599,45.599491],[21.050473,45.599412],[21.050073,45.599137],[21.049859,45.598996],[21.049362,45.59865],[21.048825,45.598289],[21.048499,45.598062],[21.047975,45.597697],[21.047467,45.597352],[21.047126,45.597131],[21.046821,45.596911],[21.046499,45.596682],[21.046131,45.596409],[21.045783,45.596166],[21.045527,45.595977],[21.045469,45.595934],[21.044808,45.595472],[21.044109,45.594981],[21.04369,45.594677],[21.043322,45.59442],[21.04276,45.594006],[21.042021,45.593474],[21.04133,45.592994],[21.040548,45.592428],[21.03972,45.591819],[21.034524,45.58806],[21.034253,45.587834],[21.034001,45.587643],[21.033449,45.58724],[21.027837,45.583495],[21.025724,45.582062],[21.024632,45.581337],[21.023554,45.580658],[21.023023,45.580326],[21.022327,45.579845],[21.018324,45.577145],[21.014669,45.574628],[21.005679,45.568573],[20.999572,45.564428],[20.999392,45.5643],[20.999169,45.564121],[20.999045,45.563999],[20.998884,45.563813],[20.998793,45.563668],[20.998628,45.563379],[20.998465,45.56305],[20.996009,45.557739],[20.995653,45.557088],[20.995353,45.55646],[20.995082,45.555924],[20.994976,45.555713],[20.994723,45.555152],[20.994581,45.554859],[20.994432,45.554538],[20.994224,45.554092],[20.994051,45.553744],[20.9939,45.553435],[20.993782,45.553191],[20.993559,45.552718],[20.993343,45.552286],[20.993262,45.552124]]},"properties":{"name":"DJ593"}},{"type":"Feature","geometry":{"type":"LineString","coordinates":[[20.97988,45.547647],[20.9793,45.54762],[20.978192,45.54764],[20.977508,45.547645],[20.97728,45.547632],[20.977071,45.547609],[20.976739,45.547552],[20.975866,45.547411],[20.974994,45.547262],[20.973057,45.546925],[20.97274,45.546865],[20.972477,45.546813],[20.972292,45.546768],[20.971718,45.546603],[20.969466,45.545931],[20.967572,45.545356],[20.966409,45.545019],[20.964435,45.544424],[20.963733,45.544214],[20.962383,45.5438],[20.961234,45.543451],[20.959802,45.543023],[20.957671,45.542392],[20.956395,45.542019],[20.955462,45.541742],[20.954529,45.541468],[20.953779,45.541235],[20.95262,45.540892],[20.952203,45.540773],[20.951969,45.540708],[20.951795,45.540654],[20.951644,45.540601],[20.951333,45.54047],[20.951166,45.540394],[20.951004,45.540304],[20.95078,45.540176],[20.950633,45.540086],[20.950468,45.539962],[20.950325,45.539837],[20.950242,45.539754],[20.950151,45.53966],[20.950035,45.539515],[20.949965,45.539429],[20.949896,45.53934],[20.949803,45.539207],[20.949634,45.538934],[20.949439,45.538632],[20.949036,45.537998],[20.948708,45.53748],[20.948422,45.537029],[20.948197,45.536656],[20.947996,45.536331],[20.947857,45.536103],[20.947734,45.535877],[20.947587,45.535613],[20.947506,45.535473],[20.947464,45.535413],[20.94743,45.535366],[20.947195,45.535094],[20.946809,45.534637],[20.946164,45.533892],[20.945604,45.533278],[20.94538,45.533021],[20.945245,45.532871],[20.945146,45.532774],[20.945077,45.53271],[20.945009,45.532655],[20.944946,45.532612],[20.94483,45.532545],[20.944656,45.532446],[20.944309,45.532261],[20.943701,45.531926],[20.942933,45.531502],[20.941908,45.530952],[20.941462,45.53072],[20.941106,45.53053],[20.940868,45.530395],[20.940428,45.530137],[20.940015,45.529895],[20.939244,45.529425],[20.938877,45.529198],[20.938616,45.529079],[20.938352,45.528976],[20.938032,45.528885],[20.937079,45.528605],[20.936403,45.528404],[20.935968,45.52827],[20.935633,45.528166],[20.935383,45.528095],[20.934542,45.527867],[20.932793,45.527392],[20.9314,45.527015],[20.930198,45.526712],[20.929871,45.526626],[20.929422,45.526491],[20.928709,45.526269],[20.928069,45.526084],[20.926781,45.525706],[20.92524,45.525233],[20.924247,45.524935],[20.923305,45.524642],[20.920995,45.523927],[20.920337,45.52373],[20.919059,45.523344],[20.917607,45.522901],[20.916124,45.522454],[20.91512,45.522181],[20.914155,45.521909],[20.912278,45.52129],[20.911556,45.521068],[20.909729,45.520527],[20.906759,45.519659],[20.905666,45.519317],[20.904473,45.518946],[20.903227,45.518586],[20.901424,45.518053],[20.899226,45.51741],[20.897721,45.516971],[20.897436,45.516887],[20.896924,45.516735],[20.896691,45.516663],[20.896588,45.516618],[20.896513,45.516575],[20.896441,45.516527],[20.896342,45.516442],[20.896141,45.516204],[20.895908,45.515929],[20.895189,45.515104],[20.894422,45.514229],[20.89394,45.513672],[20.893675,45.513366],[20.892924,45.512514],[20.892576,45.512108],[20.892296,45.511807],[20.891609,45.511016],[20.891229,45.510566],[20.891055,45.510363],[20.890921,45.510245],[20.890819,45.510171],[20.890736,45.510116],[20.890557,45.510029],[20.890396,45.509955],[20.8893,45.509443],[20.888312,45.508984],[20.885825,45.50785],[20.883543,45.506783],[20.882491,45.506296],[20.882338,45.506225],[20.881282,45.50575],[20.879685,45.504991]]},"properties":{"name":"DJ593"}},{"type":"Feature","geometry":{"type":"LineString","coordinates":[[21.148767,45.659749],[21.148802,45.659848],[21.149825,45.661231],[21.150644,45.66234],[21.151148,45.663022],[21.154216,45.666575],[21.15474,45.667199],[21.156793,45.669644],[21.157063,45.669975],[21.157172,45.670103],[21.158056,45.671183],[21.159907,45.673491],[21.160318,45.673988],[21.161422,45.675359],[21.162511,45.676705],[21.164808,45.679494],[21.164919,45.679628],[21.166753,45.681836],[21.167498,45.682756],[21.167657,45.682933],[21.167779,45.683047],[21.168063,45.683214],[21.16818,45.683276],[21.168312,45.683321],[21.168437,45.683331]]},"properties":{"name":"DJ593"}},{"type":"Feature","geometry":{"type":"LineString","coordinates":[[20.879685,45.504991],[20.879242,45.504697],[20.879099,45.504599],[20.878818,45.504408],[20.878559,45.504242]]},"properties":{"name":"DN59B"}},{"type":"Feature","geometry":{"type":"LineString","coordinates":[[20.875004,45.490532],[20.875378,45.490085],[20.875465,45.489974],[20.875599,45.48981],[20.876174,45.489107],[20.876885,45.488247],[20.877545,45.48746],[20.878505,45.486297],[20.87957,45.485013],[20.879665,45.484874],[20.879684,45.484773],[20.879676,45.484678],[20.879575,45.484519],[20.879011,45.483924],[20.878841,45.483737],[20.878765,45.483632],[20.878698,45.483513],[20.878615,45.483337],[20.878553,45.483142],[20.878513,45.482968],[20.878497,45.482764],[20.878498,45.482455],[20.878503,45.482065],[20.878524,45.481774],[20.878578,45.481461],[20.878735,45.480798],[20.878762,45.480678],[20.878937,45.480224],[20.879175,45.479613],[20.879463,45.478848],[20.879568,45.478553],[20.879664,45.478229],[20.879694,45.478008],[20.879695,45.477741],[20.879691,45.477417],[20.879674,45.476971],[20.879675,45.476884],[20.879681,45.476735],[20.879717,45.476566],[20.879799,45.476298],[20.879899,45.476012],[20.880102,45.475357],[20.88017,45.47517],[20.880209,45.475078],[20.880344,45.474708],[20.880436,45.474476],[20.880524,45.474325],[20.880617,45.4742],[20.88077,45.474045],[20.881227,45.473714],[20.881402,45.47358],[20.881489,45.473508],[20.881587,45.473418],[20.881695,45.473301],[20.88175,45.473198],[20.881868,45.472959],[20.88204,45.472531],[20.882239,45.472054]]},"properties":{"name":"DN59B"}},{"type":"Feature","geometry":{"type":"LineString","coordinates":[[21.193873,45.811777],[21.193803,45.811886]]},"properties":{"name":"DN69"}},{"type":"Feature","geometry":{"type":"LineString","coordinates":[[21.186941,45.824207],[21.18712,45.824332],[21.187283,45.824478],[21.187315,45.824517],[21.187352,45.824576],[21.187369,45.824628],[21.187379,45.824695],[21.187385,45.82486],[21.187409,45.825333],[21.187442,45.825562],[21.187471,45.825779],[21.187518,45.825964],[21.187568,45.826196],[21.187734,45.826682],[21.187906,45.82718],[21.188211,45.828095],[21.188543,45.829131]]},"properties":{"name":"DN69"}},{"type":"Feature","geometry":{"type":"LineString","coordinates":[[21.188806,45.829532],[21.188543,45.829131],[21.18854,45.8296]]},"properties":{"name":"DN69"}},{"type":"Feature","geometry":{"type":"LineString","coordinates":[[21.188967,45.829954],[21.188947,45.830031],[21.188954,45.830125],[21.189003,45.830434]]},"properties":{"name":"DN69"}},{"type":"Feature","geometry":{"type":"LineString","coordinates":[[21.197059,45.957935],[21.197054,45.956746],[21.197054,45.949749],[21.197052,45.948222],[21.197052,45.948062],[21.197053,45.94785],[21.197051,45.947465],[21.19705,45.946672],[21.197044,45.943831],[21.196937,45.941473],[21.196876,45.940198],[21.196899,45.938927],[21.196949,45.938244],[21.19697,45.938101],[21.197053,45.937743],[21.197215,45.937277],[21.197948,45.935406],[21.198998,45.932637],[21.199593,45.93132],[21.19969,45.930985],[21.199713,45.930698],[21.199663,45.9304],[21.199555,45.930151],[21.199359,45.929848],[21.198567,45.928556],[21.198403,45.928219],[21.198368,45.927891],[21.198399,45.927615],[21.199698,45.923136],[21.200942,45.918302],[21.201462,45.916261],[21.202102,45.913698],[21.20217,45.913388],[21.202247,45.913019],[21.202352,45.912453],[21.202408,45.912135],[21.202515,45.911553],[21.204052,45.903195],[21.204078,45.903057],[21.204524,45.900668],[21.2057,45.893642],[21.20573,45.893426],[21.205722,45.893158],[21.205684,45.892935],[21.204917,45.890336],[21.204705,45.889643],[21.204189,45.887958],[21.204071,45.887571],[21.203703,45.886382],[21.203599,45.886099],[21.203541,45.885892],[21.203503,45.885685],[21.203471,45.885476],[21.203442,45.885285],[21.203428,45.885123],[21.20341,45.883134],[21.203385,45.881464],[21.203383,45.881362],[21.203384,45.881268],[21.203373,45.880652],[21.203349,45.879481],[21.203345,45.878306],[21.203308,45.876209],[21.203236,45.874342],[21.203214,45.873225],[21.203191,45.872155],[21.203186,45.871906],[21.203158,45.870556],[21.203142,45.869812],[21.203139,45.869733],[21.203137,45.869662],[21.20313,45.869484],[21.203107,45.868865],[21.203096,45.868592],[21.203067,45.867834],[21.203056,45.867276],[21.203043,45.866633],[21.203042,45.86657],[21.203027,45.866128],[21.202864,45.863499],[21.20277,45.86155],[21.202688,45.860185],[21.202645,45.859858],[21.20258,45.859596],[21.202196,45.85829],[21.201779,45.856787],[21.201191,45.854931],[21.200909,45.854222],[21.200765,45.853982],[21.200514,45.85361],[21.198263,45.850291],[21.196509,45.847569],[21.196011,45.846834],[21.195822,45.84655],[21.195653,45.846277],[21.195244,45.845624],[21.194835,45.844972],[21.194688,45.844742],[21.194565,45.844569],[21.194351,45.844272],[21.193609,45.843163],[21.193583,45.84312],[21.193556,45.843073],[21.193536,45.843027],[21.193513,45.842978],[21.193293,45.842472],[21.192942,45.841588],[21.192553,45.840595],[21.191577,45.838024],[21.190725,45.835811],[21.190037,45.833629],[21.189229,45.831116],[21.189003,45.830434],[21.188848,45.830136],[21.188766,45.830043],[21.18867,45.829984]]},"properties":{"name":"DN69"}},{"type":"Feature","geometry":{"type":"LineString","coordinates":[[21.19374,45.811538],[21.193724,45.811651],[21.193708,45.811716],[21.193666,45.811803],[21.193401,45.812314],[21.193249,45.812601],[21.193101,45.812857],[21.191796,45.815141],[21.191391,45.815855],[21.191131,45.816303],[21.190148,45.818024],[21.189569,45.819039],[21.188891,45.820215],[21.188363,45.821138],[21.188286,45.821262],[21.187992,45.821729],[21.187909,45.821832],[21.187503,45.822589],[21.18737,45.822964],[21.187221,45.823412],[21.187124,45.823745],[21.187049,45.823882],[21.186994,45.823924],[21.186941,45.823946],[21.186759,45.823994]]},"properties":{"name":"DN69"}},{"type":"Feature","geometry":{"type":"LineString","coordinates":[[21.19374,45.811538],[21.193724,45.811651],[21.193708,45.811716],[21.193666,45.811803],[21.193401,45.812314],[21.193249,45.812601],[21.193101,45.812857],[21.191796,45.815141],[21.191391,45.815855],[21.191131,45.816303],[21.190148,45.818024],[21.189569,45.819039],[21.188891,45.820215],[21.188363,45.821138],[21.188286,45.821262],[21.187992,45.821729],[21.187909,45.821832],[21.187503,45.822589],[21.18737,45.822964],[21.187221,45.823412],[21.187124,45.823745],[21.187049,45.823882],[21.186994,45.823924],[21.186941,45.823946],[21.186759,45.823994],[21.186941,45.823946],[21.186994,45.823924],[21.187049,45.823882],[21.187124,45.823745],[21.187221,45.823412],[21.18737,45.822964],[21.187503,45.822589],[21.187909,45.821832],[21.187992,45.821729],[21.188286,45.821262],[21.188363,45.821138],[21.188891,45.820215],[21.189569,45.819039],[21.190148,45.818024],[21.191131,45.816303],[21.191391,45.815855],[21.191796,45.815141],[21.193101,45.812857],[21.193249,45.812601],[21.193401,45.812314],[21.193666,45.811803],[21.193708,45.811716],[21.193724,45.811651],[21.19374,45.811538]]},"properties":{"name":"DN69"}},{"type":"Feature","geometry":{"type":"LineString","coordinates":[[21.142614,45.916672],[21.142427,45.916827],[21.142089,45.917126],[21.140565,45.91862],[21.138897,45.920164],[21.137847,45.921158],[21.137006,45.921959],[21.136404,45.922532],[21.13569,45.923236],[21.132634,45.926168],[21.13236,45.926451],[21.131709,45.927086],[21.13144,45.927332],[21.131316,45.927427],[21.131152,45.927537],[21.130828,45.927744],[21.130468,45.927962],[21.12707,45.930067],[21.125651,45.930948],[21.124646,45.931576],[21.120374,45.934243],[21.109302,45.94125],[21.107782,45.942219],[21.106849,45.942836],[21.106476,45.94308],[21.106272,45.943225],[21.106064,45.943414],[21.105683,45.94378],[21.104803,45.944649],[21.104711,45.944739],[21.104362,45.945083],[21.104283,45.945176],[21.104172,45.945309],[21.103956,45.945634],[21.103676,45.946122],[21.102703,45.947756],[21.101081,45.950482],[21.100611,45.951291],[21.100211,45.951978]]},"properties":{"name":"DJ692"}},{"type":"Feature","geometry":{"type":"LineString","coordinates":[[21.186634,45.824399],[21.186558,45.82446],[21.186498,45.824527],[21.186308,45.824775],[21.185933,45.825413],[21.185414,45.826298],[21.18515,45.826742],[21.183295,45.829888],[21.18515,45.826742],[21.185414,45.826298],[21.185933,45.825413],[21.186308,45.824775],[21.186498,45.824527],[21.186558,45.82446],[21.186634,45.824399]]},"properties":{"name":"DJ692"}},{"type":"Feature","geometry":{"type":"LineString","coordinates":[[21.183278,45.830048],[21.183295,45.829888],[21.183226,45.829934],[21.183121,45.830005],[21.183226,45.829934],[21.183295,45.829888],[21.183278,45.830048]]},"properties":{"name":"DJ692"}},{"type":"Feature","geometry":{"type":"LineString","coordinates":[[21.183123,45.830354],[21.182953,45.830464],[21.183123,45.830354]]},"properties":{"name":"DJ692"}},{"type":"Feature","geometry":{"type":"LineString","coordinates":[[21.17265,45.847446],[21.172802,45.847166],[21.172911,45.846964],[21.173692,45.845856],[21.174149,45.845196],[21.174277,45.844999],[21.174801,45.844131],[21.177344,45.839872],[21.177448,45.839702],[21.177536,45.839551],[21.179386,45.836457],[21.179802,45.835762],[21.181145,45.833503],[21.181336,45.833179],[21.181523,45.832869],[21.182953,45.830464],[21.182947,45.83031],[21.182953,45.830464],[21.181523,45.832869],[21.181336,45.833179],[21.181145,45.833503],[21.179802,45.835762],[21.179386,45.836457],[21.177536,45.839551],[21.177448,45.839702],[21.177344,45.839872],[21.174801,45.844131],[21.174277,45.844999],[21.174149,45.845196],[21.173692,45.845856],[21.172911,45.846964],[21.172802,45.847166],[21.17265,45.847446]]},"properties":{"name":"DJ692"}},{"type":"Feature","geometry":{"type":"LineString","coordinates":[[21.16638,45.86654],[21.165416,45.869934],[21.164923,45.871596],[21.162728,45.879254],[21.162566,45.87978],[21.162491,45.88012],[21.162504,45.880228],[21.162578,45.88037],[21.162699,45.880569],[21.163119,45.881041],[21.163363,45.881471],[21.163411,45.881556],[21.164121,45.883286],[21.164526,45.884296],[21.164937,45.885302],[21.165057,45.886239],[21.165115,45.88722],[21.164861,45.893628],[21.164802,45.895268],[21.164861,45.893628],[21.165115,45.88722],[21.165057,45.886239],[21.164937,45.885302],[21.164526,45.884296],[21.164121,45.883286],[21.163411,45.881556],[21.163363,45.881471],[21.163119,45.881041],[21.162699,45.880569],[21.162578,45.88037],[21.162504,45.880228],[21.162491,45.88012],[21.162566,45.87978],[21.162728,45.879254],[21.164923,45.871596],[21.165416,45.869934],[21.16638,45.86654]]},"properties":{"name":"DJ692"}},{"type":"Feature","geometry":{"type":"LineString","coordinates":[[21.164375,45.904609],[21.164676,45.901711],[21.16474,45.897852],[21.164676,45.901711],[21.164375,45.904609]]},"properties":{"name":"DJ692"}},{"type":"Feature","geometry":{"type":"LineString","coordinates":[[21.17265,45.847446],[21.17249,45.847737],[21.172334,45.848036],[21.172297,45.848107],[21.172264,45.848169],[21.171875,45.848982],[21.171628,45.849416],[21.171086,45.850298],[21.169997,45.852056],[21.169889,45.852244],[21.169186,45.853324],[21.169068,45.853505],[21.16901,45.853594],[21.168939,45.853687],[21.167915,45.855013],[21.167908,45.855054],[21.167912,45.855097],[21.167936,45.855136],[21.167974,45.855171],[21.168418,45.855376],[21.168429,45.855381],[21.16869,45.855496],[21.168937,45.855604],[21.169058,45.855666],[21.169116,45.85571],[21.169149,45.855762],[21.169138,45.855862],[21.168635,45.857038],[21.168376,45.857941],[21.168217,45.85855],[21.168104,45.859156],[21.168026,45.859836],[21.167928,45.860571],[21.167906,45.86069],[21.167715,45.861676],[21.16755,45.862413],[21.167374,45.86307],[21.167053,45.864214],[21.167032,45.864285],[21.166869,45.864849],[21.16638,45.86654],[21.166869,45.864849],[21.167032,45.864285],[21.167053,45.864214],[21.167374,45.86307],[21.16755,45.862413],[21.167715,45.861676],[21.167906,45.86069],[21.167928,45.860571],[21.168026,45.859836],[21.168104,45.859156],[21.168217,45.85855],[21.168376,45.857941],[21.168635,45.857038],[21.169138,45.855862],[21.169149,45.855762],[21.169116,45.85571],[21.169058,45.855666],[21.168937,45.855604],[21.16869,45.855496],[21.168429,45.855381],[21.168418,45.855376],[21.167974,45.855171],[21.167936,45.855136],[21.167912,45.855097],[21.167908,45.855054],[21.167915,45.855013],[21.168939,45.853687],[21.16901,45.853594],[21.169068,45.853505],[21.169186,45.853324],[21.169889,45.852244],[21.169997,45.852056],[21.171086,45.850298],[21.171628,45.849416],[21.171875,45.848982],[21.172264,45.848169],[21.172297,45.848107],[21.172334,45.848036],[21.17249,45.847737],[21.17265,45.847446]]},"properties":{"name":"Strada Sfântul Andrei"}},{"type":"Feature","geometry":{"type":"LineString","coordinates":[[21.164802,45.895268],[21.164787,45.8959],[21.164757,45.897155],[21.16474,45.897852],[21.164757,45.897155],[21.164787,45.8959],[21.164802,45.895268]]},"properties":{"name":"Relocare"}},{"type":"Feature","geometry":{"type":"LineString","coordinates":[[21.160104,45.802095],[21.161436,45.801784],[21.162297,45.801616],[21.163078,45.801444],[21.16463,45.800975],[21.165421,45.800672],[21.165732,45.800548],[21.168407,45.799553],[21.16882,45.799434],[21.16903,45.799373],[21.16882,45.799434],[21.168407,45.799553],[21.165732,45.800548],[21.165421,45.800672],[21.16463,45.800975],[21.163078,45.801444],[21.162297,45.801616],[21.161436,45.801784],[21.160104,45.802095]]},"properties":{"name":"Relocare"}},{"type":"Feature","geometry":{"type":"LineString","coordinates":[[21.164145,45.911438],[21.164184,45.910698],[21.164169,45.910629]]},"properties":{"name":"Strada Tineretului"}},{"type":"Feature","geometry":{"type":"LineString","coordinates":[[21.167912,45.855097],[21.167845,45.855082]]},"properties":{"name":"Strada Tineretului"}},{"type":"Feature","geometry":{"type":"LineString","coordinates":[[21.164375,45.904609],[21.164355,45.904861],[21.164334,45.905576],[21.164298,45.907034],[21.164268,45.907762],[21.164249,45.909007],[21.164236,45.909882],[21.164227,45.910527],[21.164214,45.910577],[21.164169,45.910629],[21.164214,45.910577],[21.164227,45.910527],[21.164236,45.909882],[21.164249,45.909007],[21.164268,45.907762],[21.164298,45.907034],[21.164334,45.905576],[21.164355,45.904861],[21.164375,45.904609]]},"properties":{"name":"Strada Tineretului"}},{"type":"Feature","geometry":{"type":"LineString","coordinates":[[21.155153,45.912067],[21.15594,45.913299]]},"properties":{"name":"Strada Poștei"}},{"type":"Feature","geometry":{"type":"LineString","coordinates":[[21.193444,45.81042],[21.193551,45.810427]]},"properties":{"name":"DNCT Vest"}},{"type":"Feature","geometry":{"type":"LineString","coordinates":[[21.219226,45.820847],[21.219228,45.820899],[21.219295,45.821036],[21.219377,45.821112],[21.219577,45.821259]]},"properties":{"name":"DC58"}},{"type":"Feature","geometry":{"type":"LineString","coordinates":[[21.228898,45.829744],[21.228655,45.829221],[21.228136,45.828069],[21.227419,45.826476],[21.226737,45.824963],[21.226599,45.824658],[21.226533,45.824505],[21.226454,45.824395],[21.22635,45.82429],[21.226247,45.824224],[21.225987,45.824113],[21.22513,45.823796],[21.22451,45.823577],[21.22388,45.823306],[21.222552,45.822661],[21.219884,45.821411],[21.219706,45.821322],[21.219577,45.821259],[21.219382,45.821188],[21.219259,45.821118],[21.219172,45.82106],[21.219088,45.820965],[21.219066,45.820914],[21.21906,45.820861]]},"properties":{"name":"DC58"}},{"type":"Feature","geometry":{"type":"LineString","coordinates":[[21.264942,45.840545],[21.265229,45.840371],[21.265418,45.840293],[21.265601,45.840246],[21.265816,45.840212],[21.267129,45.840081],[21.267843,45.840036],[21.268244,45.840028],[21.269057,45.83998],[21.270014,45.839947],[21.271052,45.839889],[21.272165,45.8398],[21.273249,45.839716],[21.274721,45.839619],[21.275971,45.839522],[21.277068,45.839436],[21.277878,45.839381],[21.279005,45.839297],[21.279973,45.839221],[21.280351,45.839189],[21.280555,45.839165],[21.280708,45.839152],[21.28093,45.839114],[21.281134,45.839075],[21.281335,45.83903],[21.281561,45.838952],[21.281789,45.838856],[21.282162,45.838684],[21.282298,45.838616],[21.282492,45.838527],[21.282567,45.838586],[21.282651,45.838642],[21.282826,45.838744],[21.282942,45.838799],[21.283095,45.838862],[21.283265,45.838898],[21.283403,45.838918],[21.283536,45.838932],[21.283656,45.838945],[21.283739,45.838948],[21.284728,45.838845],[21.285465,45.838768],[21.286384,45.838691],[21.288201,45.838537],[21.290122,45.838371],[21.292542,45.838159],[21.293066,45.838111],[21.293136,45.838105],[21.293464,45.838054]]},"properties":{"name":"DC58"}},{"type":"Feature","geometry":{"type":"LineString","coordinates":[[21.229764,45.831524],[21.227164,45.832041]]},"properties":{"name":"Strada Teiului"}},{"type":"Feature","geometry":{"type":"LineString","coordinates":[[21.228358,45.834614],[21.227164,45.832041]]},"properties":{"name":"Strada Nouă"}},{"type":"Feature","geometry":{"type":"LineString","coordinates":[[21.237315,45.759184],[21.237419,45.759191],[21.237521,45.759181],[21.237616,45.759153],[21.237665,45.759129],[21.237709,45.759099],[21.237745,45.759065],[21.237774,45.759028],[21.237875,45.758327],[21.23798,45.757617],[21.23799,45.757546],[21.238068,45.757015],[21.238082,45.756915],[21.238088,45.756869],[21.238178,45.756359],[21.238242,45.755908],[21.238252,45.755834],[21.238263,45.755759]]},"properties":{"name":"Strada Nicu Filipescu"}},{"type":"Feature","geometry":{"type":"LineString","coordinates":[[21.237315,45.759184],[21.237419,45.759191],[21.237521,45.759181],[21.237616,45.759153],[21.237665,45.759129],[21.237709,45.759099],[21.237745,45.759065],[21.237774,45.759028],[21.237875,45.758327],[21.23798,45.757617],[21.23799,45.757546],[21.238068,45.757015],[21.238082,45.756915],[21.238088,45.756869],[21.238178,45.756359],[21.238242,45.755908],[21.238252,45.755834],[21.238263,45.755759]]},"properties":{"name":"Strada Nicu Filipescu"}},{"type":"Feature","geometry":{"type":"LineString","coordinates":[[21.237315,45.759184],[21.237419,45.759191],[21.237521,45.759181],[21.237616,45.759153],[21.237665,45.759129],[21.237709,45.759099],[21.237745,45.759065],[21.237774,45.759028],[21.237875,45.758327],[21.23798,45.757617],[21.23799,45.757546],[21.238068,45.757015],[21.238082,45.756915],[21.238088,45.756869],[21.238178,45.756359],[21.238242,45.755908],[21.238252,45.755834],[21.238263,45.755759]]},"properties":{"name":"Strada Nicu Filipescu"}},{"type":"Feature","geometry":{"type":"LineString","coordinates":[[21.238263,45.755759],[21.238272,45.755687],[21.238276,45.755657],[21.238285,45.755589],[21.238276,45.755657],[21.238272,45.755687],[21.238263,45.755759]]},"properties":{"name":"Strada Nicu Filipescu"}},{"type":"Feature","geometry":{"type":"LineString","coordinates":[[21.172511,45.761877],[21.172381,45.761842],[21.172286,45.761816],[21.171501,45.76163],[21.171172,45.761549],[21.170188,45.761335],[21.167522,45.76089],[21.166692,45.760761],[21.166268,45.760684],[21.165892,45.760659],[21.165654,45.76066],[21.165018,45.76071],[21.163299,45.760895],[21.161923,45.76102],[21.159663,45.7612],[21.159555,45.761209],[21.158904,45.76126],[21.158768,45.761271],[21.15579,45.761521],[21.153718,45.761647],[21.151171,45.761846],[21.15101,45.76186],[21.150732,45.761887],[21.150275,45.76192],[21.148884,45.76202],[21.145554,45.76227],[21.144775,45.762328],[21.140164,45.762674],[21.139185,45.762628],[21.137807,45.762522],[21.137415,45.762485],[21.135624,45.76233],[21.134213,45.762214],[21.13412,45.762208],[21.130345,45.761914],[21.127891,45.761714],[21.126668,45.761612],[21.125972,45.76156],[21.124711,45.761459]]},"properties":{"name":"DN59A"}},{"type":"Feature","geometry":{"type":"LineString","coordinates":[[21.124294,45.761466],[21.124711,45.761459],[21.124304,45.76136]]},"properties":{"name":"DN59A"}},{"type":"Feature","geometry":{"type":"LineString","coordinates":[[21.090438,45.752286],[21.088189,45.752154],[21.087689,45.752177],[21.080879,45.753452],[21.077607,45.754065],[21.076672,45.754238],[21.0753,45.754504],[21.067063,45.755889],[21.065655,45.756153],[21.064407,45.756443],[21.063909,45.756544],[21.063473,45.756602],[21.063204,45.756627],[21.062644,45.756648],[21.054059,45.757214],[21.042924,45.757966],[21.042859,45.757971],[21.040369,45.758149],[21.03971,45.758202],[21.038577,45.758276],[21.036329,45.758428],[21.034696,45.758537],[21.033835,45.758605],[21.033717,45.758612],[21.032632,45.758674],[21.032285,45.758693],[21.030466,45.758781],[21.030116,45.758798],[21.028173,45.758893],[21.025948,45.759003],[21.024731,45.759069],[21.023673,45.759123],[21.022196,45.759217],[21.02141,45.759267],[21.020696,45.759323],[21.019562,45.75939],[21.019418,45.759402],[21.019327,45.759423],[21.019264,45.759443],[21.019185,45.759489],[21.019099,45.75958],[21.019059,45.759662],[21.019044,45.759852],[21.019061,45.760116],[21.019143,45.761209],[21.019203,45.762038],[21.019256,45.762754],[21.019279,45.763041],[21.019383,45.764314],[21.019481,45.765542],[21.019541,45.76599],[21.019635,45.766489],[21.019729,45.767685],[21.019779,45.768043],[21.019763,45.768229],[21.019667,45.768451],[21.019532,45.768614],[21.019342,45.768777],[21.019063,45.768954],[21.01796,45.769541],[21.016795,45.770136],[21.015302,45.770913],[21.014082,45.771552],[21.013551,45.771841],[21.013354,45.771958],[21.013128,45.772132],[21.012977,45.772302],[21.012902,45.772435]]},"properties":{"name":"DN59A"}},{"type":"Feature","geometry":{"type":"LineString","coordinates":[[21.123873,45.761443],[21.12344,45.761343]]},"properties":{"name":"Strada a IV-a"}},{"type":"Feature","geometry":{"type":"LineString","coordinates":[[21.090438,45.752286],[21.090668,45.752308],[21.091815,45.752384],[21.092407,45.752422],[21.093834,45.752515],[21.094165,45.752528],[21.094545,45.752525],[21.097341,45.752404],[21.098471,45.752437],[21.09905,45.752482],[21.099587,45.752563],[21.099923,45.752664],[21.100236,45.752806],[21.100584,45.753018],[21.100665,45.753088],[21.100761,45.753225],[21.10093,45.75346],[21.101353,45.75412],[21.101768,45.754733],[21.101849,45.754819],[21.104119,45.757225],[21.104141,45.75725],[21.104247,45.757379],[21.105106,45.7583],[21.105308,45.758549],[21.105426,45.758761],[21.105462,45.758885],[21.105501,45.759153],[21.105558,45.759506],[21.105596,45.759617],[21.105625,45.759668],[21.105675,45.759728],[21.105781,45.759798],[21.105844,45.759823],[21.105945,45.759847],[21.106117,45.759872],[21.106358,45.759895],[21.108382,45.760059],[21.108487,45.760068],[21.109517,45.760151],[21.110857,45.76026],[21.111291,45.760295],[21.11202,45.760354],[21.112252,45.760373],[21.112847,45.760422],[21.113175,45.76045],[21.113898,45.76051],[21.113942,45.760514],[21.114415,45.760553],[21.114973,45.7606],[21.116122,45.760696],[21.117608,45.760826],[21.117643,45.760829],[21.117722,45.760836],[21.117803,45.760843],[21.119855,45.761021],[21.121637,45.761181],[21.121714,45.761188],[21.12179,45.761195],[21.121879,45.761203],[21.12344,45.761343],[21.123886,45.761339]]},"properties":{"name":"Strada a IV-a"}},{"type":"Feature","geometry":{"type":"LineString","coordinates":[[21.012902,45.772435],[21.012767,45.772409],[21.012584,45.772356],[21.012434,45.772299],[21.012238,45.772213],[21.01192,45.77205],[21.010718,45.771457],[21.007901,45.770103],[21.006922,45.769607],[21.006168,45.769269],[21.004969,45.768668],[21.004191,45.768281],[21.003354,45.767858],[21.002772,45.767581],[21.001918,45.767183],[21.000849,45.766657],[20.99965,45.76611],[20.99754,45.765014],[20.99214,45.762383],[20.989665,45.761162],[20.989455,45.761058],[20.986772,45.759702],[20.986267,45.75945],[20.986002,45.759336],[20.985729,45.75924],[20.985155,45.759083],[20.985106,45.75907],[20.984487,45.758916],[20.980342,45.757848],[20.976213,45.756769],[20.975283,45.756506],[20.975058,45.756402],[20.974872,45.756283],[20.974743,45.75611],[20.974704,45.756028],[20.974674,45.755934],[20.97471,45.755672],[20.974773,45.755351],[20.974885,45.754702],[20.975102,45.753428],[20.975474,45.751338],[20.975572,45.750794],[20.975666,45.750276],[20.975753,45.749759],[20.975807,45.749501],[20.975831,45.749367],[20.975836,45.749304],[20.975837,45.749244],[20.975821,45.749202],[20.975805,45.749186],[20.975767,45.749175],[20.975722,45.749171],[20.973602,45.749085],[20.969039,45.748882],[20.968875,45.748875],[20.967945,45.748839],[20.967401,45.748816],[20.967136,45.748806],[20.9669,45.748784]]},"properties":{"name":"DC214"}},{"type":"Feature","geometry":{"type":"LineString","coordinates":[[21.038688,45.833429],[21.038961,45.833259],[21.039221,45.833097],[21.039446,45.832967],[21.039747,45.832831],[21.040021,45.832744],[21.04024,45.832698],[21.040466,45.832675],[21.040672,45.832663],[21.040871,45.83266],[21.04106,45.832678],[21.041632,45.832768],[21.042869,45.832989],[21.043557,45.833117],[21.043651,45.833134],[21.044686,45.833321],[21.045404,45.833451],[21.046734,45.833698],[21.04828,45.833977]]},"properties":{"name":"Calea Banatului"}},{"type":"Feature","geometry":{"type":"LineString","coordinates":[[21.051693,45.834532],[21.051567,45.834537],[21.051425,45.834538],[21.051282,45.83453],[21.05108,45.834507],[21.050608,45.834425],[21.049839,45.834279],[21.048461,45.834009],[21.04828,45.833977],[21.048461,45.834009],[21.049839,45.834279],[21.050608,45.834425],[21.05108,45.834507],[21.051282,45.83453],[21.051425,45.834538],[21.051567,45.834537],[21.051693,45.834532]]},"properties":{"name":"Calea Banatului"}},{"type":"Feature","geometry":{"type":"LineString","coordinates":[[21.051693,45.834532],[21.051991,45.834676],[21.052134,45.834732],[21.052293,45.834785],[21.052626,45.834869],[21.054493,45.835271],[21.056424,45.8357],[21.056728,45.835766],[21.057048,45.835813],[21.057326,45.835845],[21.059175,45.836054],[21.060508,45.836196],[21.062207,45.836415],[21.063145,45.836532],[21.063215,45.836541],[21.06427,45.836684],[21.064969,45.836777],[21.065716,45.836847]]},"properties":{"name":"Calea Dudeștilor"}},{"type":"Feature","geometry":{"type":"LineString","coordinates":[[21.065716,45.836847],[21.068639,45.837152],[21.068897,45.837155],[21.069292,45.837144],[21.070106,45.837091],[21.073501,45.836814],[21.074177,45.836758],[21.074512,45.836723],[21.076169,45.836562],[21.078441,45.836391],[21.079479,45.836309],[21.08002,45.836273],[21.080632,45.836239],[21.081033,45.83621],[21.08131,45.836206],[21.082015,45.836213],[21.086002,45.836268],[21.088174,45.836309],[21.089193,45.836341],[21.090601,45.836368],[21.09127,45.83638],[21.091392,45.836381],[21.091553,45.836396],[21.091964,45.836527],[21.093216,45.836961],[21.095858,45.837852],[21.097351,45.838344],[21.097767,45.838472]]},"properties":{"name":"DJ692A"}},{"type":"Feature","geometry":{"type":"LineString","coordinates":[[21.100208,45.839304],[21.100429,45.839336]]},"properties":{"name":"DJ692A"}},{"type":"Feature","geometry":{"type":"LineString","coordinates":[[21.097767,45.838472],[21.100208,45.839304]]},"properties":{"name":"Calea Becicherecului"}},{"type":"Feature","geometry":{"type":"LineString","coordinates":[[21.100555,45.839308],[21.100743,45.839173]]},"properties":{"name":"DC46"}},{"type":"Feature","geometry":{"type":"LineString","coordinates":[[21.109515,45.812706],[21.109513,45.812628],[21.109513,45.812619],[21.109407,45.812437]]},"properties":{"name":"DC46"}},{"type":"Feature","geometry":{"type":"LineString","coordinates":[[21.211078,45.791675],[21.211211,45.791717],[21.211287,45.79173],[21.211396,45.791735],[21.211503,45.791735],[21.211689,45.791739],[21.211962,45.791746]]},"properties":{"name":"Bulevardul Petre Țuțea"}},{"type":"Feature","geometry":{"type":"LineString","coordinates":[[21.215211,45.793555],[21.214616,45.793022],[21.213645,45.792153],[21.213536,45.792066],[21.21341,45.791989],[21.213273,45.791931],[21.213158,45.791894],[21.212988,45.791848],[21.212781,45.7918],[21.21252,45.791758],[21.212284,45.791745],[21.211962,45.791746],[21.211702,45.791822],[21.211535,45.791851],[21.211237,45.791903],[21.211142,45.79194]]},"properties":{"name":"Bulevardul Petre Țuțea"}},{"type":"Feature","geometry":{"type":"LineString","coordinates":[[21.215211,45.793555],[21.214184,45.79419],[21.212949,45.794932],[21.212253,45.795382],[21.212156,45.795445],[21.211625,45.795789],[21.211342,45.795969],[21.209589,45.797052],[21.208641,45.797628],[21.207901,45.798072]]},"properties":{"name":"Strada Praga"}},{"type":"Feature","geometry":{"type":"LineString","coordinates":[[21.210581,45.801482],[21.210111,45.800806],[21.2096,45.800119],[21.209272,45.799715],[21.208752,45.799138],[21.208199,45.798446],[21.207901,45.798072]]},"properties":{"name":"Strada București"}},{"type":"Feature","geometry":{"type":"LineString","coordinates":[[21.210581,45.801482],[21.211014,45.801339],[21.2119,45.801006]]},"properties":{"name":"Strada Fervenția II"}},{"type":"Feature","geometry":{"type":"LineString","coordinates":[[21.222162,45.797348],[21.222347,45.797282],[21.223005,45.797032],[21.224622,45.796426],[21.224932,45.796308],[21.225305,45.796169],[21.22557,45.796068],[21.226216,45.79582],[21.22688,45.795564],[21.227094,45.795482],[21.227801,45.795238],[21.228683,45.794922],[21.228847,45.794867],[21.22892,45.794838],[21.229209,45.794721],[21.229386,45.794665],[21.229538,45.794633],[21.229677,45.794601],[21.230308,45.794359],[21.230346,45.794345],[21.230868,45.794166],[21.232293,45.793638]]},"properties":{"name":"Strada Fervenția II"}},{"type":"Feature","geometry":{"type":"LineString","coordinates":[[21.2119,45.801006],[21.211935,45.80105],[21.213298,45.802735],[21.214055,45.803752],[21.214249,45.803983],[21.214578,45.804317],[21.214855,45.804629],[21.215365,45.805289],[21.215903,45.805977],[21.216713,45.807024]]},"properties":{"name":"Strada Gabriel Liiceanu"}},{"type":"Feature","geometry":{"type":"LineString","coordinates":[[21.216713,45.807024],[21.217764,45.806657],[21.218679,45.806341],[21.219407,45.806042],[21.219489,45.806012]]},"properties":{"name":"Bulevardul Ion Creangă"}},{"type":"Feature","geometry":{"type":"LineString","coordinates":[[21.232173,45.80144],[21.231099,45.801829],[21.22992,45.802256],[21.229178,45.802525],[21.22912,45.802546],[21.228872,45.802636],[21.228202,45.802879],[21.228055,45.802932],[21.227914,45.802983]]},"properties":{"name":"Bulevardul Ion Creangă"}},{"type":"Feature","geometry":{"type":"LineString","coordinates":[[21.223921,45.811878],[21.223633,45.811485],[21.223577,45.811408],[21.223181,45.81087],[21.222691,45.810234],[21.222257,45.809674],[21.222147,45.809533],[21.221656,45.808921],[21.221292,45.808428],[21.221138,45.808235],[21.220907,45.807949],[21.220692,45.807664],[21.22031,45.807161],[21.220209,45.807019],[21.220061,45.806813],[21.219489,45.806012]]},"properties":{"name":"Strada Simfoniei"}},{"type":"Feature","geometry":{"type":"LineString","coordinates":[[21.223921,45.811878],[21.224125,45.811816],[21.224365,45.811739],[21.226482,45.811092],[21.226586,45.811063],[21.227691,45.810761],[21.228565,45.810453],[21.228796,45.810378],[21.231441,45.809414],[21.232481,45.809034],[21.233702,45.808602],[21.235117,45.80808],[21.235155,45.808065],[21.235202,45.808046],[21.236159,45.807717],[21.23703,45.807405],[21.23798,45.807055]]},"properties":{"name":"Strada Mureș"}},{"type":"Feature","geometry":{"type":"LineString","coordinates":[[21.235728,45.803977],[21.235818,45.804099],[21.237933,45.806968],[21.237942,45.806979],[21.23798,45.807055]]},"properties":{"name":"Strada Crișurilor"}},{"type":"Feature","geometry":{"type":"LineString","coordinates":[[21.235728,45.803977],[21.23686,45.80358]]},"properties":{"name":"Strada Ion Luca Caragiale"}},{"type":"Feature","geometry":{"type":"LineString","coordinates":[[21.23686,45.80358],[21.236269,45.802827],[21.235679,45.802054],[21.234924,45.801123],[21.234721,45.800873],[21.234606,45.800732],[21.234297,45.800623]]},"properties":{"name":"Strada Bistrița"}},{"type":"Feature","geometry":{"type":"LineString","coordinates":[[21.234297,45.800623],[21.232173,45.80144]]},"properties":{"name":"Strada Țarcului"}},{"type":"Feature","geometry":{"type":"LineString","coordinates":[[21.225618,45.799897],[21.226187,45.800673],[21.226559,45.801181],[21.227276,45.802134],[21.227855,45.802904],[21.227914,45.802983]]},"properties":{"name":"Strada Hans Christian Andersen"}},{"type":"Feature","geometry":{"type":"LineString","coordinates":[[21.224375,45.800333],[21.224523,45.800282],[21.22523,45.800034],[21.225618,45.799897]]},"properties":{"name":"Strada Buenos Aires"}},{"type":"Feature","geometry":{"type":"LineString","coordinates":[[21.224375,45.800333],[21.223531,45.799192],[21.223261,45.798823],[21.222972,45.798431],[21.222589,45.797934],[21.222191,45.797385],[21.222162,45.797348]]},"properties":{"name":"Strada Moților"}},{"type":"Feature","geometry":{"type":"LineString","coordinates":[[21.232293,45.793638],[21.232378,45.793595],[21.233177,45.793311],[21.233352,45.793213],[21.234382,45.792854],[21.234679,45.792747],[21.23483,45.7927]]},"properties":{"name":"Strada Fervenția"}},{"type":"Feature","geometry":{"type":"LineString","coordinates":[[21.23483,45.7927],[21.234868,45.79275],[21.235141,45.793118],[21.235369,45.793427],[21.23559,45.793725],[21.235708,45.79389],[21.236348,45.794783],[21.237341,45.796129],[21.237491,45.796332],[21.238144,45.797188],[21.238832,45.798124],[21.23927,45.798739],[21.239342,45.79884],[21.239697,45.799341],[21.240447,45.800279],[21.240581,45.800418],[21.240745,45.800547],[21.241541,45.80117],[21.244315,45.803283],[21.244449,45.803386],[21.244547,45.803459],[21.245603,45.804247],[21.24565,45.804282],[21.245722,45.804336]]},"properties":{"name":"Strada Tudor Vladimirescu"}},{"type":"Feature","geometry":{"type":"LineString","coordinates":[[21.245722,45.804336],[21.245868,45.804241],[21.247343,45.803286],[21.247449,45.803219]]},"properties":{"name":"Strada Franyó Zoltán"}},{"type":"Feature","geometry":{"type":"LineString","coordinates":[[21.246865,45.802785],[21.247337,45.803135],[21.247449,45.803219]]},"properties":{"name":"Strada Gheorghe Doja"}},{"type":"Feature","geometry":{"type":"LineString","coordinates":[[21.246187,45.802282],[21.246297,45.802364],[21.24678,45.802722]]},"properties":{"name":"Strada Gheorghe Doja"}},{"type":"Feature","geometry":{"type":"LineString","coordinates":[[21.244449,45.803386],[21.246062,45.802361],[21.246187,45.802282]]},"properties":{"name":"Strada Kós Károly"}},{"type":"Feature","geometry":{"type":"LineString","coordinates":[[21.174377,45.651147],[21.174204,45.651165],[21.173087,45.651278],[21.17294,45.651292],[21.171935,45.651393],[21.170157,45.651571],[21.167235,45.651865],[21.167011,45.651888],[21.16534,45.652048],[21.164826,45.652097],[21.164679,45.652111],[21.164584,45.65212],[21.162737,45.652297],[21.162627,45.652307],[21.158471,45.652699],[21.156374,45.652907],[21.154803,45.653065],[21.154554,45.65309],[21.154176,45.653125]]},"properties":{"name":"Strada II"}},{"type":"Feature","geometry":{"type":"LineString","coordinates":[[21.158471,45.652699],[21.158087,45.650816],[21.157733,45.648916]]},"properties":{"name":"Strada V"}},{"type":"Feature","geometry":{"type":"LineString","coordinates":[[21.153251,45.649341],[21.153582,45.649324],[21.154485,45.649244],[21.157733,45.648916]]},"properties":{"name":"Strada IV"}},{"type":"Feature","geometry":{"type":"LineString","coordinates":[[21.154176,45.653125],[21.153913,45.652087],[21.153813,45.65162],[21.153701,45.651234],[21.153582,45.650887],[21.153432,45.650379],[21.153139,45.64941]]},"properties":{"name":"Strada CXII"}},{"type":"Feature","geometry":{"type":"LineString","coordinates":[[21.100211,45.951978],[21.099892,45.95257],[21.09977,45.952805],[21.099284,45.953682],[21.098764,45.954646],[21.098402,45.955301],[21.098317,45.955509],[21.098282,45.955655],[21.098262,45.955774],[21.098181,45.956372],[21.097802,45.959024],[21.097765,45.959334],[21.097688,45.959552],[21.097599,45.959695],[21.097433,45.959944],[21.096715,45.960897],[21.09642,45.961282],[21.096117,45.961693],[21.095673,45.962319],[21.095434,45.962655],[21.095356,45.962783]]},"properties":{"name":"DJ692;DJ693"}},{"type":"Feature","geometry":{"type":"LineString","coordinates":[[21.095264,45.97054],[21.094608,45.970414],[21.093049,45.9701],[21.091926,45.969868]]},"properties":{"name":"Strada Libertății"}},{"type":"Feature","geometry":{"type":"LineString","coordinates":[[21.092648,45.968384],[21.095943,45.969053]]},"properties":{"name":"Strada Eternității"}},{"type":"Feature","geometry":{"type":"LineString","coordinates":[[21.051591,45.947616],[21.051633,45.947655],[21.051751,45.947734],[21.051865,45.947779],[21.052287,45.947919],[21.057146,45.949394],[21.059656,45.950168],[21.062559,45.951057],[21.063755,45.951422],[21.064526,45.951639],[21.065319,45.951846],[21.06872,45.952599],[21.07539,45.954001],[21.07551,45.954026],[21.078588,45.954678],[21.079137,45.954798],[21.08945,45.95691],[21.089703,45.95699],[21.089864,45.957086],[21.090016,45.957225],[21.091474,45.958798],[21.092328,45.959858],[21.092599,45.960199],[21.093016,45.960691],[21.093396,45.961141],[21.094033,45.961912],[21.094236,45.962136],[21.094312,45.962224],[21.094383,45.962289],[21.094465,45.962354],[21.094551,45.962406],[21.094722,45.962505],[21.095021,45.962643],[21.095356,45.962783]]},"properties":{"name":"DJ693"}},{"type":"Feature","geometry":{"type":"LineString","coordinates":[[21.210102,45.96387],[21.210305,45.963895],[21.211275,45.964016],[21.211947,45.9641],[21.212898,45.964213],[21.213742,45.964314],[21.220888,45.965202],[21.227451,45.965899],[21.228113,45.965994],[21.228469,45.966063],[21.22873,45.966123],[21.229348,45.966294],[21.243432,45.97011],[21.24521,45.970577],[21.245296,45.970597],[21.245463,45.970623],[21.245531,45.970626],[21.245589,45.97062],[21.245703,45.970599],[21.252592,45.968875],[21.260984,45.966772],[21.265476,45.96558],[21.26583,45.965508],[21.266012,45.965493],[21.266109,45.965485],[21.275197,45.966067],[21.281203,45.9665],[21.281834,45.966539],[21.286,45.96683],[21.286932,45.966895],[21.290941,45.967175],[21.292516,45.967274],[21.294643,45.967405],[21.294949,45.967437],[21.295245,45.967504],[21.296486,45.967903],[21.297238,45.968146],[21.297446,45.968215],[21.298147,45.968446],[21.2985,45.968565],[21.299252,45.968828],[21.299681,45.968971],[21.300015,45.969048],[21.307714,45.970203],[21.308424,45.970322],[21.308615,45.970386],[21.308773,45.970491],[21.309926,45.971537],[21.310558,45.972128],[21.310872,45.972324],[21.314618,45.97443],[21.315941,45.975179],[21.318464,45.976569],[21.319481,45.977101]]},"properties":{"name":"DJ693"}},{"type":"Feature","geometry":{"type":"LineString","coordinates":[[21.197365,45.960695],[21.197213,45.960682],[21.196991,45.96057],[21.196928,45.960549],[21.196874,45.960543],[21.196805,45.960546],[21.196719,45.960575],[21.196171,45.960793],[21.195838,45.960926],[21.195619,45.961013],[21.195484,45.961047],[21.19537,45.961068],[21.195261,45.961069],[21.195044,45.961059],[21.192883,45.960766],[21.192046,45.960652],[21.18975,45.960349],[21.189482,45.96032],[21.189246,45.960283],[21.188992,45.960263],[21.188937,45.960259],[21.188879,45.960252],[21.188839,45.960241],[21.188775,45.960239],[21.188522,45.960209],[21.187825,45.960109],[21.187096,45.960011],[21.185282,45.959765],[21.185044,45.959732],[21.179061,45.958868],[21.17761,45.958686],[21.175113,45.958312],[21.167772,45.957354],[21.161497,45.956474],[21.160634,45.956364],[21.160069,45.956291],[21.159415,45.956202],[21.159203,45.956167],[21.15902,45.956118],[21.155524,45.955058],[21.153384,45.954383],[21.153187,45.954324],[21.153054,45.954284],[21.14969,45.953455],[21.146657,45.952731],[21.145848,45.952547],[21.144294,45.952182],[21.143645,45.95202],[21.143467,45.951988],[21.143376,45.952108],[21.143296,45.952253],[21.142974,45.952951],[21.142411,45.954102]]},"properties":{"name":"DJ693"}},{"type":"Feature","geometry":{"type":"LineString","coordinates":[[21.051591,45.947616],[21.051552,45.947564],[21.051429,45.947396],[21.051365,45.947313],[21.051287,45.947257],[21.05114,45.94719],[21.050794,45.947113],[21.050584,45.947049],[21.050233,45.946922],[21.050046,45.946841],[21.049951,45.946797],[21.048842,45.946131],[21.047407,45.945331],[21.047023,45.945154],[21.046842,45.945104],[21.046668,45.945056],[21.043934,45.944512],[21.042348,45.94419],[21.041769,45.944066],[21.041589,45.944028],[21.039349,45.943567],[21.038566,45.943425],[21.035612,45.942858]]},"properties":{"name":"Strada Daliei"}},{"type":"Feature","geometry":{"type":"LineString","coordinates":[[21.081032,45.907741],[21.08086,45.907553],[21.080621,45.907258],[21.079858,45.90625],[21.079778,45.906159],[21.079709,45.906105],[21.079609,45.906073],[21.079517,45.906071],[21.079435,45.906088],[21.079245,45.906158],[21.0749,45.907922],[21.072907,45.908734],[21.071914,45.909145],[21.071021,45.909548],[21.069229,45.910788],[21.063216,45.915098],[21.063123,45.915173],[21.063012,45.915289],[21.062904,45.915411],[21.06284,45.915486],[21.062779,45.915535],[21.062706,45.915559],[21.062467,45.915622],[21.062359,45.91565],[21.062256,45.915694],[21.062211,45.915713],[21.062182,45.915738],[21.062125,45.915789],[21.062062,45.915867],[21.062001,45.915931],[21.06193,45.915998],[21.061804,45.916102],[21.061572,45.91627],[21.060845,45.91677],[21.059278,45.9179],[21.05128,45.923565],[21.050326,45.924355],[21.049284,45.925282],[21.048741,45.925794],[21.048104,45.926513],[21.047872,45.926796],[21.047812,45.926942],[21.047697,45.927233],[21.047611,45.927595],[21.047482,45.928039],[21.047364,45.928453],[21.046522,45.930398],[21.046383,45.930734],[21.045988,45.931688],[21.045472,45.932948],[21.045344,45.933364],[21.045328,45.933409],[21.045111,45.934048],[21.044861,45.934785],[21.044588,45.935587],[21.044024,45.937154],[21.043783,45.937936],[21.043494,45.938743],[21.042809,45.94071],[21.042109,45.942631],[21.041589,45.944028]]},"properties":{"name":"DC37"}},{"type":"Feature","geometry":{"type":"LineString","coordinates":[[21.081032,45.907741],[21.081149,45.907722],[21.081263,45.907666],[21.081327,45.907625],[21.081404,45.907547],[21.082329,45.905888],[21.082983,45.90462],[21.08403,45.902692]]},"properties":{"name":"Strada Ronaț"}},{"type":"Feature","geometry":{"type":"LineString","coordinates":[[21.220372,45.778344],[21.220507,45.778346]]},"properties":{"name":"Strada Felix"}},{"type":"Feature","geometry":{"type":"LineString","coordinates":[[21.197059,45.957935],[21.197062,45.958493],[21.197063,45.958619],[21.197113,45.95973],[21.197145,45.960104],[21.197183,45.960257],[21.197216,45.960372],[21.197293,45.960565],[21.197365,45.960695],[21.197428,45.960812],[21.197514,45.960927],[21.197793,45.961281],[21.198875,45.962678],[21.198938,45.96275],[21.199408,45.96337],[21.200204,45.964391],[21.20031,45.964529],[21.200462,45.964727],[21.201489,45.966058],[21.201743,45.965947],[21.203516,45.965291],[21.203603,45.965259],[21.205595,45.964533],[21.207382,45.963893],[21.207741,45.963766],[21.207927,45.963717],[21.208047,45.96369],[21.20814,45.963677],[21.208235,45.963663],[21.208302,45.963663],[21.208416,45.963661],[21.208486,45.963664],[21.209296,45.963759],[21.210102,45.96387]]},"properties":{"name":"Strada Orțișoara"}},{"type":"Feature","geometry":{"type":"LineString","coordinates":[[21.145666,45.954868],[21.142411,45.954102]]},"properties":{"name":"Strada Călacea"}},{"type":"Feature","geometry":{"type":"LineString","coordinates":[[21.202102,45.913698],[21.203442,45.913602],[21.204119,45.913553],[21.210766,45.91305],[21.213472,45.912834],[21.21367,45.912818],[21.213969,45.912794],[21.214992,45.912709],[21.215092,45.912694],[21.215196,45.912684],[21.215262,45.912652],[21.215343,45.912598],[21.215646,45.912397],[21.216086,45.912103],[21.216571,45.91178],[21.217389,45.911147],[21.217818,45.910811],[21.218314,45.910385],[21.218867,45.909899],[21.219044,45.909776],[21.219124,45.909738],[21.21925,45.909696],[21.219448,45.909685],[21.219562,45.909694],[21.219722,45.909717],[21.219894,45.90974],[21.220188,45.909814],[21.220609,45.909914],[21.220915,45.909977],[21.221097,45.910018],[21.221282,45.910053],[21.221885,45.910192],[21.222409,45.910299],[21.222865,45.910394],[21.2234,45.910504],[21.22415,45.910655],[21.22456,45.910735],[21.225296,45.910888],[21.225526,45.910938],[21.225931,45.911007],[21.226345,45.911071],[21.226785,45.911154],[21.227498,45.911301],[21.227721,45.911345],[21.22782,45.911371],[21.22899,45.911584],[21.229361,45.911661],[21.229884,45.911785],[21.230048,45.911813]]},"properties":{"name":"DC56"}},{"type":"Feature","geometry":{"type":"LineString","coordinates":[[21.262752,45.814122],[21.262792,45.814216],[21.262827,45.814289],[21.26286,45.814354],[21.262932,45.814471],[21.262992,45.814548],[21.263076,45.814632],[21.263167,45.814714],[21.263273,45.814796],[21.26339,45.814874],[21.263504,45.814943],[21.263596,45.814991],[21.263773,45.815072],[21.263952,45.815132],[21.264167,45.815194],[21.264482,45.815286],[21.264694,45.815357],[21.26479,45.815398],[21.264865,45.815431],[21.264974,45.815486],[21.265069,45.815545],[21.265142,45.815596],[21.265314,45.815717],[21.266211,45.8164],[21.266385,45.81653],[21.266558,45.81666],[21.268495,45.818222],[21.268716,45.818407],[21.27053,45.819862],[21.271297,45.820459],[21.273192,45.821971],[21.273527,45.822237],[21.273929,45.822563],[21.274141,45.822657]]},"properties":{"name":"DJ691"}},{"type":"Feature","geometry":{"type":"LineString","coordinates":[[21.274315,45.822804],[21.274445,45.822951],[21.274643,45.823125],[21.275556,45.823846],[21.275891,45.824111],[21.278304,45.826016],[21.278454,45.826135],[21.280882,45.828052],[21.281039,45.828176],[21.28229,45.829179],[21.284698,45.831066],[21.284852,45.831188],[21.287158,45.833004],[21.288065,45.833718],[21.288256,45.833869],[21.288655,45.834155]]},"properties":{"name":"DJ691"}},{"type":"Feature","geometry":{"type":"LineString","coordinates":[[21.288814,45.834487],[21.289137,45.834717],[21.289894,45.83531],[21.291027,45.836205],[21.293133,45.837837],[21.293462,45.838034]]},"properties":{"name":"DJ691"}},{"type":"Feature","geometry":{"type":"LineString","coordinates":[[21.288527,45.834255],[21.287937,45.833782],[21.287618,45.833527],[21.287042,45.83307],[21.28559,45.831919],[21.284832,45.831318],[21.283877,45.830562],[21.283509,45.830272],[21.283102,45.829949],[21.278569,45.826361],[21.275461,45.823902],[21.274546,45.823178],[21.27435,45.82304],[21.274164,45.822923]]},"properties":{"name":"DJ691"}},{"type":"Feature","geometry":{"type":"LineString","coordinates":[[21.273945,45.822737],[21.273856,45.822613],[21.273114,45.822015],[21.272588,45.821592],[21.271508,45.820736],[21.269129,45.818851],[21.268926,45.818686],[21.268568,45.818404],[21.265224,45.815762],[21.265068,45.815646],[21.264998,45.815597],[21.264909,45.815542],[21.264807,45.81549],[21.264724,45.815454],[21.264645,45.81542],[21.26454,45.815386],[21.26431,45.815314],[21.264042,45.815237],[21.263859,45.815185],[21.263654,45.815111],[21.26353,45.815057],[21.263431,45.815006],[21.263312,45.814934],[21.26319,45.814852],[21.263078,45.814766],[21.262983,45.81468],[21.262895,45.814592],[21.262826,45.814514],[21.262727,45.814398],[21.262683,45.814348],[21.262606,45.814279],[21.262527,45.814197]]},"properties":{"name":"DJ691"}},{"type":"Feature","geometry":{"type":"LineString","coordinates":[[21.264942,45.840545],[21.26487,45.840578],[21.264784,45.840607],[21.264525,45.840661],[21.264267,45.840715],[21.26405,45.840788],[21.263152,45.841169],[21.262594,45.841381],[21.260076,45.842169],[21.259059,45.842494],[21.258011,45.84282]]},"properties":{"name":"Strada Nica Iancu Iancovici"}},{"type":"Feature","geometry":{"type":"LineString","coordinates":[[21.269104,45.846053],[21.267891,45.844775],[21.26673,45.843593],[21.266629,45.8435],[21.265407,45.842213],[21.26405,45.840788]]},"properties":{"name":"Strada Bodoni"}},{"type":"Feature","geometry":{"type":"LineString","coordinates":[[21.261924,45.848484],[21.265113,45.847427],[21.2666,45.846927],[21.267723,45.846561],[21.268426,45.846286],[21.268889,45.846144],[21.268979,45.846113],[21.269104,45.846053]]},"properties":{"name":"Strada Privighetorii"}},{"type":"Feature","geometry":{"type":"LineString","coordinates":[[21.258011,45.84282],[21.259102,45.844268],[21.260091,45.845644],[21.260969,45.847064],[21.261924,45.848484]]},"properties":{"name":"Strada Arteza"}},{"type":"Feature","geometry":{"type":"LineString","coordinates":[[21.310335,45.836885],[21.310745,45.837401],[21.311452,45.838292],[21.311811,45.838739],[21.311992,45.838979],[21.312077,45.839106],[21.312463,45.839707],[21.312619,45.839974],[21.312748,45.84021],[21.312785,45.840278],[21.31303,45.840755],[21.31328,45.841306],[21.313599,45.841955],[21.313692,45.842186],[21.313746,45.842377],[21.313781,45.842549],[21.313818,45.842785],[21.313827,45.84285],[21.313876,45.843228],[21.31396,45.843854],[21.314008,45.844268],[21.314053,45.844694],[21.314089,45.845081],[21.314131,45.845627],[21.314188,45.846283],[21.314268,45.846785],[21.314392,45.847976],[21.31447,45.848562],[21.314573,45.849162],[21.314674,45.849756]]},"properties":{"name":"Strada Bătrâna"}},{"type":"Feature","geometry":{"type":"LineString","coordinates":[[21.314674,45.849756],[21.314916,45.849722],[21.315736,45.849605],[21.316799,45.849453],[21.317522,45.84935],[21.318281,45.849229],[21.319273,45.849057],[21.319357,45.849042],[21.319679,45.848986],[21.319764,45.848936],[21.319801,45.848896]]},"properties":{"name":"Strada Bencecului"}},{"type":"Feature","geometry":{"type":"LineString","coordinates":[[20.965189,45.878436],[20.965423,45.879795],[20.965445,45.880021],[20.965443,45.880133],[20.965441,45.880263],[20.965393,45.880603],[20.965275,45.880865],[20.965168,45.881038],[20.96506,45.881189],[20.964741,45.881544],[20.964409,45.881841],[20.963347,45.882853],[20.961552,45.884668],[20.961435,45.884778],[20.961327,45.884882],[20.960076,45.886093],[20.959566,45.886588],[20.959384,45.886764],[20.959252,45.88689],[20.958963,45.887172],[20.957286,45.888806],[20.955295,45.890796],[20.955153,45.890924],[20.954183,45.891827],[20.953499,45.892384],[20.952791,45.892897],[20.952462,45.893103],[20.952181,45.893249],[20.951043,45.893844],[20.95033,45.894215],[20.948708,45.895075],[20.946364,45.896298],[20.944903,45.897053],[20.944399,45.897317],[20.942517,45.898279]]},"properties":{"name":"Strada Trandafirilor"}},{"type":"Feature","geometry":{"type":"LineString","coordinates":[[20.890539,45.92576],[20.890509,45.925519],[20.890498,45.9254],[20.890493,45.925352],[20.890482,45.925098]]},"properties":{"name":"Strada Șvabilor"}},{"type":"Feature","geometry":{"type":"LineString","coordinates":[[20.860496,45.912059],[20.867111,45.91349],[20.868648,45.913819],[20.868989,45.913868],[20.869263,45.913894],[20.869791,45.913932],[20.870113,45.913957],[20.870466,45.913996],[20.870667,45.914031],[20.870832,45.914066],[20.874131,45.914993],[20.878993,45.916355],[20.881938,45.917179],[20.883316,45.917548],[20.883485,45.917601],[20.883631,45.917666],[20.883739,45.917746],[20.88384,45.917858],[20.883921,45.917981],[20.884838,45.919315],[20.885354,45.920054],[20.885459,45.920187],[20.885669,45.920432],[20.886352,45.921215],[20.886532,45.921392],[20.886877,45.921732],[20.887405,45.922214],[20.888034,45.922822],[20.888181,45.922964],[20.888303,45.923077],[20.889732,45.924403],[20.890119,45.92477],[20.890482,45.925098],[20.890996,45.925137],[20.891549,45.925154]]},"properties":{"name":"Strada Șvabilor"}},{"type":"Feature","geometry":{"type":"LineString","coordinates":[[20.860098,45.912158],[20.860178,45.912102]]},"properties":{"name":"DC22"}},{"type":"Feature","geometry":{"type":"LineString","coordinates":[[20.860319,45.912054],[20.860407,45.912049]]},"properties":{"name":"DC22"}},{"type":"Feature","geometry":{"type":"LineString","coordinates":[[21.199068,45.594203],[21.198782,45.594176],[21.193405,45.593592]]},"properties":{"name":"DC245"}},{"type":"Feature","geometry":{"type":"LineString","coordinates":[[21.200651,45.58712],[21.200732,45.587119],[21.200835,45.587118],[21.200938,45.587142],[21.201011,45.587175],[21.201087,45.587223],[21.201141,45.587259],[21.201206,45.587329],[21.201352,45.587484],[21.203125,45.589769],[21.203974,45.590883],[21.204412,45.591462],[21.204748,45.591907],[21.204834,45.59201],[21.204926,45.592084],[21.205134,45.592221],[21.205303,45.592321],[21.205443,45.592393],[21.205582,45.592454],[21.205766,45.592531],[21.205936,45.592584],[21.20612,45.592627],[21.20635,45.592654],[21.208034,45.592848],[21.208911,45.592943],[21.209339,45.592993],[21.209608,45.593029],[21.209774,45.593063],[21.209951,45.593114],[21.210132,45.593172],[21.210492,45.593304],[21.211147,45.593545],[21.21124,45.59358],[21.212312,45.593966],[21.212407,45.593998],[21.213102,45.594238],[21.213727,45.594457],[21.213936,45.594536],[21.214075,45.594595],[21.214236,45.594671],[21.214468,45.594814],[21.214712,45.594979],[21.215187,45.595309],[21.215347,45.595428],[21.216287,45.596082],[21.217267,45.596771],[21.217946,45.597253],[21.218208,45.597433]]},"properties":{"name":"DC158"}},{"type":"Feature","geometry":{"type":"LineString","coordinates":[[21.225214,45.741637],[21.225334,45.74153],[21.225399,45.741479],[21.225443,45.741439],[21.225465,45.741423],[21.225573,45.741365],[21.225606,45.741348],[21.225648,45.74133],[21.225768,45.74129],[21.225898,45.741246],[21.225928,45.741236],[21.226618,45.741004],[21.226826,45.740934],[21.226982,45.740885],[21.227166,45.740836],[21.227328,45.740799],[21.227463,45.740775],[21.22751,45.740768],[21.227791,45.740729],[21.227968,45.740716],[21.228129,45.740712],[21.228306,45.740712],[21.228492,45.740715],[21.228682,45.740724],[21.228853,45.740738],[21.228997,45.740753],[21.229107,45.740767],[21.229268,45.740795],[21.229434,45.740831],[21.22961,45.740872],[21.22975,45.740905],[21.229883,45.740946],[21.23,45.740984],[21.231278,45.74143],[21.231307,45.74144],[21.231338,45.741451],[21.232181,45.741781],[21.232314,45.741833],[21.232389,45.741868],[21.232482,45.741912],[21.234083,45.74268],[21.234171,45.742721],[21.234263,45.742758],[21.234326,45.742784],[21.234406,45.742812],[21.235927,45.743336],[21.236727,45.743598],[21.236857,45.743637],[21.236967,45.743673],[21.237097,45.74372],[21.237851,45.744008],[21.237924,45.744034],[21.238049,45.74408],[21.238424,45.744214],[21.238454,45.744225],[21.238897,45.744382],[21.239781,45.744704],[21.240031,45.744796],[21.240217,45.744864],[21.240408,45.74493],[21.240854,45.745085],[21.241184,45.745199],[21.241277,45.745231],[21.241378,45.745266],[21.241452,45.745291],[21.241596,45.745341],[21.242546,45.745653],[21.242629,45.745682],[21.243132,45.745854],[21.243592,45.746011],[21.246255,45.746967],[21.246396,45.747018],[21.246529,45.747066],[21.246582,45.747086],[21.24767,45.747488],[21.248234,45.747682],[21.248825,45.747885],[21.249257,45.74803],[21.249311,45.748048],[21.24942,45.748087],[21.249548,45.748126],[21.249676,45.748163],[21.249855,45.748208],[21.250968,45.748447],[21.252829,45.748836],[21.252859,45.748842],[21.25289,45.748849]]},"properties":{"name":"Strada 1 Decembrie 1918"}},{"type":"Feature","geometry":{"type":"LineString","coordinates":[[21.201671,45.733911],[21.201712,45.733892],[21.201768,45.733874],[21.201782,45.733871],[21.201823,45.733862],[21.201883,45.733849],[21.201938,45.733838],[21.202242,45.733772],[21.202399,45.733737],[21.202435,45.733727],[21.202483,45.733714],[21.202873,45.733571],[21.203322,45.733444],[21.204018,45.733248],[21.204934,45.733015],[21.205578,45.732891],[21.205682,45.732873],[21.206267,45.732784],[21.206859,45.732714],[21.207209,45.732678],[21.207404,45.732663],[21.207825,45.732649],[21.208022,45.732639],[21.208222,45.732623],[21.20837,45.732607],[21.208599,45.732581],[21.208789,45.732559],[21.208985,45.732536],[21.210023,45.732459],[21.211033,45.732428],[21.211631,45.732432],[21.21237,45.732467],[21.212974,45.732504],[21.213188,45.732514],[21.213321,45.732521],[21.213456,45.732528],[21.213655,45.732536],[21.215295,45.732642],[21.215443,45.732651],[21.217228,45.732796],[21.218722,45.732889],[21.218865,45.732899],[21.219094,45.732916],[21.219293,45.732931],[21.219367,45.732937],[21.219462,45.732948],[21.219686,45.732976],[21.220276,45.733074],[21.221321,45.733267],[21.222056,45.733436],[21.222684,45.733607],[21.223457,45.733847],[21.224035,45.734055],[21.225213,45.734523],[21.225251,45.734538],[21.225339,45.73457],[21.226323,45.734927],[21.226401,45.734955],[21.22648,45.734981],[21.226516,45.734993],[21.226538,45.735],[21.226551,45.735004],[21.226605,45.735022],[21.22667,45.735043],[21.226708,45.735056],[21.226725,45.735062],[21.226744,45.735068],[21.226822,45.735094],[21.226855,45.735104]]},"properties":{"name":"9"}},{"type":"Feature","geometry":{"type":"LineString","coordinates":[[21.226848,45.735149],[21.226829,45.735143],[21.226725,45.735109],[21.226711,45.735105],[21.226691,45.735098],[21.22665,45.735085],[21.226613,45.735072],[21.226488,45.735031],[21.226453,45.73502],[21.226261,45.734951],[21.225435,45.73465],[21.225322,45.734609],[21.22523,45.734575],[21.224024,45.734082],[21.22344,45.733874],[21.222671,45.733632],[21.22204,45.73346],[21.221307,45.733293],[21.220268,45.7331],[21.219678,45.733002],[21.219458,45.732976],[21.219362,45.732964],[21.219288,45.732958],[21.219095,45.732944],[21.218862,45.732925],[21.217227,45.732837],[21.21544,45.732677],[21.215299,45.73267],[21.213653,45.732564],[21.213454,45.732555],[21.213322,45.732548],[21.213187,45.732542],[21.212971,45.73253],[21.212369,45.732492],[21.211629,45.732461],[21.211035,45.732456],[21.210027,45.732486],[21.209166,45.732546],[21.20899,45.732562],[21.208798,45.732585],[21.208606,45.732607],[21.208379,45.732634],[21.208223,45.732649],[21.208021,45.732665],[21.207828,45.732674],[21.207525,45.732686],[21.207214,45.732704],[21.206866,45.732741],[21.206274,45.732812],[21.205693,45.732899],[21.205588,45.732918],[21.204945,45.733042],[21.20403,45.733273],[21.203398,45.733451],[21.202892,45.733594],[21.202561,45.733714],[21.20247,45.733748],[21.202414,45.733761],[21.20232,45.733784],[21.202253,45.733799],[21.201964,45.733865],[21.201893,45.733881],[21.201834,45.733891],[21.201788,45.7339],[21.201736,45.733917],[21.201703,45.733934]]},"properties":{"name":"9"}}]}